url,domain,target_brand_domain,critical_sector_entity_name,source_label,source_file,source_row,dns_status,dns_check_pass,dns_resolves_to_ip,resolved_ips,cname_exists,cname_chain_length,dns_error,validation_status,validation_reason
login-abdm.gov.in,login-abdm.gov.in,abdm.gov.in,National Health Authority (NHA),Unlabeled,main_detector_targets,0,error,0,0,,0,0,gaierror,dns_failed_skipped,DNS failed before feature extraction; excluded from ML input
abdm-login.gov.in,abdm-login.gov.in,abdm.gov.in,National Health Authority (NHA),Unlabeled,main_detector_targets,0,error,0,0,,0,0,gaierror,dns_failed_skipped,DNS failed before feature extraction; excluded from ML input
secure-abdm.gov.in,secure-abdm.gov.in,abdm.gov.in,National Health Authority (NHA),Unlabeled,main_detector_targets,0,error,0,0,,0,0,gaierror,dns_failed_skipped,DNS failed before feature extraction; excluded from ML input
abdm-secure.gov.in,abdm-secure.gov.in,abdm.gov.in,National Health Authority (NHA),Unlabeled,main_detector_targets,0,error,0,0,,0,0,gaierror,dns_failed_skipped,DNS failed before feature extraction; excluded from ML input
verify-abdm.gov.in,verify-abdm.gov.in,abdm.gov.in,National Health Authority (NHA),Unlabeled,main_detector_targets,0,error,0,0,,0,0,gaierror,dns_failed_skipped,DNS failed before feature extraction; excluded from ML input
abdm-verify.gov.in,abdm-verify.gov.in,abdm.gov.in,National Health Authority (NHA),Unlabeled,main_detector_targets,0,error,0,0,,0,0,gaierror,dns_failed_skipped,DNS failed before feature extraction; excluded from ML input
portal-abdm.gov.in,portal-abdm.gov.in,abdm.gov.in,National Health Authority (NHA),Unlabeled,main_detector_targets,0,error,0,0,,0,0,gaierror,dns_failed_skipped,DNS failed before feature extraction; excluded from ML input
abdm-portal.gov.in,abdm-portal.gov.in,abdm.gov.in,National Health Authority (NHA),Unlabeled,main_detector_targets,0,error,0,0,,0,0,gaierror,dns_failed_skipped,DNS failed before feature extraction; excluded from ML input
auth-abdm.gov.in,auth-abdm.gov.in,abdm.gov.in,National Health Authority (NHA),Unlabeled,main_detector_targets,0,error,0,0,,0,0,gaierror,dns_failed_skipped,DNS failed before feature extraction; excluded from ML input
abdm-auth.gov.in,abdm-auth.gov.in,abdm.gov.in,National Health Authority (NHA),Unlabeled,main_detector_targets,0,error,0,0,,0,0,gaierror,dns_failed_skipped,DNS failed before feature extraction; excluded from ML input
mg0vcloud.in,mg0vcloud.in,accounts.mgovcloud.in,National Informatics Centre (NIC),Unlabeled,main_detector_targets,0,error,0,0,,0,0,gaierror,dns_failed_skipped,DNS failed before feature extraction; excluded from ML input
mgovcl0ud.in,mgovcl0ud.in,accounts.mgovcloud.in,National Informatics Centre (NIC),Unlabeled,main_detector_targets,0,error,0,0,,0,0,gaierror,dns_failed_skipped,DNS failed before feature extraction; excluded from ML input
login-mgovcloud.in,login-mgovcloud.in,accounts.mgovcloud.in,National Informatics Centre (NIC),Unlabeled,main_detector_targets,0,error,0,0,,0,0,gaierror,dns_failed_skipped,DNS failed before feature extraction; excluded from ML input
mgovcloud-login.in,mgovcloud-login.in,accounts.mgovcloud.in,National Informatics Centre (NIC),Unlabeled,main_detector_targets,0,error,0,0,,0,0,gaierror,dns_failed_skipped,DNS failed before feature extraction; excluded from ML input
secure-mgovcloud.in,secure-mgovcloud.in,accounts.mgovcloud.in,National Informatics Centre (NIC),Unlabeled,main_detector_targets,0,error,0,0,,0,0,gaierror,dns_failed_skipped,DNS failed before feature extraction; excluded from ML input
mgovcloud-secure.in,mgovcloud-secure.in,accounts.mgovcloud.in,National Informatics Centre (NIC),Unlabeled,main_detector_targets,0,error,0,0,,0,0,gaierror,dns_failed_skipped,DNS failed before feature extraction; excluded from ML input
verify-mgovcloud.in,verify-mgovcloud.in,accounts.mgovcloud.in,National Informatics Centre (NIC),Unlabeled,main_detector_targets,0,error,0,0,,0,0,gaierror,dns_failed_skipped,DNS failed before feature extraction; excluded from ML input
mgovcloud-verify.in,mgovcloud-verify.in,accounts.mgovcloud.in,National Informatics Centre (NIC),Unlabeled,main_detector_targets,0,error,0,0,,0,0,gaierror,dns_failed_skipped,DNS failed before feature extraction; excluded from ML input
portal-mgovcloud.in,portal-mgovcloud.in,accounts.mgovcloud.in,National Informatics Centre (NIC),Unlabeled,main_detector_targets,0,error,0,0,,0,0,gaierror,dns_failed_skipped,DNS failed before feature extraction; excluded from ML input
mgovcloud-portal.in,mgovcloud-portal.in,accounts.mgovcloud.in,National Informatics Centre (NIC),Unlabeled,main_detector_targets,0,error,0,0,,0,0,gaierror,dns_failed_skipped,DNS failed before feature extraction; excluded from ML input
auth-mgovcloud.in,auth-mgovcloud.in,accounts.mgovcloud.in,National Informatics Centre (NIC),Unlabeled,main_detector_targets,0,error,0,0,,0,0,gaierror,dns_failed_skipped,DNS failed before feature extraction; excluded from ML input
mgovcloud-auth.in,mgovcloud-auth.in,accounts.mgovcloud.in,National Informatics Centre (NIC),Unlabeled,main_detector_targets,0,error,0,0,,0,0,gaierror,dns_failed_skipped,DNS failed before feature extraction; excluded from ML input
a1ims.edu,a1ims.edu,aiims.edu,All India Institute of Medical Sciences (AIIMS),Unlabeled,main_detector_targets,0,error,0,0,,0,0,gaierror,dns_failed_skipped,DNS failed before feature extraction; excluded from ML input
alims.edu,alims.edu,aiims.edu,All India Institute of Medical Sciences (AIIMS),Unlabeled,main_detector_targets,0,error,0,0,,0,0,gaierror,dns_failed_skipped,DNS failed before feature extraction; excluded from ML input
ai1ms.edu,ai1ms.edu,aiims.edu,All India Institute of Medical Sciences (AIIMS),Unlabeled,main_detector_targets,0,error,0,0,,0,0,gaierror,dns_failed_skipped,DNS failed before feature extraction; excluded from ML input
ailms.edu,ailms.edu,aiims.edu,All India Institute of Medical Sciences (AIIMS),Unlabeled,main_detector_targets,0,error,0,0,,0,0,gaierror,dns_failed_skipped,DNS failed before feature extraction; excluded from ML input
login-aiims.edu,login-aiims.edu,aiims.edu,All India Institute of Medical Sciences (AIIMS),Unlabeled,main_detector_targets,0,error,0,0,,0,0,gaierror,dns_failed_skipped,DNS failed before feature extraction; excluded from ML input
aiims-login.edu,aiims-login.edu,aiims.edu,All India Institute of Medical Sciences (AIIMS),Unlabeled,main_detector_targets,0,error,0,0,,0,0,gaierror,dns_failed_skipped,DNS failed before feature extraction; excluded from ML input
secure-aiims.edu,secure-aiims.edu,aiims.edu,All India Institute of Medical Sciences (AIIMS),Unlabeled,main_detector_targets,0,error,0,0,,0,0,gaierror,dns_failed_skipped,DNS failed before feature extraction; excluded from ML input
aiims-secure.edu,aiims-secure.edu,aiims.edu,All India Institute of Medical Sciences (AIIMS),Unlabeled,main_detector_targets,0,error,0,0,,0,0,gaierror,dns_failed_skipped,DNS failed before feature extraction; excluded from ML input
verify-aiims.edu,verify-aiims.edu,aiims.edu,All India Institute of Medical Sciences (AIIMS),Unlabeled,main_detector_targets,0,error,0,0,,0,0,gaierror,dns_failed_skipped,DNS failed before feature extraction; excluded from ML input
aiims-verify.edu,aiims-verify.edu,aiims.edu,All India Institute of Medical Sciences (AIIMS),Unlabeled,main_detector_targets,0,error,0,0,,0,0,gaierror,dns_failed_skipped,DNS failed before feature extraction; excluded from ML input
portal-aiims.edu,portal-aiims.edu,aiims.edu,All India Institute of Medical Sciences (AIIMS),Unlabeled,main_detector_targets,0,error,0,0,,0,0,gaierror,dns_failed_skipped,DNS failed before feature extraction; excluded from ML input
aiims-portal.edu,aiims-portal.edu,aiims.edu,All India Institute of Medical Sciences (AIIMS),Unlabeled,main_detector_targets,0,error,0,0,,0,0,gaierror,dns_failed_skipped,DNS failed before feature extraction; excluded from ML input
auth-aiims.edu,auth-aiims.edu,aiims.edu,All India Institute of Medical Sciences (AIIMS),Unlabeled,main_detector_targets,0,error,0,0,,0,0,gaierror,dns_failed_skipped,DNS failed before feature extraction; excluded from ML input
aiims-auth.edu,aiims-auth.edu,aiims.edu,All India Institute of Medical Sciences (AIIMS),Unlabeled,main_detector_targets,0,error,0,0,,0,0,gaierror,dns_failed_skipped,DNS failed before feature extraction; excluded from ML input
a1imsexams.ac.in,a1imsexams.ac.in,aiims.edu,All India Institute of Medical Sciences (AIIMS),Unlabeled,main_detector_targets,0,error,0,0,,0,0,gaierror,dns_failed_skipped,DNS failed before feature extraction; excluded from ML input
alimsexams.ac.in,alimsexams.ac.in,aiims.edu,All India Institute of Medical Sciences (AIIMS),Unlabeled,main_detector_targets,0,error,0,0,,0,0,gaierror,dns_failed_skipped,DNS failed before feature extraction; excluded from ML input
ai1msexams.ac.in,ai1msexams.ac.in,aiims.edu,All India Institute of Medical Sciences (AIIMS),Unlabeled,main_detector_targets,0,error,0,0,,0,0,gaierror,dns_failed_skipped,DNS failed before feature extraction; excluded from ML input
ailmsexams.ac.in,ailmsexams.ac.in,aiims.edu,All India Institute of Medical Sciences (AIIMS),Unlabeled,main_detector_targets,0,error,0,0,,0,0,gaierror,dns_failed_skipped,DNS failed before feature extraction; excluded from ML input
aiims3xams.ac.in,aiims3xams.ac.in,aiims.edu,All India Institute of Medical Sciences (AIIMS),Unlabeled,main_detector_targets,0,error,0,0,,0,0,gaierror,dns_failed_skipped,DNS failed before feature extraction; excluded from ML input
aiimsex4ms.ac.in,aiimsex4ms.ac.in,aiims.edu,All India Institute of Medical Sciences (AIIMS),Unlabeled,main_detector_targets,0,error,0,0,,0,0,gaierror,dns_failed_skipped,DNS failed before feature extraction; excluded from ML input
aiimsexam5.ac.in,aiimsexam5.ac.in,aiims.edu,All India Institute of Medical Sciences (AIIMS),Unlabeled,main_detector_targets,0,error,0,0,,0,0,gaierror,dns_failed_skipped,DNS failed before feature extraction; excluded from ML input
login-aiimsexams.ac.in,login-aiimsexams.ac.in,aiims.edu,All India Institute of Medical Sciences (AIIMS),Unlabeled,main_detector_targets,0,error,0,0,,0,0,gaierror,dns_failed_skipped,DNS failed before feature extraction; excluded from ML input
aiimsexams-login.ac.in,aiimsexams-login.ac.in,aiims.edu,All India Institute of Medical Sciences (AIIMS),Unlabeled,main_detector_targets,0,error,0,0,,0,0,gaierror,dns_failed_skipped,DNS failed before feature extraction; excluded from ML input
secure-aiimsexams.ac.in,secure-aiimsexams.ac.in,aiims.edu,All India Institute of Medical Sciences (AIIMS),Unlabeled,main_detector_targets,0,error,0,0,,0,0,gaierror,dns_failed_skipped,DNS failed before feature extraction; excluded from ML input
aiimsexams-secure.ac.in,aiimsexams-secure.ac.in,aiims.edu,All India Institute of Medical Sciences (AIIMS),Unlabeled,main_detector_targets,0,error,0,0,,0,0,gaierror,dns_failed_skipped,DNS failed before feature extraction; excluded from ML input
verify-aiimsexams.ac.in,verify-aiimsexams.ac.in,aiims.edu,All India Institute of Medical Sciences (AIIMS),Unlabeled,main_detector_targets,0,error,0,0,,0,0,gaierror,dns_failed_skipped,DNS failed before feature extraction; excluded from ML input
aiimsexams-verify.ac.in,aiimsexams-verify.ac.in,aiims.edu,All India Institute of Medical Sciences (AIIMS),Unlabeled,main_detector_targets,0,error,0,0,,0,0,gaierror,dns_failed_skipped,DNS failed before feature extraction; excluded from ML input
portal-aiimsexams.ac.in,portal-aiimsexams.ac.in,aiims.edu,All India Institute of Medical Sciences (AIIMS),Unlabeled,main_detector_targets,0,error,0,0,,0,0,gaierror,dns_failed_skipped,DNS failed before feature extraction; excluded from ML input
aiimsexams-portal.ac.in,aiimsexams-portal.ac.in,aiims.edu,All India Institute of Medical Sciences (AIIMS),Unlabeled,main_detector_targets,0,error,0,0,,0,0,gaierror,dns_failed_skipped,DNS failed before feature extraction; excluded from ML input
auth-aiimsexams.ac.in,auth-aiimsexams.ac.in,aiims.edu,All India Institute of Medical Sciences (AIIMS),Unlabeled,main_detector_targets,0,error,0,0,,0,0,gaierror,dns_failed_skipped,DNS failed before feature extraction; excluded from ML input
aiimsexams-auth.ac.in,aiimsexams-auth.ac.in,aiims.edu,All India Institute of Medical Sciences (AIIMS),Unlabeled,main_detector_targets,0,error,0,0,,0,0,gaierror,dns_failed_skipped,DNS failed before feature extraction; excluded from ML input
4irindia.com,4irindia.com,airindia.com,Air India,Unlabeled,main_detector_targets,0,error,0,0,,0,0,gaierror,dns_failed_skipped,DNS failed before feature extraction; excluded from ML input
a1rindia.com,a1rindia.com,airindia.com,Air India,Unlabeled,main_detector_targets,0,error,0,0,,0,0,gaierror,dns_failed_skipped,DNS failed before feature extraction; excluded from ML input
alrindia.com,alrindia.com,airindia.com,Air India,Unlabeled,main_detector_targets,0,error,0,0,,0,0,gaierror,dns_failed_skipped,DNS failed before feature extraction; excluded from ML input
air1ndia.com,air1ndia.com,airindia.com,Air India,Unlabeled,main_detector_targets,0,error,0,0,,0,0,gaierror,dns_failed_skipped,DNS failed before feature extraction; excluded from ML input
airind1a.com,airind1a.com,airindia.com,Air India,Unlabeled,main_detector_targets,0,error,0,0,,0,0,gaierror,dns_failed_skipped,DNS failed before feature extraction; excluded from ML input
airindla.com,airindla.com,airindia.com,Air India,Unlabeled,main_detector_targets,0,error,0,0,,0,0,gaierror,dns_failed_skipped,DNS failed before feature extraction; excluded from ML input
airindi4.com,airindi4.com,airindia.com,Air India,Unlabeled,main_detector_targets,0,error,0,0,,0,0,gaierror,dns_failed_skipped,DNS failed before feature extraction; excluded from ML input
login-airindia.com,login-airindia.com,airindia.com,Air India,Unlabeled,main_detector_targets,0,error,0,0,,0,0,gaierror,dns_failed_skipped,DNS failed before feature extraction; excluded from ML input
airindia-login.com,airindia-login.com,airindia.com,Air India,Unlabeled,main_detector_targets,0,error,0,0,,0,0,gaierror,dns_failed_skipped,DNS failed before feature extraction; excluded from ML input
secure-airindia.com,secure-airindia.com,airindia.com,Air India,Unlabeled,main_detector_targets,0,error,0,0,,0,0,gaierror,dns_failed_skipped,DNS failed before feature extraction; excluded from ML input
airindia-secure.com,airindia-secure.com,airindia.com,Air India,Unlabeled,main_detector_targets,0,error,0,0,,0,0,gaierror,dns_failed_skipped,DNS failed before feature extraction; excluded from ML input
verify-airindia.com,verify-airindia.com,airindia.com,Air India,Unlabeled,main_detector_targets,0,error,0,0,,0,0,gaierror,dns_failed_skipped,DNS failed before feature extraction; excluded from ML input
airindia-verify.com,airindia-verify.com,airindia.com,Air India,Unlabeled,main_detector_targets,0,error,0,0,,0,0,gaierror,dns_failed_skipped,DNS failed before feature extraction; excluded from ML input
portal-airindia.com,portal-airindia.com,airindia.com,Air India,Unlabeled,main_detector_targets,0,error,0,0,,0,0,gaierror,dns_failed_skipped,DNS failed before feature extraction; excluded from ML input
airindia-portal.com,airindia-portal.com,airindia.com,Air India,Unlabeled,main_detector_targets,0,error,0,0,,0,0,gaierror,dns_failed_skipped,DNS failed before feature extraction; excluded from ML input
auth-airindia.com,auth-airindia.com,airindia.com,Air India,Unlabeled,main_detector_targets,0,error,0,0,,0,0,gaierror,dns_failed_skipped,DNS failed before feature extraction; excluded from ML input
airindia-auth.com,airindia-auth.com,airindia.com,Air India,Unlabeled,main_detector_targets,0,error,0,0,,0,0,gaierror,dns_failed_skipped,DNS failed before feature extraction; excluded from ML input
4irindiaexpress.com,4irindiaexpress.com,airindia.com,Air India,Unlabeled,main_detector_targets,0,error,0,0,,0,0,gaierror,dns_failed_skipped,DNS failed before feature extraction; excluded from ML input
a1rindiaexpress.com,a1rindiaexpress.com,airindia.com,Air India,Unlabeled,main_detector_targets,0,error,0,0,,0,0,gaierror,dns_failed_skipped,DNS failed before feature extraction; excluded from ML input
alrindiaexpress.com,alrindiaexpress.com,airindia.com,Air India,Unlabeled,main_detector_targets,0,error,0,0,,0,0,gaierror,dns_failed_skipped,DNS failed before feature extraction; excluded from ML input
air1ndiaexpress.com,air1ndiaexpress.com,airindia.com,Air India,Unlabeled,main_detector_targets,0,error,0,0,,0,0,gaierror,dns_failed_skipped,DNS failed before feature extraction; excluded from ML input
airind1aexpress.com,airind1aexpress.com,airindia.com,Air India,Unlabeled,main_detector_targets,0,error,0,0,,0,0,gaierror,dns_failed_skipped,DNS failed before feature extraction; excluded from ML input
airindi4express.com,airindi4express.com,airindia.com,Air India,Unlabeled,main_detector_targets,0,error,0,0,,0,0,gaierror,dns_failed_skipped,DNS failed before feature extraction; excluded from ML input
airindia3xpress.com,airindia3xpress.com,airindia.com,Air India,Unlabeled,main_detector_targets,0,error,0,0,,0,0,gaierror,dns_failed_skipped,DNS failed before feature extraction; excluded from ML input
airindiaexpr3ss.com,airindiaexpr3ss.com,airindia.com,Air India,Unlabeled,main_detector_targets,0,error,0,0,,0,0,gaierror,dns_failed_skipped,DNS failed before feature extraction; excluded from ML input
airindiaexpre5s.com,airindiaexpre5s.com,airindia.com,Air India,Unlabeled,main_detector_targets,0,error,0,0,,0,0,gaierror,dns_failed_skipped,DNS failed before feature extraction; excluded from ML input
airindiaexpres5.com,airindiaexpres5.com,airindia.com,Air India,Unlabeled,main_detector_targets,0,error,0,0,,0,0,gaierror,dns_failed_skipped,DNS failed before feature extraction; excluded from ML input
login-airindiaexpress.com,login-airindiaexpress.com,airindia.com,Air India,Unlabeled,main_detector_targets,0,error,0,0,,0,0,gaierror,dns_failed_skipped,DNS failed before feature extraction; excluded from ML input
airindiaexpress-login.com,airindiaexpress-login.com,airindia.com,Air India,Unlabeled,main_detector_targets,0,error,0,0,,0,0,gaierror,dns_failed_skipped,DNS failed before feature extraction; excluded from ML input
secure-airindiaexpress.com,secure-airindiaexpress.com,airindia.com,Air India,Unlabeled,main_detector_targets,0,error,0,0,,0,0,gaierror,dns_failed_skipped,DNS failed before feature extraction; excluded from ML input
airindiaexpress-secure.com,airindiaexpress-secure.com,airindia.com,Air India,Unlabeled,main_detector_targets,0,error,0,0,,0,0,gaierror,dns_failed_skipped,DNS failed before feature extraction; excluded from ML input
verify-airindiaexpress.com,verify-airindiaexpress.com,airindia.com,Air India,Unlabeled,main_detector_targets,0,error,0,0,,0,0,gaierror,dns_failed_skipped,DNS failed before feature extraction; excluded from ML input
airindiaexpress-verify.com,airindiaexpress-verify.com,airindia.com,Air India,Unlabeled,main_detector_targets,0,error,0,0,,0,0,gaierror,dns_failed_skipped,DNS failed before feature extraction; excluded from ML input
portal-airindiaexpress.com,portal-airindiaexpress.com,airindia.com,Air India,Unlabeled,main_detector_targets,0,error,0,0,,0,0,gaierror,dns_failed_skipped,DNS failed before feature extraction; excluded from ML input
airindiaexpress-portal.com,airindiaexpress-portal.com,airindia.com,Air India,Unlabeled,main_detector_targets,0,error,0,0,,0,0,gaierror,dns_failed_skipped,DNS failed before feature extraction; excluded from ML input
auth-airindiaexpress.com,auth-airindiaexpress.com,airindia.com,Air India,Unlabeled,main_detector_targets,0,error,0,0,,0,0,gaierror,dns_failed_skipped,DNS failed before feature extraction; excluded from ML input
airindiaexpress-auth.com,airindiaexpress-auth.com,airindia.com,Air India,Unlabeled,main_detector_targets,0,error,0,0,,0,0,gaierror,dns_failed_skipped,DNS failed before feature extraction; excluded from ML input
4irtel.in,4irtel.in,airtel.in,Airtel,Unlabeled,main_detector_targets,0,error,0,0,,0,0,gaierror,dns_failed_skipped,DNS failed before feature extraction; excluded from ML input
a1rtel.in,a1rtel.in,airtel.in,Airtel,Unlabeled,main_detector_targets,0,error,0,0,,0,0,gaierror,dns_failed_skipped,DNS failed before feature extraction; excluded from ML input
alrtel.in,alrtel.in,airtel.in,Airtel,Unlabeled,main_detector_targets,0,error,0,0,,0,0,gaierror,dns_failed_skipped,DNS failed before feature extraction; excluded from ML input
airt3l.in,airt3l.in,airtel.in,Airtel,Unlabeled,main_detector_targets,0,error,0,0,,0,0,gaierror,dns_failed_skipped,DNS failed before feature extraction; excluded from ML input
login-airtel.in,login-airtel.in,airtel.in,Airtel,Unlabeled,main_detector_targets,0,error,0,0,,0,0,gaierror,dns_failed_skipped,DNS failed before feature extraction; excluded from ML input
airtel-login.in,airtel-login.in,airtel.in,Airtel,Unlabeled,main_detector_targets,0,error,0,0,,0,0,gaierror,dns_failed_skipped,DNS failed before feature extraction; excluded from ML input
secure-airtel.in,secure-airtel.in,airtel.in,Airtel,Unlabeled,main_detector_targets,0,error,0,0,,0,0,gaierror,dns_failed_skipped,DNS failed before feature extraction; excluded from ML input
airtel-secure.in,airtel-secure.in,airtel.in,Airtel,Unlabeled,main_detector_targets,0,error,0,0,,0,0,gaierror,dns_failed_skipped,DNS failed before feature extraction; excluded from ML input
verify-airtel.in,verify-airtel.in,airtel.in,Airtel,Unlabeled,main_detector_targets,0,error,0,0,,0,0,gaierror,dns_failed_skipped,DNS failed before feature extraction; excluded from ML input
airtel-verify.in,airtel-verify.in,airtel.in,Airtel,Unlabeled,main_detector_targets,0,error,0,0,,0,0,gaierror,dns_failed_skipped,DNS failed before feature extraction; excluded from ML input
portal-airtel.in,portal-airtel.in,airtel.in,Airtel,Unlabeled,main_detector_targets,0,error,0,0,,0,0,gaierror,dns_failed_skipped,DNS failed before feature extraction; excluded from ML input
airtel-portal.in,airtel-portal.in,airtel.in,Airtel,Unlabeled,main_detector_targets,0,error,0,0,,0,0,gaierror,dns_failed_skipped,DNS failed before feature extraction; excluded from ML input
auth-airtel.in,auth-airtel.in,airtel.in,Airtel,Unlabeled,main_detector_targets,0,error,0,0,,0,0,gaierror,dns_failed_skipped,DNS failed before feature extraction; excluded from ML input
airtel-auth.in,airtel-auth.in,airtel.in,Airtel,Unlabeled,main_detector_targets,0,error,0,0,,0,0,gaierror,dns_failed_skipped,DNS failed before feature extraction; excluded from ML input
cr5orgi.gov.in,cr5orgi.gov.in,ana.crsorgi.gov.in,ana crs,Unlabeled,main_detector_targets,0,error,0,0,,0,0,gaierror,dns_failed_skipped,DNS failed before feature extraction; excluded from ML input
crs0rgi.gov.in,crs0rgi.gov.in,ana.crsorgi.gov.in,ana crs,Unlabeled,main_detector_targets,0,error,0,0,,0,0,gaierror,dns_failed_skipped,DNS failed before feature extraction; excluded from ML input
crsorg1.gov.in,crsorg1.gov.in,ana.crsorgi.gov.in,ana crs,Unlabeled,main_detector_targets,0,error,0,0,,0,0,gaierror,dns_failed_skipped,DNS failed before feature extraction; excluded from ML input
crsorgl.gov.in,crsorgl.gov.in,ana.crsorgi.gov.in,ana crs,Unlabeled,main_detector_targets,0,error,0,0,,0,0,gaierror,dns_failed_skipped,DNS failed before feature extraction; excluded from ML input
login-crsorgi.gov.in,login-crsorgi.gov.in,ana.crsorgi.gov.in,ana crs,Unlabeled,main_detector_targets,0,error,0,0,,0,0,gaierror,dns_failed_skipped,DNS failed before feature extraction; excluded from ML input
crsorgi-login.gov.in,crsorgi-login.gov.in,ana.crsorgi.gov.in,ana crs,Unlabeled,main_detector_targets,0,error,0,0,,0,0,gaierror,dns_failed_skipped,DNS failed before feature extraction; excluded from ML input
secure-crsorgi.gov.in,secure-crsorgi.gov.in,ana.crsorgi.gov.in,ana crs,Unlabeled,main_detector_targets,0,error,0,0,,0,0,gaierror,dns_failed_skipped,DNS failed before feature extraction; excluded from ML input
crsorgi-secure.gov.in,crsorgi-secure.gov.in,ana.crsorgi.gov.in,ana crs,Unlabeled,main_detector_targets,0,error,0,0,,0,0,gaierror,dns_failed_skipped,DNS failed before feature extraction; excluded from ML input
verify-crsorgi.gov.in,verify-crsorgi.gov.in,ana.crsorgi.gov.in,ana crs,Unlabeled,main_detector_targets,0,error,0,0,,0,0,gaierror,dns_failed_skipped,DNS failed before feature extraction; excluded from ML input
crsorgi-verify.gov.in,crsorgi-verify.gov.in,ana.crsorgi.gov.in,ana crs,Unlabeled,main_detector_targets,0,error,0,0,,0,0,gaierror,dns_failed_skipped,DNS failed before feature extraction; excluded from ML input
portal-crsorgi.gov.in,portal-crsorgi.gov.in,ana.crsorgi.gov.in,ana crs,Unlabeled,main_detector_targets,0,error,0,0,,0,0,gaierror,dns_failed_skipped,DNS failed before feature extraction; excluded from ML input
crsorgi-portal.gov.in,crsorgi-portal.gov.in,ana.crsorgi.gov.in,ana crs,Unlabeled,main_detector_targets,0,error,0,0,,0,0,gaierror,dns_failed_skipped,DNS failed before feature extraction; excluded from ML input
auth-crsorgi.gov.in,auth-crsorgi.gov.in,ana.crsorgi.gov.in,ana crs,Unlabeled,main_detector_targets,0,error,0,0,,0,0,gaierror,dns_failed_skipped,DNS failed before feature extraction; excluded from ML input
crsorgi-auth.gov.in,crsorgi-auth.gov.in,ana.crsorgi.gov.in,ana crs,Unlabeled,main_detector_targets,0,error,0,0,,0,0,gaierror,dns_failed_skipped,DNS failed before feature extraction; excluded from ML input
login-census.gov.in,login-census.gov.in,ana.crsorgi.gov.in,ana crs,Unlabeled,main_detector_targets,0,error,0,0,,0,0,gaierror,dns_failed_skipped,DNS failed before feature extraction; excluded from ML input
census-login.gov.in,census-login.gov.in,ana.crsorgi.gov.in,ana crs,Unlabeled,main_detector_targets,0,error,0,0,,0,0,gaierror,dns_failed_skipped,DNS failed before feature extraction; excluded from ML input
secure-census.gov.in,secure-census.gov.in,ana.crsorgi.gov.in,ana crs,Unlabeled,main_detector_targets,0,error,0,0,,0,0,gaierror,dns_failed_skipped,DNS failed before feature extraction; excluded from ML input
census-secure.gov.in,census-secure.gov.in,ana.crsorgi.gov.in,ana crs,Unlabeled,main_detector_targets,0,error,0,0,,0,0,gaierror,dns_failed_skipped,DNS failed before feature extraction; excluded from ML input
verify-census.gov.in,verify-census.gov.in,ana.crsorgi.gov.in,ana crs,Unlabeled,main_detector_targets,0,error,0,0,,0,0,gaierror,dns_failed_skipped,DNS failed before feature extraction; excluded from ML input
census-verify.gov.in,census-verify.gov.in,ana.crsorgi.gov.in,ana crs,Unlabeled,main_detector_targets,0,error,0,0,,0,0,gaierror,dns_failed_skipped,DNS failed before feature extraction; excluded from ML input
portal-census.gov.in,portal-census.gov.in,ana.crsorgi.gov.in,ana crs,Unlabeled,main_detector_targets,0,error,0,0,,0,0,gaierror,dns_failed_skipped,DNS failed before feature extraction; excluded from ML input
census-portal.gov.in,census-portal.gov.in,ana.crsorgi.gov.in,ana crs,Unlabeled,main_detector_targets,0,error,0,0,,0,0,gaierror,dns_failed_skipped,DNS failed before feature extraction; excluded from ML input
auth-census.gov.in,auth-census.gov.in,ana.crsorgi.gov.in,ana crs,Unlabeled,main_detector_targets,0,error,0,0,,0,0,gaierror,dns_failed_skipped,DNS failed before feature extraction; excluded from ML input
census-auth.gov.in,census-auth.gov.in,ana.crsorgi.gov.in,ana crs,Unlabeled,main_detector_targets,0,error,0,0,,0,0,gaierror,dns_failed_skipped,DNS failed before feature extraction; excluded from ML input
4uthwebmail.nic.in,4uthwebmail.nic.in,accounts.mgovcloud.in,National Informatics Centre (NIC),Unlabeled,main_detector_targets,0,error,0,0,,0,0,gaierror,dns_failed_skipped,DNS failed before feature extraction; excluded from ML input
authw3bmail.nic.in,authw3bmail.nic.in,accounts.mgovcloud.in,National Informatics Centre (NIC),Unlabeled,main_detector_targets,0,error,0,0,,0,0,gaierror,dns_failed_skipped,DNS failed before feature extraction; excluded from ML input
authwebm4il.nic.in,authwebm4il.nic.in,accounts.mgovcloud.in,National Informatics Centre (NIC),Unlabeled,main_detector_targets,0,error,0,0,,0,0,gaierror,dns_failed_skipped,DNS failed before feature extraction; excluded from ML input
authwebma1l.nic.in,authwebma1l.nic.in,accounts.mgovcloud.in,National Informatics Centre (NIC),Unlabeled,main_detector_targets,0,error,0,0,,0,0,gaierror,dns_failed_skipped,DNS failed before feature extraction; excluded from ML input
authwebmall.nic.in,authwebmall.nic.in,accounts.mgovcloud.in,National Informatics Centre (NIC),Unlabeled,main_detector_targets,0,error,0,0,,0,0,gaierror,dns_failed_skipped,DNS failed before feature extraction; excluded from ML input
login-authwebmail.nic.in,login-authwebmail.nic.in,accounts.mgovcloud.in,National Informatics Centre (NIC),Unlabeled,main_detector_targets,0,error,0,0,,0,0,gaierror,dns_failed_skipped,DNS failed before feature extraction; excluded from ML input
authwebmail-login.nic.in,authwebmail-login.nic.in,accounts.mgovcloud.in,National Informatics Centre (NIC),Unlabeled,main_detector_targets,0,error,0,0,,0,0,gaierror,dns_failed_skipped,DNS failed before feature extraction; excluded from ML input
secure-authwebmail.nic.in,secure-authwebmail.nic.in,accounts.mgovcloud.in,National Informatics Centre (NIC),Unlabeled,main_detector_targets,0,error,0,0,,0,0,gaierror,dns_failed_skipped,DNS failed before feature extraction; excluded from ML input
authwebmail-secure.nic.in,authwebmail-secure.nic.in,accounts.mgovcloud.in,National Informatics Centre (NIC),Unlabeled,main_detector_targets,0,error,0,0,,0,0,gaierror,dns_failed_skipped,DNS failed before feature extraction; excluded from ML input
verify-authwebmail.nic.in,verify-authwebmail.nic.in,accounts.mgovcloud.in,National Informatics Centre (NIC),Unlabeled,main_detector_targets,0,error,0,0,,0,0,gaierror,dns_failed_skipped,DNS failed before feature extraction; excluded from ML input
authwebmail-verify.nic.in,authwebmail-verify.nic.in,accounts.mgovcloud.in,National Informatics Centre (NIC),Unlabeled,main_detector_targets,0,error,0,0,,0,0,gaierror,dns_failed_skipped,DNS failed before feature extraction; excluded from ML input
portal-authwebmail.nic.in,portal-authwebmail.nic.in,accounts.mgovcloud.in,National Informatics Centre (NIC),Unlabeled,main_detector_targets,0,error,0,0,,0,0,gaierror,dns_failed_skipped,DNS failed before feature extraction; excluded from ML input
authwebmail-portal.nic.in,authwebmail-portal.nic.in,accounts.mgovcloud.in,National Informatics Centre (NIC),Unlabeled,main_detector_targets,0,error,0,0,,0,0,gaierror,dns_failed_skipped,DNS failed before feature extraction; excluded from ML input
auth-authwebmail.nic.in,auth-authwebmail.nic.in,accounts.mgovcloud.in,National Informatics Centre (NIC),Unlabeled,main_detector_targets,0,error,0,0,,0,0,gaierror,dns_failed_skipped,DNS failed before feature extraction; excluded from ML input
authwebmail-auth.nic.in,authwebmail-auth.nic.in,accounts.mgovcloud.in,National Informatics Centre (NIC),Unlabeled,main_detector_targets,0,error,0,0,,0,0,gaierror,dns_failed_skipped,DNS failed before feature extraction; excluded from ML input
ax1smaxlife.com,ax1smaxlife.com,axis.bank.in,Axis Bank,Unlabeled,main_detector_targets,0,error,0,0,,0,0,gaierror,dns_failed_skipped,DNS failed before feature extraction; excluded from ML input
axlsmaxlife.com,axlsmaxlife.com,axis.bank.in,Axis Bank,Unlabeled,main_detector_targets,0,error,0,0,,0,0,gaierror,dns_failed_skipped,DNS failed before feature extraction; excluded from ML input
axism4xlife.com,axism4xlife.com,axis.bank.in,Axis Bank,Unlabeled,main_detector_targets,0,error,0,0,,0,0,gaierror,dns_failed_skipped,DNS failed before feature extraction; excluded from ML input
axismaxl1fe.com,axismaxl1fe.com,axis.bank.in,Axis Bank,Unlabeled,main_detector_targets,0,error,0,0,,0,0,gaierror,dns_failed_skipped,DNS failed before feature extraction; excluded from ML input
axismaxllfe.com,axismaxllfe.com,axis.bank.in,Axis Bank,Unlabeled,main_detector_targets,0,error,0,0,,0,0,gaierror,dns_failed_skipped,DNS failed before feature extraction; excluded from ML input
axismaxlif3.com,axismaxlif3.com,axis.bank.in,Axis Bank,Unlabeled,main_detector_targets,0,error,0,0,,0,0,gaierror,dns_failed_skipped,DNS failed before feature extraction; excluded from ML input
login-axismaxlife.com,login-axismaxlife.com,axis.bank.in,Axis Bank,Unlabeled,main_detector_targets,0,error,0,0,,0,0,gaierror,dns_failed_skipped,DNS failed before feature extraction; excluded from ML input
axismaxlife-login.com,axismaxlife-login.com,axis.bank.in,Axis Bank,Unlabeled,main_detector_targets,0,error,0,0,,0,0,gaierror,dns_failed_skipped,DNS failed before feature extraction; excluded from ML input
secure-axismaxlife.com,secure-axismaxlife.com,axis.bank.in,Axis Bank,Unlabeled,main_detector_targets,0,error,0,0,,0,0,gaierror,dns_failed_skipped,DNS failed before feature extraction; excluded from ML input
axismaxlife-secure.com,axismaxlife-secure.com,axis.bank.in,Axis Bank,Unlabeled,main_detector_targets,0,error,0,0,,0,0,gaierror,dns_failed_skipped,DNS failed before feature extraction; excluded from ML input
verify-axismaxlife.com,verify-axismaxlife.com,axis.bank.in,Axis Bank,Unlabeled,main_detector_targets,0,error,0,0,,0,0,gaierror,dns_failed_skipped,DNS failed before feature extraction; excluded from ML input
axismaxlife-verify.com,axismaxlife-verify.com,axis.bank.in,Axis Bank,Unlabeled,main_detector_targets,0,error,0,0,,0,0,gaierror,dns_failed_skipped,DNS failed before feature extraction; excluded from ML input
portal-axismaxlife.com,portal-axismaxlife.com,axis.bank.in,Axis Bank,Unlabeled,main_detector_targets,0,error,0,0,,0,0,gaierror,dns_failed_skipped,DNS failed before feature extraction; excluded from ML input
axismaxlife-portal.com,axismaxlife-portal.com,axis.bank.in,Axis Bank,Unlabeled,main_detector_targets,0,error,0,0,,0,0,gaierror,dns_failed_skipped,DNS failed before feature extraction; excluded from ML input
auth-axismaxlife.com,auth-axismaxlife.com,axis.bank.in,Axis Bank,Unlabeled,main_detector_targets,0,error,0,0,,0,0,gaierror,dns_failed_skipped,DNS failed before feature extraction; excluded from ML input
axismaxlife-auth.com,axismaxlife-auth.com,axis.bank.in,Axis Bank,Unlabeled,main_detector_targets,0,error,0,0,,0,0,gaierror,dns_failed_skipped,DNS failed before feature extraction; excluded from ML input
ax1smf.com,ax1smf.com,axis.bank.in,Axis Bank,Unlabeled,main_detector_targets,0,error,0,0,,0,0,gaierror,dns_failed_skipped,DNS failed before feature extraction; excluded from ML input
axlsmf.com,axlsmf.com,axis.bank.in,Axis Bank,Unlabeled,main_detector_targets,0,error,0,0,,0,0,gaierror,dns_failed_skipped,DNS failed before feature extraction; excluded from ML input
login-axismf.com,login-axismf.com,axis.bank.in,Axis Bank,Unlabeled,main_detector_targets,0,error,0,0,,0,0,gaierror,dns_failed_skipped,DNS failed before feature extraction; excluded from ML input
axismf-login.com,axismf-login.com,axis.bank.in,Axis Bank,Unlabeled,main_detector_targets,0,error,0,0,,0,0,gaierror,dns_failed_skipped,DNS failed before feature extraction; excluded from ML input
secure-axismf.com,secure-axismf.com,axis.bank.in,Axis Bank,Unlabeled,main_detector_targets,0,error,0,0,,0,0,gaierror,dns_failed_skipped,DNS failed before feature extraction; excluded from ML input
axismf-secure.com,axismf-secure.com,axis.bank.in,Axis Bank,Unlabeled,main_detector_targets,0,error,0,0,,0,0,gaierror,dns_failed_skipped,DNS failed before feature extraction; excluded from ML input
verify-axismf.com,verify-axismf.com,axis.bank.in,Axis Bank,Unlabeled,main_detector_targets,0,error,0,0,,0,0,gaierror,dns_failed_skipped,DNS failed before feature extraction; excluded from ML input
axismf-verify.com,axismf-verify.com,axis.bank.in,Axis Bank,Unlabeled,main_detector_targets,0,error,0,0,,0,0,gaierror,dns_failed_skipped,DNS failed before feature extraction; excluded from ML input
portal-axismf.com,portal-axismf.com,axis.bank.in,Axis Bank,Unlabeled,main_detector_targets,0,error,0,0,,0,0,gaierror,dns_failed_skipped,DNS failed before feature extraction; excluded from ML input
axismf-portal.com,axismf-portal.com,axis.bank.in,Axis Bank,Unlabeled,main_detector_targets,0,error,0,0,,0,0,gaierror,dns_failed_skipped,DNS failed before feature extraction; excluded from ML input
auth-axismf.com,auth-axismf.com,axis.bank.in,Axis Bank,Unlabeled,main_detector_targets,0,error,0,0,,0,0,gaierror,dns_failed_skipped,DNS failed before feature extraction; excluded from ML input
axismf-auth.com,axismf-auth.com,axis.bank.in,Axis Bank,Unlabeled,main_detector_targets,0,error,0,0,,0,0,gaierror,dns_failed_skipped,DNS failed before feature extraction; excluded from ML input
bse1ndia.com,bse1ndia.com,bseindia.com,BSE Ltd.,Unlabeled,main_detector_targets,0,error,0,0,,0,0,gaierror,dns_failed_skipped,DNS failed before feature extraction; excluded from ML input
bselndia.com,bselndia.com,bseindia.com,BSE Ltd.,Unlabeled,main_detector_targets,0,error,0,0,,0,0,gaierror,dns_failed_skipped,DNS failed before feature extraction; excluded from ML input
bseind1a.com,bseind1a.com,bseindia.com,BSE Ltd.,Unlabeled,main_detector_targets,0,error,0,0,,0,0,gaierror,dns_failed_skipped,DNS failed before feature extraction; excluded from ML input
bseindi4.com,bseindi4.com,bseindia.com,BSE Ltd.,Unlabeled,main_detector_targets,0,error,0,0,,0,0,gaierror,dns_failed_skipped,DNS failed before feature extraction; excluded from ML input
login-bseindia.com,login-bseindia.com,bseindia.com,BSE Ltd.,Unlabeled,main_detector_targets,0,error,0,0,,0,0,gaierror,dns_failed_skipped,DNS failed before feature extraction; excluded from ML input
bseindia-login.com,bseindia-login.com,bseindia.com,BSE Ltd.,Unlabeled,main_detector_targets,0,error,0,0,,0,0,gaierror,dns_failed_skipped,DNS failed before feature extraction; excluded from ML input
secure-bseindia.com,secure-bseindia.com,bseindia.com,BSE Ltd.,Unlabeled,main_detector_targets,0,error,0,0,,0,0,gaierror,dns_failed_skipped,DNS failed before feature extraction; excluded from ML input
bseindia-secure.com,bseindia-secure.com,bseindia.com,BSE Ltd.,Unlabeled,main_detector_targets,0,error,0,0,,0,0,gaierror,dns_failed_skipped,DNS failed before feature extraction; excluded from ML input
verify-bseindia.com,verify-bseindia.com,bseindia.com,BSE Ltd.,Unlabeled,main_detector_targets,0,error,0,0,,0,0,gaierror,dns_failed_skipped,DNS failed before feature extraction; excluded from ML input
bseindia-verify.com,bseindia-verify.com,bseindia.com,BSE Ltd.,Unlabeled,main_detector_targets,0,error,0,0,,0,0,gaierror,dns_failed_skipped,DNS failed before feature extraction; excluded from ML input
portal-bseindia.com,portal-bseindia.com,bseindia.com,BSE Ltd.,Unlabeled,main_detector_targets,0,error,0,0,,0,0,gaierror,dns_failed_skipped,DNS failed before feature extraction; excluded from ML input
bseindia-portal.com,bseindia-portal.com,bseindia.com,BSE Ltd.,Unlabeled,main_detector_targets,0,error,0,0,,0,0,gaierror,dns_failed_skipped,DNS failed before feature extraction; excluded from ML input
auth-bseindia.com,auth-bseindia.com,bseindia.com,BSE Ltd.,Unlabeled,main_detector_targets,0,error,0,0,,0,0,gaierror,dns_failed_skipped,DNS failed before feature extraction; excluded from ML input
bseindia-auth.com,bseindia-auth.com,bseindia.com,BSE Ltd.,Unlabeled,main_detector_targets,0,error,0,0,,0,0,gaierror,dns_failed_skipped,DNS failed before feature extraction; excluded from ML input
bse5tarmf.in,bse5tarmf.in,bseindia.com,BSE Ltd.,Unlabeled,main_detector_targets,0,error,0,0,,0,0,gaierror,dns_failed_skipped,DNS failed before feature extraction; excluded from ML input
bsest4rmf.in,bsest4rmf.in,bseindia.com,BSE Ltd.,Unlabeled,main_detector_targets,0,error,0,0,,0,0,gaierror,dns_failed_skipped,DNS failed before feature extraction; excluded from ML input
login-bsestarmf.in,login-bsestarmf.in,bseindia.com,BSE Ltd.,Unlabeled,main_detector_targets,0,error,0,0,,0,0,gaierror,dns_failed_skipped,DNS failed before feature extraction; excluded from ML input
bsestarmf-login.in,bsestarmf-login.in,bseindia.com,BSE Ltd.,Unlabeled,main_detector_targets,0,error,0,0,,0,0,gaierror,dns_failed_skipped,DNS failed before feature extraction; excluded from ML input
secure-bsestarmf.in,secure-bsestarmf.in,bseindia.com,BSE Ltd.,Unlabeled,main_detector_targets,0,error,0,0,,0,0,gaierror,dns_failed_skipped,DNS failed before feature extraction; excluded from ML input
bsestarmf-secure.in,bsestarmf-secure.in,bseindia.com,BSE Ltd.,Unlabeled,main_detector_targets,0,error,0,0,,0,0,gaierror,dns_failed_skipped,DNS failed before feature extraction; excluded from ML input
verify-bsestarmf.in,verify-bsestarmf.in,bseindia.com,BSE Ltd.,Unlabeled,main_detector_targets,0,error,0,0,,0,0,gaierror,dns_failed_skipped,DNS failed before feature extraction; excluded from ML input
bsestarmf-verify.in,bsestarmf-verify.in,bseindia.com,BSE Ltd.,Unlabeled,main_detector_targets,0,error,0,0,,0,0,gaierror,dns_failed_skipped,DNS failed before feature extraction; excluded from ML input
portal-bsestarmf.in,portal-bsestarmf.in,bseindia.com,BSE Ltd.,Unlabeled,main_detector_targets,0,error,0,0,,0,0,gaierror,dns_failed_skipped,DNS failed before feature extraction; excluded from ML input
bsestarmf-portal.in,bsestarmf-portal.in,bseindia.com,BSE Ltd.,Unlabeled,main_detector_targets,0,error,0,0,,0,0,gaierror,dns_failed_skipped,DNS failed before feature extraction; excluded from ML input
auth-bsestarmf.in,auth-bsestarmf.in,bseindia.com,BSE Ltd.,Unlabeled,main_detector_targets,0,error,0,0,,0,0,gaierror,dns_failed_skipped,DNS failed before feature extraction; excluded from ML input
bsestarmf-auth.in,bsestarmf-auth.in,bseindia.com,BSE Ltd.,Unlabeled,main_detector_targets,0,error,0,0,,0,0,gaierror,dns_failed_skipped,DNS failed before feature extraction; excluded from ML input
login-bsnl.co.in,login-bsnl.co.in,bsnl.co.in,Bharat Sanchar Nigam Limited (BSNL),Unlabeled,main_detector_targets,0,error,0,0,,0,0,gaierror,dns_failed_skipped,DNS failed before feature extraction; excluded from ML input
bsnl-login.co.in,bsnl-login.co.in,bsnl.co.in,Bharat Sanchar Nigam Limited (BSNL),Unlabeled,main_detector_targets,0,error,0,0,,0,0,gaierror,dns_failed_skipped,DNS failed before feature extraction; excluded from ML input
secure-bsnl.co.in,secure-bsnl.co.in,bsnl.co.in,Bharat Sanchar Nigam Limited (BSNL),Unlabeled,main_detector_targets,0,error,0,0,,0,0,gaierror,dns_failed_skipped,DNS failed before feature extraction; excluded from ML input
bsnl-secure.co.in,bsnl-secure.co.in,bsnl.co.in,Bharat Sanchar Nigam Limited (BSNL),Unlabeled,main_detector_targets,0,error,0,0,,0,0,gaierror,dns_failed_skipped,DNS failed before feature extraction; excluded from ML input
verify-bsnl.co.in,verify-bsnl.co.in,bsnl.co.in,Bharat Sanchar Nigam Limited (BSNL),Unlabeled,main_detector_targets,0,error,0,0,,0,0,gaierror,dns_failed_skipped,DNS failed before feature extraction; excluded from ML input
bsnl-verify.co.in,bsnl-verify.co.in,bsnl.co.in,Bharat Sanchar Nigam Limited (BSNL),Unlabeled,main_detector_targets,0,error,0,0,,0,0,gaierror,dns_failed_skipped,DNS failed before feature extraction; excluded from ML input
portal-bsnl.co.in,portal-bsnl.co.in,bsnl.co.in,Bharat Sanchar Nigam Limited (BSNL),Unlabeled,main_detector_targets,0,error,0,0,,0,0,gaierror,dns_failed_skipped,DNS failed before feature extraction; excluded from ML input
bsnl-portal.co.in,bsnl-portal.co.in,bsnl.co.in,Bharat Sanchar Nigam Limited (BSNL),Unlabeled,main_detector_targets,0,error,0,0,,0,0,gaierror,dns_failed_skipped,DNS failed before feature extraction; excluded from ML input
auth-bsnl.co.in,auth-bsnl.co.in,bsnl.co.in,Bharat Sanchar Nigam Limited (BSNL),Unlabeled,main_detector_targets,0,error,0,0,,0,0,gaierror,dns_failed_skipped,DNS failed before feature extraction; excluded from ML input
bsnl-auth.co.in,bsnl-auth.co.in,bsnl.co.in,Bharat Sanchar Nigam Limited (BSNL),Unlabeled,main_detector_targets,0,error,0,0,,0,0,gaierror,dns_failed_skipped,DNS failed before feature extraction; excluded from ML input
cams0nline.com,cams0nline.com,camsonline.com,Computer Age Management Services Ltd. (CAMS),Unlabeled,main_detector_targets,0,error,0,0,,0,0,gaierror,dns_failed_skipped,DNS failed before feature extraction; excluded from ML input
camsonl1ne.com,camsonl1ne.com,camsonline.com,Computer Age Management Services Ltd. (CAMS),Unlabeled,main_detector_targets,0,error,0,0,,0,0,gaierror,dns_failed_skipped,DNS failed before feature extraction; excluded from ML input
camsonllne.com,camsonllne.com,camsonline.com,Computer Age Management Services Ltd. (CAMS),Unlabeled,main_detector_targets,0,error,0,0,,0,0,gaierror,dns_failed_skipped,DNS failed before feature extraction; excluded from ML input
camsonlin3.com,camsonlin3.com,camsonline.com,Computer Age Management Services Ltd. (CAMS),Unlabeled,main_detector_targets,0,error,0,0,,0,0,gaierror,dns_failed_skipped,DNS failed before feature extraction; excluded from ML input
login-camsonline.com,login-camsonline.com,camsonline.com,Computer Age Management Services Ltd. (CAMS),Unlabeled,main_detector_targets,0,error,0,0,,0,0,gaierror,dns_failed_skipped,DNS failed before feature extraction; excluded from ML input
camsonline-login.com,camsonline-login.com,camsonline.com,Computer Age Management Services Ltd. (CAMS),Unlabeled,main_detector_targets,0,error,0,0,,0,0,gaierror,dns_failed_skipped,DNS failed before feature extraction; excluded from ML input
secure-camsonline.com,secure-camsonline.com,camsonline.com,Computer Age Management Services Ltd. (CAMS),Unlabeled,main_detector_targets,0,error,0,0,,0,0,gaierror,dns_failed_skipped,DNS failed before feature extraction; excluded from ML input
camsonline-secure.com,camsonline-secure.com,camsonline.com,Computer Age Management Services Ltd. (CAMS),Unlabeled,main_detector_targets,0,error,0,0,,0,0,gaierror,dns_failed_skipped,DNS failed before feature extraction; excluded from ML input
verify-camsonline.com,verify-camsonline.com,camsonline.com,Computer Age Management Services Ltd. (CAMS),Unlabeled,main_detector_targets,0,error,0,0,,0,0,gaierror,dns_failed_skipped,DNS failed before feature extraction; excluded from ML input
camsonline-verify.com,camsonline-verify.com,camsonline.com,Computer Age Management Services Ltd. (CAMS),Unlabeled,main_detector_targets,0,error,0,0,,0,0,gaierror,dns_failed_skipped,DNS failed before feature extraction; excluded from ML input
portal-camsonline.com,portal-camsonline.com,camsonline.com,Computer Age Management Services Ltd. (CAMS),Unlabeled,main_detector_targets,0,error,0,0,,0,0,gaierror,dns_failed_skipped,DNS failed before feature extraction; excluded from ML input
camsonline-portal.com,camsonline-portal.com,camsonline.com,Computer Age Management Services Ltd. (CAMS),Unlabeled,main_detector_targets,0,error,0,0,,0,0,gaierror,dns_failed_skipped,DNS failed before feature extraction; excluded from ML input
auth-camsonline.com,auth-camsonline.com,camsonline.com,Computer Age Management Services Ltd. (CAMS),Unlabeled,main_detector_targets,0,error,0,0,,0,0,gaierror,dns_failed_skipped,DNS failed before feature extraction; excluded from ML input
camsonline-auth.com,camsonline-auth.com,camsonline.com,Computer Age Management Services Ltd. (CAMS),Unlabeled,main_detector_targets,0,error,0,0,,0,0,gaierror,dns_failed_skipped,DNS failed before feature extraction; excluded from ML input
canarab4nk.com,canarab4nk.com,canarabank.bank.in,Canara Bank,Unlabeled,main_detector_targets,0,error,0,0,,0,0,gaierror,dns_failed_skipped,DNS failed before feature extraction; excluded from ML input
login-canarabank.com,login-canarabank.com,canarabank.bank.in,Canara Bank,Unlabeled,main_detector_targets,0,error,0,0,,0,0,gaierror,dns_failed_skipped,DNS failed before feature extraction; excluded from ML input
canarabank-login.com,canarabank-login.com,canarabank.bank.in,Canara Bank,Unlabeled,main_detector_targets,0,error,0,0,,0,0,gaierror,dns_failed_skipped,DNS failed before feature extraction; excluded from ML input
secure-canarabank.com,secure-canarabank.com,canarabank.bank.in,Canara Bank,Unlabeled,main_detector_targets,0,error,0,0,,0,0,gaierror,dns_failed_skipped,DNS failed before feature extraction; excluded from ML input
canarabank-secure.com,canarabank-secure.com,canarabank.bank.in,Canara Bank,Unlabeled,main_detector_targets,0,error,0,0,,0,0,gaierror,dns_failed_skipped,DNS failed before feature extraction; excluded from ML input
verify-canarabank.com,verify-canarabank.com,canarabank.bank.in,Canara Bank,Unlabeled,main_detector_targets,0,error,0,0,,0,0,gaierror,dns_failed_skipped,DNS failed before feature extraction; excluded from ML input
canarabank-verify.com,canarabank-verify.com,canarabank.bank.in,Canara Bank,Unlabeled,main_detector_targets,0,error,0,0,,0,0,gaierror,dns_failed_skipped,DNS failed before feature extraction; excluded from ML input
portal-canarabank.com,portal-canarabank.com,canarabank.bank.in,Canara Bank,Unlabeled,main_detector_targets,0,error,0,0,,0,0,gaierror,dns_failed_skipped,DNS failed before feature extraction; excluded from ML input
canarabank-portal.com,canarabank-portal.com,canarabank.bank.in,Canara Bank,Unlabeled,main_detector_targets,0,error,0,0,,0,0,gaierror,dns_failed_skipped,DNS failed before feature extraction; excluded from ML input
auth-canarabank.com,auth-canarabank.com,canarabank.bank.in,Canara Bank,Unlabeled,main_detector_targets,0,error,0,0,,0,0,gaierror,dns_failed_skipped,DNS failed before feature extraction; excluded from ML input
canarabank-auth.com,canarabank-auth.com,canarabank.bank.in,Canara Bank,Unlabeled,main_detector_targets,0,error,0,0,,0,0,gaierror,dns_failed_skipped,DNS failed before feature extraction; excluded from ML input
canarah5bclife.com,canarah5bclife.com,canarabank.bank.in,Canara Bank,Unlabeled,main_detector_targets,0,error,0,0,,0,0,gaierror,dns_failed_skipped,DNS failed before feature extraction; excluded from ML input
canarahsbcl1fe.com,canarahsbcl1fe.com,canarabank.bank.in,Canara Bank,Unlabeled,main_detector_targets,0,error,0,0,,0,0,gaierror,dns_failed_skipped,DNS failed before feature extraction; excluded from ML input
canarahsbcllfe.com,canarahsbcllfe.com,canarabank.bank.in,Canara Bank,Unlabeled,main_detector_targets,0,error,0,0,,0,0,gaierror,dns_failed_skipped,DNS failed before feature extraction; excluded from ML input
canarahsbclif3.com,canarahsbclif3.com,canarabank.bank.in,Canara Bank,Unlabeled,main_detector_targets,0,error,0,0,,0,0,gaierror,dns_failed_skipped,DNS failed before feature extraction; excluded from ML input
login-canarahsbclife.com,login-canarahsbclife.com,canarabank.bank.in,Canara Bank,Unlabeled,main_detector_targets,0,error,0,0,,0,0,gaierror,dns_failed_skipped,DNS failed before feature extraction; excluded from ML input
canarahsbclife-login.com,canarahsbclife-login.com,canarabank.bank.in,Canara Bank,Unlabeled,main_detector_targets,0,error,0,0,,0,0,gaierror,dns_failed_skipped,DNS failed before feature extraction; excluded from ML input
secure-canarahsbclife.com,secure-canarahsbclife.com,canarabank.bank.in,Canara Bank,Unlabeled,main_detector_targets,0,error,0,0,,0,0,gaierror,dns_failed_skipped,DNS failed before feature extraction; excluded from ML input
canarahsbclife-secure.com,canarahsbclife-secure.com,canarabank.bank.in,Canara Bank,Unlabeled,main_detector_targets,0,error,0,0,,0,0,gaierror,dns_failed_skipped,DNS failed before feature extraction; excluded from ML input
verify-canarahsbclife.com,verify-canarahsbclife.com,canarabank.bank.in,Canara Bank,Unlabeled,main_detector_targets,0,error,0,0,,0,0,gaierror,dns_failed_skipped,DNS failed before feature extraction; excluded from ML input
canarahsbclife-verify.com,canarahsbclife-verify.com,canarabank.bank.in,Canara Bank,Unlabeled,main_detector_targets,0,error,0,0,,0,0,gaierror,dns_failed_skipped,DNS failed before feature extraction; excluded from ML input
portal-canarahsbclife.com,portal-canarahsbclife.com,canarabank.bank.in,Canara Bank,Unlabeled,main_detector_targets,0,error,0,0,,0,0,gaierror,dns_failed_skipped,DNS failed before feature extraction; excluded from ML input
canarahsbclife-portal.com,canarahsbclife-portal.com,canarabank.bank.in,Canara Bank,Unlabeled,main_detector_targets,0,error,0,0,,0,0,gaierror,dns_failed_skipped,DNS failed before feature extraction; excluded from ML input
auth-canarahsbclife.com,auth-canarahsbclife.com,canarabank.bank.in,Canara Bank,Unlabeled,main_detector_targets,0,error,0,0,,0,0,gaierror,dns_failed_skipped,DNS failed before feature extraction; excluded from ML input
canarahsbclife-auth.com,canarahsbclife-auth.com,canarabank.bank.in,Canara Bank,Unlabeled,main_detector_targets,0,error,0,0,,0,0,gaierror,dns_failed_skipped,DNS failed before feature extraction; excluded from ML input
canarar0beco.com,canarar0beco.com,canarabank.bank.in,Canara Bank,Unlabeled,main_detector_targets,0,error,0,0,,0,0,gaierror,dns_failed_skipped,DNS failed before feature extraction; excluded from ML input
canararob3co.com,canararob3co.com,canarabank.bank.in,Canara Bank,Unlabeled,main_detector_targets,0,error,0,0,,0,0,gaierror,dns_failed_skipped,DNS failed before feature extraction; excluded from ML input
canararobec0.com,canararobec0.com,canarabank.bank.in,Canara Bank,Unlabeled,main_detector_targets,0,error,0,0,,0,0,gaierror,dns_failed_skipped,DNS failed before feature extraction; excluded from ML input
login-canararobeco.com,login-canararobeco.com,canarabank.bank.in,Canara Bank,Unlabeled,main_detector_targets,0,error,0,0,,0,0,gaierror,dns_failed_skipped,DNS failed before feature extraction; excluded from ML input
canararobeco-login.com,canararobeco-login.com,canarabank.bank.in,Canara Bank,Unlabeled,main_detector_targets,0,error,0,0,,0,0,gaierror,dns_failed_skipped,DNS failed before feature extraction; excluded from ML input
secure-canararobeco.com,secure-canararobeco.com,canarabank.bank.in,Canara Bank,Unlabeled,main_detector_targets,0,error,0,0,,0,0,gaierror,dns_failed_skipped,DNS failed before feature extraction; excluded from ML input
canararobeco-secure.com,canararobeco-secure.com,canarabank.bank.in,Canara Bank,Unlabeled,main_detector_targets,0,error,0,0,,0,0,gaierror,dns_failed_skipped,DNS failed before feature extraction; excluded from ML input
verify-canararobeco.com,verify-canararobeco.com,canarabank.bank.in,Canara Bank,Unlabeled,main_detector_targets,0,error,0,0,,0,0,gaierror,dns_failed_skipped,DNS failed before feature extraction; excluded from ML input
canararobeco-verify.com,canararobeco-verify.com,canarabank.bank.in,Canara Bank,Unlabeled,main_detector_targets,0,error,0,0,,0,0,gaierror,dns_failed_skipped,DNS failed before feature extraction; excluded from ML input
portal-canararobeco.com,portal-canararobeco.com,canarabank.bank.in,Canara Bank,Unlabeled,main_detector_targets,0,error,0,0,,0,0,gaierror,dns_failed_skipped,DNS failed before feature extraction; excluded from ML input
canararobeco-portal.com,canararobeco-portal.com,canarabank.bank.in,Canara Bank,Unlabeled,main_detector_targets,0,error,0,0,,0,0,gaierror,dns_failed_skipped,DNS failed before feature extraction; excluded from ML input
auth-canararobeco.com,auth-canararobeco.com,canarabank.bank.in,Canara Bank,Unlabeled,main_detector_targets,0,error,0,0,,0,0,gaierror,dns_failed_skipped,DNS failed before feature extraction; excluded from ML input
canararobeco-auth.com,canararobeco-auth.com,canarabank.bank.in,Canara Bank,Unlabeled,main_detector_targets,0,error,0,0,,0,0,gaierror,dns_failed_skipped,DNS failed before feature extraction; excluded from ML input
census1ndia.gov.in,census1ndia.gov.in,ana.crsorgi.gov.in,ana crs,Unlabeled,main_detector_targets,0,error,0,0,,0,0,gaierror,dns_failed_skipped,DNS failed before feature extraction; excluded from ML input
censuslndia.gov.in,censuslndia.gov.in,ana.crsorgi.gov.in,ana crs,Unlabeled,main_detector_targets,0,error,0,0,,0,0,gaierror,dns_failed_skipped,DNS failed before feature extraction; excluded from ML input
censusind1a.gov.in,censusind1a.gov.in,ana.crsorgi.gov.in,ana crs,Unlabeled,main_detector_targets,0,error,0,0,,0,0,gaierror,dns_failed_skipped,DNS failed before feature extraction; excluded from ML input
censusindla.gov.in,censusindla.gov.in,ana.crsorgi.gov.in,ana crs,Unlabeled,main_detector_targets,0,error,0,0,,0,0,gaierror,dns_failed_skipped,DNS failed before feature extraction; excluded from ML input
censusindi4.gov.in,censusindi4.gov.in,ana.crsorgi.gov.in,ana crs,Unlabeled,main_detector_targets,0,error,0,0,,0,0,gaierror,dns_failed_skipped,DNS failed before feature extraction; excluded from ML input
login-censusindia.gov.in,login-censusindia.gov.in,ana.crsorgi.gov.in,ana crs,Unlabeled,main_detector_targets,0,error,0,0,,0,0,gaierror,dns_failed_skipped,DNS failed before feature extraction; excluded from ML input
censusindia-login.gov.in,censusindia-login.gov.in,ana.crsorgi.gov.in,ana crs,Unlabeled,main_detector_targets,0,error,0,0,,0,0,gaierror,dns_failed_skipped,DNS failed before feature extraction; excluded from ML input
secure-censusindia.gov.in,secure-censusindia.gov.in,ana.crsorgi.gov.in,ana crs,Unlabeled,main_detector_targets,0,error,0,0,,0,0,gaierror,dns_failed_skipped,DNS failed before feature extraction; excluded from ML input
censusindia-secure.gov.in,censusindia-secure.gov.in,ana.crsorgi.gov.in,ana crs,Unlabeled,main_detector_targets,0,error,0,0,,0,0,gaierror,dns_failed_skipped,DNS failed before feature extraction; excluded from ML input
verify-censusindia.gov.in,verify-censusindia.gov.in,ana.crsorgi.gov.in,ana crs,Unlabeled,main_detector_targets,0,error,0,0,,0,0,gaierror,dns_failed_skipped,DNS failed before feature extraction; excluded from ML input
censusindia-verify.gov.in,censusindia-verify.gov.in,ana.crsorgi.gov.in,ana crs,Unlabeled,main_detector_targets,0,error,0,0,,0,0,gaierror,dns_failed_skipped,DNS failed before feature extraction; excluded from ML input
portal-censusindia.gov.in,portal-censusindia.gov.in,ana.crsorgi.gov.in,ana crs,Unlabeled,main_detector_targets,0,error,0,0,,0,0,gaierror,dns_failed_skipped,DNS failed before feature extraction; excluded from ML input
censusindia-portal.gov.in,censusindia-portal.gov.in,ana.crsorgi.gov.in,ana crs,Unlabeled,main_detector_targets,0,error,0,0,,0,0,gaierror,dns_failed_skipped,DNS failed before feature extraction; excluded from ML input
auth-censusindia.gov.in,auth-censusindia.gov.in,ana.crsorgi.gov.in,ana crs,Unlabeled,main_detector_targets,0,error,0,0,,0,0,gaierror,dns_failed_skipped,DNS failed before feature extraction; excluded from ML input
censusindia-auth.gov.in,censusindia-auth.gov.in,ana.crsorgi.gov.in,ana crs,Unlabeled,main_detector_targets,0,error,0,0,,0,0,gaierror,dns_failed_skipped,DNS failed before feature extraction; excluded from ML input
c0alindia.in,c0alindia.in,coalindia.in,Coal India,Unlabeled,main_detector_targets,0,error,0,0,,0,0,gaierror,dns_failed_skipped,DNS failed before feature extraction; excluded from ML input
co4lindia.in,co4lindia.in,coalindia.in,Coal India,Unlabeled,main_detector_targets,0,error,0,0,,0,0,gaierror,dns_failed_skipped,DNS failed before feature extraction; excluded from ML input
coal1ndia.in,coal1ndia.in,coalindia.in,Coal India,Unlabeled,main_detector_targets,0,error,0,0,,0,0,gaierror,dns_failed_skipped,DNS failed before feature extraction; excluded from ML input
coallndia.in,coallndia.in,coalindia.in,Coal India,Unlabeled,main_detector_targets,0,error,0,0,,0,0,gaierror,dns_failed_skipped,DNS failed before feature extraction; excluded from ML input
coalind1a.in,coalind1a.in,coalindia.in,Coal India,Unlabeled,main_detector_targets,0,error,0,0,,0,0,gaierror,dns_failed_skipped,DNS failed before feature extraction; excluded from ML input
coalindla.in,coalindla.in,coalindia.in,Coal India,Unlabeled,main_detector_targets,0,error,0,0,,0,0,gaierror,dns_failed_skipped,DNS failed before feature extraction; excluded from ML input
coalindi4.in,coalindi4.in,coalindia.in,Coal India,Unlabeled,main_detector_targets,0,error,0,0,,0,0,gaierror,dns_failed_skipped,DNS failed before feature extraction; excluded from ML input
login-coalindia.in,login-coalindia.in,coalindia.in,Coal India,Unlabeled,main_detector_targets,0,error,0,0,,0,0,gaierror,dns_failed_skipped,DNS failed before feature extraction; excluded from ML input
coalindia-login.in,coalindia-login.in,coalindia.in,Coal India,Unlabeled,main_detector_targets,0,error,0,0,,0,0,gaierror,dns_failed_skipped,DNS failed before feature extraction; excluded from ML input
secure-coalindia.in,secure-coalindia.in,coalindia.in,Coal India,Unlabeled,main_detector_targets,0,error,0,0,,0,0,gaierror,dns_failed_skipped,DNS failed before feature extraction; excluded from ML input
coalindia-secure.in,coalindia-secure.in,coalindia.in,Coal India,Unlabeled,main_detector_targets,0,error,0,0,,0,0,gaierror,dns_failed_skipped,DNS failed before feature extraction; excluded from ML input
verify-coalindia.in,verify-coalindia.in,coalindia.in,Coal India,Unlabeled,main_detector_targets,0,error,0,0,,0,0,gaierror,dns_failed_skipped,DNS failed before feature extraction; excluded from ML input
coalindia-verify.in,coalindia-verify.in,coalindia.in,Coal India,Unlabeled,main_detector_targets,0,error,0,0,,0,0,gaierror,dns_failed_skipped,DNS failed before feature extraction; excluded from ML input
portal-coalindia.in,portal-coalindia.in,coalindia.in,Coal India,Unlabeled,main_detector_targets,0,error,0,0,,0,0,gaierror,dns_failed_skipped,DNS failed before feature extraction; excluded from ML input
coalindia-portal.in,coalindia-portal.in,coalindia.in,Coal India,Unlabeled,main_detector_targets,0,error,0,0,,0,0,gaierror,dns_failed_skipped,DNS failed before feature extraction; excluded from ML input
auth-coalindia.in,auth-coalindia.in,coalindia.in,Coal India,Unlabeled,main_detector_targets,0,error,0,0,,0,0,gaierror,dns_failed_skipped,DNS failed before feature extraction; excluded from ML input
coalindia-auth.in,coalindia-auth.in,coalindia.in,Coal India,Unlabeled,main_detector_targets,0,error,0,0,,0,0,gaierror,dns_failed_skipped,DNS failed before feature extraction; excluded from ML input
c0alindiatenders.nic.in,c0alindiatenders.nic.in,coalindia.in,Coal India,Unlabeled,main_detector_targets,0,error,0,0,,0,0,gaierror,dns_failed_skipped,DNS failed before feature extraction; excluded from ML input
co4lindiatenders.nic.in,co4lindiatenders.nic.in,coalindia.in,Coal India,Unlabeled,main_detector_targets,0,error,0,0,,0,0,gaierror,dns_failed_skipped,DNS failed before feature extraction; excluded from ML input
coal1ndiatenders.nic.in,coal1ndiatenders.nic.in,coalindia.in,Coal India,Unlabeled,main_detector_targets,0,error,0,0,,0,0,gaierror,dns_failed_skipped,DNS failed before feature extraction; excluded from ML input
coallndiatenders.nic.in,coallndiatenders.nic.in,coalindia.in,Coal India,Unlabeled,main_detector_targets,0,error,0,0,,0,0,gaierror,dns_failed_skipped,DNS failed before feature extraction; excluded from ML input
coalind1atenders.nic.in,coalind1atenders.nic.in,coalindia.in,Coal India,Unlabeled,main_detector_targets,0,error,0,0,,0,0,gaierror,dns_failed_skipped,DNS failed before feature extraction; excluded from ML input
coalindlatenders.nic.in,coalindlatenders.nic.in,coalindia.in,Coal India,Unlabeled,main_detector_targets,0,error,0,0,,0,0,gaierror,dns_failed_skipped,DNS failed before feature extraction; excluded from ML input
coalindi4tenders.nic.in,coalindi4tenders.nic.in,coalindia.in,Coal India,Unlabeled,main_detector_targets,0,error,0,0,,0,0,gaierror,dns_failed_skipped,DNS failed before feature extraction; excluded from ML input
coalindiat3nders.nic.in,coalindiat3nders.nic.in,coalindia.in,Coal India,Unlabeled,main_detector_targets,0,error,0,0,,0,0,gaierror,dns_failed_skipped,DNS failed before feature extraction; excluded from ML input
coalindiatend3rs.nic.in,coalindiatend3rs.nic.in,coalindia.in,Coal India,Unlabeled,main_detector_targets,0,error,0,0,,0,0,gaierror,dns_failed_skipped,DNS failed before feature extraction; excluded from ML input
coalindiatender5.nic.in,coalindiatender5.nic.in,coalindia.in,Coal India,Unlabeled,main_detector_targets,0,error,0,0,,0,0,gaierror,dns_failed_skipped,DNS failed before feature extraction; excluded from ML input
login-coalindiatenders.nic.in,login-coalindiatenders.nic.in,coalindia.in,Coal India,Unlabeled,main_detector_targets,0,error,0,0,,0,0,gaierror,dns_failed_skipped,DNS failed before feature extraction; excluded from ML input
coalindiatenders-login.nic.in,coalindiatenders-login.nic.in,coalindia.in,Coal India,Unlabeled,main_detector_targets,0,error,0,0,,0,0,gaierror,dns_failed_skipped,DNS failed before feature extraction; excluded from ML input
secure-coalindiatenders.nic.in,secure-coalindiatenders.nic.in,coalindia.in,Coal India,Unlabeled,main_detector_targets,0,error,0,0,,0,0,gaierror,dns_failed_skipped,DNS failed before feature extraction; excluded from ML input
coalindiatenders-secure.nic.in,coalindiatenders-secure.nic.in,coalindia.in,Coal India,Unlabeled,main_detector_targets,0,error,0,0,,0,0,gaierror,dns_failed_skipped,DNS failed before feature extraction; excluded from ML input
verify-coalindiatenders.nic.in,verify-coalindiatenders.nic.in,coalindia.in,Coal India,Unlabeled,main_detector_targets,0,error,0,0,,0,0,gaierror,dns_failed_skipped,DNS failed before feature extraction; excluded from ML input
coalindiatenders-verify.nic.in,coalindiatenders-verify.nic.in,coalindia.in,Coal India,Unlabeled,main_detector_targets,0,error,0,0,,0,0,gaierror,dns_failed_skipped,DNS failed before feature extraction; excluded from ML input
portal-coalindiatenders.nic.in,portal-coalindiatenders.nic.in,coalindia.in,Coal India,Unlabeled,main_detector_targets,0,error,0,0,,0,0,gaierror,dns_failed_skipped,DNS failed before feature extraction; excluded from ML input
coalindiatenders-portal.nic.in,coalindiatenders-portal.nic.in,coalindia.in,Coal India,Unlabeled,main_detector_targets,0,error,0,0,,0,0,gaierror,dns_failed_skipped,DNS failed before feature extraction; excluded from ML input
auth-coalindiatenders.nic.in,auth-coalindiatenders.nic.in,coalindia.in,Coal India,Unlabeled,main_detector_targets,0,error,0,0,,0,0,gaierror,dns_failed_skipped,DNS failed before feature extraction; excluded from ML input
coalindiatenders-auth.nic.in,coalindiatenders-auth.nic.in,coalindia.in,Coal India,Unlabeled,main_detector_targets,0,error,0,0,,0,0,gaierror,dns_failed_skipped,DNS failed before feature extraction; excluded from ML input
login-tdscpc.gov.in,login-tdscpc.gov.in,contents.tdscpc.gov.in,Income Tax Department,Unlabeled,main_detector_targets,0,error,0,0,,0,0,gaierror,dns_failed_skipped,DNS failed before feature extraction; excluded from ML input
tdscpc-login.gov.in,tdscpc-login.gov.in,contents.tdscpc.gov.in,Income Tax Department,Unlabeled,main_detector_targets,0,error,0,0,,0,0,gaierror,dns_failed_skipped,DNS failed before feature extraction; excluded from ML input
secure-tdscpc.gov.in,secure-tdscpc.gov.in,contents.tdscpc.gov.in,Income Tax Department,Unlabeled,main_detector_targets,0,error,0,0,,0,0,gaierror,dns_failed_skipped,DNS failed before feature extraction; excluded from ML input
tdscpc-secure.gov.in,tdscpc-secure.gov.in,contents.tdscpc.gov.in,Income Tax Department,Unlabeled,main_detector_targets,0,error,0,0,,0,0,gaierror,dns_failed_skipped,DNS failed before feature extraction; excluded from ML input
verify-tdscpc.gov.in,verify-tdscpc.gov.in,contents.tdscpc.gov.in,Income Tax Department,Unlabeled,main_detector_targets,0,error,0,0,,0,0,gaierror,dns_failed_skipped,DNS failed before feature extraction; excluded from ML input
tdscpc-verify.gov.in,tdscpc-verify.gov.in,contents.tdscpc.gov.in,Income Tax Department,Unlabeled,main_detector_targets,0,error,0,0,,0,0,gaierror,dns_failed_skipped,DNS failed before feature extraction; excluded from ML input
portal-tdscpc.gov.in,portal-tdscpc.gov.in,contents.tdscpc.gov.in,Income Tax Department,Unlabeled,main_detector_targets,0,error,0,0,,0,0,gaierror,dns_failed_skipped,DNS failed before feature extraction; excluded from ML input
tdscpc-portal.gov.in,tdscpc-portal.gov.in,contents.tdscpc.gov.in,Income Tax Department,Unlabeled,main_detector_targets,0,error,0,0,,0,0,gaierror,dns_failed_skipped,DNS failed before feature extraction; excluded from ML input
auth-tdscpc.gov.in,auth-tdscpc.gov.in,contents.tdscpc.gov.in,Income Tax Department,Unlabeled,main_detector_targets,0,error,0,0,,0,0,gaierror,dns_failed_skipped,DNS failed before feature extraction; excluded from ML input
tdscpc-auth.gov.in,tdscpc-auth.gov.in,contents.tdscpc.gov.in,Income Tax Department,Unlabeled,main_detector_targets,0,error,0,0,,0,0,gaierror,dns_failed_skipped,DNS failed before feature extraction; excluded from ML input
0nlinesbi.sbi,0nlinesbi.sbi,corp.onlinesbi.sbi,State Bank of India (SBI),Unlabeled,main_detector_targets,0,error,0,0,,0,0,gaierror,dns_failed_skipped,DNS failed before feature extraction; excluded from ML input
onl1nesbi.sbi,onl1nesbi.sbi,corp.onlinesbi.sbi,State Bank of India (SBI),Unlabeled,main_detector_targets,0,error,0,0,,0,0,gaierror,dns_failed_skipped,DNS failed before feature extraction; excluded from ML input
onllnesbi.sbi,onllnesbi.sbi,corp.onlinesbi.sbi,State Bank of India (SBI),Unlabeled,main_detector_targets,0,error,0,0,,0,0,gaierror,dns_failed_skipped,DNS failed before feature extraction; excluded from ML input
onlin3sbi.sbi,onlin3sbi.sbi,corp.onlinesbi.sbi,State Bank of India (SBI),Unlabeled,main_detector_targets,0,error,0,0,,0,0,gaierror,dns_failed_skipped,DNS failed before feature extraction; excluded from ML input
online5bi.sbi,online5bi.sbi,corp.onlinesbi.sbi,State Bank of India (SBI),Unlabeled,main_detector_targets,0,error,0,0,,0,0,gaierror,dns_failed_skipped,DNS failed before feature extraction; excluded from ML input
onlinesb1.sbi,onlinesb1.sbi,corp.onlinesbi.sbi,State Bank of India (SBI),Unlabeled,main_detector_targets,0,error,0,0,,0,0,gaierror,dns_failed_skipped,DNS failed before feature extraction; excluded from ML input
onlinesbl.sbi,onlinesbl.sbi,corp.onlinesbi.sbi,State Bank of India (SBI),Unlabeled,main_detector_targets,0,error,0,0,,0,0,gaierror,dns_failed_skipped,DNS failed before feature extraction; excluded from ML input
login-onlinesbi.sbi,login-onlinesbi.sbi,corp.onlinesbi.sbi,State Bank of India (SBI),Unlabeled,main_detector_targets,0,error,0,0,,0,0,gaierror,dns_failed_skipped,DNS failed before feature extraction; excluded from ML input
onlinesbi-login.sbi,onlinesbi-login.sbi,corp.onlinesbi.sbi,State Bank of India (SBI),Unlabeled,main_detector_targets,0,error,0,0,,0,0,gaierror,dns_failed_skipped,DNS failed before feature extraction; excluded from ML input
secure-onlinesbi.sbi,secure-onlinesbi.sbi,corp.onlinesbi.sbi,State Bank of India (SBI),Unlabeled,main_detector_targets,0,error,0,0,,0,0,gaierror,dns_failed_skipped,DNS failed before feature extraction; excluded from ML input
onlinesbi-secure.sbi,onlinesbi-secure.sbi,corp.onlinesbi.sbi,State Bank of India (SBI),Unlabeled,main_detector_targets,0,error,0,0,,0,0,gaierror,dns_failed_skipped,DNS failed before feature extraction; excluded from ML input
verify-onlinesbi.sbi,verify-onlinesbi.sbi,corp.onlinesbi.sbi,State Bank of India (SBI),Unlabeled,main_detector_targets,0,error,0,0,,0,0,gaierror,dns_failed_skipped,DNS failed before feature extraction; excluded from ML input
onlinesbi-verify.sbi,onlinesbi-verify.sbi,corp.onlinesbi.sbi,State Bank of India (SBI),Unlabeled,main_detector_targets,0,error,0,0,,0,0,gaierror,dns_failed_skipped,DNS failed before feature extraction; excluded from ML input
portal-onlinesbi.sbi,portal-onlinesbi.sbi,corp.onlinesbi.sbi,State Bank of India (SBI),Unlabeled,main_detector_targets,0,error,0,0,,0,0,gaierror,dns_failed_skipped,DNS failed before feature extraction; excluded from ML input
onlinesbi-portal.sbi,onlinesbi-portal.sbi,corp.onlinesbi.sbi,State Bank of India (SBI),Unlabeled,main_detector_targets,0,error,0,0,,0,0,gaierror,dns_failed_skipped,DNS failed before feature extraction; excluded from ML input
auth-onlinesbi.sbi,auth-onlinesbi.sbi,corp.onlinesbi.sbi,State Bank of India (SBI),Unlabeled,main_detector_targets,0,error,0,0,,0,0,gaierror,dns_failed_skipped,DNS failed before feature extraction; excluded from ML input
onlinesbi-auth.sbi,onlinesbi-auth.sbi,corp.onlinesbi.sbi,State Bank of India (SBI),Unlabeled,main_detector_targets,0,error,0,0,,0,0,gaierror,dns_failed_skipped,DNS failed before feature extraction; excluded from ML input
ec1.gov.in,ec1.gov.in,eci.gov.in,Election Commision of India (ECI),Unlabeled,main_detector_targets,0,error,0,0,,0,0,gaierror,dns_failed_skipped,DNS failed before feature extraction; excluded from ML input
ecl.gov.in,ecl.gov.in,eci.gov.in,Election Commision of India (ECI),Unlabeled,main_detector_targets,0,error,0,0,,0,0,gaierror,dns_failed_skipped,DNS failed before feature extraction; excluded from ML input
login-eci.gov.in,login-eci.gov.in,eci.gov.in,Election Commision of India (ECI),Unlabeled,main_detector_targets,0,error,0,0,,0,0,gaierror,dns_failed_skipped,DNS failed before feature extraction; excluded from ML input
eci-login.gov.in,eci-login.gov.in,eci.gov.in,Election Commision of India (ECI),Unlabeled,main_detector_targets,0,error,0,0,,0,0,gaierror,dns_failed_skipped,DNS failed before feature extraction; excluded from ML input
secure-eci.gov.in,secure-eci.gov.in,eci.gov.in,Election Commision of India (ECI),Unlabeled,main_detector_targets,0,error,0,0,,0,0,gaierror,dns_failed_skipped,DNS failed before feature extraction; excluded from ML input
eci-secure.gov.in,eci-secure.gov.in,eci.gov.in,Election Commision of India (ECI),Unlabeled,main_detector_targets,0,error,0,0,,0,0,gaierror,dns_failed_skipped,DNS failed before feature extraction; excluded from ML input
verify-eci.gov.in,verify-eci.gov.in,eci.gov.in,Election Commision of India (ECI),Unlabeled,main_detector_targets,0,error,0,0,,0,0,gaierror,dns_failed_skipped,DNS failed before feature extraction; excluded from ML input
eci-verify.gov.in,eci-verify.gov.in,eci.gov.in,Election Commision of India (ECI),Unlabeled,main_detector_targets,0,error,0,0,,0,0,gaierror,dns_failed_skipped,DNS failed before feature extraction; excluded from ML input
portal-eci.gov.in,portal-eci.gov.in,eci.gov.in,Election Commision of India (ECI),Unlabeled,main_detector_targets,0,error,0,0,,0,0,gaierror,dns_failed_skipped,DNS failed before feature extraction; excluded from ML input
eci-portal.gov.in,eci-portal.gov.in,eci.gov.in,Election Commision of India (ECI),Unlabeled,main_detector_targets,0,error,0,0,,0,0,gaierror,dns_failed_skipped,DNS failed before feature extraction; excluded from ML input
auth-eci.gov.in,auth-eci.gov.in,eci.gov.in,Election Commision of India (ECI),Unlabeled,main_detector_targets,0,error,0,0,,0,0,gaierror,dns_failed_skipped,DNS failed before feature extraction; excluded from ML input
eci-auth.gov.in,eci-auth.gov.in,eci.gov.in,Election Commision of India (ECI),Unlabeled,main_detector_targets,0,error,0,0,,0,0,gaierror,dns_failed_skipped,DNS failed before feature extraction; excluded from ML input
login-hdfc.com,login-hdfc.com,hdfc.bank.in,HDFC Bank,Unlabeled,main_detector_targets,0,error,0,0,,0,0,gaierror,dns_failed_skipped,DNS failed before feature extraction; excluded from ML input
hdfc-login.com,hdfc-login.com,hdfc.bank.in,HDFC Bank,Unlabeled,main_detector_targets,0,error,0,0,,0,0,gaierror,dns_failed_skipped,DNS failed before feature extraction; excluded from ML input
secure-hdfc.com,secure-hdfc.com,hdfc.bank.in,HDFC Bank,Unlabeled,main_detector_targets,0,error,0,0,,0,0,gaierror,dns_failed_skipped,DNS failed before feature extraction; excluded from ML input
hdfc-secure.com,hdfc-secure.com,hdfc.bank.in,HDFC Bank,Unlabeled,main_detector_targets,0,error,0,0,,0,0,gaierror,dns_failed_skipped,DNS failed before feature extraction; excluded from ML input
verify-hdfc.com,verify-hdfc.com,hdfc.bank.in,HDFC Bank,Unlabeled,main_detector_targets,0,error,0,0,,0,0,gaierror,dns_failed_skipped,DNS failed before feature extraction; excluded from ML input
hdfc-verify.com,hdfc-verify.com,hdfc.bank.in,HDFC Bank,Unlabeled,main_detector_targets,0,error,0,0,,0,0,gaierror,dns_failed_skipped,DNS failed before feature extraction; excluded from ML input
portal-hdfc.com,portal-hdfc.com,hdfc.bank.in,HDFC Bank,Unlabeled,main_detector_targets,0,error,0,0,,0,0,gaierror,dns_failed_skipped,DNS failed before feature extraction; excluded from ML input
hdfc-portal.com,hdfc-portal.com,hdfc.bank.in,HDFC Bank,Unlabeled,main_detector_targets,0,error,0,0,,0,0,gaierror,dns_failed_skipped,DNS failed before feature extraction; excluded from ML input
auth-hdfc.com,auth-hdfc.com,hdfc.bank.in,HDFC Bank,Unlabeled,main_detector_targets,0,error,0,0,,0,0,gaierror,dns_failed_skipped,DNS failed before feature extraction; excluded from ML input
hdfc-auth.com,hdfc-auth.com,hdfc.bank.in,HDFC Bank,Unlabeled,main_detector_targets,0,error,0,0,,0,0,gaierror,dns_failed_skipped,DNS failed before feature extraction; excluded from ML input
login-hdfcfund.com,login-hdfcfund.com,hdfc.bank.in,HDFC Bank,Unlabeled,main_detector_targets,0,error,0,0,,0,0,gaierror,dns_failed_skipped,DNS failed before feature extraction; excluded from ML input
hdfcfund-login.com,hdfcfund-login.com,hdfc.bank.in,HDFC Bank,Unlabeled,main_detector_targets,0,error,0,0,,0,0,gaierror,dns_failed_skipped,DNS failed before feature extraction; excluded from ML input
secure-hdfcfund.com,secure-hdfcfund.com,hdfc.bank.in,HDFC Bank,Unlabeled,main_detector_targets,0,error,0,0,,0,0,gaierror,dns_failed_skipped,DNS failed before feature extraction; excluded from ML input
hdfcfund-secure.com,hdfcfund-secure.com,hdfc.bank.in,HDFC Bank,Unlabeled,main_detector_targets,0,error,0,0,,0,0,gaierror,dns_failed_skipped,DNS failed before feature extraction; excluded from ML input
verify-hdfcfund.com,verify-hdfcfund.com,hdfc.bank.in,HDFC Bank,Unlabeled,main_detector_targets,0,error,0,0,,0,0,gaierror,dns_failed_skipped,DNS failed before feature extraction; excluded from ML input
hdfcfund-verify.com,hdfcfund-verify.com,hdfc.bank.in,HDFC Bank,Unlabeled,main_detector_targets,0,error,0,0,,0,0,gaierror,dns_failed_skipped,DNS failed before feature extraction; excluded from ML input
portal-hdfcfund.com,portal-hdfcfund.com,hdfc.bank.in,HDFC Bank,Unlabeled,main_detector_targets,0,error,0,0,,0,0,gaierror,dns_failed_skipped,DNS failed before feature extraction; excluded from ML input
hdfcfund-portal.com,hdfcfund-portal.com,hdfc.bank.in,HDFC Bank,Unlabeled,main_detector_targets,0,error,0,0,,0,0,gaierror,dns_failed_skipped,DNS failed before feature extraction; excluded from ML input
auth-hdfcfund.com,auth-hdfcfund.com,hdfc.bank.in,HDFC Bank,Unlabeled,main_detector_targets,0,error,0,0,,0,0,gaierror,dns_failed_skipped,DNS failed before feature extraction; excluded from ML input
hdfcfund-auth.com,hdfcfund-auth.com,hdfc.bank.in,HDFC Bank,Unlabeled,main_detector_targets,0,error,0,0,,0,0,gaierror,dns_failed_skipped,DNS failed before feature extraction; excluded from ML input
hdfcl1fe.com,hdfcl1fe.com,hdfc.bank.in,HDFC Bank,Unlabeled,main_detector_targets,0,error,0,0,,0,0,gaierror,dns_failed_skipped,DNS failed before feature extraction; excluded from ML input
hdfcllfe.com,hdfcllfe.com,hdfc.bank.in,HDFC Bank,Unlabeled,main_detector_targets,0,error,0,0,,0,0,gaierror,dns_failed_skipped,DNS failed before feature extraction; excluded from ML input
hdfclif3.com,hdfclif3.com,hdfc.bank.in,HDFC Bank,Unlabeled,main_detector_targets,0,error,0,0,,0,0,gaierror,dns_failed_skipped,DNS failed before feature extraction; excluded from ML input
login-hdfclife.com,login-hdfclife.com,hdfc.bank.in,HDFC Bank,Unlabeled,main_detector_targets,0,error,0,0,,0,0,gaierror,dns_failed_skipped,DNS failed before feature extraction; excluded from ML input
hdfclife-login.com,hdfclife-login.com,hdfc.bank.in,HDFC Bank,Unlabeled,main_detector_targets,0,error,0,0,,0,0,gaierror,dns_failed_skipped,DNS failed before feature extraction; excluded from ML input
secure-hdfclife.com,secure-hdfclife.com,hdfc.bank.in,HDFC Bank,Unlabeled,main_detector_targets,0,error,0,0,,0,0,gaierror,dns_failed_skipped,DNS failed before feature extraction; excluded from ML input
hdfclife-secure.com,hdfclife-secure.com,hdfc.bank.in,HDFC Bank,Unlabeled,main_detector_targets,0,error,0,0,,0,0,gaierror,dns_failed_skipped,DNS failed before feature extraction; excluded from ML input
verify-hdfclife.com,verify-hdfclife.com,hdfc.bank.in,HDFC Bank,Unlabeled,main_detector_targets,0,error,0,0,,0,0,gaierror,dns_failed_skipped,DNS failed before feature extraction; excluded from ML input
hdfclife-verify.com,hdfclife-verify.com,hdfc.bank.in,HDFC Bank,Unlabeled,main_detector_targets,0,error,0,0,,0,0,gaierror,dns_failed_skipped,DNS failed before feature extraction; excluded from ML input
portal-hdfclife.com,portal-hdfclife.com,hdfc.bank.in,HDFC Bank,Unlabeled,main_detector_targets,0,error,0,0,,0,0,gaierror,dns_failed_skipped,DNS failed before feature extraction; excluded from ML input
hdfclife-portal.com,hdfclife-portal.com,hdfc.bank.in,HDFC Bank,Unlabeled,main_detector_targets,0,error,0,0,,0,0,gaierror,dns_failed_skipped,DNS failed before feature extraction; excluded from ML input
auth-hdfclife.com,auth-hdfclife.com,hdfc.bank.in,HDFC Bank,Unlabeled,main_detector_targets,0,error,0,0,,0,0,gaierror,dns_failed_skipped,DNS failed before feature extraction; excluded from ML input
hdfclife-auth.com,hdfclife-auth.com,hdfc.bank.in,HDFC Bank,Unlabeled,main_detector_targets,0,error,0,0,,0,0,gaierror,dns_failed_skipped,DNS failed before feature extraction; excluded from ML input
h0meloans.sbi,h0meloans.sbi,corp.onlinesbi.sbi,State Bank of India (SBI),Unlabeled,main_detector_targets,0,error,0,0,,0,0,gaierror,dns_failed_skipped,DNS failed before feature extraction; excluded from ML input
hom3loans.sbi,hom3loans.sbi,corp.onlinesbi.sbi,State Bank of India (SBI),Unlabeled,main_detector_targets,0,error,0,0,,0,0,gaierror,dns_failed_skipped,DNS failed before feature extraction; excluded from ML input
homel0ans.sbi,homel0ans.sbi,corp.onlinesbi.sbi,State Bank of India (SBI),Unlabeled,main_detector_targets,0,error,0,0,,0,0,gaierror,dns_failed_skipped,DNS failed before feature extraction; excluded from ML input
homelo4ns.sbi,homelo4ns.sbi,corp.onlinesbi.sbi,State Bank of India (SBI),Unlabeled,main_detector_targets,0,error,0,0,,0,0,gaierror,dns_failed_skipped,DNS failed before feature extraction; excluded from ML input
homeloan5.sbi,homeloan5.sbi,corp.onlinesbi.sbi,State Bank of India (SBI),Unlabeled,main_detector_targets,0,error,0,0,,0,0,gaierror,dns_failed_skipped,DNS failed before feature extraction; excluded from ML input
login-homeloans.sbi,login-homeloans.sbi,corp.onlinesbi.sbi,State Bank of India (SBI),Unlabeled,main_detector_targets,0,error,0,0,,0,0,gaierror,dns_failed_skipped,DNS failed before feature extraction; excluded from ML input
homeloans-login.sbi,homeloans-login.sbi,corp.onlinesbi.sbi,State Bank of India (SBI),Unlabeled,main_detector_targets,0,error,0,0,,0,0,gaierror,dns_failed_skipped,DNS failed before feature extraction; excluded from ML input
secure-homeloans.sbi,secure-homeloans.sbi,corp.onlinesbi.sbi,State Bank of India (SBI),Unlabeled,main_detector_targets,0,error,0,0,,0,0,gaierror,dns_failed_skipped,DNS failed before feature extraction; excluded from ML input
homeloans-secure.sbi,homeloans-secure.sbi,corp.onlinesbi.sbi,State Bank of India (SBI),Unlabeled,main_detector_targets,0,error,0,0,,0,0,gaierror,dns_failed_skipped,DNS failed before feature extraction; excluded from ML input
verify-homeloans.sbi,verify-homeloans.sbi,corp.onlinesbi.sbi,State Bank of India (SBI),Unlabeled,main_detector_targets,0,error,0,0,,0,0,gaierror,dns_failed_skipped,DNS failed before feature extraction; excluded from ML input
homeloans-verify.sbi,homeloans-verify.sbi,corp.onlinesbi.sbi,State Bank of India (SBI),Unlabeled,main_detector_targets,0,error,0,0,,0,0,gaierror,dns_failed_skipped,DNS failed before feature extraction; excluded from ML input
portal-homeloans.sbi,portal-homeloans.sbi,corp.onlinesbi.sbi,State Bank of India (SBI),Unlabeled,main_detector_targets,0,error,0,0,,0,0,gaierror,dns_failed_skipped,DNS failed before feature extraction; excluded from ML input
homeloans-portal.sbi,homeloans-portal.sbi,corp.onlinesbi.sbi,State Bank of India (SBI),Unlabeled,main_detector_targets,0,error,0,0,,0,0,gaierror,dns_failed_skipped,DNS failed before feature extraction; excluded from ML input
auth-homeloans.sbi,auth-homeloans.sbi,corp.onlinesbi.sbi,State Bank of India (SBI),Unlabeled,main_detector_targets,0,error,0,0,,0,0,gaierror,dns_failed_skipped,DNS failed before feature extraction; excluded from ML input
homeloans-auth.sbi,homeloans-auth.sbi,corp.onlinesbi.sbi,State Bank of India (SBI),Unlabeled,main_detector_targets,0,error,0,0,,0,0,gaierror,dns_failed_skipped,DNS failed before feature extraction; excluded from ML input
1cicicareers.com,1cicicareers.com,icici.bank.in,ICICI Bank,Unlabeled,main_detector_targets,0,error,0,0,,0,0,gaierror,dns_failed_skipped,DNS failed before feature extraction; excluded from ML input
lcicicareers.com,lcicicareers.com,icici.bank.in,ICICI Bank,Unlabeled,main_detector_targets,0,error,0,0,,0,0,gaierror,dns_failed_skipped,DNS failed before feature extraction; excluded from ML input
ic1cicareers.com,ic1cicareers.com,icici.bank.in,ICICI Bank,Unlabeled,main_detector_targets,0,error,0,0,,0,0,gaierror,dns_failed_skipped,DNS failed before feature extraction; excluded from ML input
iclcicareers.com,iclcicareers.com,icici.bank.in,ICICI Bank,Unlabeled,main_detector_targets,0,error,0,0,,0,0,gaierror,dns_failed_skipped,DNS failed before feature extraction; excluded from ML input
icic1careers.com,icic1careers.com,icici.bank.in,ICICI Bank,Unlabeled,main_detector_targets,0,error,0,0,,0,0,gaierror,dns_failed_skipped,DNS failed before feature extraction; excluded from ML input
iciclcareers.com,iciclcareers.com,icici.bank.in,ICICI Bank,Unlabeled,main_detector_targets,0,error,0,0,,0,0,gaierror,dns_failed_skipped,DNS failed before feature extraction; excluded from ML input
icicic4reers.com,icicic4reers.com,icici.bank.in,ICICI Bank,Unlabeled,main_detector_targets,0,error,0,0,,0,0,gaierror,dns_failed_skipped,DNS failed before feature extraction; excluded from ML input
icicicar3ers.com,icicicar3ers.com,icici.bank.in,ICICI Bank,Unlabeled,main_detector_targets,0,error,0,0,,0,0,gaierror,dns_failed_skipped,DNS failed before feature extraction; excluded from ML input
icicicare3rs.com,icicicare3rs.com,icici.bank.in,ICICI Bank,Unlabeled,main_detector_targets,0,error,0,0,,0,0,gaierror,dns_failed_skipped,DNS failed before feature extraction; excluded from ML input
icicicareer5.com,icicicareer5.com,icici.bank.in,ICICI Bank,Unlabeled,main_detector_targets,0,error,0,0,,0,0,gaierror,dns_failed_skipped,DNS failed before feature extraction; excluded from ML input
login-icicicareers.com,login-icicicareers.com,icici.bank.in,ICICI Bank,Unlabeled,main_detector_targets,0,error,0,0,,0,0,gaierror,dns_failed_skipped,DNS failed before feature extraction; excluded from ML input
icicicareers-login.com,icicicareers-login.com,icici.bank.in,ICICI Bank,Unlabeled,main_detector_targets,0,error,0,0,,0,0,gaierror,dns_failed_skipped,DNS failed before feature extraction; excluded from ML input
secure-icicicareers.com,secure-icicicareers.com,icici.bank.in,ICICI Bank,Unlabeled,main_detector_targets,0,error,0,0,,0,0,gaierror,dns_failed_skipped,DNS failed before feature extraction; excluded from ML input
icicicareers-secure.com,icicicareers-secure.com,icici.bank.in,ICICI Bank,Unlabeled,main_detector_targets,0,error,0,0,,0,0,gaierror,dns_failed_skipped,DNS failed before feature extraction; excluded from ML input
verify-icicicareers.com,verify-icicicareers.com,icici.bank.in,ICICI Bank,Unlabeled,main_detector_targets,0,error,0,0,,0,0,gaierror,dns_failed_skipped,DNS failed before feature extraction; excluded from ML input
icicicareers-verify.com,icicicareers-verify.com,icici.bank.in,ICICI Bank,Unlabeled,main_detector_targets,0,error,0,0,,0,0,gaierror,dns_failed_skipped,DNS failed before feature extraction; excluded from ML input
portal-icicicareers.com,portal-icicicareers.com,icici.bank.in,ICICI Bank,Unlabeled,main_detector_targets,0,error,0,0,,0,0,gaierror,dns_failed_skipped,DNS failed before feature extraction; excluded from ML input
icicicareers-portal.com,icicicareers-portal.com,icici.bank.in,ICICI Bank,Unlabeled,main_detector_targets,0,error,0,0,,0,0,gaierror,dns_failed_skipped,DNS failed before feature extraction; excluded from ML input
auth-icicicareers.com,auth-icicicareers.com,icici.bank.in,ICICI Bank,Unlabeled,main_detector_targets,0,error,0,0,,0,0,gaierror,dns_failed_skipped,DNS failed before feature extraction; excluded from ML input
icicicareers-auth.com,icicicareers-auth.com,icici.bank.in,ICICI Bank,Unlabeled,main_detector_targets,0,error,0,0,,0,0,gaierror,dns_failed_skipped,DNS failed before feature extraction; excluded from ML input
1cicidirect.com,1cicidirect.com,icici.bank.in,ICICI Bank,Unlabeled,main_detector_targets,0,error,0,0,,0,0,gaierror,dns_failed_skipped,DNS failed before feature extraction; excluded from ML input
lcicidirect.com,lcicidirect.com,icici.bank.in,ICICI Bank,Unlabeled,main_detector_targets,0,error,0,0,,0,0,gaierror,dns_failed_skipped,DNS failed before feature extraction; excluded from ML input
ic1cidirect.com,ic1cidirect.com,icici.bank.in,ICICI Bank,Unlabeled,main_detector_targets,0,error,0,0,,0,0,gaierror,dns_failed_skipped,DNS failed before feature extraction; excluded from ML input
iclcidirect.com,iclcidirect.com,icici.bank.in,ICICI Bank,Unlabeled,main_detector_targets,0,error,0,0,,0,0,gaierror,dns_failed_skipped,DNS failed before feature extraction; excluded from ML input
icic1direct.com,icic1direct.com,icici.bank.in,ICICI Bank,Unlabeled,main_detector_targets,0,error,0,0,,0,0,gaierror,dns_failed_skipped,DNS failed before feature extraction; excluded from ML input
icicldirect.com,icicldirect.com,icici.bank.in,ICICI Bank,Unlabeled,main_detector_targets,0,error,0,0,,0,0,gaierror,dns_failed_skipped,DNS failed before feature extraction; excluded from ML input
icicid1rect.com,icicid1rect.com,icici.bank.in,ICICI Bank,Unlabeled,main_detector_targets,0,error,0,0,,0,0,gaierror,dns_failed_skipped,DNS failed before feature extraction; excluded from ML input
icicidlrect.com,icicidlrect.com,icici.bank.in,ICICI Bank,Unlabeled,main_detector_targets,0,error,0,0,,0,0,gaierror,dns_failed_skipped,DNS failed before feature extraction; excluded from ML input
icicidir3ct.com,icicidir3ct.com,icici.bank.in,ICICI Bank,Unlabeled,main_detector_targets,0,error,0,0,,0,0,gaierror,dns_failed_skipped,DNS failed before feature extraction; excluded from ML input
login-icicidirect.com,login-icicidirect.com,icici.bank.in,ICICI Bank,Unlabeled,main_detector_targets,0,error,0,0,,0,0,gaierror,dns_failed_skipped,DNS failed before feature extraction; excluded from ML input
icicidirect-login.com,icicidirect-login.com,icici.bank.in,ICICI Bank,Unlabeled,main_detector_targets,0,error,0,0,,0,0,gaierror,dns_failed_skipped,DNS failed before feature extraction; excluded from ML input
secure-icicidirect.com,secure-icicidirect.com,icici.bank.in,ICICI Bank,Unlabeled,main_detector_targets,0,error,0,0,,0,0,gaierror,dns_failed_skipped,DNS failed before feature extraction; excluded from ML input
verify-icicidirect.com,verify-icicidirect.com,icici.bank.in,ICICI Bank,Unlabeled,main_detector_targets,0,error,0,0,,0,0,gaierror,dns_failed_skipped,DNS failed before feature extraction; excluded from ML input
icicidirect-verify.com,icicidirect-verify.com,icici.bank.in,ICICI Bank,Unlabeled,main_detector_targets,0,error,0,0,,0,0,gaierror,dns_failed_skipped,DNS failed before feature extraction; excluded from ML input
portal-icicidirect.com,portal-icicidirect.com,icici.bank.in,ICICI Bank,Unlabeled,main_detector_targets,0,error,0,0,,0,0,gaierror,dns_failed_skipped,DNS failed before feature extraction; excluded from ML input
icicidirect-portal.com,icicidirect-portal.com,icici.bank.in,ICICI Bank,Unlabeled,main_detector_targets,0,error,0,0,,0,0,gaierror,dns_failed_skipped,DNS failed before feature extraction; excluded from ML input
auth-icicidirect.com,auth-icicidirect.com,icici.bank.in,ICICI Bank,Unlabeled,main_detector_targets,0,error,0,0,,0,0,gaierror,dns_failed_skipped,DNS failed before feature extraction; excluded from ML input
1cicilombard.com,1cicilombard.com,icici.bank.in,ICICI Bank,Unlabeled,main_detector_targets,0,error,0,0,,0,0,gaierror,dns_failed_skipped,DNS failed before feature extraction; excluded from ML input
ic1cilombard.com,ic1cilombard.com,icici.bank.in,ICICI Bank,Unlabeled,main_detector_targets,0,error,0,0,,0,0,gaierror,dns_failed_skipped,DNS failed before feature extraction; excluded from ML input
iclcilombard.com,iclcilombard.com,icici.bank.in,ICICI Bank,Unlabeled,main_detector_targets,0,error,0,0,,0,0,gaierror,dns_failed_skipped,DNS failed before feature extraction; excluded from ML input
icic1lombard.com,icic1lombard.com,icici.bank.in,ICICI Bank,Unlabeled,main_detector_targets,0,error,0,0,,0,0,gaierror,dns_failed_skipped,DNS failed before feature extraction; excluded from ML input
icicllombard.com,icicllombard.com,icici.bank.in,ICICI Bank,Unlabeled,main_detector_targets,0,error,0,0,,0,0,gaierror,dns_failed_skipped,DNS failed before feature extraction; excluded from ML input
icicil0mbard.com,icicil0mbard.com,icici.bank.in,ICICI Bank,Unlabeled,main_detector_targets,0,error,0,0,,0,0,gaierror,dns_failed_skipped,DNS failed before feature extraction; excluded from ML input
icicilomb4rd.com,icicilomb4rd.com,icici.bank.in,ICICI Bank,Unlabeled,main_detector_targets,0,error,0,0,,0,0,gaierror,dns_failed_skipped,DNS failed before feature extraction; excluded from ML input
login-icicilombard.com,login-icicilombard.com,icici.bank.in,ICICI Bank,Unlabeled,main_detector_targets,0,error,0,0,,0,0,gaierror,dns_failed_skipped,DNS failed before feature extraction; excluded from ML input
icicilombard-login.com,icicilombard-login.com,icici.bank.in,ICICI Bank,Unlabeled,main_detector_targets,0,error,0,0,,0,0,gaierror,dns_failed_skipped,DNS failed before feature extraction; excluded from ML input
secure-icicilombard.com,secure-icicilombard.com,icici.bank.in,ICICI Bank,Unlabeled,main_detector_targets,0,error,0,0,,0,0,gaierror,dns_failed_skipped,DNS failed before feature extraction; excluded from ML input
icicilombard-secure.com,icicilombard-secure.com,icici.bank.in,ICICI Bank,Unlabeled,main_detector_targets,0,error,0,0,,0,0,gaierror,dns_failed_skipped,DNS failed before feature extraction; excluded from ML input
verify-icicilombard.com,verify-icicilombard.com,icici.bank.in,ICICI Bank,Unlabeled,main_detector_targets,0,error,0,0,,0,0,gaierror,dns_failed_skipped,DNS failed before feature extraction; excluded from ML input
icicilombard-verify.com,icicilombard-verify.com,icici.bank.in,ICICI Bank,Unlabeled,main_detector_targets,0,error,0,0,,0,0,gaierror,dns_failed_skipped,DNS failed before feature extraction; excluded from ML input
portal-icicilombard.com,portal-icicilombard.com,icici.bank.in,ICICI Bank,Unlabeled,main_detector_targets,0,error,0,0,,0,0,gaierror,dns_failed_skipped,DNS failed before feature extraction; excluded from ML input
icicilombard-portal.com,icicilombard-portal.com,icici.bank.in,ICICI Bank,Unlabeled,main_detector_targets,0,error,0,0,,0,0,gaierror,dns_failed_skipped,DNS failed before feature extraction; excluded from ML input
auth-icicilombard.com,auth-icicilombard.com,icici.bank.in,ICICI Bank,Unlabeled,main_detector_targets,0,error,0,0,,0,0,gaierror,dns_failed_skipped,DNS failed before feature extraction; excluded from ML input
icicilombard-auth.com,icicilombard-auth.com,icici.bank.in,ICICI Bank,Unlabeled,main_detector_targets,0,error,0,0,,0,0,gaierror,dns_failed_skipped,DNS failed before feature extraction; excluded from ML input
1ciciprulife.com,1ciciprulife.com,icici.bank.in,ICICI Bank,Unlabeled,main_detector_targets,0,error,0,0,,0,0,gaierror,dns_failed_skipped,DNS failed before feature extraction; excluded from ML input
ic1ciprulife.com,ic1ciprulife.com,icici.bank.in,ICICI Bank,Unlabeled,main_detector_targets,0,error,0,0,,0,0,gaierror,dns_failed_skipped,DNS failed before feature extraction; excluded from ML input
iclciprulife.com,iclciprulife.com,icici.bank.in,ICICI Bank,Unlabeled,main_detector_targets,0,error,0,0,,0,0,gaierror,dns_failed_skipped,DNS failed before feature extraction; excluded from ML input
icic1prulife.com,icic1prulife.com,icici.bank.in,ICICI Bank,Unlabeled,main_detector_targets,0,error,0,0,,0,0,gaierror,dns_failed_skipped,DNS failed before feature extraction; excluded from ML input
iciclprulife.com,iciclprulife.com,icici.bank.in,ICICI Bank,Unlabeled,main_detector_targets,0,error,0,0,,0,0,gaierror,dns_failed_skipped,DNS failed before feature extraction; excluded from ML input
iciciprul1fe.com,iciciprul1fe.com,icici.bank.in,ICICI Bank,Unlabeled,main_detector_targets,0,error,0,0,,0,0,gaierror,dns_failed_skipped,DNS failed before feature extraction; excluded from ML input
iciciprullfe.com,iciciprullfe.com,icici.bank.in,ICICI Bank,Unlabeled,main_detector_targets,0,error,0,0,,0,0,gaierror,dns_failed_skipped,DNS failed before feature extraction; excluded from ML input
iciciprulif3.com,iciciprulif3.com,icici.bank.in,ICICI Bank,Unlabeled,main_detector_targets,0,error,0,0,,0,0,gaierror,dns_failed_skipped,DNS failed before feature extraction; excluded from ML input
login-iciciprulife.com,login-iciciprulife.com,icici.bank.in,ICICI Bank,Unlabeled,main_detector_targets,0,error,0,0,,0,0,gaierror,dns_failed_skipped,DNS failed before feature extraction; excluded from ML input
iciciprulife-login.com,iciciprulife-login.com,icici.bank.in,ICICI Bank,Unlabeled,main_detector_targets,0,error,0,0,,0,0,gaierror,dns_failed_skipped,DNS failed before feature extraction; excluded from ML input
secure-iciciprulife.com,secure-iciciprulife.com,icici.bank.in,ICICI Bank,Unlabeled,main_detector_targets,0,error,0,0,,0,0,gaierror,dns_failed_skipped,DNS failed before feature extraction; excluded from ML input
iciciprulife-secure.com,iciciprulife-secure.com,icici.bank.in,ICICI Bank,Unlabeled,main_detector_targets,0,error,0,0,,0,0,gaierror,dns_failed_skipped,DNS failed before feature extraction; excluded from ML input
verify-iciciprulife.com,verify-iciciprulife.com,icici.bank.in,ICICI Bank,Unlabeled,main_detector_targets,0,error,0,0,,0,0,gaierror,dns_failed_skipped,DNS failed before feature extraction; excluded from ML input
iciciprulife-verify.com,iciciprulife-verify.com,icici.bank.in,ICICI Bank,Unlabeled,main_detector_targets,0,error,0,0,,0,0,gaierror,dns_failed_skipped,DNS failed before feature extraction; excluded from ML input
portal-iciciprulife.com,portal-iciciprulife.com,icici.bank.in,ICICI Bank,Unlabeled,main_detector_targets,0,error,0,0,,0,0,gaierror,dns_failed_skipped,DNS failed before feature extraction; excluded from ML input
iciciprulife-portal.com,iciciprulife-portal.com,icici.bank.in,ICICI Bank,Unlabeled,main_detector_targets,0,error,0,0,,0,0,gaierror,dns_failed_skipped,DNS failed before feature extraction; excluded from ML input
auth-iciciprulife.com,auth-iciciprulife.com,icici.bank.in,ICICI Bank,Unlabeled,main_detector_targets,0,error,0,0,,0,0,gaierror,dns_failed_skipped,DNS failed before feature extraction; excluded from ML input
iciciprulife-auth.com,iciciprulife-auth.com,icici.bank.in,ICICI Bank,Unlabeled,main_detector_targets,0,error,0,0,,0,0,gaierror,dns_failed_skipped,DNS failed before feature extraction; excluded from ML input
1cicisecurities.com,1cicisecurities.com,icici.bank.in,ICICI Bank,Unlabeled,main_detector_targets,0,error,0,0,,0,0,gaierror,dns_failed_skipped,DNS failed before feature extraction; excluded from ML input
lcicisecurities.com,lcicisecurities.com,icici.bank.in,ICICI Bank,Unlabeled,main_detector_targets,0,error,0,0,,0,0,gaierror,dns_failed_skipped,DNS failed before feature extraction; excluded from ML input
ic1cisecurities.com,ic1cisecurities.com,icici.bank.in,ICICI Bank,Unlabeled,main_detector_targets,0,error,0,0,,0,0,gaierror,dns_failed_skipped,DNS failed before feature extraction; excluded from ML input
iclcisecurities.com,iclcisecurities.com,icici.bank.in,ICICI Bank,Unlabeled,main_detector_targets,0,error,0,0,,0,0,gaierror,dns_failed_skipped,DNS failed before feature extraction; excluded from ML input
icic1securities.com,icic1securities.com,icici.bank.in,ICICI Bank,Unlabeled,main_detector_targets,0,error,0,0,,0,0,gaierror,dns_failed_skipped,DNS failed before feature extraction; excluded from ML input
iciclsecurities.com,iciclsecurities.com,icici.bank.in,ICICI Bank,Unlabeled,main_detector_targets,0,error,0,0,,0,0,gaierror,dns_failed_skipped,DNS failed before feature extraction; excluded from ML input
icici5ecurities.com,icici5ecurities.com,icici.bank.in,ICICI Bank,Unlabeled,main_detector_targets,0,error,0,0,,0,0,gaierror,dns_failed_skipped,DNS failed before feature extraction; excluded from ML input
icicis3curities.com,icicis3curities.com,icici.bank.in,ICICI Bank,Unlabeled,main_detector_targets,0,error,0,0,,0,0,gaierror,dns_failed_skipped,DNS failed before feature extraction; excluded from ML input
icicisecur1ties.com,icicisecur1ties.com,icici.bank.in,ICICI Bank,Unlabeled,main_detector_targets,0,error,0,0,,0,0,gaierror,dns_failed_skipped,DNS failed before feature extraction; excluded from ML input
icicisecurlties.com,icicisecurlties.com,icici.bank.in,ICICI Bank,Unlabeled,main_detector_targets,0,error,0,0,,0,0,gaierror,dns_failed_skipped,DNS failed before feature extraction; excluded from ML input
icicisecurit1es.com,icicisecurit1es.com,icici.bank.in,ICICI Bank,Unlabeled,main_detector_targets,0,error,0,0,,0,0,gaierror,dns_failed_skipped,DNS failed before feature extraction; excluded from ML input
icicisecuritles.com,icicisecuritles.com,icici.bank.in,ICICI Bank,Unlabeled,main_detector_targets,0,error,0,0,,0,0,gaierror,dns_failed_skipped,DNS failed before feature extraction; excluded from ML input
icicisecuriti3s.com,icicisecuriti3s.com,icici.bank.in,ICICI Bank,Unlabeled,main_detector_targets,0,error,0,0,,0,0,gaierror,dns_failed_skipped,DNS failed before feature extraction; excluded from ML input
icicisecuritie5.com,icicisecuritie5.com,icici.bank.in,ICICI Bank,Unlabeled,main_detector_targets,0,error,0,0,,0,0,gaierror,dns_failed_skipped,DNS failed before feature extraction; excluded from ML input
login-icicisecurities.com,login-icicisecurities.com,icici.bank.in,ICICI Bank,Unlabeled,main_detector_targets,0,error,0,0,,0,0,gaierror,dns_failed_skipped,DNS failed before feature extraction; excluded from ML input
icicisecurities-login.com,icicisecurities-login.com,icici.bank.in,ICICI Bank,Unlabeled,main_detector_targets,0,error,0,0,,0,0,gaierror,dns_failed_skipped,DNS failed before feature extraction; excluded from ML input
secure-icicisecurities.com,secure-icicisecurities.com,icici.bank.in,ICICI Bank,Unlabeled,main_detector_targets,0,error,0,0,,0,0,gaierror,dns_failed_skipped,DNS failed before feature extraction; excluded from ML input
icicisecurities-secure.com,icicisecurities-secure.com,icici.bank.in,ICICI Bank,Unlabeled,main_detector_targets,0,error,0,0,,0,0,gaierror,dns_failed_skipped,DNS failed before feature extraction; excluded from ML input
verify-icicisecurities.com,verify-icicisecurities.com,icici.bank.in,ICICI Bank,Unlabeled,main_detector_targets,0,error,0,0,,0,0,gaierror,dns_failed_skipped,DNS failed before feature extraction; excluded from ML input
icicisecurities-verify.com,icicisecurities-verify.com,icici.bank.in,ICICI Bank,Unlabeled,main_detector_targets,0,error,0,0,,0,0,gaierror,dns_failed_skipped,DNS failed before feature extraction; excluded from ML input
portal-icicisecurities.com,portal-icicisecurities.com,icici.bank.in,ICICI Bank,Unlabeled,main_detector_targets,0,error,0,0,,0,0,gaierror,dns_failed_skipped,DNS failed before feature extraction; excluded from ML input
icicisecurities-portal.com,icicisecurities-portal.com,icici.bank.in,ICICI Bank,Unlabeled,main_detector_targets,0,error,0,0,,0,0,gaierror,dns_failed_skipped,DNS failed before feature extraction; excluded from ML input
auth-icicisecurities.com,auth-icicisecurities.com,icici.bank.in,ICICI Bank,Unlabeled,main_detector_targets,0,error,0,0,,0,0,gaierror,dns_failed_skipped,DNS failed before feature extraction; excluded from ML input
icicisecurities-auth.com,icicisecurities-auth.com,icici.bank.in,ICICI Bank,Unlabeled,main_detector_targets,0,error,0,0,,0,0,gaierror,dns_failed_skipped,DNS failed before feature extraction; excluded from ML input
1dfcfirstbank.com,1dfcfirstbank.com,idfcfirst.bank.in,IDFC FIRST Bank,Unlabeled,main_detector_targets,0,error,0,0,,0,0,gaierror,dns_failed_skipped,DNS failed before feature extraction; excluded from ML input
ldfcfirstbank.com,ldfcfirstbank.com,idfcfirst.bank.in,IDFC FIRST Bank,Unlabeled,main_detector_targets,0,error,0,0,,0,0,gaierror,dns_failed_skipped,DNS failed before feature extraction; excluded from ML input
idfcf1rstbank.com,idfcf1rstbank.com,idfcfirst.bank.in,IDFC FIRST Bank,Unlabeled,main_detector_targets,0,error,0,0,,0,0,gaierror,dns_failed_skipped,DNS failed before feature extraction; excluded from ML input
idfcflrstbank.com,idfcflrstbank.com,idfcfirst.bank.in,IDFC FIRST Bank,Unlabeled,main_detector_targets,0,error,0,0,,0,0,gaierror,dns_failed_skipped,DNS failed before feature extraction; excluded from ML input
idfcfir5tbank.com,idfcfir5tbank.com,idfcfirst.bank.in,IDFC FIRST Bank,Unlabeled,main_detector_targets,0,error,0,0,,0,0,gaierror,dns_failed_skipped,DNS failed before feature extraction; excluded from ML input
idfcfirstb4nk.com,idfcfirstb4nk.com,idfcfirst.bank.in,IDFC FIRST Bank,Unlabeled,main_detector_targets,0,error,0,0,,0,0,gaierror,dns_failed_skipped,DNS failed before feature extraction; excluded from ML input
login-idfcfirstbank.com,login-idfcfirstbank.com,idfcfirst.bank.in,IDFC FIRST Bank,Unlabeled,main_detector_targets,0,error,0,0,,0,0,gaierror,dns_failed_skipped,DNS failed before feature extraction; excluded from ML input
idfcfirstbank-login.com,idfcfirstbank-login.com,idfcfirst.bank.in,IDFC FIRST Bank,Unlabeled,main_detector_targets,0,error,0,0,,0,0,gaierror,dns_failed_skipped,DNS failed before feature extraction; excluded from ML input
secure-idfcfirstbank.com,secure-idfcfirstbank.com,idfcfirst.bank.in,IDFC FIRST Bank,Unlabeled,main_detector_targets,0,error,0,0,,0,0,gaierror,dns_failed_skipped,DNS failed before feature extraction; excluded from ML input
idfcfirstbank-secure.com,idfcfirstbank-secure.com,idfcfirst.bank.in,IDFC FIRST Bank,Unlabeled,main_detector_targets,0,error,0,0,,0,0,gaierror,dns_failed_skipped,DNS failed before feature extraction; excluded from ML input
verify-idfcfirstbank.com,verify-idfcfirstbank.com,idfcfirst.bank.in,IDFC FIRST Bank,Unlabeled,main_detector_targets,0,error,0,0,,0,0,gaierror,dns_failed_skipped,DNS failed before feature extraction; excluded from ML input
idfcfirstbank-verify.com,idfcfirstbank-verify.com,idfcfirst.bank.in,IDFC FIRST Bank,Unlabeled,main_detector_targets,0,error,0,0,,0,0,gaierror,dns_failed_skipped,DNS failed before feature extraction; excluded from ML input
portal-idfcfirstbank.com,portal-idfcfirstbank.com,idfcfirst.bank.in,IDFC FIRST Bank,Unlabeled,main_detector_targets,0,error,0,0,,0,0,gaierror,dns_failed_skipped,DNS failed before feature extraction; excluded from ML input
idfcfirstbank-portal.com,idfcfirstbank-portal.com,idfcfirst.bank.in,IDFC FIRST Bank,Unlabeled,main_detector_targets,0,error,0,0,,0,0,gaierror,dns_failed_skipped,DNS failed before feature extraction; excluded from ML input
auth-idfcfirstbank.com,auth-idfcfirstbank.com,idfcfirst.bank.in,IDFC FIRST Bank,Unlabeled,main_detector_targets,0,error,0,0,,0,0,gaierror,dns_failed_skipped,DNS failed before feature extraction; excluded from ML input
idfcfirstbank-auth.com,idfcfirstbank-auth.com,idfcfirst.bank.in,IDFC FIRST Bank,Unlabeled,main_detector_targets,0,error,0,0,,0,0,gaierror,dns_failed_skipped,DNS failed before feature extraction; excluded from ML input
1irs.gov.in,1irs.gov.in,iirs.gov.in,Indian Space Research Organisation (ISRO),Unlabeled,main_detector_targets,0,error,0,0,,0,0,gaierror,dns_failed_skipped,DNS failed before feature extraction; excluded from ML input
lirs.gov.in,lirs.gov.in,iirs.gov.in,Indian Space Research Organisation (ISRO),Unlabeled,main_detector_targets,0,error,0,0,,0,0,gaierror,dns_failed_skipped,DNS failed before feature extraction; excluded from ML input
i1rs.gov.in,i1rs.gov.in,iirs.gov.in,Indian Space Research Organisation (ISRO),Unlabeled,main_detector_targets,0,error,0,0,,0,0,gaierror,dns_failed_skipped,DNS failed before feature extraction; excluded from ML input
ilrs.gov.in,ilrs.gov.in,iirs.gov.in,Indian Space Research Organisation (ISRO),Unlabeled,main_detector_targets,0,error,0,0,,0,0,gaierror,dns_failed_skipped,DNS failed before feature extraction; excluded from ML input
login-iirs.gov.in,login-iirs.gov.in,iirs.gov.in,Indian Space Research Organisation (ISRO),Unlabeled,main_detector_targets,0,error,0,0,,0,0,gaierror,dns_failed_skipped,DNS failed before feature extraction; excluded from ML input
iirs-login.gov.in,iirs-login.gov.in,iirs.gov.in,Indian Space Research Organisation (ISRO),Unlabeled,main_detector_targets,0,error,0,0,,0,0,gaierror,dns_failed_skipped,DNS failed before feature extraction; excluded from ML input
secure-iirs.gov.in,secure-iirs.gov.in,iirs.gov.in,Indian Space Research Organisation (ISRO),Unlabeled,main_detector_targets,0,error,0,0,,0,0,gaierror,dns_failed_skipped,DNS failed before feature extraction; excluded from ML input
iirs-secure.gov.in,iirs-secure.gov.in,iirs.gov.in,Indian Space Research Organisation (ISRO),Unlabeled,main_detector_targets,0,error,0,0,,0,0,gaierror,dns_failed_skipped,DNS failed before feature extraction; excluded from ML input
verify-iirs.gov.in,verify-iirs.gov.in,iirs.gov.in,Indian Space Research Organisation (ISRO),Unlabeled,main_detector_targets,0,error,0,0,,0,0,gaierror,dns_failed_skipped,DNS failed before feature extraction; excluded from ML input
iirs-verify.gov.in,iirs-verify.gov.in,iirs.gov.in,Indian Space Research Organisation (ISRO),Unlabeled,main_detector_targets,0,error,0,0,,0,0,gaierror,dns_failed_skipped,DNS failed before feature extraction; excluded from ML input
portal-iirs.gov.in,portal-iirs.gov.in,iirs.gov.in,Indian Space Research Organisation (ISRO),Unlabeled,main_detector_targets,0,error,0,0,,0,0,gaierror,dns_failed_skipped,DNS failed before feature extraction; excluded from ML input
iirs-portal.gov.in,iirs-portal.gov.in,iirs.gov.in,Indian Space Research Organisation (ISRO),Unlabeled,main_detector_targets,0,error,0,0,,0,0,gaierror,dns_failed_skipped,DNS failed before feature extraction; excluded from ML input
auth-iirs.gov.in,auth-iirs.gov.in,iirs.gov.in,Indian Space Research Organisation (ISRO),Unlabeled,main_detector_targets,0,error,0,0,,0,0,gaierror,dns_failed_skipped,DNS failed before feature extraction; excluded from ML input
iirs-auth.gov.in,iirs-auth.gov.in,iirs.gov.in,Indian Space Research Organisation (ISRO),Unlabeled,main_detector_targets,0,error,0,0,,0,0,gaierror,dns_failed_skipped,DNS failed before feature extraction; excluded from ML input
1ncometax.gov.in,1ncometax.gov.in,contents.tdscpc.gov.in,Income Tax Department,Unlabeled,main_detector_targets,0,error,0,0,,0,0,gaierror,dns_failed_skipped,DNS failed before feature extraction; excluded from ML input
lncometax.gov.in,lncometax.gov.in,contents.tdscpc.gov.in,Income Tax Department,Unlabeled,main_detector_targets,0,error,0,0,,0,0,gaierror,dns_failed_skipped,DNS failed before feature extraction; excluded from ML input
inc0metax.gov.in,inc0metax.gov.in,contents.tdscpc.gov.in,Income Tax Department,Unlabeled,main_detector_targets,0,error,0,0,,0,0,gaierror,dns_failed_skipped,DNS failed before feature extraction; excluded from ML input
incom3tax.gov.in,incom3tax.gov.in,contents.tdscpc.gov.in,Income Tax Department,Unlabeled,main_detector_targets,0,error,0,0,,0,0,gaierror,dns_failed_skipped,DNS failed before feature extraction; excluded from ML input
incomet4x.gov.in,incomet4x.gov.in,contents.tdscpc.gov.in,Income Tax Department,Unlabeled,main_detector_targets,0,error,0,0,,0,0,gaierror,dns_failed_skipped,DNS failed before feature extraction; excluded from ML input
login-incometax.gov.in,login-incometax.gov.in,contents.tdscpc.gov.in,Income Tax Department,Unlabeled,main_detector_targets,0,error,0,0,,0,0,gaierror,dns_failed_skipped,DNS failed before feature extraction; excluded from ML input
incometax-login.gov.in,incometax-login.gov.in,contents.tdscpc.gov.in,Income Tax Department,Unlabeled,main_detector_targets,0,error,0,0,,0,0,gaierror,dns_failed_skipped,DNS failed before feature extraction; excluded from ML input
secure-incometax.gov.in,secure-incometax.gov.in,contents.tdscpc.gov.in,Income Tax Department,Unlabeled,main_detector_targets,0,error,0,0,,0,0,gaierror,dns_failed_skipped,DNS failed before feature extraction; excluded from ML input
incometax-secure.gov.in,incometax-secure.gov.in,contents.tdscpc.gov.in,Income Tax Department,Unlabeled,main_detector_targets,0,error,0,0,,0,0,gaierror,dns_failed_skipped,DNS failed before feature extraction; excluded from ML input
verify-incometax.gov.in,verify-incometax.gov.in,contents.tdscpc.gov.in,Income Tax Department,Unlabeled,main_detector_targets,0,error,0,0,,0,0,gaierror,dns_failed_skipped,DNS failed before feature extraction; excluded from ML input
incometax-verify.gov.in,incometax-verify.gov.in,contents.tdscpc.gov.in,Income Tax Department,Unlabeled,main_detector_targets,0,error,0,0,,0,0,gaierror,dns_failed_skipped,DNS failed before feature extraction; excluded from ML input
portal-incometax.gov.in,portal-incometax.gov.in,contents.tdscpc.gov.in,Income Tax Department,Unlabeled,main_detector_targets,0,error,0,0,,0,0,gaierror,dns_failed_skipped,DNS failed before feature extraction; excluded from ML input
incometax-portal.gov.in,incometax-portal.gov.in,contents.tdscpc.gov.in,Income Tax Department,Unlabeled,main_detector_targets,0,error,0,0,,0,0,gaierror,dns_failed_skipped,DNS failed before feature extraction; excluded from ML input
auth-incometax.gov.in,auth-incometax.gov.in,contents.tdscpc.gov.in,Income Tax Department,Unlabeled,main_detector_targets,0,error,0,0,,0,0,gaierror,dns_failed_skipped,DNS failed before feature extraction; excluded from ML input
incometax-auth.gov.in,incometax-auth.gov.in,contents.tdscpc.gov.in,Income Tax Department,Unlabeled,main_detector_targets,0,error,0,0,,0,0,gaierror,dns_failed_skipped,DNS failed before feature extraction; excluded from ML input
1ncometaxindia.gov.in,1ncometaxindia.gov.in,contents.tdscpc.gov.in,Income Tax Department,Unlabeled,main_detector_targets,0,error,0,0,,0,0,gaierror,dns_failed_skipped,DNS failed before feature extraction; excluded from ML input
lncometaxindia.gov.in,lncometaxindia.gov.in,contents.tdscpc.gov.in,Income Tax Department,Unlabeled,main_detector_targets,0,error,0,0,,0,0,gaierror,dns_failed_skipped,DNS failed before feature extraction; excluded from ML input
inc0metaxindia.gov.in,inc0metaxindia.gov.in,contents.tdscpc.gov.in,Income Tax Department,Unlabeled,main_detector_targets,0,error,0,0,,0,0,gaierror,dns_failed_skipped,DNS failed before feature extraction; excluded from ML input
incom3taxindia.gov.in,incom3taxindia.gov.in,contents.tdscpc.gov.in,Income Tax Department,Unlabeled,main_detector_targets,0,error,0,0,,0,0,gaierror,dns_failed_skipped,DNS failed before feature extraction; excluded from ML input
incomet4xindia.gov.in,incomet4xindia.gov.in,contents.tdscpc.gov.in,Income Tax Department,Unlabeled,main_detector_targets,0,error,0,0,,0,0,gaierror,dns_failed_skipped,DNS failed before feature extraction; excluded from ML input
incometax1ndia.gov.in,incometax1ndia.gov.in,contents.tdscpc.gov.in,Income Tax Department,Unlabeled,main_detector_targets,0,error,0,0,,0,0,gaierror,dns_failed_skipped,DNS failed before feature extraction; excluded from ML input
incometaxlndia.gov.in,incometaxlndia.gov.in,contents.tdscpc.gov.in,Income Tax Department,Unlabeled,main_detector_targets,0,error,0,0,,0,0,gaierror,dns_failed_skipped,DNS failed before feature extraction; excluded from ML input
incometaxind1a.gov.in,incometaxind1a.gov.in,contents.tdscpc.gov.in,Income Tax Department,Unlabeled,main_detector_targets,0,error,0,0,,0,0,gaierror,dns_failed_skipped,DNS failed before feature extraction; excluded from ML input
incometaxindla.gov.in,incometaxindla.gov.in,contents.tdscpc.gov.in,Income Tax Department,Unlabeled,main_detector_targets,0,error,0,0,,0,0,gaierror,dns_failed_skipped,DNS failed before feature extraction; excluded from ML input
incometaxindi4.gov.in,incometaxindi4.gov.in,contents.tdscpc.gov.in,Income Tax Department,Unlabeled,main_detector_targets,0,error,0,0,,0,0,gaierror,dns_failed_skipped,DNS failed before feature extraction; excluded from ML input
login-incometaxindia.gov.in,login-incometaxindia.gov.in,contents.tdscpc.gov.in,Income Tax Department,Unlabeled,main_detector_targets,0,error,0,0,,0,0,gaierror,dns_failed_skipped,DNS failed before feature extraction; excluded from ML input
incometaxindia-login.gov.in,incometaxindia-login.gov.in,contents.tdscpc.gov.in,Income Tax Department,Unlabeled,main_detector_targets,0,error,0,0,,0,0,gaierror,dns_failed_skipped,DNS failed before feature extraction; excluded from ML input
secure-incometaxindia.gov.in,secure-incometaxindia.gov.in,contents.tdscpc.gov.in,Income Tax Department,Unlabeled,main_detector_targets,0,error,0,0,,0,0,gaierror,dns_failed_skipped,DNS failed before feature extraction; excluded from ML input
incometaxindia-secure.gov.in,incometaxindia-secure.gov.in,contents.tdscpc.gov.in,Income Tax Department,Unlabeled,main_detector_targets,0,error,0,0,,0,0,gaierror,dns_failed_skipped,DNS failed before feature extraction; excluded from ML input
verify-incometaxindia.gov.in,verify-incometaxindia.gov.in,contents.tdscpc.gov.in,Income Tax Department,Unlabeled,main_detector_targets,0,error,0,0,,0,0,gaierror,dns_failed_skipped,DNS failed before feature extraction; excluded from ML input
incometaxindia-verify.gov.in,incometaxindia-verify.gov.in,contents.tdscpc.gov.in,Income Tax Department,Unlabeled,main_detector_targets,0,error,0,0,,0,0,gaierror,dns_failed_skipped,DNS failed before feature extraction; excluded from ML input
portal-incometaxindia.gov.in,portal-incometaxindia.gov.in,contents.tdscpc.gov.in,Income Tax Department,Unlabeled,main_detector_targets,0,error,0,0,,0,0,gaierror,dns_failed_skipped,DNS failed before feature extraction; excluded from ML input
incometaxindia-portal.gov.in,incometaxindia-portal.gov.in,contents.tdscpc.gov.in,Income Tax Department,Unlabeled,main_detector_targets,0,error,0,0,,0,0,gaierror,dns_failed_skipped,DNS failed before feature extraction; excluded from ML input
auth-incometaxindia.gov.in,auth-incometaxindia.gov.in,contents.tdscpc.gov.in,Income Tax Department,Unlabeled,main_detector_targets,0,error,0,0,,0,0,gaierror,dns_failed_skipped,DNS failed before feature extraction; excluded from ML input
incometaxindia-auth.gov.in,incometaxindia-auth.gov.in,contents.tdscpc.gov.in,Income Tax Department,Unlabeled,main_detector_targets,0,error,0,0,,0,0,gaierror,dns_failed_skipped,DNS failed before feature extraction; excluded from ML input
1ncometaxindiaefiling.gov.in,1ncometaxindiaefiling.gov.in,contents.tdscpc.gov.in,Income Tax Department,Unlabeled,main_detector_targets,0,error,0,0,,0,0,gaierror,dns_failed_skipped,DNS failed before feature extraction; excluded from ML input
lncometaxindiaefiling.gov.in,lncometaxindiaefiling.gov.in,contents.tdscpc.gov.in,Income Tax Department,Unlabeled,main_detector_targets,0,error,0,0,,0,0,gaierror,dns_failed_skipped,DNS failed before feature extraction; excluded from ML input
inc0metaxindiaefiling.gov.in,inc0metaxindiaefiling.gov.in,contents.tdscpc.gov.in,Income Tax Department,Unlabeled,main_detector_targets,0,error,0,0,,0,0,gaierror,dns_failed_skipped,DNS failed before feature extraction; excluded from ML input
incom3taxindiaefiling.gov.in,incom3taxindiaefiling.gov.in,contents.tdscpc.gov.in,Income Tax Department,Unlabeled,main_detector_targets,0,error,0,0,,0,0,gaierror,dns_failed_skipped,DNS failed before feature extraction; excluded from ML input
incomet4xindiaefiling.gov.in,incomet4xindiaefiling.gov.in,contents.tdscpc.gov.in,Income Tax Department,Unlabeled,main_detector_targets,0,error,0,0,,0,0,gaierror,dns_failed_skipped,DNS failed before feature extraction; excluded from ML input
incometax1ndiaefiling.gov.in,incometax1ndiaefiling.gov.in,contents.tdscpc.gov.in,Income Tax Department,Unlabeled,main_detector_targets,0,error,0,0,,0,0,gaierror,dns_failed_skipped,DNS failed before feature extraction; excluded from ML input
incometaxlndiaefiling.gov.in,incometaxlndiaefiling.gov.in,contents.tdscpc.gov.in,Income Tax Department,Unlabeled,main_detector_targets,0,error,0,0,,0,0,gaierror,dns_failed_skipped,DNS failed before feature extraction; excluded from ML input
incometaxind1aefiling.gov.in,incometaxind1aefiling.gov.in,contents.tdscpc.gov.in,Income Tax Department,Unlabeled,main_detector_targets,0,error,0,0,,0,0,gaierror,dns_failed_skipped,DNS failed before feature extraction; excluded from ML input
incometaxindlaefiling.gov.in,incometaxindlaefiling.gov.in,contents.tdscpc.gov.in,Income Tax Department,Unlabeled,main_detector_targets,0,error,0,0,,0,0,gaierror,dns_failed_skipped,DNS failed before feature extraction; excluded from ML input
incometaxindi4efiling.gov.in,incometaxindi4efiling.gov.in,contents.tdscpc.gov.in,Income Tax Department,Unlabeled,main_detector_targets,0,error,0,0,,0,0,gaierror,dns_failed_skipped,DNS failed before feature extraction; excluded from ML input
incometaxindia3filing.gov.in,incometaxindia3filing.gov.in,contents.tdscpc.gov.in,Income Tax Department,Unlabeled,main_detector_targets,0,error,0,0,,0,0,gaierror,dns_failed_skipped,DNS failed before feature extraction; excluded from ML input
incometaxindiaef1ling.gov.in,incometaxindiaef1ling.gov.in,contents.tdscpc.gov.in,Income Tax Department,Unlabeled,main_detector_targets,0,error,0,0,,0,0,gaierror,dns_failed_skipped,DNS failed before feature extraction; excluded from ML input
incometaxindiaeflling.gov.in,incometaxindiaeflling.gov.in,contents.tdscpc.gov.in,Income Tax Department,Unlabeled,main_detector_targets,0,error,0,0,,0,0,gaierror,dns_failed_skipped,DNS failed before feature extraction; excluded from ML input
incometaxindiaefil1ng.gov.in,incometaxindiaefil1ng.gov.in,contents.tdscpc.gov.in,Income Tax Department,Unlabeled,main_detector_targets,0,error,0,0,,0,0,gaierror,dns_failed_skipped,DNS failed before feature extraction; excluded from ML input
incometaxindiaefillng.gov.in,incometaxindiaefillng.gov.in,contents.tdscpc.gov.in,Income Tax Department,Unlabeled,main_detector_targets,0,error,0,0,,0,0,gaierror,dns_failed_skipped,DNS failed before feature extraction; excluded from ML input
login-incometaxindiaefiling.gov.in,login-incometaxindiaefiling.gov.in,contents.tdscpc.gov.in,Income Tax Department,Unlabeled,main_detector_targets,0,error,0,0,,0,0,gaierror,dns_failed_skipped,DNS failed before feature extraction; excluded from ML input
incometaxindiaefiling-login.gov.in,incometaxindiaefiling-login.gov.in,contents.tdscpc.gov.in,Income Tax Department,Unlabeled,main_detector_targets,0,error,0,0,,0,0,gaierror,dns_failed_skipped,DNS failed before feature extraction; excluded from ML input
secure-incometaxindiaefiling.gov.in,secure-incometaxindiaefiling.gov.in,contents.tdscpc.gov.in,Income Tax Department,Unlabeled,main_detector_targets,0,error,0,0,,0,0,gaierror,dns_failed_skipped,DNS failed before feature extraction; excluded from ML input
incometaxindiaefiling-secure.gov.in,incometaxindiaefiling-secure.gov.in,contents.tdscpc.gov.in,Income Tax Department,Unlabeled,main_detector_targets,0,error,0,0,,0,0,gaierror,dns_failed_skipped,DNS failed before feature extraction; excluded from ML input
verify-incometaxindiaefiling.gov.in,verify-incometaxindiaefiling.gov.in,contents.tdscpc.gov.in,Income Tax Department,Unlabeled,main_detector_targets,0,error,0,0,,0,0,gaierror,dns_failed_skipped,DNS failed before feature extraction; excluded from ML input
incometaxindiaefiling-verify.gov.in,incometaxindiaefiling-verify.gov.in,contents.tdscpc.gov.in,Income Tax Department,Unlabeled,main_detector_targets,0,error,0,0,,0,0,gaierror,dns_failed_skipped,DNS failed before feature extraction; excluded from ML input
portal-incometaxindiaefiling.gov.in,portal-incometaxindiaefiling.gov.in,contents.tdscpc.gov.in,Income Tax Department,Unlabeled,main_detector_targets,0,error,0,0,,0,0,gaierror,dns_failed_skipped,DNS failed before feature extraction; excluded from ML input
incometaxindiaefiling-portal.gov.in,incometaxindiaefiling-portal.gov.in,contents.tdscpc.gov.in,Income Tax Department,Unlabeled,main_detector_targets,0,error,0,0,,0,0,gaierror,dns_failed_skipped,DNS failed before feature extraction; excluded from ML input
auth-incometaxindiaefiling.gov.in,auth-incometaxindiaefiling.gov.in,contents.tdscpc.gov.in,Income Tax Department,Unlabeled,main_detector_targets,0,error,0,0,,0,0,gaierror,dns_failed_skipped,DNS failed before feature extraction; excluded from ML input
incometaxindiaefiling-auth.gov.in,incometaxindiaefiling-auth.gov.in,contents.tdscpc.gov.in,Income Tax Department,Unlabeled,main_detector_targets,0,error,0,0,,0,0,gaierror,dns_failed_skipped,DNS failed before feature extraction; excluded from ML input
1ndianoilcgd.com,1ndianoilcgd.com,indianoilcgd.com,Indian Oil Corporation Limited (IOCL),Unlabeled,main_detector_targets,0,error,0,0,,0,0,gaierror,dns_failed_skipped,DNS failed before feature extraction; excluded from ML input
lndianoilcgd.com,lndianoilcgd.com,indianoilcgd.com,Indian Oil Corporation Limited (IOCL),Unlabeled,main_detector_targets,0,error,0,0,,0,0,gaierror,dns_failed_skipped,DNS failed before feature extraction; excluded from ML input
ind1anoilcgd.com,ind1anoilcgd.com,indianoilcgd.com,Indian Oil Corporation Limited (IOCL),Unlabeled,main_detector_targets,0,error,0,0,,0,0,gaierror,dns_failed_skipped,DNS failed before feature extraction; excluded from ML input
indlanoilcgd.com,indlanoilcgd.com,indianoilcgd.com,Indian Oil Corporation Limited (IOCL),Unlabeled,main_detector_targets,0,error,0,0,,0,0,gaierror,dns_failed_skipped,DNS failed before feature extraction; excluded from ML input
indian0ilcgd.com,indian0ilcgd.com,indianoilcgd.com,Indian Oil Corporation Limited (IOCL),Unlabeled,main_detector_targets,0,error,0,0,,0,0,gaierror,dns_failed_skipped,DNS failed before feature extraction; excluded from ML input
indiano1lcgd.com,indiano1lcgd.com,indianoilcgd.com,Indian Oil Corporation Limited (IOCL),Unlabeled,main_detector_targets,0,error,0,0,,0,0,gaierror,dns_failed_skipped,DNS failed before feature extraction; excluded from ML input
indianollcgd.com,indianollcgd.com,indianoilcgd.com,Indian Oil Corporation Limited (IOCL),Unlabeled,main_detector_targets,0,error,0,0,,0,0,gaierror,dns_failed_skipped,DNS failed before feature extraction; excluded from ML input
login-indianoilcgd.com,login-indianoilcgd.com,indianoilcgd.com,Indian Oil Corporation Limited (IOCL),Unlabeled,main_detector_targets,0,error,0,0,,0,0,gaierror,dns_failed_skipped,DNS failed before feature extraction; excluded from ML input
indianoilcgd-login.com,indianoilcgd-login.com,indianoilcgd.com,Indian Oil Corporation Limited (IOCL),Unlabeled,main_detector_targets,0,error,0,0,,0,0,gaierror,dns_failed_skipped,DNS failed before feature extraction; excluded from ML input
secure-indianoilcgd.com,secure-indianoilcgd.com,indianoilcgd.com,Indian Oil Corporation Limited (IOCL),Unlabeled,main_detector_targets,0,error,0,0,,0,0,gaierror,dns_failed_skipped,DNS failed before feature extraction; excluded from ML input
indianoilcgd-secure.com,indianoilcgd-secure.com,indianoilcgd.com,Indian Oil Corporation Limited (IOCL),Unlabeled,main_detector_targets,0,error,0,0,,0,0,gaierror,dns_failed_skipped,DNS failed before feature extraction; excluded from ML input
verify-indianoilcgd.com,verify-indianoilcgd.com,indianoilcgd.com,Indian Oil Corporation Limited (IOCL),Unlabeled,main_detector_targets,0,error,0,0,,0,0,gaierror,dns_failed_skipped,DNS failed before feature extraction; excluded from ML input
indianoilcgd-verify.com,indianoilcgd-verify.com,indianoilcgd.com,Indian Oil Corporation Limited (IOCL),Unlabeled,main_detector_targets,0,error,0,0,,0,0,gaierror,dns_failed_skipped,DNS failed before feature extraction; excluded from ML input
portal-indianoilcgd.com,portal-indianoilcgd.com,indianoilcgd.com,Indian Oil Corporation Limited (IOCL),Unlabeled,main_detector_targets,0,error,0,0,,0,0,gaierror,dns_failed_skipped,DNS failed before feature extraction; excluded from ML input
indianoilcgd-portal.com,indianoilcgd-portal.com,indianoilcgd.com,Indian Oil Corporation Limited (IOCL),Unlabeled,main_detector_targets,0,error,0,0,,0,0,gaierror,dns_failed_skipped,DNS failed before feature extraction; excluded from ML input
auth-indianoilcgd.com,auth-indianoilcgd.com,indianoilcgd.com,Indian Oil Corporation Limited (IOCL),Unlabeled,main_detector_targets,0,error,0,0,,0,0,gaierror,dns_failed_skipped,DNS failed before feature extraction; excluded from ML input
indianoilcgd-auth.com,indianoilcgd-auth.com,indianoilcgd.com,Indian Oil Corporation Limited (IOCL),Unlabeled,main_detector_targets,0,error,0,0,,0,0,gaierror,dns_failed_skipped,DNS failed before feature extraction; excluded from ML input
1ndiascienceandtechnology.gov.in,1ndiascienceandtechnology.gov.in,indiascienceandtechnology.gov.in,Indian Space Research Organisation (ISRO),Unlabeled,main_detector_targets,0,error,0,0,,0,0,gaierror,dns_failed_skipped,DNS failed before feature extraction; excluded from ML input
lndiascienceandtechnology.gov.in,lndiascienceandtechnology.gov.in,indiascienceandtechnology.gov.in,Indian Space Research Organisation (ISRO),Unlabeled,main_detector_targets,0,error,0,0,,0,0,gaierror,dns_failed_skipped,DNS failed before feature extraction; excluded from ML input
ind1ascienceandtechnology.gov.in,ind1ascienceandtechnology.gov.in,indiascienceandtechnology.gov.in,Indian Space Research Organisation (ISRO),Unlabeled,main_detector_targets,0,error,0,0,,0,0,gaierror,dns_failed_skipped,DNS failed before feature extraction; excluded from ML input
indlascienceandtechnology.gov.in,indlascienceandtechnology.gov.in,indiascienceandtechnology.gov.in,Indian Space Research Organisation (ISRO),Unlabeled,main_detector_targets,0,error,0,0,,0,0,gaierror,dns_failed_skipped,DNS failed before feature extraction; excluded from ML input
indi4scienceandtechnology.gov.in,indi4scienceandtechnology.gov.in,indiascienceandtechnology.gov.in,Indian Space Research Organisation (ISRO),Unlabeled,main_detector_targets,0,error,0,0,,0,0,gaierror,dns_failed_skipped,DNS failed before feature extraction; excluded from ML input
india5cienceandtechnology.gov.in,india5cienceandtechnology.gov.in,indiascienceandtechnology.gov.in,Indian Space Research Organisation (ISRO),Unlabeled,main_detector_targets,0,error,0,0,,0,0,gaierror,dns_failed_skipped,DNS failed before feature extraction; excluded from ML input
indiasc1enceandtechnology.gov.in,indiasc1enceandtechnology.gov.in,indiascienceandtechnology.gov.in,Indian Space Research Organisation (ISRO),Unlabeled,main_detector_targets,0,error,0,0,,0,0,gaierror,dns_failed_skipped,DNS failed before feature extraction; excluded from ML input
indiasclenceandtechnology.gov.in,indiasclenceandtechnology.gov.in,indiascienceandtechnology.gov.in,Indian Space Research Organisation (ISRO),Unlabeled,main_detector_targets,0,error,0,0,,0,0,gaierror,dns_failed_skipped,DNS failed before feature extraction; excluded from ML input
indiasci3nceandtechnology.gov.in,indiasci3nceandtechnology.gov.in,indiascienceandtechnology.gov.in,Indian Space Research Organisation (ISRO),Unlabeled,main_detector_targets,0,error,0,0,,0,0,gaierror,dns_failed_skipped,DNS failed before feature extraction; excluded from ML input
indiascienc3andtechnology.gov.in,indiascienc3andtechnology.gov.in,indiascienceandtechnology.gov.in,Indian Space Research Organisation (ISRO),Unlabeled,main_detector_targets,0,error,0,0,,0,0,gaierror,dns_failed_skipped,DNS failed before feature extraction; excluded from ML input
indiascience4ndtechnology.gov.in,indiascience4ndtechnology.gov.in,indiascienceandtechnology.gov.in,Indian Space Research Organisation (ISRO),Unlabeled,main_detector_targets,0,error,0,0,,0,0,gaierror,dns_failed_skipped,DNS failed before feature extraction; excluded from ML input
indiascienceandt3chnology.gov.in,indiascienceandt3chnology.gov.in,indiascienceandtechnology.gov.in,Indian Space Research Organisation (ISRO),Unlabeled,main_detector_targets,0,error,0,0,,0,0,gaierror,dns_failed_skipped,DNS failed before feature extraction; excluded from ML input
indiascienceandtechn0logy.gov.in,indiascienceandtechn0logy.gov.in,indiascienceandtechnology.gov.in,Indian Space Research Organisation (ISRO),Unlabeled,main_detector_targets,0,error,0,0,,0,0,gaierror,dns_failed_skipped,DNS failed before feature extraction; excluded from ML input
indiascienceandtechnol0gy.gov.in,indiascienceandtechnol0gy.gov.in,indiascienceandtechnology.gov.in,Indian Space Research Organisation (ISRO),Unlabeled,main_detector_targets,0,error,0,0,,0,0,gaierror,dns_failed_skipped,DNS failed before feature extraction; excluded from ML input
login-indiascienceandtechnology.gov.in,login-indiascienceandtechnology.gov.in,indiascienceandtechnology.gov.in,Indian Space Research Organisation (ISRO),Unlabeled,main_detector_targets,0,error,0,0,,0,0,gaierror,dns_failed_skipped,DNS failed before feature extraction; excluded from ML input
indiascienceandtechnology-login.gov.in,indiascienceandtechnology-login.gov.in,indiascienceandtechnology.gov.in,Indian Space Research Organisation (ISRO),Unlabeled,main_detector_targets,0,error,0,0,,0,0,gaierror,dns_failed_skipped,DNS failed before feature extraction; excluded from ML input
secure-indiascienceandtechnology.gov.in,secure-indiascienceandtechnology.gov.in,indiascienceandtechnology.gov.in,Indian Space Research Organisation (ISRO),Unlabeled,main_detector_targets,0,error,0,0,,0,0,gaierror,dns_failed_skipped,DNS failed before feature extraction; excluded from ML input
indiascienceandtechnology-secure.gov.in,indiascienceandtechnology-secure.gov.in,indiascienceandtechnology.gov.in,Indian Space Research Organisation (ISRO),Unlabeled,main_detector_targets,0,error,0,0,,0,0,gaierror,dns_failed_skipped,DNS failed before feature extraction; excluded from ML input
verify-indiascienceandtechnology.gov.in,verify-indiascienceandtechnology.gov.in,indiascienceandtechnology.gov.in,Indian Space Research Organisation (ISRO),Unlabeled,main_detector_targets,0,error,0,0,,0,0,gaierror,dns_failed_skipped,DNS failed before feature extraction; excluded from ML input
indiascienceandtechnology-verify.gov.in,indiascienceandtechnology-verify.gov.in,indiascienceandtechnology.gov.in,Indian Space Research Organisation (ISRO),Unlabeled,main_detector_targets,0,error,0,0,,0,0,gaierror,dns_failed_skipped,DNS failed before feature extraction; excluded from ML input
portal-indiascienceandtechnology.gov.in,portal-indiascienceandtechnology.gov.in,indiascienceandtechnology.gov.in,Indian Space Research Organisation (ISRO),Unlabeled,main_detector_targets,0,error,0,0,,0,0,gaierror,dns_failed_skipped,DNS failed before feature extraction; excluded from ML input
indiascienceandtechnology-portal.gov.in,indiascienceandtechnology-portal.gov.in,indiascienceandtechnology.gov.in,Indian Space Research Organisation (ISRO),Unlabeled,main_detector_targets,0,error,0,0,,0,0,gaierror,dns_failed_skipped,DNS failed before feature extraction; excluded from ML input
auth-indiascienceandtechnology.gov.in,auth-indiascienceandtechnology.gov.in,indiascienceandtechnology.gov.in,Indian Space Research Organisation (ISRO),Unlabeled,main_detector_targets,0,error,0,0,,0,0,gaierror,dns_failed_skipped,DNS failed before feature extraction; excluded from ML input
indiascienceandtechnology-auth.gov.in,indiascienceandtechnology-auth.gov.in,indiascienceandtechnology.gov.in,Indian Space Research Organisation (ISRO),Unlabeled,main_detector_targets,0,error,0,0,,0,0,gaierror,dns_failed_skipped,DNS failed before feature extraction; excluded from ML input
lcicibank.com,lcicibank.com,icici.bank.in,ICICI Bank,Unlabeled,main_detector_targets,0,error,0,0,,0,0,gaierror,dns_failed_skipped,DNS failed before feature extraction; excluded from ML input
icicib4nk.com,icicib4nk.com,icici.bank.in,ICICI Bank,Unlabeled,main_detector_targets,0,error,0,0,,0,0,gaierror,dns_failed_skipped,DNS failed before feature extraction; excluded from ML input
login-icicibank.com,login-icicibank.com,icici.bank.in,ICICI Bank,Unlabeled,main_detector_targets,0,error,0,0,,0,0,gaierror,dns_failed_skipped,DNS failed before feature extraction; excluded from ML input
icicibank-login.com,icicibank-login.com,icici.bank.in,ICICI Bank,Unlabeled,main_detector_targets,0,error,0,0,,0,0,gaierror,dns_failed_skipped,DNS failed before feature extraction; excluded from ML input
secure-icicibank.com,secure-icicibank.com,icici.bank.in,ICICI Bank,Unlabeled,main_detector_targets,0,error,0,0,,0,0,gaierror,dns_failed_skipped,DNS failed before feature extraction; excluded from ML input
icicibank-secure.com,icicibank-secure.com,icici.bank.in,ICICI Bank,Unlabeled,main_detector_targets,0,error,0,0,,0,0,gaierror,dns_failed_skipped,DNS failed before feature extraction; excluded from ML input
verify-icicibank.com,verify-icicibank.com,icici.bank.in,ICICI Bank,Unlabeled,main_detector_targets,0,error,0,0,,0,0,gaierror,dns_failed_skipped,DNS failed before feature extraction; excluded from ML input
icicibank-verify.com,icicibank-verify.com,icici.bank.in,ICICI Bank,Unlabeled,main_detector_targets,0,error,0,0,,0,0,gaierror,dns_failed_skipped,DNS failed before feature extraction; excluded from ML input
portal-icicibank.com,portal-icicibank.com,icici.bank.in,ICICI Bank,Unlabeled,main_detector_targets,0,error,0,0,,0,0,gaierror,dns_failed_skipped,DNS failed before feature extraction; excluded from ML input
icicibank-portal.com,icicibank-portal.com,icici.bank.in,ICICI Bank,Unlabeled,main_detector_targets,0,error,0,0,,0,0,gaierror,dns_failed_skipped,DNS failed before feature extraction; excluded from ML input
auth-icicibank.com,auth-icicibank.com,icici.bank.in,ICICI Bank,Unlabeled,main_detector_targets,0,error,0,0,,0,0,gaierror,dns_failed_skipped,DNS failed before feature extraction; excluded from ML input
icicibank-auth.com,icicibank-auth.com,icici.bank.in,ICICI Bank,Unlabeled,main_detector_targets,0,error,0,0,,0,0,gaierror,dns_failed_skipped,DNS failed before feature extraction; excluded from ML input
1ocl.com,1ocl.com,indianoilcgd.com,Indian Oil Corporation Limited (IOCL),Unlabeled,main_detector_targets,0,error,0,0,,0,0,gaierror,dns_failed_skipped,DNS failed before feature extraction; excluded from ML input
i0cl.com,i0cl.com,indianoilcgd.com,Indian Oil Corporation Limited (IOCL),Unlabeled,main_detector_targets,0,error,0,0,,0,0,gaierror,dns_failed_skipped,DNS failed before feature extraction; excluded from ML input
login-iocl.com,login-iocl.com,indianoilcgd.com,Indian Oil Corporation Limited (IOCL),Unlabeled,main_detector_targets,0,error,0,0,,0,0,gaierror,dns_failed_skipped,DNS failed before feature extraction; excluded from ML input
iocl-login.com,iocl-login.com,indianoilcgd.com,Indian Oil Corporation Limited (IOCL),Unlabeled,main_detector_targets,0,error,0,0,,0,0,gaierror,dns_failed_skipped,DNS failed before feature extraction; excluded from ML input
secure-iocl.com,secure-iocl.com,indianoilcgd.com,Indian Oil Corporation Limited (IOCL),Unlabeled,main_detector_targets,0,error,0,0,,0,0,gaierror,dns_failed_skipped,DNS failed before feature extraction; excluded from ML input
iocl-secure.com,iocl-secure.com,indianoilcgd.com,Indian Oil Corporation Limited (IOCL),Unlabeled,main_detector_targets,0,error,0,0,,0,0,gaierror,dns_failed_skipped,DNS failed before feature extraction; excluded from ML input
verify-iocl.com,verify-iocl.com,indianoilcgd.com,Indian Oil Corporation Limited (IOCL),Unlabeled,main_detector_targets,0,error,0,0,,0,0,gaierror,dns_failed_skipped,DNS failed before feature extraction; excluded from ML input
iocl-verify.com,iocl-verify.com,indianoilcgd.com,Indian Oil Corporation Limited (IOCL),Unlabeled,main_detector_targets,0,error,0,0,,0,0,gaierror,dns_failed_skipped,DNS failed before feature extraction; excluded from ML input
portal-iocl.com,portal-iocl.com,indianoilcgd.com,Indian Oil Corporation Limited (IOCL),Unlabeled,main_detector_targets,0,error,0,0,,0,0,gaierror,dns_failed_skipped,DNS failed before feature extraction; excluded from ML input
iocl-portal.com,iocl-portal.com,indianoilcgd.com,Indian Oil Corporation Limited (IOCL),Unlabeled,main_detector_targets,0,error,0,0,,0,0,gaierror,dns_failed_skipped,DNS failed before feature extraction; excluded from ML input
auth-iocl.com,auth-iocl.com,indianoilcgd.com,Indian Oil Corporation Limited (IOCL),Unlabeled,main_detector_targets,0,error,0,0,,0,0,gaierror,dns_failed_skipped,DNS failed before feature extraction; excluded from ML input
iocl-auth.com,iocl-auth.com,indianoilcgd.com,Indian Oil Corporation Limited (IOCL),Unlabeled,main_detector_targets,0,error,0,0,,0,0,gaierror,dns_failed_skipped,DNS failed before feature extraction; excluded from ML input
1rctc.co.in,1rctc.co.in,irctc.co.in,Indian Railway Catering and Tourism Corporation (IRCTC),Unlabeled,main_detector_targets,0,error,0,0,,0,0,gaierror,dns_failed_skipped,DNS failed before feature extraction; excluded from ML input
lrctc.co.in,lrctc.co.in,irctc.co.in,Indian Railway Catering and Tourism Corporation (IRCTC),Unlabeled,main_detector_targets,0,error,0,0,,0,0,gaierror,dns_failed_skipped,DNS failed before feature extraction; excluded from ML input
login-irctc.co.in,login-irctc.co.in,irctc.co.in,Indian Railway Catering and Tourism Corporation (IRCTC),Unlabeled,main_detector_targets,0,error,0,0,,0,0,gaierror,dns_failed_skipped,DNS failed before feature extraction; excluded from ML input
irctc-login.co.in,irctc-login.co.in,irctc.co.in,Indian Railway Catering and Tourism Corporation (IRCTC),Unlabeled,main_detector_targets,0,error,0,0,,0,0,gaierror,dns_failed_skipped,DNS failed before feature extraction; excluded from ML input
secure-irctc.co.in,secure-irctc.co.in,irctc.co.in,Indian Railway Catering and Tourism Corporation (IRCTC),Unlabeled,main_detector_targets,0,error,0,0,,0,0,gaierror,dns_failed_skipped,DNS failed before feature extraction; excluded from ML input
irctc-secure.co.in,irctc-secure.co.in,irctc.co.in,Indian Railway Catering and Tourism Corporation (IRCTC),Unlabeled,main_detector_targets,0,error,0,0,,0,0,gaierror,dns_failed_skipped,DNS failed before feature extraction; excluded from ML input
verify-irctc.co.in,verify-irctc.co.in,irctc.co.in,Indian Railway Catering and Tourism Corporation (IRCTC),Unlabeled,main_detector_targets,0,error,0,0,,0,0,gaierror,dns_failed_skipped,DNS failed before feature extraction; excluded from ML input
irctc-verify.co.in,irctc-verify.co.in,irctc.co.in,Indian Railway Catering and Tourism Corporation (IRCTC),Unlabeled,main_detector_targets,0,error,0,0,,0,0,gaierror,dns_failed_skipped,DNS failed before feature extraction; excluded from ML input
portal-irctc.co.in,portal-irctc.co.in,irctc.co.in,Indian Railway Catering and Tourism Corporation (IRCTC),Unlabeled,main_detector_targets,0,error,0,0,,0,0,gaierror,dns_failed_skipped,DNS failed before feature extraction; excluded from ML input
irctc-portal.co.in,irctc-portal.co.in,irctc.co.in,Indian Railway Catering and Tourism Corporation (IRCTC),Unlabeled,main_detector_targets,0,error,0,0,,0,0,gaierror,dns_failed_skipped,DNS failed before feature extraction; excluded from ML input
auth-irctc.co.in,auth-irctc.co.in,irctc.co.in,Indian Railway Catering and Tourism Corporation (IRCTC),Unlabeled,main_detector_targets,0,error,0,0,,0,0,gaierror,dns_failed_skipped,DNS failed before feature extraction; excluded from ML input
irctc-auth.co.in,irctc-auth.co.in,irctc.co.in,Indian Railway Catering and Tourism Corporation (IRCTC),Unlabeled,main_detector_targets,0,error,0,0,,0,0,gaierror,dns_failed_skipped,DNS failed before feature extraction; excluded from ML input
1rctctourism.com,1rctctourism.com,irctc.co.in,Indian Railway Catering and Tourism Corporation (IRCTC),Unlabeled,main_detector_targets,0,error,0,0,,0,0,gaierror,dns_failed_skipped,DNS failed before feature extraction; excluded from ML input
lrctctourism.com,lrctctourism.com,irctc.co.in,Indian Railway Catering and Tourism Corporation (IRCTC),Unlabeled,main_detector_targets,0,error,0,0,,0,0,gaierror,dns_failed_skipped,DNS failed before feature extraction; excluded from ML input
irctct0urism.com,irctct0urism.com,irctc.co.in,Indian Railway Catering and Tourism Corporation (IRCTC),Unlabeled,main_detector_targets,0,error,0,0,,0,0,gaierror,dns_failed_skipped,DNS failed before feature extraction; excluded from ML input
irctctour1sm.com,irctctour1sm.com,irctc.co.in,Indian Railway Catering and Tourism Corporation (IRCTC),Unlabeled,main_detector_targets,0,error,0,0,,0,0,gaierror,dns_failed_skipped,DNS failed before feature extraction; excluded from ML input
irctctourlsm.com,irctctourlsm.com,irctc.co.in,Indian Railway Catering and Tourism Corporation (IRCTC),Unlabeled,main_detector_targets,0,error,0,0,,0,0,gaierror,dns_failed_skipped,DNS failed before feature extraction; excluded from ML input
irctctouri5m.com,irctctouri5m.com,irctc.co.in,Indian Railway Catering and Tourism Corporation (IRCTC),Unlabeled,main_detector_targets,0,error,0,0,,0,0,gaierror,dns_failed_skipped,DNS failed before feature extraction; excluded from ML input
login-irctctourism.com,login-irctctourism.com,irctc.co.in,Indian Railway Catering and Tourism Corporation (IRCTC),Unlabeled,main_detector_targets,0,error,0,0,,0,0,gaierror,dns_failed_skipped,DNS failed before feature extraction; excluded from ML input
irctctourism-login.com,irctctourism-login.com,irctc.co.in,Indian Railway Catering and Tourism Corporation (IRCTC),Unlabeled,main_detector_targets,0,error,0,0,,0,0,gaierror,dns_failed_skipped,DNS failed before feature extraction; excluded from ML input
secure-irctctourism.com,secure-irctctourism.com,irctc.co.in,Indian Railway Catering and Tourism Corporation (IRCTC),Unlabeled,main_detector_targets,0,error,0,0,,0,0,gaierror,dns_failed_skipped,DNS failed before feature extraction; excluded from ML input
irctctourism-secure.com,irctctourism-secure.com,irctc.co.in,Indian Railway Catering and Tourism Corporation (IRCTC),Unlabeled,main_detector_targets,0,error,0,0,,0,0,gaierror,dns_failed_skipped,DNS failed before feature extraction; excluded from ML input
verify-irctctourism.com,verify-irctctourism.com,irctc.co.in,Indian Railway Catering and Tourism Corporation (IRCTC),Unlabeled,main_detector_targets,0,error,0,0,,0,0,gaierror,dns_failed_skipped,DNS failed before feature extraction; excluded from ML input
irctctourism-verify.com,irctctourism-verify.com,irctc.co.in,Indian Railway Catering and Tourism Corporation (IRCTC),Unlabeled,main_detector_targets,0,error,0,0,,0,0,gaierror,dns_failed_skipped,DNS failed before feature extraction; excluded from ML input
portal-irctctourism.com,portal-irctctourism.com,irctc.co.in,Indian Railway Catering and Tourism Corporation (IRCTC),Unlabeled,main_detector_targets,0,error,0,0,,0,0,gaierror,dns_failed_skipped,DNS failed before feature extraction; excluded from ML input
irctctourism-portal.com,irctctourism-portal.com,irctc.co.in,Indian Railway Catering and Tourism Corporation (IRCTC),Unlabeled,main_detector_targets,0,error,0,0,,0,0,gaierror,dns_failed_skipped,DNS failed before feature extraction; excluded from ML input
auth-irctctourism.com,auth-irctctourism.com,irctc.co.in,Indian Railway Catering and Tourism Corporation (IRCTC),Unlabeled,main_detector_targets,0,error,0,0,,0,0,gaierror,dns_failed_skipped,DNS failed before feature extraction; excluded from ML input
irctctourism-auth.com,irctctourism-auth.com,irctc.co.in,Indian Railway Catering and Tourism Corporation (IRCTC),Unlabeled,main_detector_targets,0,error,0,0,,0,0,gaierror,dns_failed_skipped,DNS failed before feature extraction; excluded from ML input
1sro.gov.in,1sro.gov.in,iirs.gov.in,Indian Space Research Organisation (ISRO),Unlabeled,main_detector_targets,0,error,0,0,,0,0,gaierror,dns_failed_skipped,DNS failed before feature extraction; excluded from ML input
lsro.gov.in,lsro.gov.in,iirs.gov.in,Indian Space Research Organisation (ISRO),Unlabeled,main_detector_targets,0,error,0,0,,0,0,gaierror,dns_failed_skipped,DNS failed before feature extraction; excluded from ML input
isr0.gov.in,isr0.gov.in,iirs.gov.in,Indian Space Research Organisation (ISRO),Unlabeled,main_detector_targets,0,error,0,0,,0,0,gaierror,dns_failed_skipped,DNS failed before feature extraction; excluded from ML input
login-isro.gov.in,login-isro.gov.in,iirs.gov.in,Indian Space Research Organisation (ISRO),Unlabeled,main_detector_targets,0,error,0,0,,0,0,gaierror,dns_failed_skipped,DNS failed before feature extraction; excluded from ML input
isro-login.gov.in,isro-login.gov.in,iirs.gov.in,Indian Space Research Organisation (ISRO),Unlabeled,main_detector_targets,0,error,0,0,,0,0,gaierror,dns_failed_skipped,DNS failed before feature extraction; excluded from ML input
secure-isro.gov.in,secure-isro.gov.in,iirs.gov.in,Indian Space Research Organisation (ISRO),Unlabeled,main_detector_targets,0,error,0,0,,0,0,gaierror,dns_failed_skipped,DNS failed before feature extraction; excluded from ML input
isro-secure.gov.in,isro-secure.gov.in,iirs.gov.in,Indian Space Research Organisation (ISRO),Unlabeled,main_detector_targets,0,error,0,0,,0,0,gaierror,dns_failed_skipped,DNS failed before feature extraction; excluded from ML input
verify-isro.gov.in,verify-isro.gov.in,iirs.gov.in,Indian Space Research Organisation (ISRO),Unlabeled,main_detector_targets,0,error,0,0,,0,0,gaierror,dns_failed_skipped,DNS failed before feature extraction; excluded from ML input
isro-verify.gov.in,isro-verify.gov.in,iirs.gov.in,Indian Space Research Organisation (ISRO),Unlabeled,main_detector_targets,0,error,0,0,,0,0,gaierror,dns_failed_skipped,DNS failed before feature extraction; excluded from ML input
portal-isro.gov.in,portal-isro.gov.in,iirs.gov.in,Indian Space Research Organisation (ISRO),Unlabeled,main_detector_targets,0,error,0,0,,0,0,gaierror,dns_failed_skipped,DNS failed before feature extraction; excluded from ML input
isro-portal.gov.in,isro-portal.gov.in,iirs.gov.in,Indian Space Research Organisation (ISRO),Unlabeled,main_detector_targets,0,error,0,0,,0,0,gaierror,dns_failed_skipped,DNS failed before feature extraction; excluded from ML input
auth-isro.gov.in,auth-isro.gov.in,iirs.gov.in,Indian Space Research Organisation (ISRO),Unlabeled,main_detector_targets,0,error,0,0,,0,0,gaierror,dns_failed_skipped,DNS failed before feature extraction; excluded from ML input
isro-auth.gov.in,isro-auth.gov.in,iirs.gov.in,Indian Space Research Organisation (ISRO),Unlabeled,main_detector_targets,0,error,0,0,,0,0,gaierror,dns_failed_skipped,DNS failed before feature extraction; excluded from ML input
login-jio.com,login-jio.com,jio.com,Jio,Unlabeled,main_detector_targets,0,error,0,0,,0,0,gaierror,dns_failed_skipped,DNS failed before feature extraction; excluded from ML input
jio-login.com,jio-login.com,jio.com,Jio,Unlabeled,main_detector_targets,0,error,0,0,,0,0,gaierror,dns_failed_skipped,DNS failed before feature extraction; excluded from ML input
secure-jio.com,secure-jio.com,jio.com,Jio,Unlabeled,main_detector_targets,0,error,0,0,,0,0,gaierror,dns_failed_skipped,DNS failed before feature extraction; excluded from ML input
jio-secure.com,jio-secure.com,jio.com,Jio,Unlabeled,main_detector_targets,0,error,0,0,,0,0,gaierror,dns_failed_skipped,DNS failed before feature extraction; excluded from ML input
verify-jio.com,verify-jio.com,jio.com,Jio,Unlabeled,main_detector_targets,0,error,0,0,,0,0,gaierror,dns_failed_skipped,DNS failed before feature extraction; excluded from ML input
jio-verify.com,jio-verify.com,jio.com,Jio,Unlabeled,main_detector_targets,0,error,0,0,,0,0,gaierror,dns_failed_skipped,DNS failed before feature extraction; excluded from ML input
portal-jio.com,portal-jio.com,jio.com,Jio,Unlabeled,main_detector_targets,0,error,0,0,,0,0,gaierror,dns_failed_skipped,DNS failed before feature extraction; excluded from ML input
jio-portal.com,jio-portal.com,jio.com,Jio,Unlabeled,main_detector_targets,0,error,0,0,,0,0,gaierror,dns_failed_skipped,DNS failed before feature extraction; excluded from ML input
auth-jio.com,auth-jio.com,jio.com,Jio,Unlabeled,main_detector_targets,0,error,0,0,,0,0,gaierror,dns_failed_skipped,DNS failed before feature extraction; excluded from ML input
jio-auth.com,jio-auth.com,jio.com,Jio,Unlabeled,main_detector_targets,0,error,0,0,,0,0,gaierror,dns_failed_skipped,DNS failed before feature extraction; excluded from ML input
kf1ntech.com,kf1ntech.com,kfintech.com,Kfintech,Unlabeled,main_detector_targets,0,error,0,0,,0,0,gaierror,dns_failed_skipped,DNS failed before feature extraction; excluded from ML input
kflntech.com,kflntech.com,kfintech.com,Kfintech,Unlabeled,main_detector_targets,0,error,0,0,,0,0,gaierror,dns_failed_skipped,DNS failed before feature extraction; excluded from ML input
kfint3ch.com,kfint3ch.com,kfintech.com,Kfintech,Unlabeled,main_detector_targets,0,error,0,0,,0,0,gaierror,dns_failed_skipped,DNS failed before feature extraction; excluded from ML input
login-kfintech.com,login-kfintech.com,kfintech.com,Kfintech,Unlabeled,main_detector_targets,0,error,0,0,,0,0,gaierror,dns_failed_skipped,DNS failed before feature extraction; excluded from ML input
kfintech-login.com,kfintech-login.com,kfintech.com,Kfintech,Unlabeled,main_detector_targets,0,error,0,0,,0,0,gaierror,dns_failed_skipped,DNS failed before feature extraction; excluded from ML input
secure-kfintech.com,secure-kfintech.com,kfintech.com,Kfintech,Unlabeled,main_detector_targets,0,error,0,0,,0,0,gaierror,dns_failed_skipped,DNS failed before feature extraction; excluded from ML input
kfintech-secure.com,kfintech-secure.com,kfintech.com,Kfintech,Unlabeled,main_detector_targets,0,error,0,0,,0,0,gaierror,dns_failed_skipped,DNS failed before feature extraction; excluded from ML input
verify-kfintech.com,verify-kfintech.com,kfintech.com,Kfintech,Unlabeled,main_detector_targets,0,error,0,0,,0,0,gaierror,dns_failed_skipped,DNS failed before feature extraction; excluded from ML input
kfintech-verify.com,kfintech-verify.com,kfintech.com,Kfintech,Unlabeled,main_detector_targets,0,error,0,0,,0,0,gaierror,dns_failed_skipped,DNS failed before feature extraction; excluded from ML input
portal-kfintech.com,portal-kfintech.com,kfintech.com,Kfintech,Unlabeled,main_detector_targets,0,error,0,0,,0,0,gaierror,dns_failed_skipped,DNS failed before feature extraction; excluded from ML input
kfintech-portal.com,kfintech-portal.com,kfintech.com,Kfintech,Unlabeled,main_detector_targets,0,error,0,0,,0,0,gaierror,dns_failed_skipped,DNS failed before feature extraction; excluded from ML input
auth-kfintech.com,auth-kfintech.com,kfintech.com,Kfintech,Unlabeled,main_detector_targets,0,error,0,0,,0,0,gaierror,dns_failed_skipped,DNS failed before feature extraction; excluded from ML input
kfintech-auth.com,kfintech-auth.com,kfintech.com,Kfintech,Unlabeled,main_detector_targets,0,error,0,0,,0,0,gaierror,dns_failed_skipped,DNS failed before feature extraction; excluded from ML input
myv1.in,myv1.in,myvi.in,Vodafone Idea (VI),Unlabeled,main_detector_targets,0,error,0,0,,0,0,gaierror,dns_failed_skipped,DNS failed before feature extraction; excluded from ML input
myvl.in,myvl.in,myvi.in,Vodafone Idea (VI),Unlabeled,main_detector_targets,0,error,0,0,,0,0,gaierror,dns_failed_skipped,DNS failed before feature extraction; excluded from ML input
login-myvi.in,login-myvi.in,myvi.in,Vodafone Idea (VI),Unlabeled,main_detector_targets,0,error,0,0,,0,0,gaierror,dns_failed_skipped,DNS failed before feature extraction; excluded from ML input
myvi-login.in,myvi-login.in,myvi.in,Vodafone Idea (VI),Unlabeled,main_detector_targets,0,error,0,0,,0,0,gaierror,dns_failed_skipped,DNS failed before feature extraction; excluded from ML input
secure-myvi.in,secure-myvi.in,myvi.in,Vodafone Idea (VI),Unlabeled,main_detector_targets,0,error,0,0,,0,0,gaierror,dns_failed_skipped,DNS failed before feature extraction; excluded from ML input
myvi-secure.in,myvi-secure.in,myvi.in,Vodafone Idea (VI),Unlabeled,main_detector_targets,0,error,0,0,,0,0,gaierror,dns_failed_skipped,DNS failed before feature extraction; excluded from ML input
verify-myvi.in,verify-myvi.in,myvi.in,Vodafone Idea (VI),Unlabeled,main_detector_targets,0,error,0,0,,0,0,gaierror,dns_failed_skipped,DNS failed before feature extraction; excluded from ML input
myvi-verify.in,myvi-verify.in,myvi.in,Vodafone Idea (VI),Unlabeled,main_detector_targets,0,error,0,0,,0,0,gaierror,dns_failed_skipped,DNS failed before feature extraction; excluded from ML input
portal-myvi.in,portal-myvi.in,myvi.in,Vodafone Idea (VI),Unlabeled,main_detector_targets,0,error,0,0,,0,0,gaierror,dns_failed_skipped,DNS failed before feature extraction; excluded from ML input
myvi-portal.in,myvi-portal.in,myvi.in,Vodafone Idea (VI),Unlabeled,main_detector_targets,0,error,0,0,,0,0,gaierror,dns_failed_skipped,DNS failed before feature extraction; excluded from ML input
auth-myvi.in,auth-myvi.in,myvi.in,Vodafone Idea (VI),Unlabeled,main_detector_targets,0,error,0,0,,0,0,gaierror,dns_failed_skipped,DNS failed before feature extraction; excluded from ML input
myvi-auth.in,myvi-auth.in,myvi.in,Vodafone Idea (VI),Unlabeled,main_detector_targets,0,error,0,0,,0,0,gaierror,dns_failed_skipped,DNS failed before feature extraction; excluded from ML input
hdfcb4nk.com,hdfcb4nk.com,hdfc.bank.in,HDFC Bank,Unlabeled,main_detector_targets,0,error,0,0,,0,0,gaierror,dns_failed_skipped,DNS failed before feature extraction; excluded from ML input
login-hdfcbank.com,login-hdfcbank.com,hdfc.bank.in,HDFC Bank,Unlabeled,main_detector_targets,0,error,0,0,,0,0,gaierror,dns_failed_skipped,DNS failed before feature extraction; excluded from ML input
hdfcbank-login.com,hdfcbank-login.com,hdfc.bank.in,HDFC Bank,Unlabeled,main_detector_targets,0,error,0,0,,0,0,gaierror,dns_failed_skipped,DNS failed before feature extraction; excluded from ML input
secure-hdfcbank.com,secure-hdfcbank.com,hdfc.bank.in,HDFC Bank,Unlabeled,main_detector_targets,0,error,0,0,,0,0,gaierror,dns_failed_skipped,DNS failed before feature extraction; excluded from ML input
hdfcbank-secure.com,hdfcbank-secure.com,hdfc.bank.in,HDFC Bank,Unlabeled,main_detector_targets,0,error,0,0,,0,0,gaierror,dns_failed_skipped,DNS failed before feature extraction; excluded from ML input
verify-hdfcbank.com,verify-hdfcbank.com,hdfc.bank.in,HDFC Bank,Unlabeled,main_detector_targets,0,error,0,0,,0,0,gaierror,dns_failed_skipped,DNS failed before feature extraction; excluded from ML input
hdfcbank-verify.com,hdfcbank-verify.com,hdfc.bank.in,HDFC Bank,Unlabeled,main_detector_targets,0,error,0,0,,0,0,gaierror,dns_failed_skipped,DNS failed before feature extraction; excluded from ML input
portal-hdfcbank.com,portal-hdfcbank.com,hdfc.bank.in,HDFC Bank,Unlabeled,main_detector_targets,0,error,0,0,,0,0,gaierror,dns_failed_skipped,DNS failed before feature extraction; excluded from ML input
hdfcbank-portal.com,hdfcbank-portal.com,hdfc.bank.in,HDFC Bank,Unlabeled,main_detector_targets,0,error,0,0,,0,0,gaierror,dns_failed_skipped,DNS failed before feature extraction; excluded from ML input
auth-hdfcbank.com,auth-hdfcbank.com,hdfc.bank.in,HDFC Bank,Unlabeled,main_detector_targets,0,error,0,0,,0,0,gaierror,dns_failed_skipped,DNS failed before feature extraction; excluded from ML input
hdfcbank-auth.com,hdfcbank-auth.com,hdfc.bank.in,HDFC Bank,Unlabeled,main_detector_targets,0,error,0,0,,0,0,gaierror,dns_failed_skipped,DNS failed before feature extraction; excluded from ML input
n3tpnb.com,n3tpnb.com,netpnb.com,Punjab National Bank (PNB),Unlabeled,main_detector_targets,0,error,0,0,,0,0,gaierror,dns_failed_skipped,DNS failed before feature extraction; excluded from ML input
login-netpnb.com,login-netpnb.com,netpnb.com,Punjab National Bank (PNB),Unlabeled,main_detector_targets,0,error,0,0,,0,0,gaierror,dns_failed_skipped,DNS failed before feature extraction; excluded from ML input
netpnb-login.com,netpnb-login.com,netpnb.com,Punjab National Bank (PNB),Unlabeled,main_detector_targets,0,error,0,0,,0,0,gaierror,dns_failed_skipped,DNS failed before feature extraction; excluded from ML input
secure-netpnb.com,secure-netpnb.com,netpnb.com,Punjab National Bank (PNB),Unlabeled,main_detector_targets,0,error,0,0,,0,0,gaierror,dns_failed_skipped,DNS failed before feature extraction; excluded from ML input
netpnb-secure.com,netpnb-secure.com,netpnb.com,Punjab National Bank (PNB),Unlabeled,main_detector_targets,0,error,0,0,,0,0,gaierror,dns_failed_skipped,DNS failed before feature extraction; excluded from ML input
verify-netpnb.com,verify-netpnb.com,netpnb.com,Punjab National Bank (PNB),Unlabeled,main_detector_targets,0,error,0,0,,0,0,gaierror,dns_failed_skipped,DNS failed before feature extraction; excluded from ML input
netpnb-verify.com,netpnb-verify.com,netpnb.com,Punjab National Bank (PNB),Unlabeled,main_detector_targets,0,error,0,0,,0,0,gaierror,dns_failed_skipped,DNS failed before feature extraction; excluded from ML input
portal-netpnb.com,portal-netpnb.com,netpnb.com,Punjab National Bank (PNB),Unlabeled,main_detector_targets,0,error,0,0,,0,0,gaierror,dns_failed_skipped,DNS failed before feature extraction; excluded from ML input
netpnb-portal.com,netpnb-portal.com,netpnb.com,Punjab National Bank (PNB),Unlabeled,main_detector_targets,0,error,0,0,,0,0,gaierror,dns_failed_skipped,DNS failed before feature extraction; excluded from ML input
auth-netpnb.com,auth-netpnb.com,netpnb.com,Punjab National Bank (PNB),Unlabeled,main_detector_targets,0,error,0,0,,0,0,gaierror,dns_failed_skipped,DNS failed before feature extraction; excluded from ML input
netpnb-auth.com,netpnb-auth.com,netpnb.com,Punjab National Bank (PNB),Unlabeled,main_detector_targets,0,error,0,0,,0,0,gaierror,dns_failed_skipped,DNS failed before feature extraction; excluded from ML input
login-nha.gov.in,login-nha.gov.in,abdm.gov.in,National Health Authority (NHA),Unlabeled,main_detector_targets,0,error,0,0,,0,0,gaierror,dns_failed_skipped,DNS failed before feature extraction; excluded from ML input
nha-login.gov.in,nha-login.gov.in,abdm.gov.in,National Health Authority (NHA),Unlabeled,main_detector_targets,0,error,0,0,,0,0,gaierror,dns_failed_skipped,DNS failed before feature extraction; excluded from ML input
secure-nha.gov.in,secure-nha.gov.in,abdm.gov.in,National Health Authority (NHA),Unlabeled,main_detector_targets,0,error,0,0,,0,0,gaierror,dns_failed_skipped,DNS failed before feature extraction; excluded from ML input
nha-secure.gov.in,nha-secure.gov.in,abdm.gov.in,National Health Authority (NHA),Unlabeled,main_detector_targets,0,error,0,0,,0,0,gaierror,dns_failed_skipped,DNS failed before feature extraction; excluded from ML input
verify-nha.gov.in,verify-nha.gov.in,abdm.gov.in,National Health Authority (NHA),Unlabeled,main_detector_targets,0,error,0,0,,0,0,gaierror,dns_failed_skipped,DNS failed before feature extraction; excluded from ML input
nha-verify.gov.in,nha-verify.gov.in,abdm.gov.in,National Health Authority (NHA),Unlabeled,main_detector_targets,0,error,0,0,,0,0,gaierror,dns_failed_skipped,DNS failed before feature extraction; excluded from ML input
portal-nha.gov.in,portal-nha.gov.in,abdm.gov.in,National Health Authority (NHA),Unlabeled,main_detector_targets,0,error,0,0,,0,0,gaierror,dns_failed_skipped,DNS failed before feature extraction; excluded from ML input
nha-portal.gov.in,nha-portal.gov.in,abdm.gov.in,National Health Authority (NHA),Unlabeled,main_detector_targets,0,error,0,0,,0,0,gaierror,dns_failed_skipped,DNS failed before feature extraction; excluded from ML input
auth-nha.gov.in,auth-nha.gov.in,abdm.gov.in,National Health Authority (NHA),Unlabeled,main_detector_targets,0,error,0,0,,0,0,gaierror,dns_failed_skipped,DNS failed before feature extraction; excluded from ML input
nha-auth.gov.in,nha-auth.gov.in,abdm.gov.in,National Health Authority (NHA),Unlabeled,main_detector_targets,0,error,0,0,,0,0,gaierror,dns_failed_skipped,DNS failed before feature extraction; excluded from ML input
n1c.gov.in,n1c.gov.in,accounts.mgovcloud.in,National Informatics Centre (NIC),Unlabeled,main_detector_targets,0,error,0,0,,0,0,gaierror,dns_failed_skipped,DNS failed before feature extraction; excluded from ML input
nlc.gov.in,nlc.gov.in,accounts.mgovcloud.in,National Informatics Centre (NIC),Unlabeled,main_detector_targets,0,error,0,0,,0,0,gaierror,dns_failed_skipped,DNS failed before feature extraction; excluded from ML input
login-nic.gov.in,login-nic.gov.in,accounts.mgovcloud.in,National Informatics Centre (NIC),Unlabeled,main_detector_targets,0,error,0,0,,0,0,gaierror,dns_failed_skipped,DNS failed before feature extraction; excluded from ML input
nic-login.gov.in,nic-login.gov.in,accounts.mgovcloud.in,National Informatics Centre (NIC),Unlabeled,main_detector_targets,0,error,0,0,,0,0,gaierror,dns_failed_skipped,DNS failed before feature extraction; excluded from ML input
secure-nic.gov.in,secure-nic.gov.in,accounts.mgovcloud.in,National Informatics Centre (NIC),Unlabeled,main_detector_targets,0,error,0,0,,0,0,gaierror,dns_failed_skipped,DNS failed before feature extraction; excluded from ML input
nic-secure.gov.in,nic-secure.gov.in,accounts.mgovcloud.in,National Informatics Centre (NIC),Unlabeled,main_detector_targets,0,error,0,0,,0,0,gaierror,dns_failed_skipped,DNS failed before feature extraction; excluded from ML input
verify-nic.gov.in,verify-nic.gov.in,accounts.mgovcloud.in,National Informatics Centre (NIC),Unlabeled,main_detector_targets,0,error,0,0,,0,0,gaierror,dns_failed_skipped,DNS failed before feature extraction; excluded from ML input
nic-verify.gov.in,nic-verify.gov.in,accounts.mgovcloud.in,National Informatics Centre (NIC),Unlabeled,main_detector_targets,0,error,0,0,,0,0,gaierror,dns_failed_skipped,DNS failed before feature extraction; excluded from ML input
portal-nic.gov.in,portal-nic.gov.in,accounts.mgovcloud.in,National Informatics Centre (NIC),Unlabeled,main_detector_targets,0,error,0,0,,0,0,gaierror,dns_failed_skipped,DNS failed before feature extraction; excluded from ML input
nic-portal.gov.in,nic-portal.gov.in,accounts.mgovcloud.in,National Informatics Centre (NIC),Unlabeled,main_detector_targets,0,error,0,0,,0,0,gaierror,dns_failed_skipped,DNS failed before feature extraction; excluded from ML input
auth-nic.gov.in,auth-nic.gov.in,accounts.mgovcloud.in,National Informatics Centre (NIC),Unlabeled,main_detector_targets,0,error,0,0,,0,0,gaierror,dns_failed_skipped,DNS failed before feature extraction; excluded from ML input
nic-auth.gov.in,nic-auth.gov.in,accounts.mgovcloud.in,National Informatics Centre (NIC),Unlabeled,main_detector_targets,0,error,0,0,,0,0,gaierror,dns_failed_skipped,DNS failed before feature extraction; excluded from ML input
login-npr.gov.in,login-npr.gov.in,accounts.mgovcloud.in,National Informatics Centre (NIC),Unlabeled,main_detector_targets,0,error,0,0,,0,0,gaierror,dns_failed_skipped,DNS failed before feature extraction; excluded from ML input
npr-login.gov.in,npr-login.gov.in,accounts.mgovcloud.in,National Informatics Centre (NIC),Unlabeled,main_detector_targets,0,error,0,0,,0,0,gaierror,dns_failed_skipped,DNS failed before feature extraction; excluded from ML input
secure-npr.gov.in,secure-npr.gov.in,accounts.mgovcloud.in,National Informatics Centre (NIC),Unlabeled,main_detector_targets,0,error,0,0,,0,0,gaierror,dns_failed_skipped,DNS failed before feature extraction; excluded from ML input
npr-secure.gov.in,npr-secure.gov.in,accounts.mgovcloud.in,National Informatics Centre (NIC),Unlabeled,main_detector_targets,0,error,0,0,,0,0,gaierror,dns_failed_skipped,DNS failed before feature extraction; excluded from ML input
verify-npr.gov.in,verify-npr.gov.in,accounts.mgovcloud.in,National Informatics Centre (NIC),Unlabeled,main_detector_targets,0,error,0,0,,0,0,gaierror,dns_failed_skipped,DNS failed before feature extraction; excluded from ML input
npr-verify.gov.in,npr-verify.gov.in,accounts.mgovcloud.in,National Informatics Centre (NIC),Unlabeled,main_detector_targets,0,error,0,0,,0,0,gaierror,dns_failed_skipped,DNS failed before feature extraction; excluded from ML input
portal-npr.gov.in,portal-npr.gov.in,accounts.mgovcloud.in,National Informatics Centre (NIC),Unlabeled,main_detector_targets,0,error,0,0,,0,0,gaierror,dns_failed_skipped,DNS failed before feature extraction; excluded from ML input
npr-portal.gov.in,npr-portal.gov.in,accounts.mgovcloud.in,National Informatics Centre (NIC),Unlabeled,main_detector_targets,0,error,0,0,,0,0,gaierror,dns_failed_skipped,DNS failed before feature extraction; excluded from ML input
auth-npr.gov.in,auth-npr.gov.in,accounts.mgovcloud.in,National Informatics Centre (NIC),Unlabeled,main_detector_targets,0,error,0,0,,0,0,gaierror,dns_failed_skipped,DNS failed before feature extraction; excluded from ML input
npr-auth.gov.in,npr-auth.gov.in,accounts.mgovcloud.in,National Informatics Centre (NIC),Unlabeled,main_detector_targets,0,error,0,0,,0,0,gaierror,dns_failed_skipped,DNS failed before feature extraction; excluded from ML input
login-nrsc.gov.in,login-nrsc.gov.in,nrsc.gov.in,Indian Space Research Organisation (ISRO),Unlabeled,main_detector_targets,0,error,0,0,,0,0,gaierror,dns_failed_skipped,DNS failed before feature extraction; excluded from ML input
nrsc-login.gov.in,nrsc-login.gov.in,nrsc.gov.in,Indian Space Research Organisation (ISRO),Unlabeled,main_detector_targets,0,error,0,0,,0,0,gaierror,dns_failed_skipped,DNS failed before feature extraction; excluded from ML input
secure-nrsc.gov.in,secure-nrsc.gov.in,nrsc.gov.in,Indian Space Research Organisation (ISRO),Unlabeled,main_detector_targets,0,error,0,0,,0,0,gaierror,dns_failed_skipped,DNS failed before feature extraction; excluded from ML input
nrsc-secure.gov.in,nrsc-secure.gov.in,nrsc.gov.in,Indian Space Research Organisation (ISRO),Unlabeled,main_detector_targets,0,error,0,0,,0,0,gaierror,dns_failed_skipped,DNS failed before feature extraction; excluded from ML input
verify-nrsc.gov.in,verify-nrsc.gov.in,nrsc.gov.in,Indian Space Research Organisation (ISRO),Unlabeled,main_detector_targets,0,error,0,0,,0,0,gaierror,dns_failed_skipped,DNS failed before feature extraction; excluded from ML input
nrsc-verify.gov.in,nrsc-verify.gov.in,nrsc.gov.in,Indian Space Research Organisation (ISRO),Unlabeled,main_detector_targets,0,error,0,0,,0,0,gaierror,dns_failed_skipped,DNS failed before feature extraction; excluded from ML input
portal-nrsc.gov.in,portal-nrsc.gov.in,nrsc.gov.in,Indian Space Research Organisation (ISRO),Unlabeled,main_detector_targets,0,error,0,0,,0,0,gaierror,dns_failed_skipped,DNS failed before feature extraction; excluded from ML input
nrsc-portal.gov.in,nrsc-portal.gov.in,nrsc.gov.in,Indian Space Research Organisation (ISRO),Unlabeled,main_detector_targets,0,error,0,0,,0,0,gaierror,dns_failed_skipped,DNS failed before feature extraction; excluded from ML input
auth-nrsc.gov.in,auth-nrsc.gov.in,nrsc.gov.in,Indian Space Research Organisation (ISRO),Unlabeled,main_detector_targets,0,error,0,0,,0,0,gaierror,dns_failed_skipped,DNS failed before feature extraction; excluded from ML input
nrsc-auth.gov.in,nrsc-auth.gov.in,nrsc.gov.in,Indian Space Research Organisation (ISRO),Unlabeled,main_detector_targets,0,error,0,0,,0,0,gaierror,dns_failed_skipped,DNS failed before feature extraction; excluded from ML input
b4nkofbaroda.com,b4nkofbaroda.com,bankofbaroda.bank.in,Bank of Baroda,Unlabeled,main_detector_targets,0,error,0,0,,0,0,gaierror,dns_failed_skipped,DNS failed before feature extraction; excluded from ML input
bankofbar0da.com,bankofbar0da.com,bankofbaroda.bank.in,Bank of Baroda,Unlabeled,main_detector_targets,0,error,0,0,,0,0,gaierror,dns_failed_skipped,DNS failed before feature extraction; excluded from ML input
login-bankofbaroda.com,login-bankofbaroda.com,bankofbaroda.bank.in,Bank of Baroda,Unlabeled,main_detector_targets,0,error,0,0,,0,0,gaierror,dns_failed_skipped,DNS failed before feature extraction; excluded from ML input
bankofbaroda-login.com,bankofbaroda-login.com,bankofbaroda.bank.in,Bank of Baroda,Unlabeled,main_detector_targets,0,error,0,0,,0,0,gaierror,dns_failed_skipped,DNS failed before feature extraction; excluded from ML input
secure-bankofbaroda.com,secure-bankofbaroda.com,bankofbaroda.bank.in,Bank of Baroda,Unlabeled,main_detector_targets,0,error,0,0,,0,0,gaierror,dns_failed_skipped,DNS failed before feature extraction; excluded from ML input
bankofbaroda-secure.com,bankofbaroda-secure.com,bankofbaroda.bank.in,Bank of Baroda,Unlabeled,main_detector_targets,0,error,0,0,,0,0,gaierror,dns_failed_skipped,DNS failed before feature extraction; excluded from ML input
verify-bankofbaroda.com,verify-bankofbaroda.com,bankofbaroda.bank.in,Bank of Baroda,Unlabeled,main_detector_targets,0,error,0,0,,0,0,gaierror,dns_failed_skipped,DNS failed before feature extraction; excluded from ML input
bankofbaroda-verify.com,bankofbaroda-verify.com,bankofbaroda.bank.in,Bank of Baroda,Unlabeled,main_detector_targets,0,error,0,0,,0,0,gaierror,dns_failed_skipped,DNS failed before feature extraction; excluded from ML input
portal-bankofbaroda.com,portal-bankofbaroda.com,bankofbaroda.bank.in,Bank of Baroda,Unlabeled,main_detector_targets,0,error,0,0,,0,0,gaierror,dns_failed_skipped,DNS failed before feature extraction; excluded from ML input
bankofbaroda-portal.com,bankofbaroda-portal.com,bankofbaroda.bank.in,Bank of Baroda,Unlabeled,main_detector_targets,0,error,0,0,,0,0,gaierror,dns_failed_skipped,DNS failed before feature extraction; excluded from ML input
auth-bankofbaroda.com,auth-bankofbaroda.com,bankofbaroda.bank.in,Bank of Baroda,Unlabeled,main_detector_targets,0,error,0,0,,0,0,gaierror,dns_failed_skipped,DNS failed before feature extraction; excluded from ML input
bankofbaroda-auth.com,bankofbaroda-auth.com,bankofbaroda.bank.in,Bank of Baroda,Unlabeled,main_detector_targets,0,error,0,0,,0,0,gaierror,dns_failed_skipped,DNS failed before feature extraction; excluded from ML input
0rgi-sparrow.gov.in,0rgi-sparrow.gov.in,ana.crsorgi.gov.in,ana crs,Unlabeled,main_detector_targets,0,error,0,0,,0,0,gaierror,dns_failed_skipped,DNS failed before feature extraction; excluded from ML input
org1-sparrow.gov.in,org1-sparrow.gov.in,ana.crsorgi.gov.in,ana crs,Unlabeled,main_detector_targets,0,error,0,0,,0,0,gaierror,dns_failed_skipped,DNS failed before feature extraction; excluded from ML input
orgl-sparrow.gov.in,orgl-sparrow.gov.in,ana.crsorgi.gov.in,ana crs,Unlabeled,main_detector_targets,0,error,0,0,,0,0,gaierror,dns_failed_skipped,DNS failed before feature extraction; excluded from ML input
orgi-5parrow.gov.in,orgi-5parrow.gov.in,ana.crsorgi.gov.in,ana crs,Unlabeled,main_detector_targets,0,error,0,0,,0,0,gaierror,dns_failed_skipped,DNS failed before feature extraction; excluded from ML input
orgi-sp4rrow.gov.in,orgi-sp4rrow.gov.in,ana.crsorgi.gov.in,ana crs,Unlabeled,main_detector_targets,0,error,0,0,,0,0,gaierror,dns_failed_skipped,DNS failed before feature extraction; excluded from ML input
orgi-sparr0w.gov.in,orgi-sparr0w.gov.in,ana.crsorgi.gov.in,ana crs,Unlabeled,main_detector_targets,0,error,0,0,,0,0,gaierror,dns_failed_skipped,DNS failed before feature extraction; excluded from ML input
login-orgi-sparrow.gov.in,login-orgi-sparrow.gov.in,ana.crsorgi.gov.in,ana crs,Unlabeled,main_detector_targets,0,error,0,0,,0,0,gaierror,dns_failed_skipped,DNS failed before feature extraction; excluded from ML input
orgi-sparrow-login.gov.in,orgi-sparrow-login.gov.in,ana.crsorgi.gov.in,ana crs,Unlabeled,main_detector_targets,0,error,0,0,,0,0,gaierror,dns_failed_skipped,DNS failed before feature extraction; excluded from ML input
secure-orgi-sparrow.gov.in,secure-orgi-sparrow.gov.in,ana.crsorgi.gov.in,ana crs,Unlabeled,main_detector_targets,0,error,0,0,,0,0,gaierror,dns_failed_skipped,DNS failed before feature extraction; excluded from ML input
orgi-sparrow-secure.gov.in,orgi-sparrow-secure.gov.in,ana.crsorgi.gov.in,ana crs,Unlabeled,main_detector_targets,0,error,0,0,,0,0,gaierror,dns_failed_skipped,DNS failed before feature extraction; excluded from ML input
verify-orgi-sparrow.gov.in,verify-orgi-sparrow.gov.in,ana.crsorgi.gov.in,ana crs,Unlabeled,main_detector_targets,0,error,0,0,,0,0,gaierror,dns_failed_skipped,DNS failed before feature extraction; excluded from ML input
orgi-sparrow-verify.gov.in,orgi-sparrow-verify.gov.in,ana.crsorgi.gov.in,ana crs,Unlabeled,main_detector_targets,0,error,0,0,,0,0,gaierror,dns_failed_skipped,DNS failed before feature extraction; excluded from ML input
portal-orgi-sparrow.gov.in,portal-orgi-sparrow.gov.in,ana.crsorgi.gov.in,ana crs,Unlabeled,main_detector_targets,0,error,0,0,,0,0,gaierror,dns_failed_skipped,DNS failed before feature extraction; excluded from ML input
orgi-sparrow-portal.gov.in,orgi-sparrow-portal.gov.in,ana.crsorgi.gov.in,ana crs,Unlabeled,main_detector_targets,0,error,0,0,,0,0,gaierror,dns_failed_skipped,DNS failed before feature extraction; excluded from ML input
auth-orgi-sparrow.gov.in,auth-orgi-sparrow.gov.in,ana.crsorgi.gov.in,ana crs,Unlabeled,main_detector_targets,0,error,0,0,,0,0,gaierror,dns_failed_skipped,DNS failed before feature extraction; excluded from ML input
orgi-sparrow-auth.gov.in,orgi-sparrow-auth.gov.in,ana.crsorgi.gov.in,ana crs,Unlabeled,main_detector_targets,0,error,0,0,,0,0,gaierror,dns_failed_skipped,DNS failed before feature extraction; excluded from ML input
p4rivahan.gov.in,p4rivahan.gov.in,parivahan.gov.in,parivahan sewa,Unlabeled,main_detector_targets,0,error,0,0,,0,0,gaierror,dns_failed_skipped,DNS failed before feature extraction; excluded from ML input
par1vahan.gov.in,par1vahan.gov.in,parivahan.gov.in,parivahan sewa,Unlabeled,main_detector_targets,0,error,0,0,,0,0,gaierror,dns_failed_skipped,DNS failed before feature extraction; excluded from ML input
parlvahan.gov.in,parlvahan.gov.in,parivahan.gov.in,parivahan sewa,Unlabeled,main_detector_targets,0,error,0,0,,0,0,gaierror,dns_failed_skipped,DNS failed before feature extraction; excluded from ML input
login-parivahan.gov.in,login-parivahan.gov.in,parivahan.gov.in,parivahan sewa,Unlabeled,main_detector_targets,0,error,0,0,,0,0,gaierror,dns_failed_skipped,DNS failed before feature extraction; excluded from ML input
parivahan-login.gov.in,parivahan-login.gov.in,parivahan.gov.in,parivahan sewa,Unlabeled,main_detector_targets,0,error,0,0,,0,0,gaierror,dns_failed_skipped,DNS failed before feature extraction; excluded from ML input
secure-parivahan.gov.in,secure-parivahan.gov.in,parivahan.gov.in,parivahan sewa,Unlabeled,main_detector_targets,0,error,0,0,,0,0,gaierror,dns_failed_skipped,DNS failed before feature extraction; excluded from ML input
parivahan-secure.gov.in,parivahan-secure.gov.in,parivahan.gov.in,parivahan sewa,Unlabeled,main_detector_targets,0,error,0,0,,0,0,gaierror,dns_failed_skipped,DNS failed before feature extraction; excluded from ML input
verify-parivahan.gov.in,verify-parivahan.gov.in,parivahan.gov.in,parivahan sewa,Unlabeled,main_detector_targets,0,error,0,0,,0,0,gaierror,dns_failed_skipped,DNS failed before feature extraction; excluded from ML input
parivahan-verify.gov.in,parivahan-verify.gov.in,parivahan.gov.in,parivahan sewa,Unlabeled,main_detector_targets,0,error,0,0,,0,0,gaierror,dns_failed_skipped,DNS failed before feature extraction; excluded from ML input
portal-parivahan.gov.in,portal-parivahan.gov.in,parivahan.gov.in,parivahan sewa,Unlabeled,main_detector_targets,0,error,0,0,,0,0,gaierror,dns_failed_skipped,DNS failed before feature extraction; excluded from ML input
parivahan-portal.gov.in,parivahan-portal.gov.in,parivahan.gov.in,parivahan sewa,Unlabeled,main_detector_targets,0,error,0,0,,0,0,gaierror,dns_failed_skipped,DNS failed before feature extraction; excluded from ML input
auth-parivahan.gov.in,auth-parivahan.gov.in,parivahan.gov.in,parivahan sewa,Unlabeled,main_detector_targets,0,error,0,0,,0,0,gaierror,dns_failed_skipped,DNS failed before feature extraction; excluded from ML input
parivahan-auth.gov.in,parivahan-auth.gov.in,parivahan.gov.in,parivahan sewa,Unlabeled,main_detector_targets,0,error,0,0,,0,0,gaierror,dns_failed_skipped,DNS failed before feature extraction; excluded from ML input
pnb1ndia.in,pnb1ndia.in,netpnb.com,Punjab National Bank (PNB),Unlabeled,main_detector_targets,0,error,0,0,,0,0,gaierror,dns_failed_skipped,DNS failed before feature extraction; excluded from ML input
pnblndia.in,pnblndia.in,netpnb.com,Punjab National Bank (PNB),Unlabeled,main_detector_targets,0,error,0,0,,0,0,gaierror,dns_failed_skipped,DNS failed before feature extraction; excluded from ML input
pnbind1a.in,pnbind1a.in,netpnb.com,Punjab National Bank (PNB),Unlabeled,main_detector_targets,0,error,0,0,,0,0,gaierror,dns_failed_skipped,DNS failed before feature extraction; excluded from ML input
pnbindla.in,pnbindla.in,netpnb.com,Punjab National Bank (PNB),Unlabeled,main_detector_targets,0,error,0,0,,0,0,gaierror,dns_failed_skipped,DNS failed before feature extraction; excluded from ML input
pnbindi4.in,pnbindi4.in,netpnb.com,Punjab National Bank (PNB),Unlabeled,main_detector_targets,0,error,0,0,,0,0,gaierror,dns_failed_skipped,DNS failed before feature extraction; excluded from ML input
login-pnbindia.in,login-pnbindia.in,netpnb.com,Punjab National Bank (PNB),Unlabeled,main_detector_targets,0,error,0,0,,0,0,gaierror,dns_failed_skipped,DNS failed before feature extraction; excluded from ML input
pnbindia-login.in,pnbindia-login.in,netpnb.com,Punjab National Bank (PNB),Unlabeled,main_detector_targets,0,error,0,0,,0,0,gaierror,dns_failed_skipped,DNS failed before feature extraction; excluded from ML input
secure-pnbindia.in,secure-pnbindia.in,netpnb.com,Punjab National Bank (PNB),Unlabeled,main_detector_targets,0,error,0,0,,0,0,gaierror,dns_failed_skipped,DNS failed before feature extraction; excluded from ML input
pnbindia-secure.in,pnbindia-secure.in,netpnb.com,Punjab National Bank (PNB),Unlabeled,main_detector_targets,0,error,0,0,,0,0,gaierror,dns_failed_skipped,DNS failed before feature extraction; excluded from ML input
verify-pnbindia.in,verify-pnbindia.in,netpnb.com,Punjab National Bank (PNB),Unlabeled,main_detector_targets,0,error,0,0,,0,0,gaierror,dns_failed_skipped,DNS failed before feature extraction; excluded from ML input
pnbindia-verify.in,pnbindia-verify.in,netpnb.com,Punjab National Bank (PNB),Unlabeled,main_detector_targets,0,error,0,0,,0,0,gaierror,dns_failed_skipped,DNS failed before feature extraction; excluded from ML input
portal-pnbindia.in,portal-pnbindia.in,netpnb.com,Punjab National Bank (PNB),Unlabeled,main_detector_targets,0,error,0,0,,0,0,gaierror,dns_failed_skipped,DNS failed before feature extraction; excluded from ML input
pnbindia-portal.in,pnbindia-portal.in,netpnb.com,Punjab National Bank (PNB),Unlabeled,main_detector_targets,0,error,0,0,,0,0,gaierror,dns_failed_skipped,DNS failed before feature extraction; excluded from ML input
auth-pnbindia.in,auth-pnbindia.in,netpnb.com,Punjab National Bank (PNB),Unlabeled,main_detector_targets,0,error,0,0,,0,0,gaierror,dns_failed_skipped,DNS failed before feature extraction; excluded from ML input
pnbindia-auth.in,pnbindia-auth.in,netpnb.com,Punjab National Bank (PNB),Unlabeled,main_detector_targets,0,error,0,0,,0,0,gaierror,dns_failed_skipped,DNS failed before feature extraction; excluded from ML input
pnb1nt.com,pnb1nt.com,netpnb.com,Punjab National Bank (PNB),Unlabeled,main_detector_targets,0,error,0,0,,0,0,gaierror,dns_failed_skipped,DNS failed before feature extraction; excluded from ML input
pnblnt.com,pnblnt.com,netpnb.com,Punjab National Bank (PNB),Unlabeled,main_detector_targets,0,error,0,0,,0,0,gaierror,dns_failed_skipped,DNS failed before feature extraction; excluded from ML input
login-pnbint.com,login-pnbint.com,netpnb.com,Punjab National Bank (PNB),Unlabeled,main_detector_targets,0,error,0,0,,0,0,gaierror,dns_failed_skipped,DNS failed before feature extraction; excluded from ML input
pnbint-login.com,pnbint-login.com,netpnb.com,Punjab National Bank (PNB),Unlabeled,main_detector_targets,0,error,0,0,,0,0,gaierror,dns_failed_skipped,DNS failed before feature extraction; excluded from ML input
secure-pnbint.com,secure-pnbint.com,netpnb.com,Punjab National Bank (PNB),Unlabeled,main_detector_targets,0,error,0,0,,0,0,gaierror,dns_failed_skipped,DNS failed before feature extraction; excluded from ML input
pnbint-secure.com,pnbint-secure.com,netpnb.com,Punjab National Bank (PNB),Unlabeled,main_detector_targets,0,error,0,0,,0,0,gaierror,dns_failed_skipped,DNS failed before feature extraction; excluded from ML input
verify-pnbint.com,verify-pnbint.com,netpnb.com,Punjab National Bank (PNB),Unlabeled,main_detector_targets,0,error,0,0,,0,0,gaierror,dns_failed_skipped,DNS failed before feature extraction; excluded from ML input
pnbint-verify.com,pnbint-verify.com,netpnb.com,Punjab National Bank (PNB),Unlabeled,main_detector_targets,0,error,0,0,,0,0,gaierror,dns_failed_skipped,DNS failed before feature extraction; excluded from ML input
portal-pnbint.com,portal-pnbint.com,netpnb.com,Punjab National Bank (PNB),Unlabeled,main_detector_targets,0,error,0,0,,0,0,gaierror,dns_failed_skipped,DNS failed before feature extraction; excluded from ML input
pnbint-portal.com,pnbint-portal.com,netpnb.com,Punjab National Bank (PNB),Unlabeled,main_detector_targets,0,error,0,0,,0,0,gaierror,dns_failed_skipped,DNS failed before feature extraction; excluded from ML input
auth-pnbint.com,auth-pnbint.com,netpnb.com,Punjab National Bank (PNB),Unlabeled,main_detector_targets,0,error,0,0,,0,0,gaierror,dns_failed_skipped,DNS failed before feature extraction; excluded from ML input
pnbint-auth.com,pnbint-auth.com,netpnb.com,Punjab National Bank (PNB),Unlabeled,main_detector_targets,0,error,0,0,,0,0,gaierror,dns_failed_skipped,DNS failed before feature extraction; excluded from ML input
login-bsnl.in,login-bsnl.in,bsnl.co.in,Bharat Sanchar Nigam Limited (BSNL),Unlabeled,main_detector_targets,0,error,0,0,,0,0,gaierror,dns_failed_skipped,DNS failed before feature extraction; excluded from ML input
bsnl-login.in,bsnl-login.in,bsnl.co.in,Bharat Sanchar Nigam Limited (BSNL),Unlabeled,main_detector_targets,0,error,0,0,,0,0,gaierror,dns_failed_skipped,DNS failed before feature extraction; excluded from ML input
secure-bsnl.in,secure-bsnl.in,bsnl.co.in,Bharat Sanchar Nigam Limited (BSNL),Unlabeled,main_detector_targets,0,error,0,0,,0,0,gaierror,dns_failed_skipped,DNS failed before feature extraction; excluded from ML input
bsnl-secure.in,bsnl-secure.in,bsnl.co.in,Bharat Sanchar Nigam Limited (BSNL),Unlabeled,main_detector_targets,0,error,0,0,,0,0,gaierror,dns_failed_skipped,DNS failed before feature extraction; excluded from ML input
verify-bsnl.in,verify-bsnl.in,bsnl.co.in,Bharat Sanchar Nigam Limited (BSNL),Unlabeled,main_detector_targets,0,error,0,0,,0,0,gaierror,dns_failed_skipped,DNS failed before feature extraction; excluded from ML input
bsnl-verify.in,bsnl-verify.in,bsnl.co.in,Bharat Sanchar Nigam Limited (BSNL),Unlabeled,main_detector_targets,0,error,0,0,,0,0,gaierror,dns_failed_skipped,DNS failed before feature extraction; excluded from ML input
portal-bsnl.in,portal-bsnl.in,bsnl.co.in,Bharat Sanchar Nigam Limited (BSNL),Unlabeled,main_detector_targets,0,error,0,0,,0,0,gaierror,dns_failed_skipped,DNS failed before feature extraction; excluded from ML input
bsnl-portal.in,bsnl-portal.in,bsnl.co.in,Bharat Sanchar Nigam Limited (BSNL),Unlabeled,main_detector_targets,0,error,0,0,,0,0,gaierror,dns_failed_skipped,DNS failed before feature extraction; excluded from ML input
auth-bsnl.in,auth-bsnl.in,bsnl.co.in,Bharat Sanchar Nigam Limited (BSNL),Unlabeled,main_detector_targets,0,error,0,0,,0,0,gaierror,dns_failed_skipped,DNS failed before feature extraction; excluded from ML input
bsnl-auth.in,bsnl-auth.in,bsnl.co.in,Bharat Sanchar Nigam Limited (BSNL),Unlabeled,main_detector_targets,0,error,0,0,,0,0,gaierror,dns_failed_skipped,DNS failed before feature extraction; excluded from ML input
rb1.org.in,rb1.org.in,rbi.org.in,Reserve Bank of India (RBI),Unlabeled,main_detector_targets,0,error,0,0,,0,0,gaierror,dns_failed_skipped,DNS failed before feature extraction; excluded from ML input
rbl.org.in,rbl.org.in,rbi.org.in,Reserve Bank of India (RBI),Unlabeled,main_detector_targets,0,error,0,0,,0,0,gaierror,dns_failed_skipped,DNS failed before feature extraction; excluded from ML input
login-rbi.org.in,login-rbi.org.in,rbi.org.in,Reserve Bank of India (RBI),Unlabeled,main_detector_targets,0,error,0,0,,0,0,gaierror,dns_failed_skipped,DNS failed before feature extraction; excluded from ML input
rbi-login.org.in,rbi-login.org.in,rbi.org.in,Reserve Bank of India (RBI),Unlabeled,main_detector_targets,0,error,0,0,,0,0,gaierror,dns_failed_skipped,DNS failed before feature extraction; excluded from ML input
secure-rbi.org.in,secure-rbi.org.in,rbi.org.in,Reserve Bank of India (RBI),Unlabeled,main_detector_targets,0,error,0,0,,0,0,gaierror,dns_failed_skipped,DNS failed before feature extraction; excluded from ML input
rbi-secure.org.in,rbi-secure.org.in,rbi.org.in,Reserve Bank of India (RBI),Unlabeled,main_detector_targets,0,error,0,0,,0,0,gaierror,dns_failed_skipped,DNS failed before feature extraction; excluded from ML input
verify-rbi.org.in,verify-rbi.org.in,rbi.org.in,Reserve Bank of India (RBI),Unlabeled,main_detector_targets,0,error,0,0,,0,0,gaierror,dns_failed_skipped,DNS failed before feature extraction; excluded from ML input
rbi-verify.org.in,rbi-verify.org.in,rbi.org.in,Reserve Bank of India (RBI),Unlabeled,main_detector_targets,0,error,0,0,,0,0,gaierror,dns_failed_skipped,DNS failed before feature extraction; excluded from ML input
portal-rbi.org.in,portal-rbi.org.in,rbi.org.in,Reserve Bank of India (RBI),Unlabeled,main_detector_targets,0,error,0,0,,0,0,gaierror,dns_failed_skipped,DNS failed before feature extraction; excluded from ML input
rbi-portal.org.in,rbi-portal.org.in,rbi.org.in,Reserve Bank of India (RBI),Unlabeled,main_detector_targets,0,error,0,0,,0,0,gaierror,dns_failed_skipped,DNS failed before feature extraction; excluded from ML input
auth-rbi.org.in,auth-rbi.org.in,rbi.org.in,Reserve Bank of India (RBI),Unlabeled,main_detector_targets,0,error,0,0,,0,0,gaierror,dns_failed_skipped,DNS failed before feature extraction; excluded from ML input
rbi-auth.org.in,rbi-auth.org.in,rbi.org.in,Reserve Bank of India (RBI),Unlabeled,main_detector_targets,0,error,0,0,,0,0,gaierror,dns_failed_skipped,DNS failed before feature extraction; excluded from ML input
reb1t.org.in,reb1t.org.in,rebit.org.in,Reserve Bank of India (RBI),Unlabeled,main_detector_targets,0,error,0,0,,0,0,gaierror,dns_failed_skipped,DNS failed before feature extraction; excluded from ML input
reblt.org.in,reblt.org.in,rebit.org.in,Reserve Bank of India (RBI),Unlabeled,main_detector_targets,0,error,0,0,,0,0,gaierror,dns_failed_skipped,DNS failed before feature extraction; excluded from ML input
login-rebit.org.in,login-rebit.org.in,rebit.org.in,Reserve Bank of India (RBI),Unlabeled,main_detector_targets,0,error,0,0,,0,0,gaierror,dns_failed_skipped,DNS failed before feature extraction; excluded from ML input
rebit-login.org.in,rebit-login.org.in,rebit.org.in,Reserve Bank of India (RBI),Unlabeled,main_detector_targets,0,error,0,0,,0,0,gaierror,dns_failed_skipped,DNS failed before feature extraction; excluded from ML input
secure-rebit.org.in,secure-rebit.org.in,rebit.org.in,Reserve Bank of India (RBI),Unlabeled,main_detector_targets,0,error,0,0,,0,0,gaierror,dns_failed_skipped,DNS failed before feature extraction; excluded from ML input
rebit-secure.org.in,rebit-secure.org.in,rebit.org.in,Reserve Bank of India (RBI),Unlabeled,main_detector_targets,0,error,0,0,,0,0,gaierror,dns_failed_skipped,DNS failed before feature extraction; excluded from ML input
verify-rebit.org.in,verify-rebit.org.in,rebit.org.in,Reserve Bank of India (RBI),Unlabeled,main_detector_targets,0,error,0,0,,0,0,gaierror,dns_failed_skipped,DNS failed before feature extraction; excluded from ML input
rebit-verify.org.in,rebit-verify.org.in,rebit.org.in,Reserve Bank of India (RBI),Unlabeled,main_detector_targets,0,error,0,0,,0,0,gaierror,dns_failed_skipped,DNS failed before feature extraction; excluded from ML input
portal-rebit.org.in,portal-rebit.org.in,rebit.org.in,Reserve Bank of India (RBI),Unlabeled,main_detector_targets,0,error,0,0,,0,0,gaierror,dns_failed_skipped,DNS failed before feature extraction; excluded from ML input
rebit-portal.org.in,rebit-portal.org.in,rebit.org.in,Reserve Bank of India (RBI),Unlabeled,main_detector_targets,0,error,0,0,,0,0,gaierror,dns_failed_skipped,DNS failed before feature extraction; excluded from ML input
auth-rebit.org.in,auth-rebit.org.in,rebit.org.in,Reserve Bank of India (RBI),Unlabeled,main_detector_targets,0,error,0,0,,0,0,gaierror,dns_failed_skipped,DNS failed before feature extraction; excluded from ML input
rebit-auth.org.in,rebit-auth.org.in,rebit.org.in,Reserve Bank of India (RBI),Unlabeled,main_detector_targets,0,error,0,0,,0,0,gaierror,dns_failed_skipped,DNS failed before feature extraction; excluded from ML input
login-sac.gov.in,login-sac.gov.in,sac.gov.in,Indian Space Research Organisation (ISRO),Unlabeled,main_detector_targets,0,error,0,0,,0,0,gaierror,dns_failed_skipped,DNS failed before feature extraction; excluded from ML input
sac-login.gov.in,sac-login.gov.in,sac.gov.in,Indian Space Research Organisation (ISRO),Unlabeled,main_detector_targets,0,error,0,0,,0,0,gaierror,dns_failed_skipped,DNS failed before feature extraction; excluded from ML input
secure-sac.gov.in,secure-sac.gov.in,sac.gov.in,Indian Space Research Organisation (ISRO),Unlabeled,main_detector_targets,0,error,0,0,,0,0,gaierror,dns_failed_skipped,DNS failed before feature extraction; excluded from ML input
sac-secure.gov.in,sac-secure.gov.in,sac.gov.in,Indian Space Research Organisation (ISRO),Unlabeled,main_detector_targets,0,error,0,0,,0,0,gaierror,dns_failed_skipped,DNS failed before feature extraction; excluded from ML input
verify-sac.gov.in,verify-sac.gov.in,sac.gov.in,Indian Space Research Organisation (ISRO),Unlabeled,main_detector_targets,0,error,0,0,,0,0,gaierror,dns_failed_skipped,DNS failed before feature extraction; excluded from ML input
sac-verify.gov.in,sac-verify.gov.in,sac.gov.in,Indian Space Research Organisation (ISRO),Unlabeled,main_detector_targets,0,error,0,0,,0,0,gaierror,dns_failed_skipped,DNS failed before feature extraction; excluded from ML input
portal-sac.gov.in,portal-sac.gov.in,sac.gov.in,Indian Space Research Organisation (ISRO),Unlabeled,main_detector_targets,0,error,0,0,,0,0,gaierror,dns_failed_skipped,DNS failed before feature extraction; excluded from ML input
sac-portal.gov.in,sac-portal.gov.in,sac.gov.in,Indian Space Research Organisation (ISRO),Unlabeled,main_detector_targets,0,error,0,0,,0,0,gaierror,dns_failed_skipped,DNS failed before feature extraction; excluded from ML input
auth-sac.gov.in,auth-sac.gov.in,sac.gov.in,Indian Space Research Organisation (ISRO),Unlabeled,main_detector_targets,0,error,0,0,,0,0,gaierror,dns_failed_skipped,DNS failed before feature extraction; excluded from ML input
sac-auth.gov.in,sac-auth.gov.in,sac.gov.in,Indian Space Research Organisation (ISRO),Unlabeled,main_detector_targets,0,error,0,0,,0,0,gaierror,dns_failed_skipped,DNS failed before feature extraction; excluded from ML input
sb1.co.in,sb1.co.in,corp.onlinesbi.sbi,State Bank of India (SBI),Unlabeled,main_detector_targets,0,error,0,0,,0,0,gaierror,dns_failed_skipped,DNS failed before feature extraction; excluded from ML input
login-sbi.co.in,login-sbi.co.in,corp.onlinesbi.sbi,State Bank of India (SBI),Unlabeled,main_detector_targets,0,error,0,0,,0,0,gaierror,dns_failed_skipped,DNS failed before feature extraction; excluded from ML input
sbi-login.co.in,sbi-login.co.in,corp.onlinesbi.sbi,State Bank of India (SBI),Unlabeled,main_detector_targets,0,error,0,0,,0,0,gaierror,dns_failed_skipped,DNS failed before feature extraction; excluded from ML input
secure-sbi.co.in,secure-sbi.co.in,corp.onlinesbi.sbi,State Bank of India (SBI),Unlabeled,main_detector_targets,0,error,0,0,,0,0,gaierror,dns_failed_skipped,DNS failed before feature extraction; excluded from ML input
sbi-secure.co.in,sbi-secure.co.in,corp.onlinesbi.sbi,State Bank of India (SBI),Unlabeled,main_detector_targets,0,error,0,0,,0,0,gaierror,dns_failed_skipped,DNS failed before feature extraction; excluded from ML input
verify-sbi.co.in,verify-sbi.co.in,corp.onlinesbi.sbi,State Bank of India (SBI),Unlabeled,main_detector_targets,0,error,0,0,,0,0,gaierror,dns_failed_skipped,DNS failed before feature extraction; excluded from ML input
sbi-verify.co.in,sbi-verify.co.in,corp.onlinesbi.sbi,State Bank of India (SBI),Unlabeled,main_detector_targets,0,error,0,0,,0,0,gaierror,dns_failed_skipped,DNS failed before feature extraction; excluded from ML input
portal-sbi.co.in,portal-sbi.co.in,corp.onlinesbi.sbi,State Bank of India (SBI),Unlabeled,main_detector_targets,0,error,0,0,,0,0,gaierror,dns_failed_skipped,DNS failed before feature extraction; excluded from ML input
sbi-portal.co.in,sbi-portal.co.in,corp.onlinesbi.sbi,State Bank of India (SBI),Unlabeled,main_detector_targets,0,error,0,0,,0,0,gaierror,dns_failed_skipped,DNS failed before feature extraction; excluded from ML input
auth-sbi.co.in,auth-sbi.co.in,corp.onlinesbi.sbi,State Bank of India (SBI),Unlabeled,main_detector_targets,0,error,0,0,,0,0,gaierror,dns_failed_skipped,DNS failed before feature extraction; excluded from ML input
sbi-auth.co.in,sbi-auth.co.in,corp.onlinesbi.sbi,State Bank of India (SBI),Unlabeled,main_detector_targets,0,error,0,0,,0,0,gaierror,dns_failed_skipped,DNS failed before feature extraction; excluded from ML input
sb1card.com,sb1card.com,corp.onlinesbi.sbi,State Bank of India (SBI),Unlabeled,main_detector_targets,0,error,0,0,,0,0,gaierror,dns_failed_skipped,DNS failed before feature extraction; excluded from ML input
sblcard.com,sblcard.com,corp.onlinesbi.sbi,State Bank of India (SBI),Unlabeled,main_detector_targets,0,error,0,0,,0,0,gaierror,dns_failed_skipped,DNS failed before feature extraction; excluded from ML input
sbic4rd.com,sbic4rd.com,corp.onlinesbi.sbi,State Bank of India (SBI),Unlabeled,main_detector_targets,0,error,0,0,,0,0,gaierror,dns_failed_skipped,DNS failed before feature extraction; excluded from ML input
login-sbicard.com,login-sbicard.com,corp.onlinesbi.sbi,State Bank of India (SBI),Unlabeled,main_detector_targets,0,error,0,0,,0,0,gaierror,dns_failed_skipped,DNS failed before feature extraction; excluded from ML input
sbicard-login.com,sbicard-login.com,corp.onlinesbi.sbi,State Bank of India (SBI),Unlabeled,main_detector_targets,0,error,0,0,,0,0,gaierror,dns_failed_skipped,DNS failed before feature extraction; excluded from ML input
secure-sbicard.com,secure-sbicard.com,corp.onlinesbi.sbi,State Bank of India (SBI),Unlabeled,main_detector_targets,0,error,0,0,,0,0,gaierror,dns_failed_skipped,DNS failed before feature extraction; excluded from ML input
sbicard-secure.com,sbicard-secure.com,corp.onlinesbi.sbi,State Bank of India (SBI),Unlabeled,main_detector_targets,0,error,0,0,,0,0,gaierror,dns_failed_skipped,DNS failed before feature extraction; excluded from ML input
verify-sbicard.com,verify-sbicard.com,corp.onlinesbi.sbi,State Bank of India (SBI),Unlabeled,main_detector_targets,0,error,0,0,,0,0,gaierror,dns_failed_skipped,DNS failed before feature extraction; excluded from ML input
sbicard-verify.com,sbicard-verify.com,corp.onlinesbi.sbi,State Bank of India (SBI),Unlabeled,main_detector_targets,0,error,0,0,,0,0,gaierror,dns_failed_skipped,DNS failed before feature extraction; excluded from ML input
portal-sbicard.com,portal-sbicard.com,corp.onlinesbi.sbi,State Bank of India (SBI),Unlabeled,main_detector_targets,0,error,0,0,,0,0,gaierror,dns_failed_skipped,DNS failed before feature extraction; excluded from ML input
sbicard-portal.com,sbicard-portal.com,corp.onlinesbi.sbi,State Bank of India (SBI),Unlabeled,main_detector_targets,0,error,0,0,,0,0,gaierror,dns_failed_skipped,DNS failed before feature extraction; excluded from ML input
auth-sbicard.com,auth-sbicard.com,corp.onlinesbi.sbi,State Bank of India (SBI),Unlabeled,main_detector_targets,0,error,0,0,,0,0,gaierror,dns_failed_skipped,DNS failed before feature extraction; excluded from ML input
sbicard-auth.com,sbicard-auth.com,corp.onlinesbi.sbi,State Bank of India (SBI),Unlabeled,main_detector_targets,0,error,0,0,,0,0,gaierror,dns_failed_skipped,DNS failed before feature extraction; excluded from ML input
sb1life.co.in,sb1life.co.in,corp.onlinesbi.sbi,State Bank of India (SBI),Unlabeled,main_detector_targets,0,error,0,0,,0,0,gaierror,dns_failed_skipped,DNS failed before feature extraction; excluded from ML input
sbllife.co.in,sbllife.co.in,corp.onlinesbi.sbi,State Bank of India (SBI),Unlabeled,main_detector_targets,0,error,0,0,,0,0,gaierror,dns_failed_skipped,DNS failed before feature extraction; excluded from ML input
sbil1fe.co.in,sbil1fe.co.in,corp.onlinesbi.sbi,State Bank of India (SBI),Unlabeled,main_detector_targets,0,error,0,0,,0,0,gaierror,dns_failed_skipped,DNS failed before feature extraction; excluded from ML input
sbillfe.co.in,sbillfe.co.in,corp.onlinesbi.sbi,State Bank of India (SBI),Unlabeled,main_detector_targets,0,error,0,0,,0,0,gaierror,dns_failed_skipped,DNS failed before feature extraction; excluded from ML input
sbilif3.co.in,sbilif3.co.in,corp.onlinesbi.sbi,State Bank of India (SBI),Unlabeled,main_detector_targets,0,error,0,0,,0,0,gaierror,dns_failed_skipped,DNS failed before feature extraction; excluded from ML input
login-sbilife.co.in,login-sbilife.co.in,corp.onlinesbi.sbi,State Bank of India (SBI),Unlabeled,main_detector_targets,0,error,0,0,,0,0,gaierror,dns_failed_skipped,DNS failed before feature extraction; excluded from ML input
sbilife-login.co.in,sbilife-login.co.in,corp.onlinesbi.sbi,State Bank of India (SBI),Unlabeled,main_detector_targets,0,error,0,0,,0,0,gaierror,dns_failed_skipped,DNS failed before feature extraction; excluded from ML input
secure-sbilife.co.in,secure-sbilife.co.in,corp.onlinesbi.sbi,State Bank of India (SBI),Unlabeled,main_detector_targets,0,error,0,0,,0,0,gaierror,dns_failed_skipped,DNS failed before feature extraction; excluded from ML input
sbilife-secure.co.in,sbilife-secure.co.in,corp.onlinesbi.sbi,State Bank of India (SBI),Unlabeled,main_detector_targets,0,error,0,0,,0,0,gaierror,dns_failed_skipped,DNS failed before feature extraction; excluded from ML input
verify-sbilife.co.in,verify-sbilife.co.in,corp.onlinesbi.sbi,State Bank of India (SBI),Unlabeled,main_detector_targets,0,error,0,0,,0,0,gaierror,dns_failed_skipped,DNS failed before feature extraction; excluded from ML input
sbilife-verify.co.in,sbilife-verify.co.in,corp.onlinesbi.sbi,State Bank of India (SBI),Unlabeled,main_detector_targets,0,error,0,0,,0,0,gaierror,dns_failed_skipped,DNS failed before feature extraction; excluded from ML input
portal-sbilife.co.in,portal-sbilife.co.in,corp.onlinesbi.sbi,State Bank of India (SBI),Unlabeled,main_detector_targets,0,error,0,0,,0,0,gaierror,dns_failed_skipped,DNS failed before feature extraction; excluded from ML input
sbilife-portal.co.in,sbilife-portal.co.in,corp.onlinesbi.sbi,State Bank of India (SBI),Unlabeled,main_detector_targets,0,error,0,0,,0,0,gaierror,dns_failed_skipped,DNS failed before feature extraction; excluded from ML input
auth-sbilife.co.in,auth-sbilife.co.in,corp.onlinesbi.sbi,State Bank of India (SBI),Unlabeled,main_detector_targets,0,error,0,0,,0,0,gaierror,dns_failed_skipped,DNS failed before feature extraction; excluded from ML input
sbilife-auth.co.in,sbilife-auth.co.in,corp.onlinesbi.sbi,State Bank of India (SBI),Unlabeled,main_detector_targets,0,error,0,0,,0,0,gaierror,dns_failed_skipped,DNS failed before feature extraction; excluded from ML input
sb1mf.com,sb1mf.com,corp.onlinesbi.sbi,State Bank of India (SBI),Unlabeled,main_detector_targets,0,error,0,0,,0,0,gaierror,dns_failed_skipped,DNS failed before feature extraction; excluded from ML input
sblmf.com,sblmf.com,corp.onlinesbi.sbi,State Bank of India (SBI),Unlabeled,main_detector_targets,0,error,0,0,,0,0,gaierror,dns_failed_skipped,DNS failed before feature extraction; excluded from ML input
login-sbimf.com,login-sbimf.com,corp.onlinesbi.sbi,State Bank of India (SBI),Unlabeled,main_detector_targets,0,error,0,0,,0,0,gaierror,dns_failed_skipped,DNS failed before feature extraction; excluded from ML input
sbimf-login.com,sbimf-login.com,corp.onlinesbi.sbi,State Bank of India (SBI),Unlabeled,main_detector_targets,0,error,0,0,,0,0,gaierror,dns_failed_skipped,DNS failed before feature extraction; excluded from ML input
secure-sbimf.com,secure-sbimf.com,corp.onlinesbi.sbi,State Bank of India (SBI),Unlabeled,main_detector_targets,0,error,0,0,,0,0,gaierror,dns_failed_skipped,DNS failed before feature extraction; excluded from ML input
sbimf-secure.com,sbimf-secure.com,corp.onlinesbi.sbi,State Bank of India (SBI),Unlabeled,main_detector_targets,0,error,0,0,,0,0,gaierror,dns_failed_skipped,DNS failed before feature extraction; excluded from ML input
verify-sbimf.com,verify-sbimf.com,corp.onlinesbi.sbi,State Bank of India (SBI),Unlabeled,main_detector_targets,0,error,0,0,,0,0,gaierror,dns_failed_skipped,DNS failed before feature extraction; excluded from ML input
sbimf-verify.com,sbimf-verify.com,corp.onlinesbi.sbi,State Bank of India (SBI),Unlabeled,main_detector_targets,0,error,0,0,,0,0,gaierror,dns_failed_skipped,DNS failed before feature extraction; excluded from ML input
portal-sbimf.com,portal-sbimf.com,corp.onlinesbi.sbi,State Bank of India (SBI),Unlabeled,main_detector_targets,0,error,0,0,,0,0,gaierror,dns_failed_skipped,DNS failed before feature extraction; excluded from ML input
sbimf-portal.com,sbimf-portal.com,corp.onlinesbi.sbi,State Bank of India (SBI),Unlabeled,main_detector_targets,0,error,0,0,,0,0,gaierror,dns_failed_skipped,DNS failed before feature extraction; excluded from ML input
auth-sbimf.com,auth-sbimf.com,corp.onlinesbi.sbi,State Bank of India (SBI),Unlabeled,main_detector_targets,0,error,0,0,,0,0,gaierror,dns_failed_skipped,DNS failed before feature extraction; excluded from ML input
sbimf-auth.com,sbimf-auth.com,corp.onlinesbi.sbi,State Bank of India (SBI),Unlabeled,main_detector_targets,0,error,0,0,,0,0,gaierror,dns_failed_skipped,DNS failed before feature extraction; excluded from ML input
sb1securities.in,sb1securities.in,corp.onlinesbi.sbi,State Bank of India (SBI),Unlabeled,main_detector_targets,0,error,0,0,,0,0,gaierror,dns_failed_skipped,DNS failed before feature extraction; excluded from ML input
sblsecurities.in,sblsecurities.in,corp.onlinesbi.sbi,State Bank of India (SBI),Unlabeled,main_detector_targets,0,error,0,0,,0,0,gaierror,dns_failed_skipped,DNS failed before feature extraction; excluded from ML input
sbi5ecurities.in,sbi5ecurities.in,corp.onlinesbi.sbi,State Bank of India (SBI),Unlabeled,main_detector_targets,0,error,0,0,,0,0,gaierror,dns_failed_skipped,DNS failed before feature extraction; excluded from ML input
sbis3curities.in,sbis3curities.in,corp.onlinesbi.sbi,State Bank of India (SBI),Unlabeled,main_detector_targets,0,error,0,0,,0,0,gaierror,dns_failed_skipped,DNS failed before feature extraction; excluded from ML input
sbisecur1ties.in,sbisecur1ties.in,corp.onlinesbi.sbi,State Bank of India (SBI),Unlabeled,main_detector_targets,0,error,0,0,,0,0,gaierror,dns_failed_skipped,DNS failed before feature extraction; excluded from ML input
sbisecurlties.in,sbisecurlties.in,corp.onlinesbi.sbi,State Bank of India (SBI),Unlabeled,main_detector_targets,0,error,0,0,,0,0,gaierror,dns_failed_skipped,DNS failed before feature extraction; excluded from ML input
sbisecurit1es.in,sbisecurit1es.in,corp.onlinesbi.sbi,State Bank of India (SBI),Unlabeled,main_detector_targets,0,error,0,0,,0,0,gaierror,dns_failed_skipped,DNS failed before feature extraction; excluded from ML input
sbisecuritles.in,sbisecuritles.in,corp.onlinesbi.sbi,State Bank of India (SBI),Unlabeled,main_detector_targets,0,error,0,0,,0,0,gaierror,dns_failed_skipped,DNS failed before feature extraction; excluded from ML input
sbisecuriti3s.in,sbisecuriti3s.in,corp.onlinesbi.sbi,State Bank of India (SBI),Unlabeled,main_detector_targets,0,error,0,0,,0,0,gaierror,dns_failed_skipped,DNS failed before feature extraction; excluded from ML input
sbisecuritie5.in,sbisecuritie5.in,corp.onlinesbi.sbi,State Bank of India (SBI),Unlabeled,main_detector_targets,0,error,0,0,,0,0,gaierror,dns_failed_skipped,DNS failed before feature extraction; excluded from ML input
login-sbisecurities.in,login-sbisecurities.in,corp.onlinesbi.sbi,State Bank of India (SBI),Unlabeled,main_detector_targets,0,error,0,0,,0,0,gaierror,dns_failed_skipped,DNS failed before feature extraction; excluded from ML input
sbisecurities-login.in,sbisecurities-login.in,corp.onlinesbi.sbi,State Bank of India (SBI),Unlabeled,main_detector_targets,0,error,0,0,,0,0,gaierror,dns_failed_skipped,DNS failed before feature extraction; excluded from ML input
secure-sbisecurities.in,secure-sbisecurities.in,corp.onlinesbi.sbi,State Bank of India (SBI),Unlabeled,main_detector_targets,0,error,0,0,,0,0,gaierror,dns_failed_skipped,DNS failed before feature extraction; excluded from ML input
sbisecurities-secure.in,sbisecurities-secure.in,corp.onlinesbi.sbi,State Bank of India (SBI),Unlabeled,main_detector_targets,0,error,0,0,,0,0,gaierror,dns_failed_skipped,DNS failed before feature extraction; excluded from ML input
verify-sbisecurities.in,verify-sbisecurities.in,corp.onlinesbi.sbi,State Bank of India (SBI),Unlabeled,main_detector_targets,0,error,0,0,,0,0,gaierror,dns_failed_skipped,DNS failed before feature extraction; excluded from ML input
sbisecurities-verify.in,sbisecurities-verify.in,corp.onlinesbi.sbi,State Bank of India (SBI),Unlabeled,main_detector_targets,0,error,0,0,,0,0,gaierror,dns_failed_skipped,DNS failed before feature extraction; excluded from ML input
portal-sbisecurities.in,portal-sbisecurities.in,corp.onlinesbi.sbi,State Bank of India (SBI),Unlabeled,main_detector_targets,0,error,0,0,,0,0,gaierror,dns_failed_skipped,DNS failed before feature extraction; excluded from ML input
sbisecurities-portal.in,sbisecurities-portal.in,corp.onlinesbi.sbi,State Bank of India (SBI),Unlabeled,main_detector_targets,0,error,0,0,,0,0,gaierror,dns_failed_skipped,DNS failed before feature extraction; excluded from ML input
auth-sbisecurities.in,auth-sbisecurities.in,corp.onlinesbi.sbi,State Bank of India (SBI),Unlabeled,main_detector_targets,0,error,0,0,,0,0,gaierror,dns_failed_skipped,DNS failed before feature extraction; excluded from ML input
sbisecurities-auth.in,sbisecurities-auth.in,corp.onlinesbi.sbi,State Bank of India (SBI),Unlabeled,main_detector_targets,0,error,0,0,,0,0,gaierror,dns_failed_skipped,DNS failed before feature extraction; excluded from ML input
u4tcensusindia.gov.in,u4tcensusindia.gov.in,ana.crsorgi.gov.in,ana crs,Unlabeled,main_detector_targets,0,error,0,0,,0,0,gaierror,dns_failed_skipped,DNS failed before feature extraction; excluded from ML input
uatcensus1ndia.gov.in,uatcensus1ndia.gov.in,ana.crsorgi.gov.in,ana crs,Unlabeled,main_detector_targets,0,error,0,0,,0,0,gaierror,dns_failed_skipped,DNS failed before feature extraction; excluded from ML input
uatcensuslndia.gov.in,uatcensuslndia.gov.in,ana.crsorgi.gov.in,ana crs,Unlabeled,main_detector_targets,0,error,0,0,,0,0,gaierror,dns_failed_skipped,DNS failed before feature extraction; excluded from ML input
uatcensusind1a.gov.in,uatcensusind1a.gov.in,ana.crsorgi.gov.in,ana crs,Unlabeled,main_detector_targets,0,error,0,0,,0,0,gaierror,dns_failed_skipped,DNS failed before feature extraction; excluded from ML input
uatcensusindla.gov.in,uatcensusindla.gov.in,ana.crsorgi.gov.in,ana crs,Unlabeled,main_detector_targets,0,error,0,0,,0,0,gaierror,dns_failed_skipped,DNS failed before feature extraction; excluded from ML input
login-uatcensusindia.gov.in,login-uatcensusindia.gov.in,ana.crsorgi.gov.in,ana crs,Unlabeled,main_detector_targets,0,error,0,0,,0,0,gaierror,dns_failed_skipped,DNS failed before feature extraction; excluded from ML input
uatcensusindia-login.gov.in,uatcensusindia-login.gov.in,ana.crsorgi.gov.in,ana crs,Unlabeled,main_detector_targets,0,error,0,0,,0,0,gaierror,dns_failed_skipped,DNS failed before feature extraction; excluded from ML input
secure-uatcensusindia.gov.in,secure-uatcensusindia.gov.in,ana.crsorgi.gov.in,ana crs,Unlabeled,main_detector_targets,0,error,0,0,,0,0,gaierror,dns_failed_skipped,DNS failed before feature extraction; excluded from ML input
uatcensusindia-secure.gov.in,uatcensusindia-secure.gov.in,ana.crsorgi.gov.in,ana crs,Unlabeled,main_detector_targets,0,error,0,0,,0,0,gaierror,dns_failed_skipped,DNS failed before feature extraction; excluded from ML input
verify-uatcensusindia.gov.in,verify-uatcensusindia.gov.in,ana.crsorgi.gov.in,ana crs,Unlabeled,main_detector_targets,0,error,0,0,,0,0,gaierror,dns_failed_skipped,DNS failed before feature extraction; excluded from ML input
uatcensusindia-verify.gov.in,uatcensusindia-verify.gov.in,ana.crsorgi.gov.in,ana crs,Unlabeled,main_detector_targets,0,error,0,0,,0,0,gaierror,dns_failed_skipped,DNS failed before feature extraction; excluded from ML input
portal-uatcensusindia.gov.in,portal-uatcensusindia.gov.in,ana.crsorgi.gov.in,ana crs,Unlabeled,main_detector_targets,0,error,0,0,,0,0,gaierror,dns_failed_skipped,DNS failed before feature extraction; excluded from ML input
uatcensusindia-portal.gov.in,uatcensusindia-portal.gov.in,ana.crsorgi.gov.in,ana crs,Unlabeled,main_detector_targets,0,error,0,0,,0,0,gaierror,dns_failed_skipped,DNS failed before feature extraction; excluded from ML input
auth-uatcensusindia.gov.in,auth-uatcensusindia.gov.in,ana.crsorgi.gov.in,ana crs,Unlabeled,main_detector_targets,0,error,0,0,,0,0,gaierror,dns_failed_skipped,DNS failed before feature extraction; excluded from ML input
uatcensusindia-auth.gov.in,uatcensusindia-auth.gov.in,ana.crsorgi.gov.in,ana crs,Unlabeled,main_detector_targets,0,error,0,0,,0,0,gaierror,dns_failed_skipped,DNS failed before feature extraction; excluded from ML input
u1dai.gov.in,u1dai.gov.in,uidai.gov.in,Unique Identification Authority of India (UIDAI),Unlabeled,main_detector_targets,0,error,0,0,,0,0,gaierror,dns_failed_skipped,DNS failed before feature extraction; excluded from ML input
uldai.gov.in,uldai.gov.in,uidai.gov.in,Unique Identification Authority of India (UIDAI),Unlabeled,main_detector_targets,0,error,0,0,,0,0,gaierror,dns_failed_skipped,DNS failed before feature extraction; excluded from ML input
uida1.gov.in,uida1.gov.in,uidai.gov.in,Unique Identification Authority of India (UIDAI),Unlabeled,main_detector_targets,0,error,0,0,,0,0,gaierror,dns_failed_skipped,DNS failed before feature extraction; excluded from ML input
uidal.gov.in,uidal.gov.in,uidai.gov.in,Unique Identification Authority of India (UIDAI),Unlabeled,main_detector_targets,0,error,0,0,,0,0,gaierror,dns_failed_skipped,DNS failed before feature extraction; excluded from ML input
login-uidai.gov.in,login-uidai.gov.in,uidai.gov.in,Unique Identification Authority of India (UIDAI),Unlabeled,main_detector_targets,0,error,0,0,,0,0,gaierror,dns_failed_skipped,DNS failed before feature extraction; excluded from ML input
uidai-login.gov.in,uidai-login.gov.in,uidai.gov.in,Unique Identification Authority of India (UIDAI),Unlabeled,main_detector_targets,0,error,0,0,,0,0,gaierror,dns_failed_skipped,DNS failed before feature extraction; excluded from ML input
secure-uidai.gov.in,secure-uidai.gov.in,uidai.gov.in,Unique Identification Authority of India (UIDAI),Unlabeled,main_detector_targets,0,error,0,0,,0,0,gaierror,dns_failed_skipped,DNS failed before feature extraction; excluded from ML input
uidai-secure.gov.in,uidai-secure.gov.in,uidai.gov.in,Unique Identification Authority of India (UIDAI),Unlabeled,main_detector_targets,0,error,0,0,,0,0,gaierror,dns_failed_skipped,DNS failed before feature extraction; excluded from ML input
verify-uidai.gov.in,verify-uidai.gov.in,uidai.gov.in,Unique Identification Authority of India (UIDAI),Unlabeled,main_detector_targets,0,error,0,0,,0,0,gaierror,dns_failed_skipped,DNS failed before feature extraction; excluded from ML input
uidai-verify.gov.in,uidai-verify.gov.in,uidai.gov.in,Unique Identification Authority of India (UIDAI),Unlabeled,main_detector_targets,0,error,0,0,,0,0,gaierror,dns_failed_skipped,DNS failed before feature extraction; excluded from ML input
portal-uidai.gov.in,portal-uidai.gov.in,uidai.gov.in,Unique Identification Authority of India (UIDAI),Unlabeled,main_detector_targets,0,error,0,0,,0,0,gaierror,dns_failed_skipped,DNS failed before feature extraction; excluded from ML input
uidai-portal.gov.in,uidai-portal.gov.in,uidai.gov.in,Unique Identification Authority of India (UIDAI),Unlabeled,main_detector_targets,0,error,0,0,,0,0,gaierror,dns_failed_skipped,DNS failed before feature extraction; excluded from ML input
auth-uidai.gov.in,auth-uidai.gov.in,uidai.gov.in,Unique Identification Authority of India (UIDAI),Unlabeled,main_detector_targets,0,error,0,0,,0,0,gaierror,dns_failed_skipped,DNS failed before feature extraction; excluded from ML input
uidai-auth.gov.in,uidai-auth.gov.in,uidai.gov.in,Unique Identification Authority of India (UIDAI),Unlabeled,main_detector_targets,0,error,0,0,,0,0,gaierror,dns_failed_skipped,DNS failed before feature extraction; excluded from ML input
login-vssc.gov.in,login-vssc.gov.in,vssc.gov.in,Indian Space Research Organisation (ISRO),Unlabeled,main_detector_targets,0,error,0,0,,0,0,gaierror,dns_failed_skipped,DNS failed before feature extraction; excluded from ML input
vssc-login.gov.in,vssc-login.gov.in,vssc.gov.in,Indian Space Research Organisation (ISRO),Unlabeled,main_detector_targets,0,error,0,0,,0,0,gaierror,dns_failed_skipped,DNS failed before feature extraction; excluded from ML input
secure-vssc.gov.in,secure-vssc.gov.in,vssc.gov.in,Indian Space Research Organisation (ISRO),Unlabeled,main_detector_targets,0,error,0,0,,0,0,gaierror,dns_failed_skipped,DNS failed before feature extraction; excluded from ML input
vssc-secure.gov.in,vssc-secure.gov.in,vssc.gov.in,Indian Space Research Organisation (ISRO),Unlabeled,main_detector_targets,0,error,0,0,,0,0,gaierror,dns_failed_skipped,DNS failed before feature extraction; excluded from ML input
verify-vssc.gov.in,verify-vssc.gov.in,vssc.gov.in,Indian Space Research Organisation (ISRO),Unlabeled,main_detector_targets,0,error,0,0,,0,0,gaierror,dns_failed_skipped,DNS failed before feature extraction; excluded from ML input
vssc-verify.gov.in,vssc-verify.gov.in,vssc.gov.in,Indian Space Research Organisation (ISRO),Unlabeled,main_detector_targets,0,error,0,0,,0,0,gaierror,dns_failed_skipped,DNS failed before feature extraction; excluded from ML input
portal-vssc.gov.in,portal-vssc.gov.in,vssc.gov.in,Indian Space Research Organisation (ISRO),Unlabeled,main_detector_targets,0,error,0,0,,0,0,gaierror,dns_failed_skipped,DNS failed before feature extraction; excluded from ML input
vssc-portal.gov.in,vssc-portal.gov.in,vssc.gov.in,Indian Space Research Organisation (ISRO),Unlabeled,main_detector_targets,0,error,0,0,,0,0,gaierror,dns_failed_skipped,DNS failed before feature extraction; excluded from ML input
auth-vssc.gov.in,auth-vssc.gov.in,vssc.gov.in,Indian Space Research Organisation (ISRO),Unlabeled,main_detector_targets,0,error,0,0,,0,0,gaierror,dns_failed_skipped,DNS failed before feature extraction; excluded from ML input
vssc-auth.gov.in,vssc-auth.gov.in,vssc.gov.in,Indian Space Research Organisation (ISRO),Unlabeled,main_detector_targets,0,error,0,0,,0,0,gaierror,dns_failed_skipped,DNS failed before feature extraction; excluded from ML input
https://dpd.parlomavi.cfd/com,dpd.parlomavi.cfd,myvi.in,Vodafone Idea (VI),Unlabeled,main_detector_targets,0,error,0,0,,0,0,gaierror,dns_failed_skipped,DNS failed before feature extraction; excluded from ML input
https://dpd.darnokavi.cfd/com,dpd.darnokavi.cfd,myvi.in,Vodafone Idea (VI),Unlabeled,main_detector_targets,0,error,0,0,,0,0,gaierror,dns_failed_skipped,DNS failed before feature extraction; excluded from ML input
https://epitonic.cfd/Paidy.html,epitonic.cfd,accounts.mgovcloud.in,National Informatics Centre (NIC),Unlabeled,main_detector_targets,0,error,0,0,,0,0,gaierror,dns_failed_skipped,DNS failed before feature extraction; excluded from ML input
https://visacru.gu.cc/home.html,visacru.gu.cc,myvi.in,Vodafone Idea (VI),Unlabeled,main_detector_targets,0,error,0,0,,0,0,gaierror,dns_failed_skipped,DNS failed before feature extraction; excluded from ML input
https://visacrm.gu.cc/home.html,visacrm.gu.cc,myvi.in,Vodafone Idea (VI),Unlabeled,main_detector_targets,0,error,0,0,,0,0,gaierror,dns_failed_skipped,DNS failed before feature extraction; excluded from ML input
https://visacrn.gu.cc/home.html,visacrn.gu.cc,myvi.in,Vodafone Idea (VI),Unlabeled,main_detector_targets,0,error,0,0,,0,0,gaierror,dns_failed_skipped,DNS failed before feature extraction; excluded from ML input
https://visacro.gu.cc/home.html,visacro.gu.cc,myvi.in,Vodafone Idea (VI),Unlabeled,main_detector_targets,0,error,0,0,,0,0,gaierror,dns_failed_skipped,DNS failed before feature extraction; excluded from ML input
https://suivi-verification.site/login,suivi-verification.site,myvi.in,Vodafone Idea (VI),Unlabeled,main_detector_targets,0,error,0,0,,0,0,gaierror,dns_failed_skipped,DNS failed before feature extraction; excluded from ML input
https://suivi-verification.site/,suivi-verification.site,myvi.in,Vodafone Idea (VI),Unlabeled,main_detector_targets,0,error,0,0,,0,0,gaierror,dns_failed_skipped,DNS failed before feature extraction; excluded from ML input
https://logih2fFn.sbisec​.coihcV.jp/login/,logih2ffn.sbisec​.coihcv.jp,corp.onlinesbi.sbi,State Bank of India (SBI),Unlabeled,main_detector_targets,0,error,0,0,,0,0,gaierror,dns_failed_skipped,DNS failed before feature extraction; excluded from ML input
https://bradesco.vincular.chat/login.php?hash=93092990769eb58da2b84e9.09690147,bradesco.vincular.chat,myvi.in,Vodafone Idea (VI),Unlabeled,main_detector_targets,0,error,0,0,,0,0,gaierror,dns_failed_skipped,DNS failed before feature extraction; excluded from ML input
https://videoprimemusique.com/,videoprimemusique.com,myvi.in,Vodafone Idea (VI),Unlabeled,main_detector_targets,0,error,0,0,,0,0,gaierror,dns_failed_skipped,DNS failed before feature extraction; excluded from ML input
https://videoprimemusique.com/signin,videoprimemusique.com,myvi.in,Vodafone Idea (VI),Unlabeled,main_detector_targets,0,error,0,0,,0,0,gaierror,dns_failed_skipped,DNS failed before feature extraction; excluded from ML input
https://videoprimemusique.com/annuler-commande?token=kPanzW2aPAoTkFH3UWfb52uCgJO7jvb1VCe2V2Jl,videoprimemusique.com,myvi.in,Vodafone Idea (VI),Unlabeled,main_detector_targets,0,error,0,0,,0,0,gaierror,dns_failed_skipped,DNS failed before feature extraction; excluded from ML input
https://videoprimemusique.com/annuler?token=kPanzW2aPAoTkFH3UWfb52uCgJO7jvb1VCe2V2Jl,videoprimemusique.com,myvi.in,Vodafone Idea (VI),Unlabeled,main_detector_targets,0,error,0,0,,0,0,gaierror,dns_failed_skipped,DNS failed before feature extraction; excluded from ML input
https://vimaoy.sbs/home.html,vimaoy.sbs,myvi.in,Vodafone Idea (VI),Unlabeled,main_detector_targets,0,error,0,0,,0,0,gaierror,dns_failed_skipped,DNS failed before feature extraction; excluded from ML input
https://bradesco.netempresasac.site/,bradesco.netempresasac.site,sac.gov.in,Indian Space Research Organisation (ISRO),Unlabeled,main_detector_targets,0,error,0,0,,0,0,gaierror,dns_failed_skipped,DNS failed before feature extraction; excluded from ML input
https://www.zh-vip-fengniao.com/?Control=VD3hX60QsjhwsyMDIwi00VLY,zh-vip-fengniao.com,myvi.in,Vodafone Idea (VI),Unlabeled,main_detector_targets,0,error,0,0,,0,0,gaierror,dns_failed_skipped,DNS failed before feature extraction; excluded from ML input
http://net.sacsuportebia.online,net.sacsuportebia.online,sac.gov.in,Indian Space Research Organisation (ISRO),Unlabeled,main_detector_targets,0,error,0,0,,0,0,gaierror,dns_failed_skipped,DNS failed before feature extraction; excluded from ML input
https://maxisuik.vip,maxisuik.vip,myvi.in,Vodafone Idea (VI),Unlabeled,main_detector_targets,0,error,0,0,,0,0,gaierror,dns_failed_skipped,DNS failed before feature extraction; excluded from ML input
https://trustwalletapp.vip/,trustwalletapp.vip,myvi.in,Vodafone Idea (VI),Unlabeled,main_detector_targets,0,error,0,0,,0,0,gaierror,dns_failed_skipped,DNS failed before feature extraction; excluded from ML input
https://deci.solaferge.fr/frans/trcx/index_4.html,deci.solaferge.fr,eci.gov.in,Election Commision of India (ECI),Unlabeled,main_detector_targets,0,error,0,0,,0,0,gaierror,dns_failed_skipped,DNS failed before feature extraction; excluded from ML input
https://mrelay.package-suivi.com/as.php,mrelay.package-suivi.com,myvi.in,Vodafone Idea (VI),Unlabeled,main_detector_targets,0,error,0,0,,0,0,gaierror,dns_failed_skipped,DNS failed before feature extraction; excluded from ML input
https://apikey.visitmy.app/MAYANEW/maya/maya/login/,apikey.visitmy.app,myvi.in,Vodafone Idea (VI),Unlabeled,main_detector_targets,0,error,0,0,,0,0,gaierror,dns_failed_skipped,DNS failed before feature extraction; excluded from ML input
https://v1x4f8.lat/3ppgstdd/W33eUD/HHujqQ,v1x4f8.lat,myvi.in,Vodafone Idea (VI),Unlabeled,main_detector_targets,0,error,0,0,,0,0,gaierror,dns_failed_skipped,DNS failed before feature extraction; excluded from ML input
https://www.trustcardsapp.vip/,trustcardsapp.vip,myvi.in,Vodafone Idea (VI),Unlabeled,main_detector_targets,0,error,0,0,,0,0,gaierror,dns_failed_skipped,DNS failed before feature extraction; excluded from ML input
https://vinted.xsk123.com/receive/0229406,vinted.xsk123.com,myvi.in,Vodafone Idea (VI),Unlabeled,main_detector_targets,0,error,0,0,,0,0,gaierror,dns_failed_skipped,DNS failed before feature extraction; excluded from ML input
https://ppot.dudi-lavi.co.il/wp-includes/auth/hiw/show/login/co/il/,ppot.dudi-lavi.co.il,myvi.in,Vodafone Idea (VI),Unlabeled,main_detector_targets,0,error,0,0,,0,0,gaierror,dns_failed_skipped,DNS failed before feature extraction; excluded from ML input
https://poloniexhub.vip/,poloniexhub.vip,myvi.in,Vodafone Idea (VI),Unlabeled,main_detector_targets,0,error,0,0,,0,0,gaierror,dns_failed_skipped,DNS failed before feature extraction; excluded from ML input
https://pay.vipnovofeirao.com/2wq7Gr4Vra83BAN,pay.vipnovofeirao.com,myvi.in,Vodafone Idea (VI),Unlabeled,main_detector_targets,0,error,0,0,,0,0,gaierror,dns_failed_skipped,DNS failed before feature extraction; excluded from ML input
https://czek.transparency-violations-compl.click/contact/page-comunity,czek.transparency-violations-compl.click,myvi.in,Vodafone Idea (VI),Unlabeled,main_detector_targets,0,error,0,0,,0,0,gaierror,dns_failed_skipped,DNS failed before feature extraction; excluded from ML input
https://nicegreekvilla.com/dfe,nicegreekvilla.com,accounts.mgovcloud.in,National Informatics Centre (NIC),Unlabeled,main_detector_targets,0,error,0,0,,0,0,gaierror,dns_failed_skipped,DNS failed before feature extraction; excluded from ML input
https://go2win.play-vip-game.com/,go2win.play-vip-game.com,myvi.in,Vodafone Idea (VI),Unlabeled,main_detector_targets,0,error,0,0,,0,0,gaierror,dns_failed_skipped,DNS failed before feature extraction; excluded from ML input
https://managewebappaiopsyuhiolsdfhgsdsedg.vietnam1.biz.id/?yyy,managewebappaiopsyuhiolsdfhgsdsedg.vietnam1.biz.id,myvi.in,Vodafone Idea (VI),Unlabeled,main_detector_targets,0,error,0,0,,0,0,gaierror,dns_failed_skipped,DNS failed before feature extraction; excluded from ML input
https://www.suivi-instruction-2026.com/,suivi-instruction-2026.com,myvi.in,Vodafone Idea (VI),Unlabeled,main_detector_targets,0,error,0,0,,0,0,gaierror,dns_failed_skipped,DNS failed before feature extraction; excluded from ML input
https://videreglobal.com/docomo/,videreglobal.com,myvi.in,Vodafone Idea (VI),Unlabeled,main_detector_targets,0,error,0,0,,0,0,gaierror,dns_failed_skipped,DNS failed before feature extraction; excluded from ML input
https://cr-nicos.com:443/sp_index.php,cr-nicos.com:443,accounts.mgovcloud.in,National Informatics Centre (NIC),Unlabeled,main_detector_targets,0,error,0,0,,0,0,gaierror,dns_failed_skipped,DNS failed before feature extraction; excluded from ML input
https://renouvellement-devotrecarte-vitale.com/,renouvellement-devotrecarte-vitale.com,myvi.in,Vodafone Idea (VI),Unlabeled,main_detector_targets,0,error,0,0,,0,0,gaierror,dns_failed_skipped,DNS failed before feature extraction; excluded from ML input
https://www.stelepraxis.cfd/gatway/check.php?r=,stelepraxis.cfd,axis.bank.in,Axis Bank,Unlabeled,main_detector_targets,0,error,0,0,,0,0,gaierror,dns_failed_skipped,DNS failed before feature extraction; excluded from ML input
https://webappsecureaccontswdtifdhger.nicguymosadpcu.biz.id/?yyy,webappsecureaccontswdtifdhger.nicguymosadpcu.biz.id,accounts.mgovcloud.in,National Informatics Centre (NIC),Unlabeled,main_detector_targets,0,error,0,0,,0,0,gaierror,dns_failed_skipped,DNS failed before feature extraction; excluded from ML input
https://vinted.029140.com/receive/14375643?mail=W1BPTFlBXQ==&meta=rlWjMKWwLJ50LJqyVwb1YPWhLJ1yVwbvKUIxBQAwKUIxMwZ4VSOioUyuVR1unJkypvVfVzAbLKEsnJDvBv00BQH5BGt0AGD4YPWmMKW2nJAyVwbvqzyhqTIxVvjvqUyjMFV6VaOioUyuK21unJkypvW9,vinted.029140.com,myvi.in,Vodafone Idea (VI),Unlabeled,main_detector_targets,0,error,0,0,,0,0,gaierror,dns_failed_skipped,DNS failed before feature extraction; excluded from ML input
https://vinted.029140.com/receive/14375643?mail=W1BPTFlBXQ%3D%3D&meta=rlWjMKWwLJ50LJqyVwb1YPWhLJ1yVwbvKUIxBQAwKUIxMwZ4VSOioUyuVR1unJkypvVfVzAbLKEsnJDvBv00BQH5BGt0AGD4YPWmMKW2nJAyVwbvqzyhqTIxVvjvqUyjMFV6VaOioUyuK21unJkypvW9,vinted.029140.com,myvi.in,Vodafone Idea (VI),Unlabeled,main_detector_targets,0,error,0,0,,0,0,gaierror,dns_failed_skipped,DNS failed before feature extraction; excluded from ML input
https://vladsilagy.com/SRlMCMJlj,vladsilagy.com,myvi.in,Vodafone Idea (VI),Unlabeled,main_detector_targets,0,error,0,0,,0,0,gaierror,dns_failed_skipped,DNS failed before feature extraction; excluded from ML input
https://www.vibimed.com/,vibimed.com,myvi.in,Vodafone Idea (VI),Unlabeled,main_detector_targets,0,error,0,0,,0,0,gaierror,dns_failed_skipped,DNS failed before feature extraction; excluded from ML input
http://vinted.pl-oferta2598700.sbs,vinted.pl-oferta2598700.sbs,myvi.in,Vodafone Idea (VI),Unlabeled,main_detector_targets,0,error,0,0,,0,0,gaierror,dns_failed_skipped,DNS failed before feature extraction; excluded from ML input
http://vinted.pl-oferta6906934.sbs,vinted.pl-oferta6906934.sbs,myvi.in,Vodafone Idea (VI),Unlabeled,main_detector_targets,0,error,0,0,,0,0,gaierror,dns_failed_skipped,DNS failed before feature extraction; excluded from ML input
https://visionmediacom.com/,visionmediacom.com,myvi.in,Vodafone Idea (VI),Unlabeled,main_detector_targets,0,error,0,0,,0,0,gaierror,dns_failed_skipped,DNS failed before feature extraction; excluded from ML input
https://oemihhgavtsddphiwlsqxqgk.com∕oemihhgavtsddphiwlsqxqgk∕oemihhgavtsddphiwlsqxqgk∕oemihhgavtsddphiwlsqxqgk@blanket-g2v1-oanq.kdug178k.workers.dev/,oemihhgavtsddphiwlsqxqgk.com∕oemihhgavtsddphiwlsqxqgk∕oemihhgavtsddphiwlsqxqgk∕oemihhgavtsddphiwlsqxqgk@blanket-g2v1-oanq.kdug178k.workers.dev,myvi.in,Vodafone Idea (VI),Unlabeled,main_detector_targets,0,error,0,0,,0,0,UnicodeError,dns_failed_skipped,DNS failed before feature extraction; excluded from ML input
https://visaprocessings.com/,visaprocessings.com,myvi.in,Vodafone Idea (VI),Unlabeled,main_detector_targets,0,error,0,0,,0,0,gaierror,dns_failed_skipped,DNS failed before feature extraction; excluded from ML input
https://vibe.urbanpulse.surf/9fd51fb7-b3ad-4c8f-bf05-b5423d14e06c/user_6747.google,vibe.urbanpulse.surf,myvi.in,Vodafone Idea (VI),Unlabeled,main_detector_targets,0,error,0,0,,0,0,gaierror,dns_failed_skipped,DNS failed before feature extraction; excluded from ML input
https://vibe.quantumwave.surf/9fd51fb7-b3ad-4c8f-bf05-b5423d14e06c/user_6747.google,vibe.quantumwave.surf,myvi.in,Vodafone Idea (VI),Unlabeled,main_detector_targets,0,error,0,0,,0,0,gaierror,dns_failed_skipped,DNS failed before feature extraction; excluded from ML input
https://axis.agilelid.lat/9fd51fb7-b3ad-4c8f-bf05-b5423d14e06c/user_6747.google,axis.agilelid.lat,axis.bank.in,Axis Bank,Unlabeled,main_detector_targets,0,error,0,0,,0,0,gaierror,dns_failed_skipped,DNS failed before feature extraction; excluded from ML input
https://vibe.agilelid.lat/9fd51fb7-b3ad-4c8f-bf05-b5423d14e06c/user_6747.google,vibe.agilelid.lat,myvi.in,Vodafone Idea (VI),Unlabeled,main_detector_targets,0,error,0,0,,0,0,gaierror,dns_failed_skipped,DNS failed before feature extraction; excluded from ML input
https://axis.darkstonebase.lat/9fd51fb7-b3ad-4c8f-bf05-b5423d14e06c/user_6747.google,axis.darkstonebase.lat,axis.bank.in,Axis Bank,Unlabeled,main_detector_targets,0,error,0,0,,0,0,gaierror,dns_failed_skipped,DNS failed before feature extraction; excluded from ML input
https://sonic.urbanlogicgrid.lat/9fd51fb7-b3ad-4c8f-bf05-b5423d14e06c/user_6747.google,sonic.urbanlogicgrid.lat,accounts.mgovcloud.in,National Informatics Centre (NIC),Unlabeled,main_detector_targets,0,error,0,0,,0,0,gaierror,dns_failed_skipped,DNS failed before feature extraction; excluded from ML input
https://axis.silvermoonlight.lat/9fd51fb7-b3ad-4c8f-bf05-b5423d14e06c/user_6747.google,axis.silvermoonlight.lat,axis.bank.in,Axis Bank,Unlabeled,main_detector_targets,0,error,0,0,,0,0,gaierror,dns_failed_skipped,DNS failed before feature extraction; excluded from ML input
https://vibe.silvermoonlight.lat/9fd51fb7-b3ad-4c8f-bf05-b5423d14e06c/user_6747.google,vibe.silvermoonlight.lat,myvi.in,Vodafone Idea (VI),Unlabeled,main_detector_targets,0,error,0,0,,0,0,gaierror,dns_failed_skipped,DNS failed before feature extraction; excluded from ML input
https://0rgan3-port.gabard-viewed.surf/9fd51fb7-b3ad-4c8f-bf05-b5423d14e06c/user_6747.google,0rgan3-port.gabard-viewed.surf,myvi.in,Vodafone Idea (VI),Unlabeled,main_detector_targets,0,error,0,0,,0,0,gaierror,dns_failed_skipped,DNS failed before feature extraction; excluded from ML input
https://sub-c0ve.gabard-viewed.surf/9fd51fb7-b3ad-4c8f-bf05-b5423d14e06c/user_6747.google,sub-c0ve.gabard-viewed.surf,myvi.in,Vodafone Idea (VI),Unlabeled,main_detector_targets,0,error,0,0,,0,0,gaierror,dns_failed_skipped,DNS failed before feature extraction; excluded from ML input
https://36qgwr.gabard-viewed.surf/9fd51fb7-b3ad-4c8f-bf05-b5423d14e06c/user_6747.google,36qgwr.gabard-viewed.surf,myvi.in,Vodafone Idea (VI),Unlabeled,main_detector_targets,0,error,0,0,,0,0,gaierror,dns_failed_skipped,DNS failed before feature extraction; excluded from ML input
https://motifroy.gabard-viewed.surf/9fd51fb7-b3ad-4c8f-bf05-b5423d14e06c/user_6747.google,motifroy.gabard-viewed.surf,myvi.in,Vodafone Idea (VI),Unlabeled,main_detector_targets,0,error,0,0,,0,0,gaierror,dns_failed_skipped,DNS failed before feature extraction; excluded from ML input
https://p1a5m2-cast.gabard-viewed.surf/9fd51fb7-b3ad-4c8f-bf05-b5423d14e06c/user_6747.google,p1a5m2-cast.gabard-viewed.surf,myvi.in,Vodafone Idea (VI),Unlabeled,main_detector_targets,0,error,0,0,,0,0,gaierror,dns_failed_skipped,DNS failed before feature extraction; excluded from ML input
https://broad-royal.gabard-viewed.surf/9fd51fb7-b3ad-4c8f-bf05-b5423d14e06c/user_6747.google,broad-royal.gabard-viewed.surf,myvi.in,Vodafone Idea (VI),Unlabeled,main_detector_targets,0,error,0,0,,0,0,gaierror,dns_failed_skipped,DNS failed before feature extraction; excluded from ML input
https://buildsprout.gabard-viewed.surf/9fd51fb7-b3ad-4c8f-bf05-b5423d14e06c/user_6747.google,buildsprout.gabard-viewed.surf,myvi.in,Vodafone Idea (VI),Unlabeled,main_detector_targets,0,error,0,0,,0,0,gaierror,dns_failed_skipped,DNS failed before feature extraction; excluded from ML input
https://v1ta-plate.chi8nondanyl.surf/9fd51fb7-b3ad-4c8f-bf05-b5423d14e06c/user_6747.google,v1ta-plate.chi8nondanyl.surf,myvi.in,Vodafone Idea (VI),Unlabeled,main_detector_targets,0,error,0,0,,0,0,gaierror,dns_failed_skipped,DNS failed before feature extraction; excluded from ML input
https://vlkr.faint-gather.surf/9fd51fb7-b3ad-4c8f-bf05-b5423d14e06c/user_6747.google,vlkr.faint-gather.surf,myvi.in,Vodafone Idea (VI),Unlabeled,main_detector_targets,0,error,0,0,,0,0,gaierror,dns_failed_skipped,DNS failed before feature extraction; excluded from ML input
https://sonic.longwave5hot.surf/9fd51fb7-b3ad-4c8f-bf05-b5423d14e06c/user_6747.google,sonic.longwave5hot.surf,accounts.mgovcloud.in,National Informatics Centre (NIC),Unlabeled,main_detector_targets,0,error,0,0,,0,0,gaierror,dns_failed_skipped,DNS failed before feature extraction; excluded from ML input
https://vlog.clearviewcloud.lat/9fd51fb7-b3ad-4c8f-bf05-b5423d14e06c/user_6747.google,vlog.clearviewcloud.lat,myvi.in,Vodafone Idea (VI),Unlabeled,main_detector_targets,0,error,0,0,,0,0,gaierror,dns_failed_skipped,DNS failed before feature extraction; excluded from ML input
https://vlog.physiolpo1icy.lat/9fd51fb7-b3ad-4c8f-bf05-b5423d14e06c/user_6747.google,vlog.physiolpo1icy.lat,myvi.in,Vodafone Idea (VI),Unlabeled,main_detector_targets,0,error,0,0,,0,0,gaierror,dns_failed_skipped,DNS failed before feature extraction; excluded from ML input
https://remote-v1.bnaumann87.work/verify-token-7a1f/runtime.validator,remote-v1.bnaumann87.work,myvi.in,Vodafone Idea (VI),Unlabeled,main_detector_targets,0,error,0,0,,0,0,gaierror,dns_failed_skipped,DNS failed before feature extraction; excluded from ML input
https://site-view3.sarahkapsreit.work/verify-token-7a1f/runtime.validator,site-view3.sarahkapsreit.work,myvi.in,Vodafone Idea (VI),Unlabeled,main_detector_targets,0,error,0,0,,0,0,gaierror,dns_failed_skipped,DNS failed before feature extraction; excluded from ML input
https://api-v12.foersteron.work/verify-token-7a1f/runtime.validator,api-v12.foersteron.work,myvi.in,Vodafone Idea (VI),Unlabeled,main_detector_targets,0,error,0,0,,0,0,gaierror,dns_failed_skipped,DNS failed before feature extraction; excluded from ML input
https://view3logicway.karo3view.surf/software-distribution-dxnp2c7/meta-verify.index,view3logicway.karo3view.surf,myvi.in,Vodafone Idea (VI),Unlabeled,main_detector_targets,0,error,0,0,,0,0,gaierror,dns_failed_skipped,DNS failed before feature extraction; excluded from ML input
https://view2siteview.nexo7peak.surf/software-distribution-dxnp2c7/meta-verify.index,view2siteview.nexo7peak.surf,myvi.in,Vodafone Idea (VI),Unlabeled,main_detector_targets,0,error,0,0,,0,0,gaierror,dns_failed_skipped,DNS failed before feature extraction; excluded from ML input
https://view8logicnet.lookin8back.bet/software-distribution-dxnp2c7/meta-verify.index,view8logicnet.lookin8back.bet,myvi.in,Vodafone Idea (VI),Unlabeled,main_detector_targets,0,error,0,0,,0,0,gaierror,dns_failed_skipped,DNS failed before feature extraction; excluded from ML input
https://view4pathgate.vectorpathsys.bet/software-distribution-dxnp2c7/meta-verify.index,view4pathgate.vectorpathsys.bet,myvi.in,Vodafone Idea (VI),Unlabeled,main_detector_targets,0,error,0,0,,0,0,gaierror,dns_failed_skipped,DNS failed before feature extraction; excluded from ML input
https://axis4logicnet.torquegridunit.bet/software-distribution-dxnp2c7/meta-verify.index,axis4logicnet.torquegridunit.bet,axis.bank.in,Axis Bank,Unlabeled,main_detector_targets,0,error,0,0,,0,0,gaierror,dns_failed_skipped,DNS failed before feature extraction; excluded from ML input
https://view8siteview.flo3xaren.bet/software-distribution-dxnp2c7/meta-verify.index,view8siteview.flo3xaren.bet,myvi.in,Vodafone Idea (VI),Unlabeled,main_detector_targets,0,error,0,0,,0,0,gaierror,dns_failed_skipped,DNS failed before feature extraction; excluded from ML input
https://vine-lab.flo5renth.garden/cdk-msdn-3457325-null/load-file0dsdf567.chk,vine-lab.flo5renth.garden,myvi.in,Vodafone Idea (VI),Unlabeled,main_detector_targets,0,error,0,0,,0,0,gaierror,dns_failed_skipped,DNS failed before feature extraction; excluded from ML input
https://comp-vine.greenbloom.garden/cdk-msdn-3457325-null/load-file0dsdf567.chk,comp-vine.greenbloom.garden,myvi.in,Vodafone Idea (VI),Unlabeled,main_detector_targets,0,error,0,0,,0,0,gaierror,dns_failed_skipped,DNS failed before feature extraction; excluded from ML input
https://dock-visu.stoneflare.garden/cdk-msdn-3457325-null/load-file0dsdf567.chk,dock-visu.stoneflare.garden,myvi.in,Vodafone Idea (VI),Unlabeled,main_detector_targets,0,error,0,0,,0,0,gaierror,dns_failed_skipped,DNS failed before feature extraction; excluded from ML input
https://civi-opti.shadowpeak.garden/cdk-msdn-3457325-null/load-file0dsdf567.chk,civi-opti.shadowpeak.garden,myvi.in,Vodafone Idea (VI),Unlabeled,main_detector_targets,0,error,0,0,,0,0,gaierror,dns_failed_skipped,DNS failed before feature extraction; excluded from ML input
https://vividmeshflow.zenithflowgrid.garden/cdk-msdn-3457325-null/load-file0dsdf567.chk,vividmeshflow.zenithflowgrid.garden,myvi.in,Vodafone Idea (VI),Unlabeled,main_detector_targets,0,error,0,0,,0,0,gaierror,dns_failed_skipped,DNS failed before feature extraction; excluded from ML input
https://viewdarkberg.dexishostpath.garden/cdk-msdn-3457325-null/load-file0dsdf567.chk,viewdarkberg.dexishostpath.garden,myvi.in,Vodafone Idea (VI),Unlabeled,main_detector_targets,0,error,0,0,,0,0,gaierror,dns_failed_skipped,DNS failed before feature extraction; excluded from ML input
https://viewdarkberg9.zexislinkhub.garden/cdk-msdn-3457325-null/load-file0dsdf567.chk,viewdarkberg9.zexislinkhub.garden,myvi.in,Vodafone Idea (VI),Unlabeled,main_detector_targets,0,error,0,0,,0,0,gaierror,dns_failed_skipped,DNS failed before feature extraction; excluded from ML input
https://vitalpalette.mer4talon.in.net/cdk-msdn-3457325-null/load-file0dsdf567.chk,vitalpalette.mer4talon.in.net,myvi.in,Vodafone Idea (VI),Unlabeled,main_detector_targets,0,error,0,0,,0,0,gaierror,dns_failed_skipped,DNS failed before feature extraction; excluded from ML input
https://jloj7ws.dex4lavel.in.net/cdk-msdn-3457325-null/load-file0dsdf567.chk,jloj7ws.dex4lavel.in.net,jio.com,Jio,Unlabeled,main_detector_targets,0,error,0,0,,0,0,gaierror,dns_failed_skipped,DNS failed before feature extraction; excluded from ML input
https://vitalpur.sylo8mer.in.net/cdk-msdn-3457325-null/load-file0dsdf567.chk,vitalpur.sylo8mer.in.net,myvi.in,Vodafone Idea (VI),Unlabeled,main_detector_targets,0,error,0,0,,0,0,gaierror,dns_failed_skipped,DNS failed before feature extraction; excluded from ML input
https://vinecarg.to9varil.in.net/05fe317c-0981-4de2-bc8a-930d369db441/ck-3d80df5d12cdfe6450a782fc87bf66b444.google,vinecarg.to9varil.in.net,myvi.in,Vodafone Idea (VI),Unlabeled,main_detector_targets,0,error,0,0,,0,0,gaierror,dns_failed_skipped,DNS failed before feature extraction; excluded from ML input
https://c1inic-crest.bovla7xel.in.net/05fe317c-0981-4de2-bc8a-930d369db441/ck-3d80df5d12cdfe6450a782fc87bf66b444.google,c1inic-crest.bovla7xel.in.net,accounts.mgovcloud.in,National Informatics Centre (NIC),Unlabeled,main_detector_targets,0,error,0,0,,0,0,gaierror,dns_failed_skipped,DNS failed before feature extraction; excluded from ML input
https://holz-v1.diet-lanolin.in.net/05fe317c-0981-4de2-bc8a-930d369db441/ck-3d80df5d12cdfe6450a782fc87bf66b444.google,holz-v1.diet-lanolin.in.net,myvi.in,Vodafone Idea (VI),Unlabeled,main_detector_targets,0,error,0,0,,0,0,gaierror,dns_failed_skipped,DNS failed before feature extraction; excluded from ML input
https://holz-v1.diet-lanolin.in.net/0d24c91a-8b5e-4f72-9136-735f0b4de1a8/ck-3d80df5d12cdfe6450a782fc87bf66b444.google,holz-v1.diet-lanolin.in.net,myvi.in,Vodafone Idea (VI),Unlabeled,main_detector_targets,0,error,0,0,,0,0,gaierror,dns_failed_skipped,DNS failed before feature extraction; excluded from ML input
https://visualpure.5zorelin.in.net/05fe317c-0981-4de2-bc8a-930d369db441/ck-3d80df5d12cdfe6450a782fc87bf66b444.google,visualpure.5zorelin.in.net,myvi.in,Vodafone Idea (VI),Unlabeled,main_detector_targets,0,error,0,0,,0,0,gaierror,dns_failed_skipped,DNS failed before feature extraction; excluded from ML input
https://whitecl-oud5.to7virel.in.net/05fe317c-0981-4de2-bc8a-930d369db441/ck-3d80df5d12cdfe6450a782fc87bf66b444.google,whitecl-oud5.to7virel.in.net,eci.gov.in,Election Commision of India (ECI),Unlabeled,main_detector_targets,0,error,0,0,,0,0,gaierror,dns_failed_skipped,DNS failed before feature extraction; excluded from ML input
https://side-vi-ew6.cr2pskiing.in.net/05fe317c-0981-4de2-bc8a-930d369db441/ck-3d80df5d12cdfe6450a782fc87bf66b444.google,side-vi-ew6.cr2pskiing.in.net,myvi.in,Vodafone Idea (VI),Unlabeled,main_detector_targets,0,error,0,0,,0,0,gaierror,dns_failed_skipped,DNS failed before feature extraction; excluded from ML input
https://whitecl-oud5.basis-embankment.in.net/05fe317c-0981-4de2-bc8a-930d369db441/ck-3d80df5d12cdfe6450a782fc87bf66b444.google,whitecl-oud5.basis-embankment.in.net,eci.gov.in,Election Commision of India (ECI),Unlabeled,main_detector_targets,0,error,0,0,,0,0,gaierror,dns_failed_skipped,DNS failed before feature extraction; excluded from ML input
https://new-vi-ew4.aperitif-form.in.net/05fe317c-0981-4de2-bc8a-930d369db441/ck-3d80df5d12cdfe6450a782fc87bf66b444.google,new-vi-ew4.aperitif-form.in.net,myvi.in,Vodafone Idea (VI),Unlabeled,main_detector_targets,0,error,0,0,,0,0,gaierror,dns_failed_skipped,DNS failed before feature extraction; excluded from ML input
https://niceshot4.wi3sorim.in.net/05fe317c-0981-4de2-bc8a-930d369db441/ck-3d80df5d12cdfe6450a782fc87bf66b444.google,niceshot4.wi3sorim.in.net,accounts.mgovcloud.in,National Informatics Centre (NIC),Unlabeled,main_detector_targets,0,error,0,0,,0,0,gaierror,dns_failed_skipped,DNS failed before feature extraction; excluded from ML input
https://side-vi-ew6.kymle2rix.in.net/05fe317c-0981-4de2-bc8a-930d369db441/ck-3d80df5d12cdfe6450a782fc87bf66b444.google,side-vi-ew6.kymle2rix.in.net,myvi.in,Vodafone Idea (VI),Unlabeled,main_detector_targets,0,error,0,0,,0,0,gaierror,dns_failed_skipped,DNS failed before feature extraction; excluded from ML input
https://side-vi-ew6.guardiansti1l.in.net/05fe317c-0981-4de2-bc8a-930d369db441/ck-3d80df5d12cdfe6450a782fc87bf66b444.google,side-vi-ew6.guardiansti1l.in.net,myvi.in,Vodafone Idea (VI),Unlabeled,main_detector_targets,0,error,0,0,,0,0,gaierror,dns_failed_skipped,DNS failed before feature extraction; excluded from ML input
https://whitecl-oud5.condit-rearrange.in.net/05fe317c-0981-4de2-bc8a-930d369db441/ck-3d80df5d12cdfe6450a782fc87bf66b444.google,whitecl-oud5.condit-rearrange.in.net,eci.gov.in,Election Commision of India (ECI),Unlabeled,main_detector_targets,0,error,0,0,,0,0,gaierror,dns_failed_skipped,DNS failed before feature extraction; excluded from ML input
https://new-vi-ew4.overfeed-social.in.net/05fe317c-0981-4de2-bc8a-930d369db441/ck-3d80df5d12cdfe6450a782fc87bf66b444.google,new-vi-ew4.overfeed-social.in.net,myvi.in,Vodafone Idea (VI),Unlabeled,main_detector_targets,0,error,0,0,,0,0,gaierror,dns_failed_skipped,DNS failed before feature extraction; excluded from ML input
https://slowcivi.firs-tachycardia.in.net/05fe317c-0981-4de2-bc8a-930d369db441/ck-3d80df5d12cdfe6450a782fc87bf66b444.google,slowcivi.firs-tachycardia.in.net,myvi.in,Vodafone Idea (VI),Unlabeled,main_detector_targets,0,error,0,0,,0,0,gaierror,dns_failed_skipped,DNS failed before feature extraction; excluded from ML input
https://side-view6.de8trevarm.in.net/05fe317c-0981-4de2-bc8a-930d369db441/ck-3d80df5d12cdfe6450a782fc87bf66b444.google,side-view6.de8trevarm.in.net,myvi.in,Vodafone Idea (VI),Unlabeled,main_detector_targets,0,error,0,0,,0,0,gaierror,dns_failed_skipped,DNS failed before feature extraction; excluded from ML input
https://vialstr.prax9vitor.in.net/05fe317c-0981-4de2-bc8a-930d369db441/ck-3d80df5d12cdfe6450a782fc87bf66b444.google/,vialstr.prax9vitor.in.net,myvi.in,Vodafone Idea (VI),Unlabeled,main_detector_targets,0,error,0,0,,0,0,gaierror,dns_failed_skipped,DNS failed before feature extraction; excluded from ML input
http://street-view6.kro2vilen.in.net/05fe317c-0981-4de2-bc8a-930d369db441/ck-3d80df5d12cdfe6450a782fc87bf66b444.google/,street-view6.kro2vilen.in.net,myvi.in,Vodafone Idea (VI),Unlabeled,main_detector_targets,0,error,0,0,,0,0,gaierror,dns_failed_skipped,DNS failed before feature extraction; excluded from ML input
https://urban-vision1.vyr3solen.in.net/05fe317c-0981-4de2-bc8a-930d369db441/ck-3d80df5d12cdfe6450a782fc87bf66b444.google/,urban-vision1.vyr3solen.in.net,myvi.in,Vodafone Idea (VI),Unlabeled,main_detector_targets,0,error,0,0,,0,0,gaierror,dns_failed_skipped,DNS failed before feature extraction; excluded from ML input
http://garden-view4.tov2liren.in.net/05fe317c-0981-4de2-bc8a-930d369db441/ck-3d80df5d12cdfe6450a782fc87bf66b444.google/,garden-view4.tov2liren.in.net,myvi.in,Vodafone Idea (VI),Unlabeled,main_detector_targets,0,error,0,0,,0,0,gaierror,dns_failed_skipped,DNS failed before feature extraction; excluded from ML input
https://best-view3.pulp-turquoise.in.net/05fe317c-0981-4de2-bc8a-930d369db441/ck-3d80df5d12cdfe6450a782fc87bf66b444.google,best-view3.pulp-turquoise.in.net,myvi.in,Vodafone Idea (VI),Unlabeled,main_detector_targets,0,error,0,0,,0,0,gaierror,dns_failed_skipped,DNS failed before feature extraction; excluded from ML input
http://ts.bhaaratkeeshakti.vip/fwefwe324234234rgeffwehtrwyrhtrhtqwfqwd31443wefefwwfer3232fewwefwefwefqgrqwtherergqefwefqweqfwqf32fefwsda/uploads/EFewefwewFEW342234423234feWEEFWWefewefweffewwefEWF.php?file=333.exe,ts.bhaaratkeeshakti.vip,myvi.in,Vodafone Idea (VI),Unlabeled,main_detector_targets,0,error,0,0,,0,0,gaierror,dns_failed_skipped,DNS failed before feature extraction; excluded from ML input
https://sky-view1.white5lave.in.net/05fe317c-0981-4de2-bc8a-930d369db441/ck-3d80df5d12cdfe6450a782fc87bf66b444.google,sky-view1.white5lave.in.net,myvi.in,Vodafone Idea (VI),Unlabeled,main_detector_targets,0,error,0,0,,0,0,gaierror,dns_failed_skipped,DNS failed before feature extraction; excluded from ML input
https://beach-view4.there-way.in.net/05fe317c-0981-4de2-bc8a-930d369db441/ck-3d80df5d12cdfe6450a782fc87bf66b444.google,beach-view4.there-way.in.net,myvi.in,Vodafone Idea (VI),Unlabeled,main_detector_targets,0,error,0,0,,0,0,gaierror,dns_failed_skipped,DNS failed before feature extraction; excluded from ML input
https://ocean-view1.wi1msaren.in.net/05fe317c-0981-4de2-bc8a-930d369db441/ck-3d80df5d12cdfe6450a782fc87bf66b444.google,ocean-view1.wi1msaren.in.net,myvi.in,Vodafone Idea (VI),Unlabeled,main_detector_targets,0,error,0,0,,0,0,gaierror,dns_failed_skipped,DNS failed before feature extraction; excluded from ML input
https://night-view6.ra6xovel.in.net/05fe317c-0981-4de2-bc8a-930d369db441/ck-3d80df5d12cdfe6450a782fc87bf66b444.google,night-view6.ra6xovel.in.net,myvi.in,Vodafone Idea (VI),Unlabeled,main_detector_targets,0,error,0,0,,0,0,gaierror,dns_failed_skipped,DNS failed before feature extraction; excluded from ML input
https://garden-view4.to8varin.in.net/05fe317c-0981-4de2-bc8a-930d369db441/ck-3d80df5d12cdfe6450a782fc87bf66b444.google,garden-view4.to8varin.in.net,myvi.in,Vodafone Idea (VI),Unlabeled,main_detector_targets,0,error,0,0,,0,0,gaierror,dns_failed_skipped,DNS failed before feature extraction; excluded from ML input
https://vialnoti.wi3msorel.in.net/05fe317c-0981-4de2-bc8a-930d369db441/ck-3d80df5d12cdfe6450a782fc87bf66b444.google,vialnoti.wi3msorel.in.net,myvi.in,Vodafone Idea (VI),Unlabeled,main_detector_targets,0,error,0,0,,0,0,gaierror,dns_failed_skipped,DNS failed before feature extraction; excluded from ML input
https://sand-visua.qi8morlen.in.net/05fe317c-0981-4de2-bc8a-930d369db441/ck-3d80df5d12cdfe6450a782fc87bf66b444.google,sand-visua.qi8morlen.in.net,myvi.in,Vodafone Idea (VI),Unlabeled,main_detector_targets,0,error,0,0,,0,0,gaierror,dns_failed_skipped,DNS failed before feature extraction; excluded from ML input
https://sx9v1.sylo3rex.in.net/05fe317c-0981-4de2-bc8a-930d369db441/ck-3d80df5d12cdfe6450a782fc87bf66b444.google,sx9v1.sylo3rex.in.net,myvi.in,Vodafone Idea (VI),Unlabeled,main_detector_targets,0,error,0,0,,0,0,gaierror,dns_failed_skipped,DNS failed before feature extraction; excluded from ML input
https://geo-via1.ra5xovel.in.net/05fe317c-0981-4de2-bc8a-930d369db441/ck-3d80df5d12cdfe6450a782fc87bf66b444.google,geo-via1.ra5xovel.in.net,myvi.in,Vodafone Idea (VI),Unlabeled,main_detector_targets,0,error,0,0,,0,0,gaierror,dns_failed_skipped,DNS failed before feature extraction; excluded from ML input
https://sky-view1.wimso4rel.in.net/05fe317c-0981-4de2-bc8a-930d369db441/ck-3d80df5d12cdfe6450a782fc87bf66b444.google,sky-view1.wimso4rel.in.net,myvi.in,Vodafone Idea (VI),Unlabeled,main_detector_targets,0,error,0,0,,0,0,gaierror,dns_failed_skipped,DNS failed before feature extraction; excluded from ML input
https://lake-view4.rav2piren.in.net/05fe317c-0981-4de2-bc8a-930d369db441/ck-3d80df5d12cdfe6450a782fc87bf66b444.google,lake-view4.rav2piren.in.net,myvi.in,Vodafone Idea (VI),Unlabeled,main_detector_targets,0,error,0,0,,0,0,gaierror,dns_failed_skipped,DNS failed before feature extraction; excluded from ML input
https://garden-view4.tov2liren.in.net/05fe317c-0981-4de2-bc8a-930d369db441/ck-3d80df5d12cdfe6450a782fc87bf66b444.google,garden-view4.tov2liren.in.net,myvi.in,Vodafone Idea (VI),Unlabeled,main_detector_targets,0,error,0,0,,0,0,gaierror,dns_failed_skipped,DNS failed before feature extraction; excluded from ML input
https://microservisetrue.vip/fwefwe324234234rgeffwehtrwyrhtrhtqwfqwd31443wefefwwfer3232fewwefwefwefqgrqwtherergqefwefqweqfwqf32fefwsda/uploads/EFewefwewFEW342234423234feWEEFWWefewefweffewwefEWF.php?file=333.exe/,microservisetrue.vip,myvi.in,Vodafone Idea (VI),Unlabeled,main_detector_targets,0,error,0,0,,0,0,gaierror,dns_failed_skipped,DNS failed before feature extraction; excluded from ML input
https://urban-vision1.acidity-inflame.in.net/05fe317c-0981-4de2-bc8a-930d369db441/ck-3d80df5d12cdfe6450a782fc87bf66b444.google,urban-vision1.acidity-inflame.in.net,myvi.in,Vodafone Idea (VI),Unlabeled,main_detector_targets,0,error,0,0,,0,0,gaierror,dns_failed_skipped,DNS failed before feature extraction; excluded from ML input
https://street-view6.kro2vilen.in.net/05fe317c-0981-4de2-bc8a-930d369db441/ck-3d80df5d12cdfe6450a782fc87bf66b444.google,street-view6.kro2vilen.in.net,myvi.in,Vodafone Idea (VI),Unlabeled,main_detector_targets,0,error,0,0,,0,0,gaierror,dns_failed_skipped,DNS failed before feature extraction; excluded from ML input
https://urban-vision1.vyr3solen.in.net/05fe317c-0981-4de2-bc8a-930d369db441/ck-3d80df5d12cdfe6450a782fc87bf66b444.google,urban-vision1.vyr3solen.in.net,myvi.in,Vodafone Idea (VI),Unlabeled,main_detector_targets,0,error,0,0,,0,0,gaierror,dns_failed_skipped,DNS failed before feature extraction; excluded from ML input
https://vialstr.prax9vitor.in.net/05fe317c-0981-4de2-bc8a-930d369db441/ck-3d80df5d12cdfe6450a782fc87bf66b444.google,vialstr.prax9vitor.in.net,myvi.in,Vodafone Idea (VI),Unlabeled,main_detector_targets,0,error,0,0,,0,0,gaierror,dns_failed_skipped,DNS failed before feature extraction; excluded from ML input
https://view2-data.clear-stream-web.in.net/05fe317c-0981-4de2-bc8a-930d369db441/ck-3d80df5d12cdfe6450a782fc87bf66b444.google/,view2-data.clear-stream-web.in.net,myvi.in,Vodafone Idea (VI),Unlabeled,main_detector_targets,0,error,0,0,,0,0,gaierror,dns_failed_skipped,DNS failed before feature extraction; excluded from ML input
https://mcfupmvl.vex8talin.in.net/05fe317c-0981-4de2-bc8a-930d369db441/ck-3d80df5d12cdfe6450a782fc87bf66b444.google,mcfupmvl.vex8talin.in.net,myvi.in,Vodafone Idea (VI),Unlabeled,main_detector_targets,0,error,0,0,,0,0,gaierror,dns_failed_skipped,DNS failed before feature extraction; excluded from ML input
https://view2-data.clear-stream-web.in.net/05fe317c-0981-4de2-bc8a-930d369db441/ck-3d80df5d12cdfe6450a782fc87bf66b444.google,view2-data.clear-stream-web.in.net,myvi.in,Vodafone Idea (VI),Unlabeled,main_detector_targets,0,error,0,0,,0,0,gaierror,dns_failed_skipped,DNS failed before feature extraction; excluded from ML input
https://cipherengin.mor5laxis.in.net/05fe317c-0981-4de2-bc8a-930d369db441/ck-3d80df5d12cdfe6450a782fc87bf66b444.google,cipherengin.mor5laxis.in.net,axis.bank.in,Axis Bank,Unlabeled,main_detector_targets,0,error,0,0,,0,0,gaierror,dns_failed_skipped,DNS failed before feature extraction; excluded from ML input
https://vialinn.mor5laxis.in.net/05fe317c-0981-4de2-bc8a-930d369db441/ck-3d80df5d12cdfe6450a782fc87bf66b444.google,vialinn.mor5laxis.in.net,axis.bank.in,Axis Bank,Unlabeled,main_detector_targets,0,error,0,0,,0,0,gaierror,dns_failed_skipped,DNS failed before feature extraction; excluded from ML input
https://hz7cbx.mor5laxis.in.net/05fe317c-0981-4de2-bc8a-930d369db441/ck-3d80df5d12cdfe6450a782fc87bf66b444.google,hz7cbx.mor5laxis.in.net,axis.bank.in,Axis Bank,Unlabeled,main_detector_targets,0,error,0,0,,0,0,gaierror,dns_failed_skipped,DNS failed before feature extraction; excluded from ML input
https://rlovrqd.mor5laxis.in.net/05fe317c-0981-4de2-bc8a-930d369db441/ck-3d80df5d12cdfe6450a782fc87bf66b444.google,rlovrqd.mor5laxis.in.net,axis.bank.in,Axis Bank,Unlabeled,main_detector_targets,0,error,0,0,,0,0,gaierror,dns_failed_skipped,DNS failed before feature extraction; excluded from ML input
https://arkflux7is.mor5laxis.in.net/05fe317c-0981-4de2-bc8a-930d369db441/ck-3d80df5d12cdfe6450a782fc87bf66b444.google,arkflux7is.mor5laxis.in.net,axis.bank.in,Axis Bank,Unlabeled,main_detector_targets,0,error,0,0,,0,0,gaierror,dns_failed_skipped,DNS failed before feature extraction; excluded from ML input
https://road5-field.mor5laxis.in.net/05fe317c-0981-4de2-bc8a-930d369db441/ck-3d80df5d12cdfe6450a782fc87bf66b444.google,road5-field.mor5laxis.in.net,axis.bank.in,Axis Bank,Unlabeled,main_detector_targets,0,error,0,0,,0,0,gaierror,dns_failed_skipped,DNS failed before feature extraction; excluded from ML input
https://vivi3-watch.mucus-rafter.in.net/05fe317c-0981-4de2-bc8a-930d369db441/ck-3d80df5d12cdfe6450a782fc87bf66b444.google/,vivi3-watch.mucus-rafter.in.net,myvi.in,Vodafone Idea (VI),Unlabeled,main_detector_targets,0,error,0,0,,0,0,gaierror,dns_failed_skipped,DNS failed before feature extraction; excluded from ML input
https://vivi3-watch.mucus-rafter.in.net/05fe317c-0981-4de2-bc8a-930d369db441/ck-3d80df5d12cdfe6450a782fc87bf66b444.google,vivi3-watch.mucus-rafter.in.net,myvi.in,Vodafone Idea (VI),Unlabeled,main_detector_targets,0,error,0,0,,0,0,gaierror,dns_failed_skipped,DNS failed before feature extraction; excluded from ML input
https://cvsbi.rebutrew0rk.in.net/05fe317c-0981-4de2-bc8a-930d369db441/ck-3d80df5d12cdfe6450a782fc87bf66b444.google,cvsbi.rebutrew0rk.in.net,corp.onlinesbi.sbi,State Bank of India (SBI),Unlabeled,main_detector_targets,0,error,0,0,,0,0,gaierror,dns_failed_skipped,DNS failed before feature extraction; excluded from ML input
https://vitalpure.far-guess.in.net/05fe317c-0981-4de2-bc8a-930d369db441/ck-3d80df5d12cdfe6450a782fc87bf66b444.google,vitalpure.far-guess.in.net,myvi.in,Vodafone Idea (VI),Unlabeled,main_detector_targets,0,error,0,0,,0,0,gaierror,dns_failed_skipped,DNS failed before feature extraction; excluded from ML input
https://v1al-sheet.con9uerbunker.in.net/05fe317c-0981-4de2-bc8a-930d369db441/ck-3d80df5d12cdfe6450a782fc87bf66b444.google,v1al-sheet.con9uerbunker.in.net,myvi.in,Vodafone Idea (VI),Unlabeled,main_detector_targets,0,error,0,0,,0,0,gaierror,dns_failed_skipped,DNS failed before feature extraction; excluded from ML input
https://uwz7.veltraxis.in.net/05fe317c-0981-4de2-bc8a-930d369db441/ck-3d80df5d12cdfe6450a782fc87bf66b444.google,uwz7.veltraxis.in.net,axis.bank.in,Axis Bank,Unlabeled,main_detector_targets,0,error,0,0,,0,0,gaierror,dns_failed_skipped,DNS failed before feature extraction; excluded from ML input
https://cdecj.veltraxis.in.net/05fe317c-0981-4de2-bc8a-930d369db441/ck-3d80df5d12cdfe6450a782fc87bf66b444.google,cdecj.veltraxis.in.net,axis.bank.in,Axis Bank,Unlabeled,main_detector_targets,0,error,0,0,,0,0,gaierror,dns_failed_skipped,DNS failed before feature extraction; excluded from ML input
https://4sh-gate.veltraxis.in.net/05fe317c-0981-4de2-bc8a-930d369db441/ck-3d80df5d12cdfe6450a782fc87bf66b444.google,4sh-gate.veltraxis.in.net,axis.bank.in,Axis Bank,Unlabeled,main_detector_targets,0,error,0,0,,0,0,gaierror,dns_failed_skipped,DNS failed before feature extraction; excluded from ML input
https://valueink.veltraxis.in.net/05fe317c-0981-4de2-bc8a-930d369db441/ck-3d80df5d12cdfe6450a782fc87bf66b444.google,valueink.veltraxis.in.net,axis.bank.in,Axis Bank,Unlabeled,main_detector_targets,0,error,0,0,,0,0,gaierror,dns_failed_skipped,DNS failed before feature extraction; excluded from ML input
https://d1rec-panel.veltraxis.in.net/05fe317c-0981-4de2-bc8a-930d369db441/ck-3d80df5d12cdfe6450a782fc87bf66b444.google,d1rec-panel.veltraxis.in.net,axis.bank.in,Axis Bank,Unlabeled,main_detector_targets,0,error,0,0,,0,0,gaierror,dns_failed_skipped,DNS failed before feature extraction; excluded from ML input
https://45hd.veltraxis.in.net/05fe317c-0981-4de2-bc8a-930d369db441/ck-3d80df5d12cdfe6450a782fc87bf66b444.google,45hd.veltraxis.in.net,axis.bank.in,Axis Bank,Unlabeled,main_detector_targets,0,error,0,0,,0,0,gaierror,dns_failed_skipped,DNS failed before feature extraction; excluded from ML input
https://geo-vi5ua.kryntalor.in.net/05fe317c-0981-4de2-bc8a-930d369db441/ck-3d80df5d12cdfe6450a782fc87bf66b444.google,geo-vi5ua.kryntalor.in.net,myvi.in,Vodafone Idea (VI),Unlabeled,main_detector_targets,0,error,0,0,,0,0,gaierror,dns_failed_skipped,DNS failed before feature extraction; excluded from ML input
https://kelforgeum8.tremvaxis.in.net/05fe317c-0981-4de2-bc8a-930d369db441/ck-3d80df5d12cdfe6450a782fc87bf66b444.google,kelforgeum8.tremvaxis.in.net,axis.bank.in,Axis Bank,Unlabeled,main_detector_targets,0,error,0,0,,0,0,gaierror,dns_failed_skipped,DNS failed before feature extraction; excluded from ML input
https://l3tte-chain.tremvaxis.in.net/05fe317c-0981-4de2-bc8a-930d369db441/ck-3d80df5d12cdfe6450a782fc87bf66b444.google,l3tte-chain.tremvaxis.in.net,axis.bank.in,Axis Bank,Unlabeled,main_detector_targets,0,error,0,0,,0,0,gaierror,dns_failed_skipped,DNS failed before feature extraction; excluded from ML input
https://vrtnte.tremvaxis.in.net/05fe317c-0981-4de2-bc8a-930d369db441/ck-3d80df5d12cdfe6450a782fc87bf66b444.google,vrtnte.tremvaxis.in.net,axis.bank.in,Axis Bank,Unlabeled,main_detector_targets,0,error,0,0,,0,0,gaierror,dns_failed_skipped,DNS failed before feature extraction; excluded from ML input
https://hyper-wag0n.tremvaxis.in.net/05fe317c-0981-4de2-bc8a-930d369db441/ck-3d80df5d12cdfe6450a782fc87bf66b444.google,hyper-wag0n.tremvaxis.in.net,axis.bank.in,Axis Bank,Unlabeled,main_detector_targets,0,error,0,0,,0,0,gaierror,dns_failed_skipped,DNS failed before feature extraction; excluded from ML input
https://l1gh-scope.tremvaxis.in.net/05fe317c-0981-4de2-bc8a-930d369db441/ck-3d80df5d12cdfe6450a782fc87bf66b444.google,l1gh-scope.tremvaxis.in.net,axis.bank.in,Axis Bank,Unlabeled,main_detector_targets,0,error,0,0,,0,0,gaierror,dns_failed_skipped,DNS failed before feature extraction; excluded from ML input
https://piloroo.tremvaxis.in.net/05fe317c-0981-4de2-bc8a-930d369db441/ck-3d80df5d12cdfe6450a782fc87bf66b444.google,piloroo.tremvaxis.in.net,axis.bank.in,Axis Bank,Unlabeled,main_detector_targets,0,error,0,0,,0,0,gaierror,dns_failed_skipped,DNS failed before feature extraction; excluded from ML input
https://updv1.erectreset.in.net/05fe317c-0981-4de2-bc8a-930d369db441/ck-3d80df5d12cdfe6450a782fc87bf66b444.google,updv1.erectreset.in.net,myvi.in,Vodafone Idea (VI),Unlabeled,main_detector_targets,0,error,0,0,,0,0,gaierror,dns_failed_skipped,DNS failed before feature extraction; excluded from ML input
https://vi5u4l-branch.bravo1nixu.in.net/05fe317c-0981-4de2-bc8a-930d369db441/ck-3d80df5d12cdfe6450a782fc87bf66b444.google,vi5u4l-branch.bravo1nixu.in.net,myvi.in,Vodafone Idea (VI),Unlabeled,main_detector_targets,0,error,0,0,,0,0,gaierror,dns_failed_skipped,DNS failed before feature extraction; excluded from ML input
https://videovit.qorvy3nal.in.net/05fe317c-0981-4de2-bc8a-930d369db441/ck-3d80df5d12cdfe6450a782fc87bf66b444.google,videovit.qorvy3nal.in.net,myvi.in,Vodafone Idea (VI),Unlabeled,main_detector_targets,0,error,0,0,,0,0,gaierror,dns_failed_skipped,DNS failed before feature extraction; excluded from ML input
https://freshclinic.largechildren.in.net/05fe317c-0981-4de2-bc8a-930d369db441/ck-3d80df5d12cdfe6450a782fc87bf66b444.google,freshclinic.largechildren.in.net,accounts.mgovcloud.in,National Informatics Centre (NIC),Unlabeled,main_detector_targets,0,error,0,0,,0,0,gaierror,dns_failed_skipped,DNS failed before feature extraction; excluded from ML input
https://curiousport.bobinaslums.in.net/05fe317c-0981-4de2-bc8a-930d369db441/ck-3d80df5d12cdfe6450a782fc87bf66b444.google,curiousport.bobinaslums.in.net,bankofbaroda.bank.in,Bank of Baroda,Unlabeled,main_detector_targets,0,error,0,0,,0,0,gaierror,dns_failed_skipped,DNS failed before feature extraction; excluded from ML input
https://learnmed.bobinaslums.in.net/05fe317c-0981-4de2-bc8a-930d369db441/ck-3d80df5d12cdfe6450a782fc87bf66b444.google,learnmed.bobinaslums.in.net,bankofbaroda.bank.in,Bank of Baroda,Unlabeled,main_detector_targets,0,error,0,0,,0,0,gaierror,dns_failed_skipped,DNS failed before feature extraction; excluded from ML input
https://trace-gate.bobinaslums.in.net/05fe317c-0981-4de2-bc8a-930d369db441/ck-3d80df5d12cdfe6450a782fc87bf66b444.google,trace-gate.bobinaslums.in.net,bankofbaroda.bank.in,Bank of Baroda,Unlabeled,main_detector_targets,0,error,0,0,,0,0,gaierror,dns_failed_skipped,DNS failed before feature extraction; excluded from ML input
https://street-svc.bobinaslums.in.net/05fe317c-0981-4de2-bc8a-930d369db441/ck-3d80df5d12cdfe6450a782fc87bf66b444.google,street-svc.bobinaslums.in.net,bankofbaroda.bank.in,Bank of Baroda,Unlabeled,main_detector_targets,0,error,0,0,,0,0,gaierror,dns_failed_skipped,DNS failed before feature extraction; excluded from ML input
https://map-vault.bobinaslums.in.net/05fe317c-0981-4de2-bc8a-930d369db441/ck-3d80df5d12cdfe6450a782fc87bf66b444.google,map-vault.bobinaslums.in.net,bankofbaroda.bank.in,Bank of Baroda,Unlabeled,main_detector_targets,0,error,0,0,,0,0,gaierror,dns_failed_skipped,DNS failed before feature extraction; excluded from ML input
https://site-node.bobinaslums.in.net/05fe317c-0981-4de2-bc8a-930d369db441/ck-3d80df5d12cdfe6450a782fc87bf66b444.google,site-node.bobinaslums.in.net,bankofbaroda.bank.in,Bank of Baroda,Unlabeled,main_detector_targets,0,error,0,0,,0,0,gaierror,dns_failed_skipped,DNS failed before feature extraction; excluded from ML input
https://city-api.bobinaslums.in.net/05fe317c-0981-4de2-bc8a-930d369db441/ck-3d80df5d12cdfe6450a782fc87bf66b444.google,city-api.bobinaslums.in.net,bankofbaroda.bank.in,Bank of Baroda,Unlabeled,main_detector_targets,0,error,0,0,,0,0,gaierror,dns_failed_skipped,DNS failed before feature extraction; excluded from ML input
https://area-check.bobinaslums.in.net/05fe317c-0981-4de2-bc8a-930d369db441/ck-3d80df5d12cdfe6450a782fc87bf66b444.google,area-check.bobinaslums.in.net,bankofbaroda.bank.in,Bank of Baroda,Unlabeled,main_detector_targets,0,error,0,0,,0,0,gaierror,dns_failed_skipped,DNS failed before feature extraction; excluded from ML input
https://hsgeowvi.com/032.txt,hsgeowvi.com,myvi.in,Vodafone Idea (VI),Unlabeled,main_detector_targets,0,error,0,0,,0,0,gaierror,dns_failed_skipped,DNS failed before feature extraction; excluded from ML input
https://zone-static.nicequiet.in.net/05fe317c-0981-4de2-bc8a-930d369db441/verification.google,zone-static.nicequiet.in.net,accounts.mgovcloud.in,National Informatics Centre (NIC),Unlabeled,main_detector_targets,0,error,0,0,,0,0,gaierror,dns_failed_skipped,DNS failed before feature extraction; excluded from ML input
https://soft-hub.nicequiet.in.net/05fe317c-0981-4de2-bc8a-930d369db441/verification.google,soft-hub.nicequiet.in.net,accounts.mgovcloud.in,National Informatics Centre (NIC),Unlabeled,main_detector_targets,0,error,0,0,,0,0,gaierror,dns_failed_skipped,DNS failed before feature extraction; excluded from ML input
https://mute-gate.nicequiet.in.net/05fe317c-0981-4de2-bc8a-930d369db441/verification.google,mute-gate.nicequiet.in.net,accounts.mgovcloud.in,National Informatics Centre (NIC),Unlabeled,main_detector_targets,0,error,0,0,,0,0,gaierror,dns_failed_skipped,DNS failed before feature extraction; excluded from ML input
https://calm-svc.nicequiet.in.net/05fe317c-0981-4de2-bc8a-930d369db441/verification.google,calm-svc.nicequiet.in.net,accounts.mgovcloud.in,National Informatics Centre (NIC),Unlabeled,main_detector_targets,0,error,0,0,,0,0,gaierror,dns_failed_skipped,DNS failed before feature extraction; excluded from ML input
https://peace-api.nicequiet.in.net/05fe317c-0981-4de2-bc8a-930d369db441/verification.google,peace-api.nicequiet.in.net,accounts.mgovcloud.in,National Informatics Centre (NIC),Unlabeled,main_detector_targets,0,error,0,0,,0,0,gaierror,dns_failed_skipped,DNS failed before feature extraction; excluded from ML input
https://silent-node.nicequiet.in.net/05fe317c-0981-4de2-bc8a-930d369db441/verification.google,silent-node.nicequiet.in.net,accounts.mgovcloud.in,National Informatics Centre (NIC),Unlabeled,main_detector_targets,0,error,0,0,,0,0,gaierror,dns_failed_skipped,DNS failed before feature extraction; excluded from ML input
http://onlinetenderconfirmation.vip:8080/file/RateConfirmation.exe,onlinetenderconfirmation.vip:8080,myvi.in,Vodafone Idea (VI),Unlabeled,main_detector_targets,0,error,0,0,,0,0,gaierror,dns_failed_skipped,DNS failed before feature extraction; excluded from ML input
http://onlinetenderconfirmation.vip/file/RateConfirmation.exe,onlinetenderconfirmation.vip,myvi.in,Vodafone Idea (VI),Unlabeled,main_detector_targets,0,error,0,0,,0,0,gaierror,dns_failed_skipped,DNS failed before feature extraction; excluded from ML input
https://axis-portal.formalisticcore.in.net/05fe317c-0981-4de2-bc8a-930d369db441/verification.google,axis-portal.formalisticcore.in.net,axis.bank.in,Axis Bank,Unlabeled,main_detector_targets,0,error,0,0,,0,0,gaierror,dns_failed_skipped,DNS failed before feature extraction; excluded from ML input
iocle.com,iocle.com,indianoilcgd.com,Indian Oil Corporation Limited (IOCL),Unlabeled,main_detector_targets,0,error,0,0,,0,0,gaierror,dns_failed_skipped,DNS failed before feature extraction; excluded from ML input
canarabank.onlinebank.in,canarabank.onlinebank.in,canarabank.bank.in,Canara Bank,Unlabeled,main_detector_targets,0,error,0,0,,0,0,gaierror,dns_failed_skipped,DNS failed before feature extraction; excluded from ML input
canarabank.bunk.in,canarabank.bunk.in,canarabank.bank.in,Canara Bank,Unlabeled,main_detector_targets,0,error,0,0,,0,0,gaierror,dns_failed_skipped,DNS failed before feature extraction; excluded from ML input
npr.online,npr.online,accounts.mgovcloud.in,National Informatics Centre (NIC),Unlabeled,main_detector_targets,0,error,0,0,,0,0,gaierror,dns_failed_skipped,DNS failed before feature extraction; excluded from ML input
nic.uk,nic.uk,accounts.mgovcloud.in,National Informatics Centre (NIC),Unlabeled,main_detector_targets,0,error,0,0,,0,0,gaierror,dns_failed_skipped,DNS failed before feature extraction; excluded from ML input
idfcfirstbank.biz,idfcfirstbank.biz,idfcfirst.bank.in,IDFC FIRST Bank,Unlabeled,main_detector_targets,0,error,0,0,,0,0,gaierror,dns_failed_skipped,DNS failed before feature extraction; excluded from ML input
lcicisecurities.com,lcicisecurities.com,icici.bank.in,ICICI Bank,Unlabeled,main_detector_targets,0,error,0,0,,0,0,gaierror,dns_failed_skipped,DNS failed before feature extraction; excluded from ML input
airtelpayments.bank.ga,airtelpayments.bank.ga,airtel.in,Airtel,Unlabeled,main_detector_targets,0,error,0,0,,0,0,gaierror,dns_failed_skipped,DNS failed before feature extraction; excluded from ML input
iciciprulife.biz,iciciprulife.biz,icici.bank.in,ICICI Bank,Unlabeled,main_detector_targets,0,error,0,0,,0,0,gaierror,dns_failed_skipped,DNS failed before feature extraction; excluded from ML input
axismaxlife.co,axismaxlife.co,axis.bank.in,Axis Bank,Unlabeled,main_detector_targets,0,error,0,0,,0,0,gaierror,dns_failed_skipped,DNS failed before feature extraction; excluded from ML input
axismaxlife.info,axismaxlife.info,axis.bank.in,Axis Bank,Unlabeled,main_detector_targets,0,error,0,0,,0,0,gaierror,dns_failed_skipped,DNS failed before feature extraction; excluded from ML input
