lexical_similarity_score,min_edit_distance_to_brand_domain,homoglyph_similarity_score,brand_token_in_subdomain,brand_token_in_path,brand_not_in_registered_domain,subdomain_depth,dns_check_pass,dns_resolves_to_ip,cname_exists,cname_chain_length,nameserver_reputation_score,passive_dns_first_seen_days,domain_age_days,domain_expiry_days,registrar_reputation_score,asn_reputation_score,ip_seen_with_many_brands,https_enabled,ssl_valid,cert_age_days,ct_log_first_seen_days,url_fetch_success,redirect_count,redirect_cross_domain_count,page_render_success,has_login_form,has_password_input,form_action_external,logo_detected,logo_brand_matches_target_brand,logo_brand_domain_mismatch,favicon_similarity_score,logo_similarity_score,html_dom_similarity_score,high_lexical_similarity,page_fetch_success,no_login_form,no_brand_visual_claim,brand_token_or_logo_present,visual_brand_domain_mismatch,same_html_hash_domain_count_7d,suspected_inactive,suspected_active_infra,suspected_active_no_phish_evidence,phishing,phishing_campaign,validation_status,validation_reason,extraction_status,dns_status,rdap_status,whois_status,http_status,tls_status,page_status,label
0.916667,0,0.916667,0,0,0,0,1,1,0,0,6,-1,306,59,4,-1,0,1,0,-1,-1,1,1,1,1,1,0,1,0,0,0,0.0,0.0,0.0,1,1,0,1,0,0,2,0,0,0,0,0,suspected_unconfirmed,high lexical similarity but insufficient phishing evidence,partial,success,success,skipped,success,invalid,success,0
0.947368,0,0.947368,0,0,0,0,1,1,0,0,6,-1,318,47,6,6,0,0,0,-1,-1,1,1,1,1,0,0,0,0,0,0,0.3125,0.0,0.4844,1,1,1,1,0,0,2,0,0,1,0,0,suspected_active_no_phish_evidence,active page without login form or brand visual claim,partial,success,success,skipped,success,error,success,0
0.947368,0,0.947368,0,0,0,0,1,1,0,0,6,-1,231,134,6,6,0,0,0,-1,-1,1,1,1,1,0,0,0,0,0,0,0.3125,0.0,0.4844,1,1,1,1,0,0,2,0,0,1,0,0,suspected_active_no_phish_evidence,active page without login form or brand visual claim,partial,success,success,skipped,success,error,success,0
0.916667,0,0.916667,0,0,0,0,1,1,0,0,6,-1,164,201,8,8,1,1,0,-1,-1,0,1,1,0,1,0,1,0,0,0,0.3438,0.0,0.4062,1,0,0,1,0,0,1,0,1,0,0,0,suspected_active_infra,DNS active but page fetch failed,partial,success,success,skipped,http_403,invalid,success,0
0.85,0,0.85,0,0,0,0,1,1,0,0,8,-1,235,130,8,8,0,1,1,29,-1,0,0,0,0,0,0,0,0,0,0,0.0,0.0,0.6406,1,0,1,1,0,0,1,0,1,0,0,0,suspected_active_infra,DNS active but page fetch failed,partial,success,success,skipped,http_404,success,success,0
0.857143,0,0.857143,0,0,0,0,1,1,0,0,6,-1,418,312,6,6,0,1,0,-1,-1,0,0,0,0,0,0,0,0,0,0,0.0,0.0,0.0,1,0,1,1,0,0,0,0,1,0,0,0,suspected_active_infra,DNS active but page fetch failed,partial,success,success,skipped,error,invalid,empty,0
0.9375,1,0.9375,0,0,1,0,1,1,0,0,6,-1,392,338,6,4,0,1,0,-1,-1,1,0,0,1,1,0,0,1,0,0,0.0,0.0,0.5938,1,1,0,1,0,0,1,0,0,0,0,0,suspected_unconfirmed,high lexical similarity but insufficient phishing evidence,partial,success,success,skipped,success,invalid,success,0
0.9375,1,0.9375,0,0,1,0,1,1,0,0,4,-1,147,218,6,4,0,1,1,64,-1,1,0,0,1,0,0,0,0,0,0,0.0,0.0,0.6406,1,1,1,1,0,0,1,0,0,1,0,0,suspected_active_no_phish_evidence,active page without login form or brand visual claim,complete,success,success,skipped,success,success,success,0
0.923077,1,0.923077,0,0,1,0,1,1,0,0,6,-1,7979,56,6,-1,0,0,0,-1,-1,0,0,0,0,0,0,0,0,0,0,0.0,0.0,0.0,1,0,1,1,0,0,0,0,1,0,0,0,suspected_active_infra,DNS active but page fetch failed,partial,success,success,skipped,error,error,empty,0
0.923077,1,0.923077,0,0,1,0,1,1,0,0,6,-1,7979,56,6,-1,0,0,0,-1,-1,0,0,0,0,0,0,0,0,0,0,0.0,0.0,0.0,1,0,1,1,0,0,0,0,1,0,0,0,suspected_active_infra,DNS active but page fetch failed,partial,success,success,skipped,error,error,empty,0
0.923077,1,0.923077,0,0,1,0,1,1,0,0,6,-1,7979,56,6,-1,0,0,0,-1,-1,0,0,0,0,0,0,0,0,0,0,0.0,0.0,0.0,1,0,1,1,0,0,0,0,1,0,0,0,suspected_active_infra,DNS active but page fetch failed,partial,success,success,skipped,error,error,empty,0
0.923077,1,0.923077,0,0,1,0,1,1,0,0,6,-1,7979,56,6,-1,0,0,0,-1,-1,0,0,0,0,0,0,0,0,0,0,0.0,0.0,0.0,1,0,1,1,0,0,0,0,1,0,0,0,suspected_active_infra,DNS active but page fetch failed,partial,success,success,skipped,error,error,empty,0
0.923077,1,0.923077,0,0,1,0,1,1,0,0,6,-1,7979,56,6,-1,0,0,0,-1,-1,0,0,0,0,0,0,0,0,0,0,0.0,0.0,0.0,1,0,1,1,0,0,0,0,1,0,0,0,suspected_active_infra,DNS active but page fetch failed,partial,success,success,skipped,error,error,empty,0
0.875,1,0.875,0,0,1,0,1,1,0,0,6,-1,9640,222,8,8,1,1,0,-1,-1,0,1,1,0,1,0,1,0,0,0,0.0,0.0,0.5469,1,0,0,1,0,0,1,0,1,0,0,0,suspected_active_infra,DNS active but page fetch failed,partial,success,success,skipped,http_403,invalid,success,0
0.857143,1,0.857143,0,0,1,0,1,1,0,0,4,-1,7541,129,8,6,1,1,1,22,-1,0,0,0,0,0,0,0,0,0,0,0.0,0.0,0.0,1,0,1,1,0,0,0,0,1,0,0,0,suspected_active_infra,DNS active but page fetch failed,partial,success,success,skipped,http_436,success,empty,0
0.857143,1,0.857143,0,0,1,0,1,1,0,0,6,-1,11119,1664,4,-1,0,0,0,-1,-1,1,2,1,1,0,0,0,0,0,0,0.0,0.0,0.5469,1,1,1,1,0,0,1,0,0,1,0,0,suspected_active_no_phish_evidence,active page without login form or brand visual claim,partial,success,success,skipped,success,error,success,0
0.857143,0,1.0,0,0,1,0,1,1,0,0,6,-1,7968,432,6,-1,0,0,0,-1,-1,1,0,0,1,0,0,0,0,0,0,0.0,0.0,0.4844,1,1,1,1,0,0,1,0,0,1,0,0,suspected_active_no_phish_evidence,active page without login form or brand visual claim,partial,success,success,skipped,success,error,success,0
0.9375,0,1.0,0,0,0,0,1,1,0,0,6,-1,103,262,8,-1,0,1,1,42,-1,1,1,0,1,1,0,0,0,0,1,0.7188,0.0,0.6094,1,1,0,0,1,1,1,0,0,0,1,0,phishing,visual brand match on unauthorized domain,complete,success,success,skipped,success,success,success,1
0.888889,1,0.888889,0,0,1,0,1,1,0,0,6,-1,5464,380,6,-1,0,1,1,47,-1,0,1,1,0,0,0,0,0,0,0,0.0,0.0,0.6094,1,0,1,1,0,0,1,0,1,0,0,0,suspected_active_infra,DNS active but page fetch failed,partial,success,success,skipped,http_403,success,success,0
0.56,3,0.56,0,0,1,0,1,1,0,0,8,-1,6714,226,8,8,0,1,0,-1,-1,0,1,1,0,1,0,1,0,0,0,0.5312,0.0,0.5938,0,0,0,1,0,0,220,0,0,0,0,0,below_high_lexical_threshold,lexical_similarity_score < 0.75,partial,success,success,skipped,http_403,invalid,success,0
0.444444,3,0.444444,0,0,1,0,1,1,0,0,6,-1,3640,377,6,8,0,1,0,-1,-1,0,1,1,0,1,0,1,0,0,0,0.5312,0.0,0.5938,0,0,0,1,0,0,220,0,0,0,0,0,below_high_lexical_threshold,lexical_similarity_score < 0.75,partial,success,success,skipped,http_403,invalid,success,0
0.4,2,0.4,0,0,1,0,1,1,0,0,6,-1,14,351,4,6,0,1,0,-1,-1,0,1,1,0,1,0,1,0,0,0,0.5312,0.0,0.4844,0,0,0,1,0,0,220,0,0,0,0,0,below_high_lexical_threshold,lexical_similarity_score < 0.75,partial,success,success,skipped,http_403,invalid,success,0
0.4,2,0.4,0,0,1,1,1,1,0,0,6,-1,14,351,4,6,0,1,0,-1,-1,0,1,1,0,1,0,1,0,0,0,0.5312,0.0,0.4844,0,0,0,1,0,0,220,0,0,0,0,0,below_high_lexical_threshold,lexical_similarity_score < 0.75,partial,success,success,skipped,http_403,invalid,success,0
0.56,3,0.56,0,0,1,0,1,1,0,0,6,-1,4,361,6,6,0,1,0,-1,-1,0,1,1,0,1,0,1,0,0,0,0.5312,0.0,0.5156,0,0,0,1,0,0,220,0,0,0,0,0,below_high_lexical_threshold,lexical_similarity_score < 0.75,partial,success,success,skipped,http_403,invalid,success,0
0.56,3,0.56,0,0,1,0,1,1,0,0,6,-1,4,361,6,6,0,1,0,-1,-1,0,1,1,0,1,0,1,0,0,0,0.5312,0.0,0.5156,0,0,0,1,0,0,220,0,0,0,0,0,below_high_lexical_threshold,lexical_similarity_score < 0.75,partial,success,success,skipped,http_403,invalid,success,0
0.85,0,0.85,1,1,1,1,1,1,0,0,8,-1,4806,307,8,6,0,1,0,-1,-1,0,1,1,0,1,0,1,0,0,0,0.4375,0.0,0.5781,1,0,0,1,0,0,220,0,1,0,0,0,suspected_active_infra,DNS active but page fetch failed,partial,success,unavailable,success,http_403,invalid,success,0
0.428571,3,0.428571,0,0,1,1,1,1,0,0,8,-1,336,29,8,8,0,1,0,-1,-1,0,1,1,0,1,0,1,0,0,0,0.5312,0.0,0.4844,0,0,0,1,0,0,220,0,0,0,0,0,below_high_lexical_threshold,lexical_similarity_score < 0.75,partial,success,success,skipped,http_403,invalid,success,0
0.6,1,0.6,0,0,1,1,1,1,0,0,6,-1,3426,591,8,-1,1,1,1,5,-1,0,0,0,0,0,0,0,0,0,0,0.0,0.0,0.4688,0,0,1,1,0,0,3,0,0,0,0,0,below_high_lexical_threshold,lexical_similarity_score < 0.75,partial,success,success,skipped,http_404,success,success,0
0.6,1,0.6,0,0,1,1,1,1,0,0,6,-1,3426,591,8,-1,1,1,1,5,-1,0,0,0,0,0,0,0,0,0,0,0.0,0.0,0.4688,0,0,1,1,0,0,3,0,0,0,0,0,below_high_lexical_threshold,lexical_similarity_score < 0.75,partial,success,success,skipped,http_404,success,success,0
0.6,1,0.6,0,0,1,1,1,1,0,0,6,-1,3426,591,8,-1,1,1,1,5,-1,0,0,0,0,0,0,0,0,0,0,0.0,0.0,0.4688,0,0,1,1,0,0,3,0,0,0,0,0,below_high_lexical_threshold,lexical_similarity_score < 0.75,partial,success,success,skipped,http_404,success,success,0
0.666667,3,0.666667,0,0,1,1,1,1,0,0,8,-1,4505,607,8,-1,0,1,1,58,-1,0,0,0,0,1,0,0,0,0,0,0.5,0.0,0.5469,0,0,0,1,0,0,1,0,0,0,0,0,below_high_lexical_threshold,lexical_similarity_score < 0.75,partial,success,unavailable,success,http_403,success,success,0
0.5,3,0.5,0,0,1,1,1,1,0,0,6,-1,2289,3555,8,6,0,1,0,-1,-1,0,1,1,0,1,0,1,0,0,0,0.5312,0.0,0.4844,0,0,0,1,0,0,220,0,0,0,0,0,below_high_lexical_threshold,lexical_similarity_score < 0.75,partial,success,success,skipped,http_403,invalid,success,0
0.6,3,0.6,0,0,1,1,1,1,0,0,8,-1,7342,327,8,6,1,1,0,-1,-1,0,1,1,0,1,0,1,0,0,0,0.5312,0.0,0.5781,0,0,0,1,0,0,220,0,0,0,0,0,below_high_lexical_threshold,lexical_similarity_score < 0.75,partial,success,success,skipped,http_403,invalid,success,0
0.4,2,0.4,0,0,1,1,1,1,0,0,8,-1,2041,150,8,-1,1,1,0,-1,-1,0,1,1,0,1,0,1,0,0,0,0.5312,0.0,0.5312,0,0,0,1,0,0,220,0,0,0,0,0,below_high_lexical_threshold,lexical_similarity_score < 0.75,partial,success,success,skipped,http_403,invalid,success,0
0.85,0,0.85,0,0,0,0,1,1,0,0,6,-1,182,183,4,-1,0,1,0,-1,-1,0,1,1,0,1,0,1,0,0,0,0.0,0.0,0.4375,1,0,0,1,0,0,220,0,1,0,0,0,suspected_active_infra,DNS active but page fetch failed,partial,success,success,skipped,http_403,invalid,success,0
0.5,2,0.5,0,0,1,1,1,1,0,0,6,-1,2289,3555,8,6,0,1,0,-1,-1,0,1,1,0,1,0,1,0,0,0,0.5312,0.0,0.4844,0,0,0,1,0,0,220,0,0,0,0,0,below_high_lexical_threshold,lexical_similarity_score < 0.75,partial,success,success,skipped,http_403,invalid,success,0
0.5,3,0.5,0,0,1,1,1,1,0,0,8,-1,360,5,6,-1,0,1,0,-1,-1,0,1,1,0,1,0,1,0,0,0,0.5312,0.0,0.4844,0,0,0,1,0,0,220,0,0,0,0,0,below_high_lexical_threshold,lexical_similarity_score < 0.75,partial,success,success,skipped,http_403,invalid,success,0
0.4,2,0.4,0,0,1,2,1,1,0,0,6,-1,851,2802,8,-1,0,1,1,25,-1,1,0,0,1,1,1,0,0,0,0,0.5,0.0,0.6094,0,1,0,1,0,0,1,0,0,0,0,0,below_high_lexical_threshold,lexical_similarity_score < 0.75,complete,success,success,skipped,success,success,success,0
0.6,2,0.6,0,0,1,1,1,1,0,0,8,-1,7342,327,8,-1,1,1,0,-1,-1,0,1,1,0,1,0,1,0,0,0,0.5312,0.0,0.5781,0,0,0,1,0,0,220,0,0,0,0,0,below_high_lexical_threshold,lexical_similarity_score < 0.75,partial,success,success,skipped,http_403,invalid,success,0
0.511628,3,0.511628,0,0,1,0,1,1,0,0,6,-1,11,354,6,-1,0,1,0,-1,-1,0,1,1,0,1,0,1,0,0,0,0.5625,0.0,0.5156,0,0,0,1,0,0,14,0,0,0,0,0,below_high_lexical_threshold,lexical_similarity_score < 0.75,partial,success,success,skipped,http_403,invalid,success,0
0.511628,3,0.511628,0,0,1,0,1,1,0,0,6,-1,11,354,6,-1,0,1,0,-1,-1,0,1,1,0,1,0,1,0,0,0,0.5625,0.0,0.5156,0,0,0,1,0,0,14,0,0,0,0,0,below_high_lexical_threshold,lexical_similarity_score < 0.75,partial,success,success,skipped,http_403,invalid,success,0
0.592593,2,0.592593,0,0,1,3,1,1,0,0,8,-1,7565,256,8,-1,0,1,0,-1,-1,0,1,1,0,1,0,1,0,0,0,0.6562,0.0,0.5469,0,0,0,1,0,0,14,0,0,0,0,0,below_high_lexical_threshold,lexical_similarity_score < 0.75,partial,success,success,skipped,http_403,invalid,success,0
0.6,3,0.6,0,0,1,1,1,1,0,0,8,-1,7342,327,8,6,1,1,0,-1,-1,0,1,1,0,1,0,1,0,0,0,0.5312,0.0,0.5781,0,0,0,1,0,0,220,0,0,0,0,0,below_high_lexical_threshold,lexical_similarity_score < 0.75,partial,success,success,skipped,http_403,invalid,success,0
0.5,3,0.5,0,0,1,1,1,1,0,0,6,-1,2289,3555,8,-1,0,1,0,-1,-1,0,1,1,0,1,0,1,0,0,0,0.5312,0.0,0.4844,0,0,0,1,0,0,220,0,0,0,0,0,below_high_lexical_threshold,lexical_similarity_score < 0.75,partial,success,success,skipped,http_403,invalid,success,0
0.5,1,0.5,0,0,1,1,1,1,0,0,6,-1,2289,3555,8,-1,0,1,0,-1,-1,0,1,1,0,1,0,1,0,0,0,0.5312,0.0,0.4844,0,0,0,1,0,0,220,0,0,0,0,0,below_high_lexical_threshold,lexical_similarity_score < 0.75,partial,success,success,skipped,http_403,invalid,success,0
0.5,1,0.5,0,0,1,1,1,1,0,0,6,-1,2289,3555,8,-1,0,1,0,-1,-1,0,1,1,0,1,0,1,0,0,0,0.5312,0.0,0.4844,0,0,0,1,0,0,220,0,0,0,0,0,below_high_lexical_threshold,lexical_similarity_score < 0.75,partial,success,success,skipped,http_403,invalid,success,0
0.5,2,0.5,0,0,1,1,1,1,0,0,6,-1,10431,1786,6,-1,0,0,0,-1,-1,0,0,0,0,0,0,0,0,0,0,0.0,0.0,0.0,0,0,1,1,0,0,0,0,0,0,0,0,below_high_lexical_threshold,lexical_similarity_score < 0.75,partial,success,success,skipped,error,error,empty,0
0.5,2,0.5,0,0,1,1,1,1,0,0,6,-1,10431,1786,6,-1,0,0,0,-1,-1,0,0,0,0,0,0,0,0,0,0,0.0,0.0,0.0,0,0,1,1,0,0,0,0,0,0,0,0,below_high_lexical_threshold,lexical_similarity_score < 0.75,partial,success,success,skipped,error,error,empty,0
0.5,2,0.5,0,0,1,1,1,1,0,0,6,-1,10431,1786,6,-1,0,0,0,-1,-1,0,0,0,0,0,0,0,0,0,0,0.0,0.0,0.0,0,0,1,1,0,0,0,0,0,0,0,0,below_high_lexical_threshold,lexical_similarity_score < 0.75,partial,success,success,skipped,error,error,empty,0
0.85,0,0.85,0,0,0,1,1,1,0,0,-1,-1,-1,-1,-1,-1,0,1,0,-1,-1,0,0,0,0,0,0,0,0,0,0,0.0,0.0,0.0,1,0,1,1,0,0,0,0,1,0,0,0,suspected_active_infra,DNS active but page fetch failed,partial,success,rate_limited,error,error,invalid,empty,0
0.85,0,0.85,0,0,0,1,1,1,0,0,-1,-1,-1,-1,-1,-1,0,1,0,-1,-1,0,0,0,0,0,0,0,0,0,0,0.0,0.0,0.0,1,0,1,1,0,0,0,0,1,0,0,0,suspected_active_infra,DNS active but page fetch failed,partial,success,rate_limited,error,error,invalid,empty,0
0.85,0,0.85,0,0,0,1,1,1,0,0,6,-1,22,343,6,-1,0,1,0,-1,-1,0,0,0,0,0,0,0,0,0,0,0.0,0.0,0.0,1,0,1,1,0,0,0,0,1,0,0,0,suspected_active_infra,DNS active but page fetch failed,partial,success,success,skipped,error,invalid,empty,0
0.85,0,0.85,0,0,0,1,1,1,0,0,6,-1,22,343,6,-1,0,1,0,-1,-1,0,0,0,0,0,0,0,0,0,0,0.0,0.0,0.0,1,0,1,1,0,0,0,0,1,0,0,0,suspected_active_infra,DNS active but page fetch failed,partial,success,success,skipped,error,invalid,empty,0
0.540541,2,0.540541,0,0,1,0,1,1,0,0,6,-1,16,349,6,-1,0,1,0,-1,-1,0,1,1,0,1,0,1,0,0,0,0.5312,0.0,0.5156,0,0,0,1,0,0,14,0,0,0,0,0,below_high_lexical_threshold,lexical_similarity_score < 0.75,partial,success,success,skipped,http_403,invalid,success,0
0.540541,2,0.540541,0,0,1,0,1,1,0,0,6,-1,16,349,6,-1,0,1,0,-1,-1,0,1,1,0,1,0,1,0,0,0,0.5312,0.0,0.5156,0,0,0,1,0,0,14,0,0,0,0,0,below_high_lexical_threshold,lexical_similarity_score < 0.75,partial,success,success,skipped,http_403,invalid,success,0
0.5,3,0.5,0,0,1,1,1,1,0,0,6,-1,2289,3555,8,6,0,1,0,-1,-1,0,1,1,0,1,0,1,0,0,0,0.5312,0.0,0.4844,0,0,0,1,0,0,220,0,0,0,0,0,below_high_lexical_threshold,lexical_similarity_score < 0.75,partial,success,success,skipped,http_403,invalid,success,0
0.705882,2,0.705882,0,0,1,1,1,1,0,0,6,-1,1976,215,4,-1,0,1,0,-1,-1,0,1,1,0,1,0,1,0,0,0,0.5312,0.0,0.5938,0,0,0,1,0,0,220,0,0,0,0,0,below_high_lexical_threshold,lexical_similarity_score < 0.75,partial,success,success,skipped,http_403,invalid,success,0
0.6,1,0.6,0,0,1,1,1,1,0,0,6,-1,3426,591,8,-1,1,1,1,5,-1,0,0,0,0,0,0,0,0,0,0,0.0,0.0,0.4688,0,0,1,1,0,0,3,0,0,0,0,0,below_high_lexical_threshold,lexical_similarity_score < 0.75,partial,success,success,skipped,http_404,success,success,0
0.583333,2,0.583333,0,0,1,1,1,1,0,0,8,-1,4885,593,8,-1,0,1,0,-1,-1,0,1,1,0,1,0,1,0,0,0,0.5312,0.0,0.4844,0,0,0,1,0,0,220,0,0,0,0,0,below_high_lexical_threshold,lexical_similarity_score < 0.75,partial,success,success,skipped,http_403,invalid,success,0
0.583333,2,0.583333,0,0,1,1,1,1,0,0,8,-1,4885,593,8,-1,0,1,0,-1,-1,0,1,1,0,1,0,1,0,0,0,0.5312,0.0,0.4844,0,0,0,1,0,0,220,0,0,0,0,0,below_high_lexical_threshold,lexical_similarity_score < 0.75,partial,success,success,skipped,http_403,invalid,success,0
0.583333,2,0.583333,0,0,1,1,1,1,0,0,8,-1,4885,593,8,-1,0,1,0,-1,-1,0,1,1,0,1,0,1,0,0,0,0.5312,0.0,0.4844,0,0,0,1,0,0,220,0,0,0,0,0,below_high_lexical_threshold,lexical_similarity_score < 0.75,partial,success,success,skipped,http_403,invalid,success,0
0.6,1,0.6,0,0,1,1,1,1,0,0,6,-1,3426,591,8,-1,1,1,1,5,-1,0,0,0,0,0,0,0,0,0,0,0.0,0.0,0.4688,0,0,1,1,0,0,3,0,0,0,0,0,below_high_lexical_threshold,lexical_similarity_score < 0.75,partial,success,success,skipped,http_404,success,success,0
0.533333,3,0.533333,0,0,1,0,1,1,0,0,6,-1,17,348,6,-1,0,1,0,-1,-1,0,1,1,0,1,0,1,0,0,0,0.5312,0.0,0.5156,0,0,0,1,0,0,14,0,0,0,0,0,below_high_lexical_threshold,lexical_similarity_score < 0.75,partial,success,success,skipped,http_403,invalid,success,0
0.533333,3,0.533333,0,0,1,0,1,1,0,0,6,-1,17,348,6,-1,0,1,0,-1,-1,0,1,1,0,1,0,1,0,0,0,0.5312,0.0,0.5156,0,0,0,1,0,0,14,0,0,0,0,0,below_high_lexical_threshold,lexical_similarity_score < 0.75,partial,success,success,skipped,http_403,invalid,success,0
0.533333,3,0.533333,0,0,1,0,1,1,0,0,6,-1,17,348,6,-1,0,1,0,-1,-1,0,1,1,0,1,0,1,0,0,0,0.5312,0.0,0.5156,0,0,0,1,0,0,14,0,0,0,0,0,below_high_lexical_threshold,lexical_similarity_score < 0.75,partial,success,success,skipped,http_403,invalid,success,0
0.533333,3,0.533333,0,0,1,0,1,1,0,0,6,-1,17,348,6,-1,0,1,0,-1,-1,0,1,1,0,1,0,1,0,0,0,0.5312,0.0,0.5156,0,0,0,1,0,0,14,0,0,0,0,0,below_high_lexical_threshold,lexical_similarity_score < 0.75,partial,success,success,skipped,http_403,invalid,success,0
0.458333,1,0.458333,0,0,1,0,1,1,0,0,6,-1,35,330,4,-1,0,1,0,-1,-1,0,1,1,0,1,0,1,0,0,0,0.5312,0.0,0.4844,0,0,0,1,0,0,220,0,0,0,0,0,below_high_lexical_threshold,lexical_similarity_score < 0.75,partial,success,success,skipped,http_403,invalid,success,0
0.5625,3,0.5625,0,0,1,0,1,1,0,0,6,-1,18,347,6,-1,0,1,0,-1,-1,0,1,1,0,1,0,1,0,0,0,0.5312,0.0,0.5156,0,0,0,1,0,0,14,0,0,0,0,0,below_high_lexical_threshold,lexical_similarity_score < 0.75,partial,success,success,skipped,http_403,invalid,success,0
0.85,0,0.85,1,0,1,1,1,1,0,0,8,-1,7342,327,8,6,1,1,0,-1,-1,0,1,1,0,1,0,1,0,0,0,0.4688,0.0,0.5312,1,0,0,1,0,0,220,0,1,0,0,0,suspected_active_infra,DNS active but page fetch failed,partial,success,success,skipped,http_403,invalid,success,0
0.5,3,0.5,0,0,1,1,1,1,0,0,6,-1,2289,3555,8,-1,0,1,0,-1,-1,0,1,1,0,1,0,1,0,0,0,0.5312,0.0,0.4844,0,0,0,1,0,0,220,0,0,0,0,0,below_high_lexical_threshold,lexical_similarity_score < 0.75,partial,success,success,skipped,http_403,invalid,success,0
0.615385,2,0.615385,0,0,1,0,1,1,0,0,8,-1,48,317,8,-1,0,1,0,-1,-1,0,1,1,0,1,0,1,0,0,0,0.5312,0.0,0.5781,0,0,0,1,0,0,220,0,0,0,0,0,below_high_lexical_threshold,lexical_similarity_score < 0.75,partial,success,success,skipped,http_403,invalid,success,0
0.571429,2,0.571429,0,0,1,0,1,1,0,0,8,-1,39,326,8,-1,0,1,0,-1,-1,0,1,1,0,1,0,1,0,0,0,0.5312,0.0,0.5156,0,0,0,1,0,0,14,0,0,0,0,0,below_high_lexical_threshold,lexical_similarity_score < 0.75,partial,success,success,skipped,http_403,invalid,success,0
0.85,0,0.85,1,0,1,1,1,1,0,0,8,-1,7342,327,8,-1,1,1,0,-1,-1,0,1,1,0,1,0,1,0,0,0,0.5312,0.0,0.4844,1,0,0,1,0,0,220,0,1,0,0,0,suspected_active_infra,DNS active but page fetch failed,partial,success,success,skipped,http_403,invalid,success,0
0.444444,2,0.444444,0,0,1,0,1,1,0,0,8,-1,113,252,6,-1,0,1,0,-1,-1,0,1,1,0,1,0,1,0,0,0,0.5312,0.0,0.5938,0,0,0,1,0,0,220,0,0,0,0,0,below_high_lexical_threshold,lexical_similarity_score < 0.75,partial,success,success,skipped,http_403,invalid,success,0
0.451613,3,0.451613,0,0,1,0,1,1,0,0,8,-1,113,252,6,-1,0,1,0,-1,-1,0,1,1,0,1,0,1,0,0,0,0.5312,0.0,0.5156,0,0,0,1,0,0,220,0,0,0,0,0,below_high_lexical_threshold,lexical_similarity_score < 0.75,partial,success,success,skipped,http_403,invalid,success,0
0.451613,3,0.451613,0,0,1,0,1,1,0,0,8,-1,300,65,8,-1,0,0,0,-1,-1,0,0,0,0,0,0,0,0,0,0,0.0,0.0,0.0,0,0,1,1,0,0,0,0,0,0,0,0,below_high_lexical_threshold,lexical_similarity_score < 0.75,partial,success,success,skipped,error,error,empty,0
0.461538,2,0.461538,0,0,1,0,1,1,0,0,8,-1,113,252,6,-1,0,1,0,-1,-1,0,1,1,0,1,0,1,0,0,0,0.5312,0.0,0.5938,0,0,0,1,0,0,220,0,0,0,0,0,below_high_lexical_threshold,lexical_similarity_score < 0.75,partial,success,success,skipped,http_403,invalid,success,0
0.666667,3,0.666667,0,0,1,1,1,1,0,0,8,-1,4505,607,8,-1,0,1,1,58,-1,1,1,0,1,0,0,0,0,0,0,0.5,0.0,0.5156,0,1,1,1,0,0,1,0,0,0,0,0,below_high_lexical_threshold,lexical_similarity_score < 0.75,partial,success,unavailable,success,success,success,success,0
0.6,1,0.6,0,0,1,1,1,1,0,0,8,-1,7342,327,8,-1,1,1,0,-1,-1,0,1,1,0,1,0,1,0,0,0,0.5312,0.0,0.5781,0,0,0,1,0,0,220,0,0,0,0,0,below_high_lexical_threshold,lexical_similarity_score < 0.75,partial,success,success,skipped,http_403,invalid,success,0
0.461538,1,0.461538,0,0,1,1,1,1,0,0,6,-1,2919,3,6,-1,0,1,0,-1,-1,0,1,1,0,1,0,1,0,0,0,0.5312,0.0,0.5781,0,0,0,1,0,0,220,0,0,0,0,0,below_high_lexical_threshold,lexical_similarity_score < 0.75,partial,success,success,skipped,http_403,invalid,success,0
0.666667,3,0.666667,0,0,1,1,1,1,0,0,8,-1,4505,607,8,-1,0,1,1,58,-1,1,1,0,1,0,0,0,0,0,0,0.5,0.0,0.5156,0,1,1,1,0,0,1,0,0,0,0,0,below_high_lexical_threshold,lexical_similarity_score < 0.75,partial,success,unavailable,success,success,success,success,0
0.6,2,0.6,0,0,1,1,1,1,0,0,8,-1,7342,327,8,6,1,1,0,-1,-1,0,1,1,0,1,0,1,0,0,0,0.5312,0.0,0.5781,0,0,0,1,0,0,220,0,0,0,0,0,below_high_lexical_threshold,lexical_similarity_score < 0.75,partial,success,success,skipped,http_403,invalid,success,0
0.32,2,0.428571,0,0,1,1,1,1,0,0,-1,-1,-1,-1,-1,-1,0,1,0,-1,-1,0,1,1,0,1,0,1,0,0,0,0.5312,0.0,0.4844,0,0,0,1,0,0,220,0,0,0,0,0,below_high_lexical_threshold,lexical_similarity_score < 0.75,partial,success,rate_limited,error,http_403,invalid,success,0
0.32,2,0.428571,0,0,1,1,1,1,0,0,-1,-1,-1,-1,-1,-1,0,1,0,-1,-1,0,1,1,0,1,0,1,0,0,0,0.5312,0.0,0.4844,0,0,0,1,0,0,220,0,0,0,0,0,below_high_lexical_threshold,lexical_similarity_score < 0.75,partial,success,rate_limited,error,http_403,invalid,success,0
0.571429,2,0.571429,0,0,1,0,1,1,0,0,8,-1,27,338,8,-1,0,1,0,-1,-1,0,1,1,0,1,0,1,0,0,0,0.5312,0.0,0.5156,0,0,0,1,0,0,14,0,0,0,0,0,below_high_lexical_threshold,lexical_similarity_score < 0.75,partial,success,success,skipped,http_403,invalid,success,0
0.48,2,0.48,0,0,1,1,1,1,0,0,8,-1,315,50,8,-1,0,0,0,-1,-1,0,0,0,0,0,0,0,0,0,0,0.0,0.0,0.0,0,0,1,1,0,0,0,0,0,0,0,0,below_high_lexical_threshold,lexical_similarity_score < 0.75,partial,success,success,skipped,error,error,empty,0
0.5,2,0.5,0,0,1,1,1,1,0,0,6,-1,2289,3555,8,-1,0,1,0,-1,-1,0,1,1,0,1,0,1,0,0,0,0.5312,0.0,0.4844,0,0,0,1,0,0,220,0,0,0,0,0,below_high_lexical_threshold,lexical_similarity_score < 0.75,partial,success,success,skipped,http_403,invalid,success,0
0.85,0,0.85,1,0,1,4,1,1,0,0,6,-1,10228,364,-1,-1,0,1,0,-1,-1,0,1,1,0,1,0,1,0,0,0,0.0,0.0,0.4375,1,0,0,1,0,0,220,0,1,0,0,0,suspected_active_infra,DNS active but page fetch failed,partial,success,success,skipped,http_403,invalid,success,0
0.454545,2,0.454545,0,0,1,0,1,1,0,0,6,-1,304,61,6,-1,0,1,0,-1,-1,0,1,1,0,1,0,1,0,0,0,0.5312,0.0,0.4844,0,0,0,1,0,0,220,0,0,0,0,0,below_high_lexical_threshold,lexical_similarity_score < 0.75,partial,success,success,skipped,http_403,invalid,success,0
0.454545,2,0.454545,0,0,1,0,1,1,0,0,6,-1,304,61,6,-1,0,1,0,-1,-1,0,1,1,0,1,0,1,0,0,0,0.5312,0.0,0.4844,0,0,0,1,0,0,220,0,0,0,0,0,below_high_lexical_threshold,lexical_similarity_score < 0.75,partial,success,success,skipped,http_403,invalid,success,0
0.85,0,0.85,1,0,1,1,1,1,0,0,8,-1,3041,610,8,-1,1,1,0,-1,-1,0,1,1,0,1,0,1,0,0,0,0.3438,0.0,0.5156,1,0,0,1,0,0,220,0,1,0,0,0,suspected_active_infra,DNS active but page fetch failed,partial,success,rate_limited,success,http_403,invalid,success,0
0.48,3,0.48,0,0,1,1,1,1,0,0,6,-1,46,319,6,-1,0,1,0,-1,-1,0,1,1,0,1,0,1,0,0,0,0.5938,0.0,0.5781,0,0,0,1,0,0,220,0,0,0,0,0,below_high_lexical_threshold,lexical_similarity_score < 0.75,partial,success,success,skipped,http_403,invalid,success,0
0.451613,2,0.451613,0,0,1,0,1,1,0,0,6,-1,314,51,6,-1,0,1,0,-1,-1,0,1,1,0,1,0,1,0,0,0,0.5312,0.0,0.4844,0,0,0,1,0,0,220,0,0,0,0,0,below_high_lexical_threshold,lexical_similarity_score < 0.75,partial,success,success,skipped,http_403,invalid,success,0
0.451613,2,0.451613,0,0,1,0,1,1,0,0,6,-1,314,51,6,-1,0,1,0,-1,-1,0,1,1,0,1,0,1,0,0,0,0.5312,0.0,0.4844,0,0,0,1,0,0,220,0,0,0,0,0,below_high_lexical_threshold,lexical_similarity_score < 0.75,partial,success,success,skipped,http_403,invalid,success,0
0.85,0,0.85,0,0,0,0,1,1,0,0,6,-1,1698,128,6,-1,0,1,0,-1,-1,0,1,1,0,1,0,1,0,0,0,0.75,0.0,0.6406,1,0,0,1,0,0,220,0,1,0,0,0,suspected_active_infra,DNS active but page fetch failed,partial,success,success,skipped,http_403,invalid,success,0
0.5,3,0.5,0,0,1,1,1,1,0,0,6,-1,2289,3555,8,-1,0,1,0,-1,-1,0,1,1,0,1,0,1,0,0,0,0.5312,0.0,0.4844,0,0,0,1,0,0,220,0,0,0,0,0,below_high_lexical_threshold,lexical_similarity_score < 0.75,partial,success,success,skipped,http_403,invalid,success,0
0.666667,3,0.666667,0,0,1,1,1,1,0,0,8,-1,4505,607,8,-1,0,1,1,58,-1,1,1,0,1,0,0,0,0,0,0,0.5,0.0,0.5156,0,1,1,1,0,0,1,0,0,0,0,0,below_high_lexical_threshold,lexical_similarity_score < 0.75,partial,success,unavailable,success,success,success,success,0
0.551724,3,0.551724,0,0,1,1,1,1,0,0,8,-1,35,330,6,-1,0,1,0,-1,-1,0,1,1,0,1,0,1,0,0,0,0.5312,0.0,0.4844,0,0,0,1,0,0,220,0,0,0,0,0,below_high_lexical_threshold,lexical_similarity_score < 0.75,partial,success,success,skipped,http_403,invalid,success,0
0.588235,3,0.588235,0,0,1,0,1,1,0,0,6,-1,33,332,6,-1,0,1,0,-1,-1,0,1,1,0,1,0,1,0,0,0,0.5312,0.0,0.5156,0,0,0,1,0,0,14,0,0,0,0,0,below_high_lexical_threshold,lexical_similarity_score < 0.75,partial,success,success,skipped,http_403,invalid,success,0
0.48,3,0.48,0,0,1,1,1,1,0,0,6,-1,159,206,8,-1,0,1,0,-1,-1,0,1,1,0,1,0,1,0,0,0,0.5312,0.0,0.625,0,0,0,1,0,0,220,0,0,0,0,0,below_high_lexical_threshold,lexical_similarity_score < 0.75,partial,success,success,skipped,http_403,invalid,success,0
0.571429,3,0.571429,0,0,1,0,1,1,0,0,6,-1,42,323,6,-1,0,1,0,-1,-1,0,1,1,0,1,0,1,0,0,0,0.5312,0.0,0.4844,0,0,0,1,0,0,220,0,0,0,0,0,below_high_lexical_threshold,lexical_similarity_score < 0.75,partial,success,success,skipped,http_403,invalid,success,0
0.571429,3,0.571429,0,0,1,0,1,1,0,0,6,-1,42,323,6,-1,0,1,0,-1,-1,0,1,1,0,1,0,1,0,0,0,0.5312,0.0,0.4844,0,0,0,1,0,0,220,0,0,0,0,0,below_high_lexical_threshold,lexical_similarity_score < 0.75,partial,success,success,skipped,http_403,invalid,success,0
0.85,0,0.85,0,0,0,2,1,1,0,0,8,-1,2643,279,6,-1,0,1,0,-1,-1,0,1,1,0,1,0,1,0,0,0,0.5938,0.0,0.6719,1,0,0,1,0,0,220,0,1,0,0,0,suspected_active_infra,DNS active but page fetch failed,partial,success,success,skipped,http_403,invalid,success,0
0.5,2,0.5,0,0,1,0,1,1,0,0,6,-1,43,322,6,-1,0,1,0,-1,-1,0,1,1,0,1,0,1,0,0,0,0.6562,0.0,0.5469,0,0,0,1,0,0,14,0,0,0,0,0,below_high_lexical_threshold,lexical_similarity_score < 0.75,partial,success,success,skipped,http_403,invalid,success,0
0.666667,2,0.666667,0,0,1,1,1,1,0,0,8,-1,3672,345,6,-1,0,1,0,-1,-1,0,1,1,0,1,0,1,0,0,0,0.5312,0.0,0.4844,0,0,0,1,0,0,220,0,0,0,0,0,below_high_lexical_threshold,lexical_similarity_score < 0.75,partial,success,success,skipped,http_403,invalid,success,0
0.6,2,0.6,0,0,1,1,1,1,0,0,8,-1,7342,327,8,6,1,1,0,-1,-1,0,1,1,0,1,0,1,0,0,0,0.5312,0.0,0.5781,0,0,0,1,0,0,220,0,0,0,0,0,below_high_lexical_threshold,lexical_similarity_score < 0.75,partial,success,success,skipped,http_403,invalid,success,0
0.4,2,0.4,0,0,1,0,1,1,0,0,-1,-1,-1,-1,-1,-1,0,1,0,-1,-1,0,1,1,0,1,0,1,0,0,0,0.5312,0.0,0.4844,0,0,0,1,0,0,220,0,0,0,0,0,below_high_lexical_threshold,lexical_similarity_score < 0.75,partial,success,unavailable,success,http_403,invalid,success,0
0.666667,1,0.666667,0,0,1,1,1,1,0,0,6,-1,3814,204,6,-1,0,1,0,-1,-1,0,1,1,0,1,0,1,0,0,0,0.5312,0.0,0.4844,0,0,0,1,0,0,220,0,0,0,0,0,below_high_lexical_threshold,lexical_similarity_score < 0.75,partial,success,success,skipped,http_403,invalid,success,0
0.454545,3,0.454545,0,0,1,3,1,1,0,0,8,-1,11226,395,8,-1,0,1,1,14,-1,1,0,0,1,0,0,0,0,0,0,0.5938,0.0,0.5469,0,1,1,1,0,0,1,0,0,0,0,0,below_high_lexical_threshold,lexical_similarity_score < 0.75,complete,success,success,skipped,success,success,success,0
0.6,3,0.6,0,0,1,1,1,1,0,0,8,-1,7342,327,8,6,1,1,0,-1,-1,0,1,1,0,1,0,1,0,0,0,0.5312,0.0,0.5781,0,0,0,1,0,0,220,0,0,0,0,0,below_high_lexical_threshold,lexical_similarity_score < 0.75,partial,success,success,skipped,http_403,invalid,success,0
0.592593,2,0.592593,0,0,1,0,1,1,0,0,6,-1,55,310,6,-1,0,1,0,-1,-1,0,1,1,0,1,0,1,0,0,0,0.5312,0.0,0.5312,0,0,0,1,0,0,14,0,0,0,0,0,below_high_lexical_threshold,lexical_similarity_score < 0.75,partial,success,success,skipped,http_403,invalid,success,0
0.85,0,0.85,0,0,0,0,1,1,0,0,6,-1,60,305,6,8,0,1,0,-1,-1,0,1,1,0,1,0,1,0,0,0,0.0,0.0,0.4688,1,0,0,1,0,0,14,0,1,0,0,0,suspected_active_infra,DNS active but page fetch failed,partial,success,success,skipped,http_403,invalid,success,0
0.105263,2,0.105263,0,0,1,1,1,1,0,0,6,-1,751,2901,4,-1,0,0,0,-1,-1,0,0,0,0,0,0,0,0,0,0,0.0,0.0,0.0,0,0,1,1,0,0,0,0,0,0,0,0,below_high_lexical_threshold,lexical_similarity_score < 0.75,partial,success,success,skipped,error,error,empty,0
0.571429,3,0.571429,0,0,1,0,1,1,0,0,6,-1,5310,-1,-1,-1,0,1,1,40,-1,1,2,1,1,1,0,1,0,0,0,0.5625,0.0,0.5469,0,1,0,1,0,0,1,0,0,0,0,0,below_high_lexical_threshold,lexical_similarity_score < 0.75,complete,success,success,skipped,success,success,success,0
0.85,0,0.85,1,0,1,1,1,1,0,0,8,-1,9197,1395,8,-1,1,1,0,-1,-1,0,1,1,0,1,0,1,0,0,0,0.5312,0.0,0.4844,1,0,0,1,0,0,220,0,1,0,0,0,suspected_active_infra,DNS active but page fetch failed,partial,success,success,skipped,http_403,invalid,success,0
0.666667,2,0.666667,0,0,1,1,1,1,0,0,8,-1,9197,1395,8,-1,1,1,0,-1,-1,0,1,1,0,1,0,1,0,0,0,0.5312,0.0,0.5156,0,0,0,1,0,0,220,0,0,0,0,0,below_high_lexical_threshold,lexical_similarity_score < 0.75,partial,success,success,skipped,http_403,invalid,success,0
0.413793,2,0.413793,0,0,1,0,1,1,0,0,6,-1,68,297,4,-1,0,1,0,-1,-1,0,1,1,0,1,0,1,0,0,0,0.5312,0.0,0.4844,0,0,0,1,0,0,220,0,0,0,0,0,below_high_lexical_threshold,lexical_similarity_score < 0.75,partial,success,success,skipped,http_403,invalid,success,0
0.4,2,0.4,0,0,1,1,1,1,0,0,8,-1,2041,150,8,-1,1,1,0,-1,-1,0,1,1,0,1,0,1,0,0,0,0.5312,0.0,0.5312,0,0,0,1,0,0,220,0,0,0,0,0,below_high_lexical_threshold,lexical_similarity_score < 0.75,partial,success,success,skipped,http_403,invalid,success,0
0.85,0,0.85,1,0,1,1,1,1,0,0,8,-1,7342,327,8,6,1,1,0,-1,-1,0,1,1,0,1,0,1,0,0,0,0.0,0.0,0.4375,1,0,0,1,0,0,220,0,1,0,0,0,suspected_active_infra,DNS active but page fetch failed,partial,success,success,skipped,http_403,invalid,success,0
0.6,3,0.6,0,0,1,1,1,1,0,0,8,-1,7342,327,8,-1,1,1,0,-1,-1,0,1,1,0,1,0,1,0,0,0,0.5312,0.0,0.5781,0,0,0,1,0,0,220,0,0,0,0,0,below_high_lexical_threshold,lexical_similarity_score < 0.75,partial,success,success,skipped,http_403,invalid,success,0
0.666667,3,0.666667,0,0,1,1,1,1,0,0,8,-1,4505,607,8,-1,0,1,1,58,-1,1,1,0,1,0,0,0,0,0,0,0.5,0.0,0.5156,0,1,1,1,0,0,1,0,0,0,0,0,below_high_lexical_threshold,lexical_similarity_score < 0.75,partial,success,unavailable,success,success,success,success,0
0.444444,2,0.444444,0,0,1,0,1,1,0,0,6,-1,82,283,6,-1,0,1,0,-1,-1,0,1,1,0,1,0,1,0,0,0,0.6562,0.0,0.4844,0,0,0,1,0,0,220,0,0,0,0,0,below_high_lexical_threshold,lexical_similarity_score < 0.75,partial,success,success,skipped,http_403,invalid,success,0
0.444444,2,0.444444,0,0,1,0,1,1,0,0,6,-1,82,283,6,-1,0,1,0,-1,-1,0,1,1,0,1,0,1,0,0,0,0.6562,0.0,0.4844,0,0,0,1,0,0,220,0,0,0,0,0,below_high_lexical_threshold,lexical_similarity_score < 0.75,partial,success,success,skipped,http_403,invalid,success,0
0.666667,3,0.666667,0,0,1,1,1,1,0,0,8,-1,4505,607,8,-1,0,1,1,58,-1,1,1,0,1,0,0,0,0,0,0,0.5,0.0,0.5156,0,1,1,1,0,0,1,0,0,0,0,0,below_high_lexical_threshold,lexical_similarity_score < 0.75,partial,success,unavailable,success,success,success,success,0
0.85,0,0.85,0,0,0,1,1,1,0,0,6,-1,2944,709,4,-1,0,1,0,-1,-1,0,1,1,0,1,0,1,0,0,0,0.0,0.0,0.4375,1,0,0,1,0,0,220,0,1,0,0,0,suspected_active_infra,DNS active but page fetch failed,partial,success,unavailable,success,http_403,invalid,success,0
0.64,2,0.64,0,0,1,1,1,1,0,0,4,-1,210,886,6,-1,0,1,0,-1,-1,0,1,1,0,1,0,1,0,0,0,0.5312,0.0,0.4844,0,0,0,1,0,0,220,0,0,0,0,0,below_high_lexical_threshold,lexical_similarity_score < 0.75,partial,success,success,skipped,http_403,invalid,success,0
0.615385,2,0.615385,0,0,1,2,1,1,0,0,6,-1,11047,2469,6,-1,0,1,0,-1,-1,0,1,1,0,1,0,1,0,0,0,0.5312,0.0,0.4844,0,0,0,1,0,0,220,0,0,0,0,0,below_high_lexical_threshold,lexical_similarity_score < 0.75,partial,success,success,skipped,http_403,invalid,success,0
0.5,3,0.5,0,0,1,0,1,1,0,0,6,-1,85,280,6,6,0,0,0,-1,-1,0,0,0,0,0,0,0,0,0,0,0.0,0.0,0.0,0,0,1,1,0,0,0,0,0,0,0,0,below_high_lexical_threshold,lexical_similarity_score < 0.75,partial,success,success,skipped,error,error,empty,0
0.6,1,0.6,0,0,1,1,1,1,0,0,6,-1,3426,591,8,-1,1,1,1,5,-1,0,0,0,0,0,0,0,0,0,0,0.0,0.0,0.4688,0,0,1,1,0,0,3,0,0,0,0,0,below_high_lexical_threshold,lexical_similarity_score < 0.75,partial,success,success,skipped,http_404,success,success,0
0.666667,1,0.666667,0,0,1,0,1,1,0,0,8,-1,361,4,6,-1,0,1,1,31,-1,0,0,0,0,1,0,0,0,0,0,0.0,0.0,0.5625,0,0,0,1,0,0,1,0,0,0,0,0,below_high_lexical_threshold,lexical_similarity_score < 0.75,partial,success,success,skipped,http_403,success,success,0
0.615385,2,0.615385,0,0,1,1,1,1,0,0,6,-1,5110,3,8,-1,1,1,0,-1,-1,0,1,1,0,1,0,1,0,0,0,0.5312,0.0,0.5,0,0,0,1,0,0,220,0,0,0,0,0,below_high_lexical_threshold,lexical_similarity_score < 0.75,partial,success,success,skipped,http_403,invalid,success,0
0.6,3,0.6,0,0,1,1,1,1,0,0,8,-1,7342,327,8,-1,1,1,0,-1,-1,0,1,1,0,1,0,1,0,0,0,0.5312,0.0,0.5781,0,0,0,1,0,0,220,0,0,0,0,0,below_high_lexical_threshold,lexical_similarity_score < 0.75,partial,success,success,skipped,http_403,invalid,success,0
0.6,2,0.6,0,0,1,1,1,1,0,0,8,-1,7342,327,8,6,1,1,0,-1,-1,0,1,1,0,1,0,1,0,0,0,0.5312,0.0,0.5781,0,0,0,1,0,0,220,0,0,0,0,0,below_high_lexical_threshold,lexical_similarity_score < 0.75,partial,success,success,skipped,http_403,invalid,success,0
0.545455,2,0.545455,0,0,1,0,1,1,0,0,6,-1,-1,-1,-1,-1,0,1,0,-1,-1,0,1,1,0,1,0,1,0,0,0,0.5312,0.0,0.4844,0,0,0,1,0,0,220,0,0,0,0,0,below_high_lexical_threshold,lexical_similarity_score < 0.75,partial,success,unavailable,success,http_403,invalid,success,0
0.545455,2,0.545455,0,0,1,0,1,1,0,0,6,-1,-1,-1,-1,-1,0,1,0,-1,-1,0,1,1,0,1,0,1,0,0,0,0.5312,0.0,0.4844,0,0,0,1,0,0,220,0,0,0,0,0,below_high_lexical_threshold,lexical_similarity_score < 0.75,partial,success,unavailable,success,http_403,invalid,success,0
0.6,3,0.6,0,0,1,1,1,1,0,0,8,-1,7342,327,8,6,1,1,0,-1,-1,0,1,1,0,1,0,1,0,0,0,0.5312,0.0,0.5781,0,0,0,1,0,0,220,0,0,0,0,0,below_high_lexical_threshold,lexical_similarity_score < 0.75,partial,success,success,skipped,http_403,invalid,success,0
0.6,1,0.6,0,0,1,1,1,1,0,0,8,-1,7342,327,8,6,1,1,0,-1,-1,0,1,1,0,1,0,1,0,0,0,0.5312,0.0,0.5781,0,0,0,1,0,0,220,0,0,0,0,0,below_high_lexical_threshold,lexical_similarity_score < 0.75,partial,success,success,skipped,http_403,invalid,success,0
0.5,3,0.5,0,0,1,2,1,1,0,0,6,-1,607,854,8,-1,0,1,0,-1,-1,0,0,0,0,0,0,0,0,0,0,0.0,0.0,0.0,0,0,1,1,0,0,0,0,0,0,0,0,below_high_lexical_threshold,lexical_similarity_score < 0.75,partial,success,success,skipped,error,invalid,empty,0
0.85,0,0.85,1,0,1,1,1,1,0,0,8,-1,7342,327,8,-1,1,1,0,-1,-1,0,1,1,0,1,0,1,0,0,0,0.5312,0.0,0.4844,1,0,0,1,0,0,220,0,1,0,0,0,suspected_active_infra,DNS active but page fetch failed,partial,success,success,skipped,http_403,invalid,success,0
0.571429,3,0.571429,0,0,1,1,1,1,0,0,8,-1,111,254,4,-1,0,1,0,-1,-1,0,1,1,0,1,0,1,0,0,0,0.5312,0.0,0.4844,0,0,0,1,0,0,220,0,0,0,0,0,below_high_lexical_threshold,lexical_similarity_score < 0.75,partial,success,success,skipped,http_403,invalid,success,0
0.571429,3,0.571429,0,0,1,1,1,1,0,0,8,-1,111,254,4,-1,0,1,0,-1,-1,0,1,1,0,1,0,1,0,0,0,0.5312,0.0,0.4844,0,0,0,1,0,0,220,0,0,0,0,0,below_high_lexical_threshold,lexical_similarity_score < 0.75,partial,success,success,skipped,http_403,invalid,success,0
0.571429,3,0.571429,0,0,1,1,1,1,0,0,8,-1,111,254,4,-1,0,1,0,-1,-1,0,1,1,0,1,0,1,0,0,0,0.5312,0.0,0.4844,0,0,0,1,0,0,220,0,0,0,0,0,below_high_lexical_threshold,lexical_similarity_score < 0.75,partial,success,success,skipped,http_403,invalid,success,0
0.571429,3,0.571429,0,0,1,1,1,1,0,0,8,-1,111,254,4,-1,0,1,0,-1,-1,0,1,1,0,1,0,1,0,0,0,0.5312,0.0,0.4844,0,0,0,1,0,0,220,0,0,0,0,0,below_high_lexical_threshold,lexical_similarity_score < 0.75,partial,success,success,skipped,http_403,invalid,success,0
0.571429,3,0.571429,0,0,1,1,1,1,0,0,8,-1,111,254,4,-1,0,1,0,-1,-1,0,1,1,0,1,0,1,0,0,0,0.5312,0.0,0.4844,0,0,0,1,0,0,220,0,0,0,0,0,below_high_lexical_threshold,lexical_similarity_score < 0.75,partial,success,success,skipped,http_403,invalid,success,0
0.571429,3,0.571429,0,0,1,1,1,1,0,0,8,-1,111,254,4,-1,0,1,0,-1,-1,0,1,1,0,1,0,1,0,0,0,0.5312,0.0,0.4844,0,0,0,1,0,0,220,0,0,0,0,0,below_high_lexical_threshold,lexical_similarity_score < 0.75,partial,success,success,skipped,http_403,invalid,success,0
0.62069,2,0.62069,0,0,1,0,1,1,0,0,4,-1,258,107,4,-1,0,1,0,-1,-1,0,1,1,0,1,0,1,0,0,0,0.5312,0.0,0.4844,0,0,0,1,0,0,220,0,0,0,0,0,below_high_lexical_threshold,lexical_similarity_score < 0.75,partial,success,success,skipped,http_403,invalid,success,0
0.666667,2,0.666667,0,0,1,1,1,1,0,0,8,-1,9197,1395,8,-1,1,1,0,-1,-1,0,1,1,0,1,0,1,0,0,0,0.5312,0.0,0.5156,0,0,0,1,0,0,220,0,0,0,0,0,below_high_lexical_threshold,lexical_similarity_score < 0.75,partial,success,success,skipped,http_403,invalid,success,0
0.538462,3,0.538462,0,0,1,0,1,1,0,0,6,-1,4926,1283,6,-1,0,1,0,-1,-1,1,1,0,1,0,0,0,0,0,0,0.0,0.0,0.4844,0,1,1,1,0,0,1,0,0,0,0,0,below_high_lexical_threshold,lexical_similarity_score < 0.75,partial,success,success,skipped,success,invalid,success,0
0.6,2,0.6,0,0,1,1,1,1,0,0,8,-1,7342,327,8,-1,1,1,0,-1,-1,0,1,1,0,1,0,1,0,0,0,0.5312,0.0,0.5781,0,0,0,1,0,0,220,0,0,0,0,0,below_high_lexical_threshold,lexical_similarity_score < 0.75,partial,success,success,skipped,http_403,invalid,success,0
0.6,3,0.6,0,0,1,1,1,1,0,0,8,-1,7342,327,8,-1,1,1,0,-1,-1,0,1,1,0,1,0,1,0,0,0,0.5312,0.0,0.5781,0,0,0,1,0,0,220,0,0,0,0,0,below_high_lexical_threshold,lexical_similarity_score < 0.75,partial,success,success,skipped,http_403,invalid,success,0
0.6,1,0.6,0,0,1,1,1,1,0,0,8,-1,7342,327,8,-1,1,1,0,-1,-1,0,1,1,0,1,0,1,0,0,0,0.5312,0.0,0.5781,0,0,0,1,0,0,220,0,0,0,0,0,below_high_lexical_threshold,lexical_similarity_score < 0.75,partial,success,success,skipped,http_403,invalid,success,0
0.85,0,0.85,0,0,0,3,1,1,0,0,6,-1,2889,33,6,-1,0,1,0,-1,-1,0,1,1,0,1,0,1,0,0,0,0.5312,0.0,0.625,1,0,0,1,0,0,220,0,1,0,0,0,suspected_active_infra,DNS active but page fetch failed,partial,success,success,skipped,http_403,invalid,success,0
0.666667,3,0.666667,0,0,1,1,1,1,0,0,8,-1,4505,607,8,-1,0,1,1,58,-1,1,1,0,1,0,0,0,0,0,0,0.5,0.0,0.5156,0,1,1,1,0,0,1,0,0,0,0,0,below_high_lexical_threshold,lexical_similarity_score < 0.75,partial,success,unavailable,success,success,success,success,0
0.666667,2,0.666667,0,0,1,1,1,1,0,0,8,-1,9197,1395,8,-1,1,1,0,-1,-1,0,1,1,0,1,0,1,0,0,0,0.5312,0.0,0.5156,0,0,0,1,0,0,220,0,0,0,0,0,below_high_lexical_threshold,lexical_similarity_score < 0.75,partial,success,success,skipped,http_403,invalid,success,0
0.666667,3,0.666667,0,0,1,1,1,1,0,0,8,-1,4505,607,8,-1,0,1,1,58,-1,1,0,0,1,0,0,0,0,0,0,0.5,0.0,0.5469,0,1,1,1,0,0,1,0,0,0,0,0,below_high_lexical_threshold,lexical_similarity_score < 0.75,partial,success,unavailable,success,success,success,success,0
0.444444,3,0.444444,0,0,1,0,1,1,0,0,6,-1,468,261,6,-1,0,1,0,-1,-1,0,1,1,0,1,0,1,0,0,0,0.5312,0.0,0.5781,0,0,0,1,0,0,220,0,0,0,0,0,below_high_lexical_threshold,lexical_similarity_score < 0.75,partial,success,success,skipped,http_403,invalid,success,0
0.85,0,0.85,1,0,1,1,1,1,0,0,6,-1,5110,3,8,-1,1,1,1,15,-1,1,0,0,1,1,0,0,0,0,1,0.0,0.0,0.5781,1,1,0,0,1,1,1,0,0,0,1,0,phishing,visual brand match on unauthorized domain,complete,success,success,skipped,success,success,success,1
0.85,0,0.85,1,0,1,1,1,1,0,0,6,-1,5110,3,8,-1,1,1,0,-1,-1,0,1,1,0,1,0,1,0,0,0,0.0,0.0,0.4375,1,0,0,1,0,0,220,0,1,0,0,0,suspected_active_infra,DNS active but page fetch failed,partial,success,success,skipped,http_403,invalid,success,0
0.666667,3,0.666667,0,0,1,1,1,1,0,0,8,-1,4505,607,8,-1,0,1,1,58,-1,1,1,0,1,0,0,0,0,0,0,0.5,0.0,0.5156,0,1,1,1,0,0,1,0,0,0,0,0,below_high_lexical_threshold,lexical_similarity_score < 0.75,partial,success,unavailable,success,success,success,success,0
0.5,3,0.5,0,0,1,0,1,1,0,0,6,-1,170,195,6,-1,0,1,0,-1,-1,0,1,1,0,1,0,1,0,0,0,0.5312,0.0,0.4844,0,0,0,1,0,0,220,0,0,0,0,0,below_high_lexical_threshold,lexical_similarity_score < 0.75,partial,success,success,skipped,http_403,invalid,success,0
0.47619,2,0.47619,0,0,1,1,1,1,0,0,8,-1,4806,307,8,-1,0,1,1,29,-1,1,0,0,1,1,0,0,1,0,0,0.7188,0.4688,0.5156,0,1,0,1,0,0,1,0,0,0,0,0,below_high_lexical_threshold,lexical_similarity_score < 0.75,partial,success,unavailable,success,success,success,success,0
0.85,0,0.85,1,0,1,1,1,1,0,0,6,-1,5110,3,8,-1,1,1,0,-1,-1,0,1,1,0,1,0,1,0,0,1,0.6562,0.0,0.4219,1,0,0,0,1,1,220,0,1,0,1,0,phishing,visual brand match on unauthorized domain,partial,success,success,skipped,http_403,invalid,success,1
0.6,1,0.6,0,0,1,1,1,1,0,0,8,-1,7342,327,8,-1,1,1,0,-1,-1,0,1,1,0,1,0,1,0,0,0,0.5312,0.0,0.5781,0,0,0,1,0,0,220,0,0,0,0,0,below_high_lexical_threshold,lexical_similarity_score < 0.75,partial,success,success,skipped,http_403,invalid,success,0
0.6,1,0.6,0,0,1,1,1,1,0,0,8,-1,7342,327,8,6,1,1,0,-1,-1,0,1,1,0,1,0,1,0,0,0,0.5312,0.0,0.5781,0,0,0,1,0,0,220,0,0,0,0,0,below_high_lexical_threshold,lexical_similarity_score < 0.75,partial,success,success,skipped,http_403,invalid,success,0
0.85,0,0.85,1,0,1,1,1,1,0,0,8,-1,7342,327,8,6,1,1,0,-1,-1,0,1,1,0,1,0,1,0,0,0,0.0,0.0,0.4375,1,0,0,1,0,0,220,0,1,0,0,0,suspected_active_infra,DNS active but page fetch failed,partial,success,success,skipped,http_403,invalid,success,0
0.6,1,0.6,0,0,1,1,1,1,0,0,8,-1,7342,327,8,6,1,1,0,-1,-1,0,1,1,0,1,0,1,0,0,0,0.5312,0.0,0.5781,0,0,0,1,0,0,220,0,0,0,0,0,below_high_lexical_threshold,lexical_similarity_score < 0.75,partial,success,success,skipped,http_403,invalid,success,0
0.545455,1,0.545455,0,0,1,3,1,1,0,0,-1,-1,3213,74,6,-1,0,1,1,232,-1,1,1,1,1,0,0,0,1,0,0,0.5625,0.0,0.5156,0,1,1,1,0,0,1,0,0,0,0,0,below_high_lexical_threshold,lexical_similarity_score < 0.75,partial,success,unavailable,success,success,success,success,0
0.545455,1,0.545455,0,0,1,3,1,1,0,0,-1,-1,3213,74,6,-1,0,1,1,232,-1,1,1,1,1,0,0,0,1,0,0,0.5625,0.0,0.5156,0,1,1,1,0,0,1,0,0,0,0,0,below_high_lexical_threshold,lexical_similarity_score < 0.75,partial,success,unavailable,success,success,success,success,0
0.5,3,0.5,0,0,1,2,1,1,0,0,8,-1,3357,295,8,-1,1,1,0,-1,-1,0,1,1,0,1,0,1,0,0,0,0.75,0.0,0.6406,0,0,0,1,0,0,220,0,0,0,0,0,below_high_lexical_threshold,lexical_similarity_score < 0.75,partial,success,success,skipped,http_403,invalid,success,0
0.85,0,0.85,0,0,1,2,1,1,0,0,6,-1,2085,106,-1,6,0,0,0,-1,-1,0,0,0,0,0,0,0,0,0,0,0.0,0.0,0.0,1,0,1,1,0,0,0,0,1,0,0,0,suspected_active_infra,DNS active but page fetch failed,partial,success,success,skipped,error,error,empty,0
0.85,0,0.85,0,0,1,1,1,1,0,0,8,-1,1929,262,6,-1,0,1,0,-1,-1,0,1,1,0,1,0,1,0,0,0,0.5938,0.0,0.6719,1,0,0,1,0,0,220,0,1,0,0,0,suspected_active_infra,DNS active but page fetch failed,partial,success,success,skipped,http_403,invalid,success,0
0.85,0,0.85,0,0,0,1,1,1,0,0,8,-1,1351,110,6,-1,0,1,0,-1,-1,0,1,1,0,1,0,1,0,0,0,0.5938,0.0,0.6719,1,0,0,1,0,0,220,0,1,0,0,0,suspected_active_infra,DNS active but page fetch failed,partial,success,success,skipped,http_403,invalid,success,0
0.85,0,0.85,1,0,1,1,1,1,0,0,6,-1,3426,591,8,-1,1,1,0,-1,-1,0,1,1,0,1,0,1,0,0,0,0.5,0.0,0.4688,1,0,0,1,0,0,220,0,1,0,0,0,suspected_active_infra,DNS active but page fetch failed,partial,success,success,skipped,http_403,invalid,success,0
0.85,0,0.85,1,0,1,1,1,1,0,0,8,-1,1874,317,4,-1,0,1,0,-1,-1,0,1,1,0,1,0,1,0,0,0,0.0,0.0,0.4375,1,0,0,1,0,0,220,0,1,0,0,0,suspected_active_infra,DNS active but page fetch failed,partial,success,unavailable,success,http_403,invalid,success,0
0.6,3,0.6,0,0,1,1,1,1,0,0,8,-1,7342,327,8,-1,1,1,0,-1,-1,0,1,1,0,1,0,1,0,0,0,0.5312,0.0,0.5781,0,0,0,1,0,0,220,0,0,0,0,0,below_high_lexical_threshold,lexical_similarity_score < 0.75,partial,success,success,skipped,http_403,invalid,success,0
0.428571,3,0.428571,0,0,1,0,1,1,0,0,6,-1,-1,-1,-1,6,0,1,0,-1,-1,0,1,1,0,1,0,1,0,0,0,0.5312,0.0,0.4844,0,0,0,1,0,0,220,0,0,0,0,0,below_high_lexical_threshold,lexical_similarity_score < 0.75,partial,success,unavailable,success,http_403,invalid,success,0
0.428571,3,0.428571,0,0,1,0,1,1,0,0,6,-1,-1,-1,-1,6,0,1,0,-1,-1,0,1,1,0,1,0,1,0,0,0,0.5312,0.0,0.4844,0,0,0,1,0,0,220,0,0,0,0,0,below_high_lexical_threshold,lexical_similarity_score < 0.75,partial,success,unavailable,success,http_403,invalid,success,0
0.6,3,0.6,0,0,1,1,1,1,0,0,8,-1,7342,327,8,6,1,1,0,-1,-1,0,1,1,0,1,0,1,0,0,0,0.5312,0.0,0.5781,0,0,0,1,0,0,220,0,0,0,0,0,below_high_lexical_threshold,lexical_similarity_score < 0.75,partial,success,success,skipped,http_403,invalid,success,0
0.608696,1,0.608696,0,0,1,0,1,1,0,0,6,-1,1595,231,6,-1,0,1,0,-1,-1,0,1,1,0,1,0,1,0,0,0,0.5312,0.0,0.5938,0,0,0,1,0,0,220,0,0,0,0,0,below_high_lexical_threshold,lexical_similarity_score < 0.75,partial,success,success,skipped,http_403,invalid,success,0
0.533333,3,0.533333,0,0,1,1,1,1,0,0,8,-1,2048,508,6,-1,0,1,1,39,-1,1,0,0,1,0,0,0,0,0,0,0.0,0.0,0.5625,0,1,1,1,0,0,1,0,0,0,0,0,below_high_lexical_threshold,lexical_similarity_score < 0.75,partial,success,unavailable,success,success,success,success,0
0.457143,1,0.457143,0,0,1,0,1,1,0,0,8,-1,223,142,8,-1,0,1,0,-1,-1,0,1,1,0,1,0,1,0,0,0,0.5938,0.0,0.5781,0,0,0,1,0,0,220,0,0,0,0,0,below_high_lexical_threshold,lexical_similarity_score < 0.75,partial,success,success,skipped,http_403,invalid,success,0
0.457143,1,0.457143,0,0,1,0,1,1,0,0,8,-1,223,142,8,-1,0,1,0,-1,-1,0,1,1,0,1,0,1,0,0,0,0.5938,0.0,0.5781,0,0,0,1,0,0,220,0,0,0,0,0,below_high_lexical_threshold,lexical_similarity_score < 0.75,partial,success,success,skipped,http_403,invalid,success,0
0.666667,3,0.666667,0,0,1,1,1,1,0,0,8,-1,4505,607,8,-1,0,1,1,58,-1,1,0,0,1,0,0,0,0,0,0,0.5,0.0,0.5469,0,1,1,1,0,0,1,0,0,0,0,0,below_high_lexical_threshold,lexical_similarity_score < 0.75,partial,success,unavailable,success,success,success,success,0
0.6,2,0.6,0,0,1,1,1,1,0,0,8,-1,7342,327,8,6,1,1,0,-1,-1,0,1,1,0,1,0,1,0,0,0,0.5312,0.0,0.5781,0,0,0,1,0,0,220,0,0,0,0,0,below_high_lexical_threshold,lexical_similarity_score < 0.75,partial,success,success,skipped,http_403,invalid,success,0
0.85,0,0.85,0,0,0,0,1,1,0,0,6,-1,867,229,6,-1,0,1,1,60,-1,1,0,0,1,0,0,0,0,0,0,0.0,0.0,0.5469,1,1,1,1,0,0,1,0,0,1,0,0,suspected_active_no_phish_evidence,active page without login form or brand visual claim,complete,success,success,skipped,success,success,success,0
0.85,0,0.85,0,0,0,0,1,1,0,0,6,-1,9956,271,8,-1,0,1,1,244,-1,1,0,0,1,0,0,0,1,1,1,0.0,0.5938,0.5625,1,1,1,0,1,1,1,0,0,0,1,0,phishing,visual brand match on unauthorized domain,complete,success,success,skipped,success,success,success,1
0.545455,1,0.545455,0,0,1,3,1,1,0,0,-1,-1,3213,74,6,-1,0,1,1,239,-1,1,1,1,1,0,0,0,0,0,0,0.0,0.0,0.5156,0,1,1,1,0,0,1,0,0,0,0,0,below_high_lexical_threshold,lexical_similarity_score < 0.75,partial,success,unavailable,success,success,success,success,0
0.545455,1,0.545455,0,0,1,3,1,1,0,0,-1,-1,3213,74,6,-1,0,1,1,239,-1,1,1,1,1,0,0,0,0,0,0,0.0,0.0,0.5156,0,1,1,1,0,0,1,0,0,0,0,0,below_high_lexical_threshold,lexical_similarity_score < 0.75,partial,success,unavailable,success,success,success,success,0
0.466667,1,0.466667,0,0,1,1,1,1,0,0,6,-1,2243,313,6,-1,0,1,1,10,-1,1,1,1,1,0,0,0,0,0,0,0.5625,0.0,0.625,0,1,1,1,0,0,1,0,0,0,0,0,below_high_lexical_threshold,lexical_similarity_score < 0.75,complete,success,success,skipped,success,success,success,0
0.85,0,0.85,0,0,1,1,1,1,0,0,8,-1,4505,607,8,-1,0,1,1,58,-1,1,0,0,1,0,0,0,1,0,0,0.5,0.0,0.4688,1,1,1,1,0,0,1,0,0,1,0,0,suspected_active_no_phish_evidence,active page without login form or brand visual claim,partial,success,unavailable,success,success,success,success,0
0.85,0,0.85,0,0,1,1,1,1,0,0,8,-1,4505,607,8,-1,0,1,1,58,-1,1,0,0,1,0,0,0,1,0,0,0.5,0.0,0.4688,1,1,1,1,0,0,1,0,0,1,0,0,suspected_active_no_phish_evidence,active page without login form or brand visual claim,partial,success,unavailable,success,success,success,success,0
0.666667,3,0.666667,0,0,1,1,1,1,0,0,8,-1,4505,607,8,-1,0,1,1,58,-1,1,1,0,1,0,0,0,0,0,0,0.5,0.0,0.5156,0,1,1,1,0,0,1,0,0,0,0,0,below_high_lexical_threshold,lexical_similarity_score < 0.75,partial,success,unavailable,success,success,success,success,0
0.518519,2,0.518519,0,0,1,0,1,1,0,0,8,-1,887,209,6,-1,0,1,0,-1,-1,0,1,1,0,1,0,1,0,0,0,0.5312,0.0,0.5938,0,0,0,1,0,0,220,0,0,0,0,0,below_high_lexical_threshold,lexical_similarity_score < 0.75,partial,success,success,skipped,http_403,invalid,success,0
0.85,0,0.85,1,0,1,2,1,1,0,0,8,-1,3357,295,8,-1,1,1,0,-1,-1,0,1,1,0,1,0,1,0,0,0,0.5312,0.0,0.4688,1,0,0,1,0,0,220,0,1,0,0,0,suspected_active_infra,DNS active but page fetch failed,partial,success,success,skipped,http_403,invalid,success,0
0.592593,1,0.592593,0,0,1,1,1,1,0,0,8,-1,3527,125,6,-1,0,1,0,-1,-1,0,1,1,0,1,0,1,0,0,0,0.5312,0.0,0.5156,0,0,0,1,0,0,220,0,0,0,0,0,below_high_lexical_threshold,lexical_similarity_score < 0.75,partial,success,success,skipped,http_403,invalid,success,0
0.6,3,0.6,0,0,1,1,1,1,0,0,8,-1,7342,327,8,6,1,1,0,-1,-1,0,1,1,0,1,0,1,0,0,0,0.5312,0.0,0.5781,0,0,0,1,0,0,220,0,0,0,0,0,below_high_lexical_threshold,lexical_similarity_score < 0.75,partial,success,success,skipped,http_403,invalid,success,0
0.5,3,0.5,0,0,1,2,1,1,0,0,8,-1,3357,295,8,-1,1,1,0,-1,-1,0,1,1,0,1,0,1,0,0,0,0.75,0.0,0.6406,0,0,0,1,0,0,220,0,0,0,0,0,below_high_lexical_threshold,lexical_similarity_score < 0.75,partial,success,success,skipped,http_403,invalid,success,0
0.6,3,0.6,0,0,1,1,1,1,0,0,8,-1,7342,327,8,6,1,1,0,-1,-1,0,1,1,0,1,0,1,0,0,0,0.5312,0.0,0.5781,0,0,0,1,0,0,220,0,0,0,0,0,below_high_lexical_threshold,lexical_similarity_score < 0.75,partial,success,success,skipped,http_403,invalid,success,0
0.666667,3,0.666667,0,0,1,1,1,1,0,0,8,-1,4505,607,8,-1,0,1,1,58,-1,1,1,0,1,0,0,0,0,0,0,0.5,0.0,0.5156,0,1,1,1,0,0,1,0,0,0,0,0,below_high_lexical_threshold,lexical_similarity_score < 0.75,partial,success,unavailable,success,success,success,success,0
0.666667,3,0.666667,0,0,1,1,1,1,0,0,8,-1,4505,607,8,-1,0,1,1,58,-1,1,1,0,1,0,0,0,0,0,0,0.5,0.0,0.5156,0,1,1,1,0,0,1,0,0,0,0,0,below_high_lexical_threshold,lexical_similarity_score < 0.75,partial,success,unavailable,success,success,success,success,0
0.666667,3,0.666667,0,0,1,1,1,1,0,0,8,-1,4505,607,8,-1,0,1,1,58,-1,1,1,0,1,0,0,0,0,0,0,0.5,0.0,0.5156,0,1,1,1,0,0,1,0,0,0,0,0,below_high_lexical_threshold,lexical_similarity_score < 0.75,partial,success,unavailable,success,success,success,success,0
0.5,3,0.5,0,0,1,1,1,1,0,0,8,-1,2674,248,8,8,1,1,0,-1,-1,0,1,1,0,1,0,1,0,0,0,0.5312,0.0,0.5625,0,0,0,1,0,0,220,0,0,0,0,0,below_high_lexical_threshold,lexical_similarity_score < 0.75,partial,success,success,skipped,http_403,invalid,success,0
0.592593,2,0.592593,0,0,1,1,1,1,0,0,8,-1,4950,163,8,8,1,1,0,-1,-1,0,1,1,0,1,0,1,0,0,0,0.5312,0.0,0.5156,0,0,0,1,0,0,220,0,0,0,0,0,below_high_lexical_threshold,lexical_similarity_score < 0.75,partial,success,success,skipped,http_403,invalid,success,0
0.85,0,0.85,1,0,1,1,1,1,0,0,8,-1,1740,86,6,-1,0,1,1,11,-1,0,0,0,0,0,0,0,0,0,0,0.0,0.0,0.4062,1,0,1,1,0,0,1,0,1,0,0,0,suspected_active_infra,DNS active but page fetch failed,partial,success,success,skipped,http_403,success,success,0
0.6,1,0.6,0,0,1,1,1,1,0,0,8,-1,7342,327,8,-1,1,1,0,-1,-1,0,1,1,0,1,0,1,0,0,0,0.5312,0.0,0.5781,0,0,0,1,0,0,220,0,0,0,0,0,below_high_lexical_threshold,lexical_similarity_score < 0.75,partial,success,success,skipped,http_403,invalid,success,0
0.6,2,0.6,0,0,1,1,1,1,0,0,8,-1,7342,327,8,6,1,1,0,-1,-1,0,1,1,0,1,0,1,0,0,0,0.5312,0.0,0.5781,0,0,0,1,0,0,220,0,0,0,0,0,below_high_lexical_threshold,lexical_similarity_score < 0.75,partial,success,success,skipped,http_403,invalid,success,0
0.6,3,0.6,0,0,1,1,1,1,0,0,8,-1,7342,327,8,6,1,1,0,-1,-1,0,1,1,0,1,0,1,0,0,0,0.5312,0.0,0.5781,0,0,0,1,0,0,220,0,0,0,0,0,below_high_lexical_threshold,lexical_similarity_score < 0.75,partial,success,success,skipped,http_403,invalid,success,0
0.571429,2,0.571429,0,0,1,1,1,1,0,0,8,-1,2610,1043,8,-1,0,1,1,246,-1,1,2,2,1,0,0,0,0,0,0,0.5,0.0,0.0,0,1,1,1,0,0,0,0,0,0,0,0,below_high_lexical_threshold,lexical_similarity_score < 0.75,complete,success,success,skipped,success,success,success,0
0.6,1,0.6,0,0,1,1,1,1,0,0,8,-1,7342,327,8,-1,1,1,0,-1,-1,0,1,1,0,1,0,1,0,0,0,0.5312,0.0,0.5781,0,0,0,1,0,0,220,0,0,0,0,0,below_high_lexical_threshold,lexical_similarity_score < 0.75,partial,success,success,skipped,http_403,invalid,success,0
0.666667,2,0.666667,0,0,1,1,1,1,0,0,8,-1,6348,222,8,8,0,1,1,295,-1,0,2,2,0,1,0,1,0,0,0,0.5312,0.0,0.4844,0,0,0,1,0,0,220,0,0,0,0,0,below_high_lexical_threshold,lexical_similarity_score < 0.75,partial,success,success,skipped,http_403,success,success,0
0.75,1,0.75,0,0,1,1,1,1,0,0,8,-1,8115,651,8,-1,0,1,1,35,-1,1,0,0,1,0,0,0,0,0,0,0.0,0.0,0.0,1,1,1,1,0,0,1,0,0,1,0,0,suspected_active_no_phish_evidence,active page without login form or brand visual claim,complete,success,success,skipped,success,success,success,0
0.6,3,0.6,0,0,1,1,1,1,0,0,8,-1,7342,327,8,6,1,1,0,-1,-1,0,1,1,0,1,0,1,0,0,0,0.5312,0.0,0.5781,0,0,0,1,0,0,220,0,0,0,0,0,below_high_lexical_threshold,lexical_similarity_score < 0.75,partial,success,success,skipped,http_403,invalid,success,0
0.6,1,0.6,0,0,1,1,1,1,0,0,8,-1,7342,327,8,-1,1,1,0,-1,-1,0,1,1,0,1,0,1,0,0,0,0.5312,0.0,0.5781,0,0,0,1,0,0,220,0,0,0,0,0,below_high_lexical_threshold,lexical_similarity_score < 0.75,partial,success,success,skipped,http_403,invalid,success,0
0.6,2,0.6,0,0,1,1,1,1,0,0,8,-1,7342,327,8,6,1,1,0,-1,-1,0,1,1,0,1,0,1,0,0,0,0.5312,0.0,0.5781,0,0,0,1,0,0,220,0,0,0,0,0,below_high_lexical_threshold,lexical_similarity_score < 0.75,partial,success,success,skipped,http_403,invalid,success,0
0.6,2,0.6,0,0,1,1,1,1,0,0,8,-1,7342,327,8,-1,1,1,0,-1,-1,0,1,1,0,1,0,1,0,0,0,0.5312,0.0,0.5781,0,0,0,1,0,0,220,0,0,0,0,0,below_high_lexical_threshold,lexical_similarity_score < 0.75,partial,success,success,skipped,http_403,invalid,success,0
0.631579,3,0.631579,0,0,1,0,1,1,0,0,6,-1,3913,105,6,-1,0,1,1,44,-1,1,1,0,1,1,1,0,1,0,0,0.5,0.5,0.5469,0,1,0,1,0,0,1,0,0,0,0,0,below_high_lexical_threshold,lexical_similarity_score < 0.75,complete,success,success,skipped,success,success,success,0
0.666667,2,0.666667,0,0,1,0,1,1,0,0,8,-1,3841,908,8,-1,0,1,1,125,-1,1,0,0,1,0,0,0,0,0,0,0.0,0.0,0.5156,0,1,1,1,0,0,1,0,0,0,0,0,below_high_lexical_threshold,lexical_similarity_score < 0.75,complete,success,success,skipped,success,success,success,0
0.6,3,0.6,0,0,1,1,1,1,0,0,8,-1,7342,327,8,6,1,1,0,-1,-1,0,1,1,0,1,0,1,0,0,0,0.5312,0.0,0.5781,0,0,0,1,0,0,220,0,0,0,0,0,below_high_lexical_threshold,lexical_similarity_score < 0.75,partial,success,success,skipped,http_403,invalid,success,0
0.85,0,0.85,1,0,1,1,1,1,0,0,8,-1,7342,327,8,-1,1,1,0,-1,-1,0,1,1,0,1,0,1,0,0,0,0.5312,0.0,0.4844,1,0,0,1,0,0,220,0,1,0,0,0,suspected_active_infra,DNS active but page fetch failed,partial,success,success,skipped,http_403,invalid,success,0
0.85,0,0.85,1,0,1,1,1,1,0,0,8,-1,7342,327,8,6,1,1,0,-1,-1,0,1,1,0,1,0,1,0,0,0,0.5312,0.0,0.4844,1,0,0,1,0,0,220,0,1,0,0,0,suspected_active_infra,DNS active but page fetch failed,partial,success,success,skipped,http_403,invalid,success,0
0.6,3,0.6,0,0,1,1,1,1,0,0,8,-1,7342,327,8,-1,1,1,0,-1,-1,0,1,1,0,1,0,1,0,0,0,0.5312,0.0,0.5781,0,0,0,1,0,0,220,0,0,0,0,0,below_high_lexical_threshold,lexical_similarity_score < 0.75,partial,success,success,skipped,http_403,invalid,success,0
0.85,0,0.85,1,0,1,1,1,1,0,0,8,-1,7342,327,8,6,1,1,0,-1,-1,0,1,1,0,1,0,1,0,0,0,0.0,0.0,0.4375,1,0,0,1,0,0,220,0,1,0,0,0,suspected_active_infra,DNS active but page fetch failed,partial,success,success,skipped,http_403,invalid,success,0
0.6,1,0.6,0,0,1,1,1,1,0,0,8,-1,7342,327,8,-1,1,1,0,-1,-1,0,1,1,0,1,0,1,0,0,0,0.5312,0.0,0.5781,0,0,0,1,0,0,220,0,0,0,0,0,below_high_lexical_threshold,lexical_similarity_score < 0.75,partial,success,success,skipped,http_403,invalid,success,0
0.6,1,0.6,0,0,1,1,1,1,0,0,8,-1,7342,327,8,-1,1,1,0,-1,-1,0,1,1,0,1,0,1,0,0,0,0.5312,0.0,0.5781,0,0,0,1,0,0,220,0,0,0,0,0,below_high_lexical_threshold,lexical_similarity_score < 0.75,partial,success,success,skipped,http_403,invalid,success,0
0.6,1,0.6,0,0,1,1,1,1,0,0,8,-1,7342,327,8,-1,1,1,0,-1,-1,0,1,1,0,1,0,1,0,0,0,0.5312,0.0,0.5781,0,0,0,1,0,0,220,0,0,0,0,0,below_high_lexical_threshold,lexical_similarity_score < 0.75,partial,success,success,skipped,http_403,invalid,success,0
0.470588,2,0.470588,0,0,1,0,1,1,0,0,-1,-1,-1,-1,-1,-1,0,1,0,-1,-1,0,1,1,0,1,0,1,0,0,0,0.5625,0.0,0.5,0,0,0,1,0,0,220,0,0,0,0,0,below_high_lexical_threshold,lexical_similarity_score < 0.75,partial,success,rate_limited,error,http_403,invalid,success,0
0.470588,2,0.470588,0,0,1,0,1,1,0,0,-1,-1,-1,-1,-1,-1,0,1,0,-1,-1,0,1,1,0,1,0,1,0,0,0,0.5625,0.0,0.5,0,0,0,1,0,0,220,0,0,0,0,0,below_high_lexical_threshold,lexical_similarity_score < 0.75,partial,success,rate_limited,error,http_403,invalid,success,0
0.6,1,0.6,0,0,1,1,1,1,0,0,8,-1,7342,327,8,6,1,1,0,-1,-1,0,1,1,0,1,0,1,0,0,0,0.5312,0.0,0.5781,0,0,0,1,0,0,220,0,0,0,0,0,below_high_lexical_threshold,lexical_similarity_score < 0.75,partial,success,success,skipped,http_403,invalid,success,0
0.85,0,0.85,0,0,1,1,1,1,0,0,8,-1,7342,327,8,6,1,1,0,-1,-1,0,1,1,0,1,0,1,0,0,0,0.5312,0.0,0.4844,1,0,0,1,0,0,220,0,1,0,0,0,suspected_active_infra,DNS active but page fetch failed,partial,success,success,skipped,http_403,invalid,success,0
0.6,1,0.6,0,0,1,1,1,1,0,0,8,-1,7342,327,8,6,1,1,0,-1,-1,0,1,1,0,1,0,1,0,0,0,0.5312,0.0,0.5781,0,0,0,1,0,0,220,0,0,0,0,0,below_high_lexical_threshold,lexical_similarity_score < 0.75,partial,success,success,skipped,http_403,invalid,success,0
0.6,3,0.6,0,0,1,1,1,1,0,0,8,-1,7342,327,8,-1,1,1,0,-1,-1,0,1,1,0,1,0,1,0,0,0,0.5312,0.0,0.5781,0,0,0,1,0,0,220,0,0,0,0,0,below_high_lexical_threshold,lexical_similarity_score < 0.75,partial,success,success,skipped,http_403,invalid,success,0
0.6,2,0.6,0,0,1,1,1,1,0,0,8,-1,7342,327,8,-1,1,1,0,-1,-1,0,1,1,0,1,0,1,0,0,0,0.5312,0.0,0.5781,0,0,0,1,0,0,220,0,0,0,0,0,below_high_lexical_threshold,lexical_similarity_score < 0.75,partial,success,success,skipped,http_403,invalid,success,0
0.85,0,0.85,1,0,1,1,1,1,0,0,8,-1,7342,327,8,-1,1,1,0,-1,-1,0,1,1,0,1,0,1,0,0,0,0.5312,0.0,0.4844,1,0,0,1,0,0,220,0,1,0,0,0,suspected_active_infra,DNS active but page fetch failed,partial,success,success,skipped,http_403,invalid,success,0
0.85,0,0.85,1,0,1,1,1,1,0,0,8,-1,7342,327,8,6,1,1,0,-1,-1,0,1,1,0,1,0,1,0,0,0,0.5312,0.0,0.4844,1,0,0,1,0,0,220,0,1,0,0,0,suspected_active_infra,DNS active but page fetch failed,partial,success,success,skipped,http_403,invalid,success,0
0.6,2,0.6,0,0,1,1,1,1,0,0,8,-1,7342,327,8,-1,1,1,0,-1,-1,0,1,1,0,1,0,1,0,0,0,0.5312,0.0,0.5781,0,0,0,1,0,0,220,0,0,0,0,0,below_high_lexical_threshold,lexical_similarity_score < 0.75,partial,success,success,skipped,http_403,invalid,success,0
0.85,0,0.85,1,0,1,1,1,1,0,0,8,-1,7342,327,8,-1,1,1,0,-1,-1,0,1,1,0,1,0,1,0,0,0,0.5312,0.0,0.4844,1,0,0,1,0,0,220,0,1,0,0,0,suspected_active_infra,DNS active but page fetch failed,partial,success,success,skipped,http_403,invalid,success,0
0.6,2,0.6,0,0,1,1,1,1,0,0,8,-1,7342,327,8,6,1,1,0,-1,-1,0,1,1,0,1,0,1,0,0,0,0.5312,0.0,0.5781,0,0,0,1,0,0,220,0,0,0,0,0,below_high_lexical_threshold,lexical_similarity_score < 0.75,partial,success,success,skipped,http_403,invalid,success,0
0.6,1,0.6,0,0,1,1,1,1,0,0,8,-1,7342,327,8,-1,1,1,0,-1,-1,0,1,1,0,1,0,1,0,0,0,0.5312,0.0,0.5781,0,0,0,1,0,0,220,0,0,0,0,0,below_high_lexical_threshold,lexical_similarity_score < 0.75,partial,success,success,skipped,http_403,invalid,success,0
0.85,0,0.85,1,0,1,1,1,1,0,0,8,-1,4806,307,8,-1,0,1,0,-1,-1,0,1,1,0,1,0,1,0,0,0,0.0,0.0,0.4375,1,0,0,1,0,0,220,0,1,0,0,0,suspected_active_infra,DNS active but page fetch failed,partial,success,unavailable,success,http_403,invalid,success,0
0.6,3,0.6,0,0,1,1,1,1,0,0,8,-1,7342,327,8,6,1,1,0,-1,-1,0,1,1,0,1,0,1,0,0,0,0.5312,0.0,0.5781,0,0,0,1,0,0,220,0,0,0,0,0,below_high_lexical_threshold,lexical_similarity_score < 0.75,partial,success,success,skipped,http_403,invalid,success,0
0.666667,3,0.666667,0,0,1,1,1,1,0,0,8,-1,4505,607,8,-1,0,1,1,58,-1,1,1,0,1,0,0,0,1,0,0,0.5,0.0,0.5938,0,1,1,1,0,0,1,0,0,0,0,0,below_high_lexical_threshold,lexical_similarity_score < 0.75,partial,success,unavailable,success,success,success,success,0
0.444444,3,0.444444,0,0,1,1,1,1,0,0,6,-1,2631,79,6,-1,0,1,1,76,-1,1,1,1,1,0,0,0,0,0,0,0.0,0.0,0.5312,0,1,1,1,0,0,1,0,0,0,0,0,below_high_lexical_threshold,lexical_similarity_score < 0.75,partial,success,unavailable,success,success,success,success,0
0.85,0,0.85,1,0,1,1,1,1,0,0,8,-1,7342,327,8,-1,1,1,0,-1,-1,0,1,1,0,1,0,1,0,0,0,0.0,0.0,0.0,1,0,0,1,0,0,220,0,1,0,0,0,suspected_active_infra,DNS active but page fetch failed,partial,success,success,skipped,http_403,invalid,success,0
0.85,0,0.85,1,0,1,1,1,1,0,0,8,-1,7342,327,8,-1,1,1,0,-1,-1,0,1,1,0,1,0,1,0,0,0,0.0,0.0,0.4375,1,0,0,1,0,0,220,0,1,0,0,0,suspected_active_infra,DNS active but page fetch failed,partial,success,success,skipped,http_403,invalid,success,0
0.47619,2,0.47619,0,0,1,1,1,1,0,0,8,-1,4806,307,8,6,1,1,0,-1,-1,0,1,1,0,1,0,1,0,0,0,0.5312,0.0,0.6406,0,0,0,1,0,0,220,0,0,0,0,0,below_high_lexical_threshold,lexical_similarity_score < 0.75,partial,success,unavailable,success,http_403,invalid,success,0
0.47619,2,0.47619,0,0,1,1,1,1,0,0,8,-1,4806,307,8,6,1,1,0,-1,-1,0,1,1,0,1,0,1,0,0,0,0.5312,0.0,0.6406,0,0,0,1,0,0,220,0,0,0,0,0,below_high_lexical_threshold,lexical_similarity_score < 0.75,partial,success,unavailable,success,http_403,invalid,success,0
0.6,1,0.6,0,0,1,1,1,1,0,0,8,-1,7342,327,8,6,1,1,0,-1,-1,0,1,1,0,1,0,1,0,0,0,0.5312,0.0,0.5781,0,0,0,1,0,0,220,0,0,0,0,0,below_high_lexical_threshold,lexical_similarity_score < 0.75,partial,success,success,skipped,http_403,invalid,success,0
0.85,0,0.85,1,0,1,1,1,1,0,0,8,-1,7342,327,8,-1,1,1,0,-1,-1,0,1,1,0,1,0,1,0,0,0,0.0,0.0,0.0,1,0,0,1,0,0,220,0,1,0,0,0,suspected_active_infra,DNS active but page fetch failed,partial,success,success,skipped,http_403,invalid,success,0
0.85,0,0.85,1,0,1,1,1,1,0,0,8,-1,7342,327,8,-1,1,1,0,-1,-1,0,1,1,0,1,0,1,0,0,0,0.0,0.0,0.0,1,0,0,1,0,0,220,0,1,0,0,0,suspected_active_infra,DNS active but page fetch failed,partial,success,success,skipped,http_403,invalid,success,0
0.6,1,0.6,0,0,1,1,1,1,0,0,8,-1,7342,327,8,6,1,1,0,-1,-1,0,1,1,0,1,0,1,0,0,0,0.5312,0.0,0.5781,0,0,0,1,0,0,220,0,0,0,0,0,below_high_lexical_threshold,lexical_similarity_score < 0.75,partial,success,success,skipped,http_403,invalid,success,0
0.85,0,0.85,1,0,1,1,1,1,0,0,8,-1,3939,810,6,-1,1,1,0,-1,-1,0,1,1,0,1,0,1,0,0,0,0.0,0.0,0.0,1,0,0,1,0,0,220,0,1,0,0,0,suspected_active_infra,DNS active but page fetch failed,partial,success,success,skipped,http_403,invalid,success,0
0.631579,2,0.631579,0,0,1,1,1,1,0,0,8,-1,3939,810,6,-1,1,1,0,-1,-1,0,1,1,0,1,0,1,0,0,0,0.5312,0.0,0.5938,0,0,0,1,0,0,220,0,0,0,0,0,below_high_lexical_threshold,lexical_similarity_score < 0.75,partial,success,success,skipped,http_403,invalid,success,0
0.85,0,0.85,0,0,0,1,1,1,0,0,8,-1,5922,287,6,-1,0,1,1,53,-1,1,0,0,1,0,0,0,1,1,1,0.4688,0.0,0.5,1,1,1,0,1,1,1,0,0,0,1,0,phishing,visual brand match on unauthorized domain,complete,success,success,skipped,success,success,success,1
0.533333,3,0.533333,0,0,1,0,1,1,0,0,6,-1,3336,42,6,-1,0,1,0,-1,-1,0,1,1,0,1,0,1,0,0,0,0.5312,0.0,0.4844,0,0,0,1,0,0,220,0,0,0,0,0,below_high_lexical_threshold,lexical_similarity_score < 0.75,partial,success,unavailable,success,http_403,invalid,success,0
0.85,0,0.85,0,0,0,1,1,1,0,0,8,-1,8344,1518,6,-1,0,1,0,-1,-1,0,1,1,0,1,0,1,0,0,0,0.5312,0.0,0.4844,1,0,0,1,0,0,220,0,1,0,0,0,suspected_active_infra,DNS active but page fetch failed,partial,success,success,skipped,http_403,invalid,success,0
0.533333,3,0.533333,0,0,1,0,1,1,0,0,6,-1,5722,121,6,6,0,1,0,-1,-1,0,1,1,0,1,0,1,0,0,0,0.5312,0.0,0.4844,0,0,0,1,0,0,220,0,0,0,0,0,below_high_lexical_threshold,lexical_similarity_score < 0.75,partial,success,success,skipped,http_403,invalid,success,0
0.5,3,0.5,0,0,1,0,1,1,0,0,-1,-1,-1,-1,-1,-1,0,1,0,-1,-1,0,1,1,0,1,0,1,0,0,0,0.5938,0.0,0.5781,0,0,0,1,0,0,220,0,0,0,0,0,below_high_lexical_threshold,lexical_similarity_score < 0.75,partial,success,unavailable,success,http_403,invalid,success,0
0.85,0,0.85,0,0,0,1,1,1,0,0,8,-1,5922,287,6,-1,0,1,1,53,-1,1,0,0,1,0,0,0,1,1,1,0.4688,0.0,0.5,1,1,1,0,1,1,1,0,0,0,1,0,phishing,visual brand match on unauthorized domain,complete,success,success,skipped,success,success,success,1
0.666667,3,0.666667,0,0,1,1,1,1,0,0,8,-1,4505,607,8,-1,0,1,1,58,-1,1,1,0,1,0,0,0,1,0,0,0.5,0.0,0.5938,0,1,1,1,0,0,1,0,0,0,0,0,below_high_lexical_threshold,lexical_similarity_score < 0.75,partial,success,unavailable,success,success,success,success,0
0.545455,3,0.545455,0,0,1,1,1,1,0,0,8,-1,1961,230,6,-1,0,1,1,55,-1,1,0,0,1,0,0,0,0,0,0,0.625,0.0,0.5,0,1,1,1,0,0,1,0,0,0,0,0,below_high_lexical_threshold,lexical_similarity_score < 0.75,complete,success,success,skipped,success,success,success,0
0.5,1,0.5,0,0,1,1,1,1,0,0,8,-1,2674,248,8,8,1,1,0,-1,-1,0,1,1,0,1,0,1,0,0,0,0.5312,0.0,0.5625,0,0,0,1,0,0,220,0,0,0,0,0,below_high_lexical_threshold,lexical_similarity_score < 0.75,partial,success,success,skipped,http_403,invalid,success,0
0.592593,1,0.592593,0,0,1,1,1,1,0,0,8,-1,4950,163,8,8,1,1,0,-1,-1,0,1,1,0,1,0,1,0,0,0,0.5312,0.0,0.5156,0,0,0,1,0,0,220,0,0,0,0,0,below_high_lexical_threshold,lexical_similarity_score < 0.75,partial,success,success,skipped,http_403,invalid,success,0
0.5625,4,0.5625,0,0,1,1,1,1,0,0,8,-1,2632,2836,6,-1,0,1,1,19,-1,1,0,0,1,0,0,0,0,0,0,0.0,0.0,0.6875,0,1,1,1,0,0,1,0,0,0,0,0,below_high_lexical_threshold,lexical_similarity_score < 0.75,complete,success,success,skipped,success,success,success,0
0.5625,4,0.5625,0,0,1,1,1,1,0,0,8,-1,2632,2836,6,-1,0,1,1,19,-1,1,0,0,1,0,0,0,0,0,0,0.0,0.0,0.6875,0,1,1,1,0,0,1,0,0,0,0,0,below_high_lexical_threshold,lexical_similarity_score < 0.75,complete,success,success,skipped,success,success,success,0
0.85,0,0.85,0,0,0,1,1,1,0,0,6,-1,2622,300,6,-1,0,1,0,-1,-1,0,1,1,0,1,0,1,0,0,0,0.5938,0.0,0.6719,1,0,0,1,0,0,220,0,1,0,0,0,suspected_active_infra,DNS active but page fetch failed,partial,success,success,skipped,http_403,invalid,success,0
0.85,0,0.85,0,0,0,1,1,1,0,0,6,-1,2622,300,6,-1,0,1,0,-1,-1,0,1,1,0,1,0,1,0,0,0,0.5938,0.0,0.6719,1,0,0,1,0,0,220,0,1,0,0,0,suspected_active_infra,DNS active but page fetch failed,partial,success,success,skipped,http_403,invalid,success,0
0.461538,2,0.461538,0,0,1,1,1,1,0,0,6,-1,2919,3,6,-1,0,1,0,-1,-1,0,1,1,0,1,0,1,0,0,0,0.5312,0.0,0.5781,0,0,0,1,0,0,220,0,0,0,0,0,below_high_lexical_threshold,lexical_similarity_score < 0.75,partial,success,success,skipped,http_403,invalid,success,0
0.85,0,0.85,1,0,1,1,1,1,0,0,8,-1,4806,307,8,6,1,1,0,-1,-1,0,1,1,0,1,0,1,0,0,0,0.4688,0.0,0.5312,1,0,0,1,0,0,220,0,1,0,0,0,suspected_active_infra,DNS active but page fetch failed,partial,success,unavailable,success,http_403,invalid,success,0
0.538462,4,0.538462,0,0,1,1,1,1,0,0,8,-1,7916,119,8,-1,0,1,1,45,-1,1,0,0,1,1,1,0,1,0,0,0.6562,0.5,0.6094,0,1,0,1,0,0,1,0,0,0,0,0,below_high_lexical_threshold,lexical_similarity_score < 0.75,complete,success,success,skipped,success,success,success,0
0.85,0,0.85,0,0,0,1,1,1,0,0,6,-1,2944,709,4,-1,0,1,1,57,-1,1,0,0,1,1,0,1,1,1,1,0.0,0.0,0.4844,1,1,0,0,1,1,1,0,0,0,1,0,phishing,visual brand match on unauthorized domain,partial,success,unavailable,success,success,success,success,1
0.85,0,0.85,1,0,1,1,1,1,0,0,8,-1,3380,272,6,8,0,1,0,-1,-1,0,1,1,0,1,0,1,0,0,0,0.0,0.0,0.0,1,0,0,1,0,0,220,0,1,0,0,0,suspected_active_infra,DNS active but page fetch failed,partial,success,success,skipped,http_403,invalid,success,0
0.85,0,0.85,1,0,1,1,1,1,0,0,8,-1,3380,272,6,8,0,1,0,-1,-1,0,1,1,0,1,0,1,0,0,0,0.0,0.0,0.0,1,0,0,1,0,0,220,0,1,0,0,0,suspected_active_infra,DNS active but page fetch failed,partial,success,success,skipped,http_403,invalid,success,0
0.85,0,0.85,1,0,1,1,1,1,0,0,8,-1,3380,272,6,8,0,1,0,-1,-1,0,1,1,0,1,0,1,0,0,0,0.0,0.0,0.0,1,0,0,1,0,0,220,0,1,0,0,0,suspected_active_infra,DNS active but page fetch failed,partial,success,success,skipped,http_403,invalid,success,0
0.592593,2,0.592593,0,0,1,1,1,1,0,0,8,-1,4950,163,8,8,1,1,0,-1,-1,0,1,1,0,1,0,1,0,0,0,0.5312,0.0,0.5156,0,0,0,1,0,0,220,0,0,0,0,0,below_high_lexical_threshold,lexical_similarity_score < 0.75,partial,success,success,skipped,http_403,invalid,success,0
0.5,2,0.5,0,0,1,1,1,1,0,0,8,-1,2674,248,8,8,1,1,0,-1,-1,0,1,1,0,1,0,1,0,0,0,0.5312,0.0,0.5625,0,0,0,1,0,0,220,0,0,0,0,0,below_high_lexical_threshold,lexical_similarity_score < 0.75,partial,success,success,skipped,http_403,invalid,success,0
0.85,0,0.85,0,0,0,0,1,1,0,0,6,-1,9736,126,8,6,0,1,0,-1,-1,0,1,1,0,1,0,1,0,0,0,0.5312,0.0,0.5625,1,0,0,1,0,0,220,0,1,0,0,0,suspected_active_infra,DNS active but page fetch failed,partial,success,success,skipped,http_403,invalid,success,0
0.526316,2,0.526316,0,0,1,1,1,1,0,0,-1,-1,3431,221,6,-1,1,1,0,-1,-1,0,1,1,0,1,0,1,0,0,0,0.5312,0.0,0.6406,0,0,0,1,0,0,220,0,0,0,0,0,below_high_lexical_threshold,lexical_similarity_score < 0.75,partial,success,unavailable,success,http_403,invalid,success,0
0.85,0,0.85,1,0,1,1,1,1,0,0,8,-1,3380,272,6,8,0,1,0,-1,-1,0,1,1,0,1,0,1,0,0,0,0.0,0.0,0.0,1,0,0,1,0,0,220,0,1,0,0,0,suspected_active_infra,DNS active but page fetch failed,partial,success,success,skipped,http_403,invalid,success,0
0.85,0,0.85,1,0,1,1,1,1,0,0,8,-1,3380,272,6,8,0,1,0,-1,-1,0,1,1,0,1,0,1,0,0,0,0.0,0.0,0.0,1,0,0,1,0,0,220,0,1,0,0,0,suspected_active_infra,DNS active but page fetch failed,partial,success,success,skipped,http_403,invalid,success,0
0.48,2,0.48,0,0,1,0,1,1,0,0,6,-1,2441,847,8,6,0,1,1,42,-1,0,0,0,0,0,0,0,0,0,0,0.0,0.0,0.0,0,0,1,1,0,0,0,0,0,0,0,0,below_high_lexical_threshold,lexical_similarity_score < 0.75,partial,success,success,skipped,success,success,empty,0
0.48,2,0.48,0,0,1,0,1,1,0,0,6,-1,2441,847,8,6,0,1,1,42,-1,0,1,1,0,1,0,1,0,0,0,0.5312,0.0,0.5938,0,0,0,1,0,0,220,0,0,0,0,0,below_high_lexical_threshold,lexical_similarity_score < 0.75,partial,success,success,skipped,http_403,success,success,0
0.48,2,0.48,0,0,1,0,1,1,0,0,6,-1,2441,847,8,6,0,1,1,42,-1,0,0,0,0,0,0,0,0,0,0,0.0,0.0,0.0,0,0,1,1,0,0,0,0,0,0,0,0,below_high_lexical_threshold,lexical_similarity_score < 0.75,partial,success,success,skipped,success,success,empty,0
0.545455,2,0.545455,0,0,1,1,1,1,0,0,6,-1,9409,87,8,-1,0,1,0,-1,-1,0,1,1,0,1,0,1,0,0,0,0.5312,0.0,0.5625,0,0,0,1,0,0,2,0,0,0,0,0,below_high_lexical_threshold,lexical_similarity_score < 0.75,partial,success,success,skipped,http_403,invalid,success,0
0.666667,1,0.666667,0,0,1,1,1,1,0,0,8,-1,9197,1395,8,-1,1,1,0,-1,-1,0,1,1,0,1,0,1,0,0,0,0.5312,0.0,0.5156,0,0,0,1,0,0,220,0,0,0,0,0,below_high_lexical_threshold,lexical_similarity_score < 0.75,partial,success,success,skipped,http_403,invalid,success,0
0.666667,3,0.666667,0,0,1,1,1,1,0,0,8,-1,9197,1395,8,-1,1,1,0,-1,-1,0,1,1,0,1,0,1,0,0,0,0.75,0.0,0.6406,0,0,0,1,0,0,220,0,0,0,0,0,below_high_lexical_threshold,lexical_similarity_score < 0.75,partial,success,success,skipped,http_403,invalid,success,0
0.85,0,0.85,1,0,1,1,1,1,0,0,-1,-1,3431,221,6,-1,1,1,0,-1,-1,0,1,1,0,1,0,1,0,0,0,0.0,0.0,0.4375,1,0,0,1,0,0,220,0,1,0,0,0,suspected_active_infra,DNS active but page fetch failed,partial,success,unavailable,success,http_403,invalid,success,0
0.5,2,0.5,0,0,1,1,1,1,0,0,6,-1,5823,21,6,-1,0,1,0,-1,-1,0,1,1,0,1,0,1,0,0,0,0.5312,0.0,0.5312,0,0,0,1,0,0,220,0,0,0,0,0,below_high_lexical_threshold,lexical_similarity_score < 0.75,partial,success,success,skipped,http_403,invalid,success,0
0.5,3,0.5,0,0,1,0,1,1,0,0,4,-1,2252,304,4,-1,0,1,1,89,-1,0,0,0,0,0,0,0,0,0,0,0.0,0.0,0.0,0,0,1,1,0,0,0,0,0,0,0,0,below_high_lexical_threshold,lexical_similarity_score < 0.75,partial,success,success,skipped,success,success,empty,0
0.615385,1,0.615385,0,0,1,1,1,1,0,0,6,-1,5110,3,8,-1,1,1,0,-1,-1,0,1,1,0,1,0,1,0,0,0,0.5312,0.0,0.5,0,0,0,1,0,0,220,0,0,0,0,0,below_high_lexical_threshold,lexical_similarity_score < 0.75,partial,success,success,skipped,http_403,invalid,success,0
0.444444,3,0.444444,0,0,1,1,1,1,0,0,8,-1,2923,730,8,-1,0,1,1,14,-1,1,0,0,1,0,0,0,0,0,0,0.5938,0.0,0.5625,0,1,1,1,0,0,1,0,0,0,0,0,below_high_lexical_threshold,lexical_similarity_score < 0.75,complete,success,success,skipped,success,success,success,0
0.538462,2,0.538462,0,0,1,0,1,1,0,0,6,-1,4066,317,6,6,0,1,0,-1,-1,0,1,1,0,1,0,1,0,0,0,0.6562,0.0,0.4844,0,0,0,1,0,0,220,0,0,0,0,0,below_high_lexical_threshold,lexical_similarity_score < 0.75,partial,success,unavailable,success,http_403,invalid,success,0
0.615385,4,0.615385,0,0,1,1,1,1,0,0,6,-1,5110,3,8,-1,1,1,0,-1,-1,0,1,1,0,1,0,1,0,0,0,0.75,0.0,0.6406,0,0,0,1,0,0,220,0,0,0,0,0,below_high_lexical_threshold,lexical_similarity_score < 0.75,partial,success,success,skipped,http_403,invalid,success,0
0.5,2,0.5,0,0,1,1,1,1,0,0,8,-1,2674,248,8,8,1,1,0,-1,-1,0,1,1,0,1,0,1,0,0,0,0.5312,0.0,0.5625,0,0,0,1,0,0,220,0,0,0,0,0,below_high_lexical_threshold,lexical_similarity_score < 0.75,partial,success,success,skipped,http_403,invalid,success,0
0.592593,2,0.592593,0,0,1,1,1,1,0,0,8,-1,4950,163,8,8,1,1,0,-1,-1,0,1,1,0,1,0,1,0,0,0,0.5312,0.0,0.5156,0,0,0,1,0,0,220,0,0,0,0,0,below_high_lexical_threshold,lexical_similarity_score < 0.75,partial,success,success,skipped,http_403,invalid,success,0
0.5,2,0.5,0,0,1,1,1,1,0,0,8,-1,2646,1737,8,-1,0,1,0,-1,-1,0,1,1,0,1,0,1,0,0,0,0.5312,0.0,0.4844,0,0,0,1,0,0,220,0,0,0,0,0,below_high_lexical_threshold,lexical_similarity_score < 0.75,partial,success,success,skipped,http_403,invalid,success,0
0.666667,2,0.666667,0,0,1,1,1,1,0,0,8,-1,9197,1395,8,-1,1,1,0,-1,-1,0,1,1,0,1,0,1,0,0,0,0.5312,0.0,0.5156,0,0,0,1,0,0,220,0,0,0,0,0,below_high_lexical_threshold,lexical_similarity_score < 0.75,partial,success,success,skipped,http_403,invalid,success,0
0.85,0,0.85,1,0,1,1,1,1,0,0,8,-1,2674,248,8,8,1,1,0,-1,-1,0,1,1,0,1,0,1,0,0,0,0.4688,0.0,0.5312,1,0,0,1,0,0,220,0,1,0,0,0,suspected_active_infra,DNS active but page fetch failed,partial,success,success,skipped,http_403,invalid,success,0
0.85,0,0.85,1,0,1,1,1,1,0,0,8,-1,4950,163,8,8,1,1,0,-1,-1,0,1,1,0,1,0,1,0,0,0,0.4688,0.0,0.5312,1,0,0,1,0,0,220,0,1,0,0,0,suspected_active_infra,DNS active but page fetch failed,partial,success,success,skipped,http_403,invalid,success,0
0.85,0,0.85,1,0,1,1,1,1,0,0,8,-1,2674,248,8,8,1,1,0,-1,-1,0,1,1,0,1,0,1,0,0,0,0.5312,0.0,0.5625,1,0,0,1,0,0,220,0,1,0,0,0,suspected_active_infra,DNS active but page fetch failed,partial,success,success,skipped,http_403,invalid,success,0
0.85,0,0.85,1,0,1,1,1,1,0,0,8,-1,4950,163,8,8,1,1,0,-1,-1,0,1,1,0,1,0,1,0,0,0,0.5312,0.0,0.5625,1,0,0,1,0,0,220,0,1,0,0,0,suspected_active_infra,DNS active but page fetch failed,partial,success,success,skipped,http_403,invalid,success,0
0.6,2,0.6,0,0,1,1,1,1,0,0,6,-1,10021,205,6,-1,0,1,1,57,-1,1,0,0,1,1,1,0,1,0,0,0.4375,0.5,0.4688,0,1,0,1,0,0,1,0,0,0,0,0,below_high_lexical_threshold,lexical_similarity_score < 0.75,complete,success,success,skipped,success,success,success,0
0.5,3,0.5,0,0,1,1,1,1,0,0,8,-1,2674,248,8,8,1,1,0,-1,-1,0,1,1,0,1,0,1,0,0,0,0.5312,0.0,0.5625,0,0,0,1,0,0,220,0,0,0,0,0,below_high_lexical_threshold,lexical_similarity_score < 0.75,partial,success,success,skipped,http_403,invalid,success,0
0.592593,2,0.592593,0,0,1,1,1,1,0,0,8,-1,4950,163,8,8,1,1,0,-1,-1,0,1,1,0,1,0,1,0,0,0,0.5312,0.0,0.5156,0,0,0,1,0,0,220,0,0,0,0,0,below_high_lexical_threshold,lexical_similarity_score < 0.75,partial,success,success,skipped,http_403,invalid,success,0
0.85,0,0.85,1,0,1,1,1,1,0,0,8,-1,2674,248,8,8,1,1,0,-1,-1,0,1,1,0,1,0,1,0,0,0,0.4688,0.0,0.5312,1,0,0,1,0,0,220,0,1,0,0,0,suspected_active_infra,DNS active but page fetch failed,partial,success,success,skipped,http_403,invalid,success,0
0.85,0,0.85,1,0,1,1,1,1,0,0,8,-1,4950,163,8,8,1,1,0,-1,-1,0,1,1,0,1,0,1,0,0,0,0.4688,0.0,0.5312,1,0,0,1,0,0,220,0,1,0,0,0,suspected_active_infra,DNS active but page fetch failed,partial,success,success,skipped,http_403,invalid,success,0
0.85,0,0.85,1,0,1,1,1,1,0,0,8,-1,2674,248,8,8,1,1,0,-1,-1,0,1,1,0,1,0,1,0,0,0,0.0,0.0,0.4375,1,0,0,1,0,0,220,0,1,0,0,0,suspected_active_infra,DNS active but page fetch failed,partial,success,success,skipped,http_403,invalid,success,0
0.85,0,0.85,1,0,1,1,1,1,0,0,8,-1,4950,163,8,8,1,1,0,-1,-1,0,1,1,0,1,0,1,0,0,0,0.0,0.0,0.4375,1,0,0,1,0,0,220,0,1,0,0,0,suspected_active_infra,DNS active but page fetch failed,partial,success,success,skipped,http_403,invalid,success,0
0.571429,2,0.571429,0,0,1,1,1,1,0,0,-1,-1,-1,-1,-1,-1,0,1,0,-1,-1,0,1,1,0,1,0,1,0,0,0,0.5312,0.0,0.5312,0,0,0,1,0,0,220,0,0,0,0,0,below_high_lexical_threshold,lexical_similarity_score < 0.75,partial,success,rate_limited,success,http_403,invalid,success,0
0.666667,2,0.666667,0,0,1,1,1,1,0,0,8,-1,9197,1395,8,-1,1,1,0,-1,-1,0,1,1,0,1,0,1,0,0,0,0.5312,0.0,0.5156,0,0,0,1,0,0,220,0,0,0,0,0,below_high_lexical_threshold,lexical_similarity_score < 0.75,partial,success,success,skipped,http_403,invalid,success,0
0.5,1,0.5,0,0,1,1,1,1,0,0,8,-1,2674,248,8,8,1,1,0,-1,-1,0,1,1,0,1,0,1,0,0,0,0.5,0.0,0.5625,0,0,0,1,0,0,220,0,0,0,0,0,below_high_lexical_threshold,lexical_similarity_score < 0.75,partial,success,success,skipped,http_403,invalid,success,0
0.592593,1,0.592593,0,0,1,1,1,1,0,0,8,-1,4950,163,8,8,1,1,0,-1,-1,0,1,1,0,1,0,1,0,0,0,0.5,0.0,0.5156,0,0,0,1,0,0,220,0,0,0,0,0,below_high_lexical_threshold,lexical_similarity_score < 0.75,partial,success,success,skipped,http_403,invalid,success,0
0.571429,2,0.571429,0,0,1,1,1,1,0,0,-1,-1,-1,-1,-1,-1,1,1,0,-1,-1,0,1,1,0,1,0,1,0,0,0,0.5,0.0,0.5312,0,0,0,1,0,0,220,0,0,0,0,0,below_high_lexical_threshold,lexical_similarity_score < 0.75,partial,success,rate_limited,success,http_403,invalid,success,0
0.571429,2,0.571429,0,0,1,1,1,1,0,0,-1,-1,-1,-1,-1,-1,0,1,0,-1,-1,0,1,1,0,1,0,1,0,0,0,0.5312,0.0,0.5312,0,0,0,1,0,0,220,0,0,0,0,0,below_high_lexical_threshold,lexical_similarity_score < 0.75,partial,success,rate_limited,success,http_403,invalid,success,0
0.666667,1,0.666667,0,0,1,1,1,1,0,0,8,-1,2020,171,6,-1,0,1,0,-1,-1,0,1,1,0,1,0,1,0,0,0,0.5312,0.0,0.5781,0,0,0,1,0,0,220,0,0,0,0,0,below_high_lexical_threshold,lexical_similarity_score < 0.75,partial,success,success,skipped,http_403,invalid,success,0
0.5,1,0.5,0,0,1,1,1,1,0,0,8,-1,2674,248,8,8,1,1,0,-1,-1,0,1,1,0,1,0,1,0,0,0,0.5312,0.0,0.5625,0,0,0,1,0,0,220,0,0,0,0,0,below_high_lexical_threshold,lexical_similarity_score < 0.75,partial,success,success,skipped,http_403,invalid,success,0
0.592593,1,0.592593,0,0,1,1,1,1,0,0,8,-1,4950,163,8,8,1,1,0,-1,-1,0,1,1,0,1,0,1,0,0,0,0.5312,0.0,0.5156,0,0,0,1,0,0,220,0,0,0,0,0,below_high_lexical_threshold,lexical_similarity_score < 0.75,partial,success,success,skipped,http_403,invalid,success,0
0.470588,5,0.470588,0,0,1,0,1,1,0,0,6,-1,1161,300,6,-1,0,1,1,2,-1,1,1,0,1,1,0,0,1,0,0,0.6562,0.5312,0.625,0,1,0,1,0,0,1,0,0,0,0,0,below_high_lexical_threshold,lexical_similarity_score < 0.75,complete,success,success,skipped,success,success,success,0
0.571429,2,0.571429,0,0,1,1,1,1,0,0,-1,-1,-1,-1,-1,-1,1,1,0,-1,-1,0,1,1,0,1,0,1,0,0,0,0.5312,0.0,0.5312,0,0,0,1,0,0,220,0,0,0,0,0,below_high_lexical_threshold,lexical_similarity_score < 0.75,partial,success,rate_limited,success,http_403,invalid,success,0
0.5,2,0.5,0,0,1,1,1,1,0,0,8,-1,2674,248,8,8,1,1,0,-1,-1,0,1,1,0,1,0,1,0,0,0,0.5312,0.0,0.5625,0,0,0,1,0,0,220,0,0,0,0,0,below_high_lexical_threshold,lexical_similarity_score < 0.75,partial,success,success,skipped,http_403,invalid,success,0
0.592593,2,0.592593,0,0,1,1,1,1,0,0,8,-1,4950,163,8,8,1,1,0,-1,-1,0,1,1,0,1,0,1,0,0,0,0.5312,0.0,0.5156,0,0,0,1,0,0,220,0,0,0,0,0,below_high_lexical_threshold,lexical_similarity_score < 0.75,partial,success,success,skipped,http_403,invalid,success,0
0.5,2,0.5,0,0,1,1,1,1,0,0,8,-1,2674,248,8,8,1,1,0,-1,-1,0,1,1,0,1,0,1,0,0,0,0.5312,0.0,0.5625,0,0,0,1,0,0,220,0,0,0,0,0,below_high_lexical_threshold,lexical_similarity_score < 0.75,partial,success,success,skipped,http_403,invalid,success,0
0.592593,2,0.592593,0,0,1,1,1,1,0,0,8,-1,4950,163,8,8,1,1,0,-1,-1,0,1,1,0,1,0,1,0,0,0,0.5312,0.0,0.5156,0,0,0,1,0,0,220,0,0,0,0,0,below_high_lexical_threshold,lexical_similarity_score < 0.75,partial,success,success,skipped,http_403,invalid,success,0
0.85,0,0.85,0,0,0,0,1,1,0,0,6,-1,-1,-1,-1,-1,0,1,0,-1,-1,0,1,1,0,1,0,1,0,0,0,0.0,0.0,0.0,1,0,0,1,0,0,220,0,1,0,0,0,suspected_active_infra,DNS active but page fetch failed,partial,success,unavailable,success,http_403,invalid,success,0
0.5,2,0.5,0,0,1,1,1,1,0,0,8,-1,2674,248,8,8,1,1,0,-1,-1,0,1,1,0,1,0,1,0,0,0,0.5312,0.0,0.5625,0,0,0,1,0,0,220,0,0,0,0,0,below_high_lexical_threshold,lexical_similarity_score < 0.75,partial,success,success,skipped,http_403,invalid,success,0
0.592593,2,0.592593,0,0,1,1,1,1,0,0,8,-1,4950,163,8,8,1,1,0,-1,-1,0,1,1,0,1,0,1,0,0,0,0.5312,0.0,0.5156,0,0,0,1,0,0,220,0,0,0,0,0,below_high_lexical_threshold,lexical_similarity_score < 0.75,partial,success,success,skipped,http_403,invalid,success,0
0.5,2,0.5,0,0,1,1,1,1,0,0,8,-1,2674,248,8,8,1,1,0,-1,-1,0,1,1,0,1,0,1,0,0,0,0.5312,0.0,0.5625,0,0,0,1,0,0,220,0,0,0,0,0,below_high_lexical_threshold,lexical_similarity_score < 0.75,partial,success,success,skipped,http_403,invalid,success,0
0.592593,2,0.592593,0,0,1,1,1,1,0,0,8,-1,4950,163,8,8,1,1,0,-1,-1,0,1,1,0,1,0,1,0,0,0,0.5312,0.0,0.5156,0,0,0,1,0,0,220,0,0,0,0,0,below_high_lexical_threshold,lexical_similarity_score < 0.75,partial,success,success,skipped,http_403,invalid,success,0
0.85,0,0.85,0,0,0,0,1,1,0,0,8,-1,1111,350,8,-1,0,1,0,-1,-1,0,1,1,0,1,0,1,0,0,0,0.0,0.0,0.4375,1,0,0,1,0,0,220,0,1,0,0,0,suspected_active_infra,DNS active but page fetch failed,partial,success,success,skipped,http_403,invalid,success,0
0.551724,4,0.551724,0,0,1,1,1,1,0,0,8,-1,10507,84,6,-1,0,1,0,-1,-1,0,1,1,0,1,0,1,0,0,0,0.75,0.0,0.6406,0,0,0,1,0,0,220,0,0,0,0,0,below_high_lexical_threshold,lexical_similarity_score < 0.75,partial,success,success,skipped,http_403,invalid,success,0
0.5,3,0.5,0,0,1,1,1,1,0,0,8,-1,2674,248,8,8,1,1,0,-1,-1,0,1,1,0,1,0,1,0,0,0,0.75,0.0,0.6406,0,0,0,1,0,0,220,0,0,0,0,0,below_high_lexical_threshold,lexical_similarity_score < 0.75,partial,success,success,skipped,http_403,invalid,success,0
0.592593,3,0.592593,0,0,1,1,1,1,0,0,8,-1,4950,163,8,8,1,1,0,-1,-1,0,1,1,0,1,0,1,0,0,0,0.75,0.0,0.6406,0,0,0,1,0,0,220,0,0,0,0,0,below_high_lexical_threshold,lexical_similarity_score < 0.75,partial,success,success,skipped,http_403,invalid,success,0
0.571429,2,0.571429,0,0,1,1,1,1,0,0,-1,-1,-1,-1,-1,-1,0,1,0,-1,-1,0,1,1,0,1,0,1,0,0,0,0.5312,0.0,0.5312,0,0,0,1,0,0,220,0,0,0,0,0,below_high_lexical_threshold,lexical_similarity_score < 0.75,partial,success,rate_limited,success,http_403,invalid,success,0
0.85,0,0.85,1,0,1,1,1,1,0,0,8,-1,9197,1395,8,-1,1,1,0,-1,-1,0,1,1,0,1,0,1,0,0,0,0.0,0.0,0.0,1,0,0,1,0,0,220,0,1,0,0,0,suspected_active_infra,DNS active but page fetch failed,partial,success,success,skipped,http_403,invalid,success,0
0.444444,2,0.444444,0,0,1,0,1,1,0,0,-1,-1,-1,-1,-1,6,0,1,0,-1,-1,0,1,1,0,1,0,1,0,0,0,0.5625,0.0,0.5,0,0,0,1,0,0,220,0,0,0,0,0,below_high_lexical_threshold,lexical_similarity_score < 0.75,partial,success,unavailable,error,http_403,invalid,success,0
0.85,0,0.85,0,0,1,1,1,1,0,0,8,-1,4505,607,8,-1,0,1,1,58,-1,1,0,0,1,0,0,0,1,0,0,0.5,0.0,0.4688,1,1,1,1,0,0,1,0,0,1,0,0,suspected_active_no_phish_evidence,active page without login form or brand visual claim,partial,success,unavailable,success,success,success,success,0
0.666667,2,0.666667,0,0,1,0,1,1,0,0,6,-1,2915,372,6,-1,0,1,1,40,-1,1,2,0,1,1,0,0,1,0,0,0.5625,0.0,0.5625,0,1,0,1,0,0,1,0,0,0,0,0,below_high_lexical_threshold,lexical_similarity_score < 0.75,complete,success,success,skipped,success,success,success,0
0.666667,2,0.666667,0,0,1,0,1,1,0,0,6,-1,2915,372,6,-1,0,1,1,40,-1,1,2,0,1,1,0,0,1,0,0,0.5625,0.0,0.5625,0,1,0,1,0,0,1,0,0,0,0,0,below_high_lexical_threshold,lexical_similarity_score < 0.75,complete,success,success,skipped,success,success,success,0
0.85,0,0.85,1,0,1,1,1,1,0,0,8,-1,2674,248,8,8,1,1,0,-1,-1,0,1,1,0,1,0,1,0,0,0,0.5938,0.0,0.5781,1,0,0,1,0,0,220,0,1,0,0,0,suspected_active_infra,DNS active but page fetch failed,partial,success,success,skipped,http_403,invalid,success,0
0.85,0,0.85,1,0,1,1,1,1,0,0,8,-1,4950,163,8,8,1,1,0,-1,-1,0,1,1,0,1,0,1,0,0,0,0.5938,0.0,0.5781,1,0,0,1,0,0,220,0,1,0,0,0,suspected_active_infra,DNS active but page fetch failed,partial,success,success,skipped,http_403,invalid,success,0
0.5,1,0.5,0,0,1,2,1,1,0,0,-1,-1,-1,-1,-1,-1,0,1,1,264,-1,1,0,0,1,0,0,0,0,0,0,0.0,0.0,0.75,0,1,1,1,0,0,1,0,0,0,0,0,below_high_lexical_threshold,lexical_similarity_score < 0.75,partial,success,rate_limited,success,success,success,success,0
0.85,0,0.85,1,0,1,1,1,1,0,0,8,-1,2674,248,8,8,1,1,0,-1,-1,0,1,1,0,1,0,1,0,0,0,0.5312,0.0,0.5625,1,0,0,1,0,0,220,0,1,0,0,0,suspected_active_infra,DNS active but page fetch failed,partial,success,success,skipped,http_403,invalid,success,0
0.85,0,0.85,1,0,1,1,1,1,0,0,8,-1,4950,163,8,8,1,1,0,-1,-1,0,1,1,0,1,0,1,0,0,0,0.5312,0.0,0.5625,1,0,0,1,0,0,220,0,1,0,0,0,suspected_active_infra,DNS active but page fetch failed,partial,success,success,skipped,http_403,invalid,success,0
0.85,0,0.85,1,0,1,1,1,1,0,0,6,-1,4642,471,4,6,0,1,0,-1,-1,0,1,1,0,1,0,1,0,0,0,0.5,0.0,0.4375,1,0,0,1,0,0,220,0,1,0,0,0,suspected_active_infra,DNS active but page fetch failed,partial,success,success,skipped,http_403,invalid,success,0
0.571429,2,0.571429,0,0,1,1,1,1,0,0,-1,-1,-1,-1,-1,-1,0,1,0,-1,-1,0,1,1,0,1,0,1,0,0,0,0.5312,0.0,0.5312,0,0,0,1,0,0,220,0,0,0,0,0,below_high_lexical_threshold,lexical_similarity_score < 0.75,partial,success,rate_limited,success,http_403,invalid,success,0
0.545455,2,0.545455,0,0,1,1,1,1,0,0,6,-1,9409,87,8,-1,0,1,0,-1,-1,0,1,1,0,1,0,1,0,0,0,0.5312,0.0,0.5625,0,0,0,1,0,0,2,0,0,0,0,0,below_high_lexical_threshold,lexical_similarity_score < 0.75,partial,success,success,skipped,http_403,invalid,success,0
0.545455,2,0.545455,0,0,1,1,1,1,0,0,8,-1,2575,347,8,-1,0,1,1,40,-1,1,0,0,1,0,0,0,0,0,0,0.5625,0.0,0.5469,0,1,1,1,0,0,1,0,0,0,0,0,below_high_lexical_threshold,lexical_similarity_score < 0.75,complete,success,success,skipped,success,success,success,0
0.85,0,0.85,0,0,1,1,1,1,0,0,8,-1,4505,607,8,-1,0,1,1,58,-1,1,0,0,1,0,0,0,0,0,0,0.5,0.0,0.3906,1,1,1,1,0,0,1,0,0,1,0,0,suspected_active_no_phish_evidence,active page without login form or brand visual claim,partial,success,unavailable,success,success,success,success,0
0.514286,3,0.514286,0,0,1,1,1,1,0,0,8,-1,1579,247,6,-1,0,1,1,174,-1,1,0,0,1,0,0,0,0,0,0,0.0,0.0,0.5,0,1,1,1,0,0,1,0,0,0,0,0,below_high_lexical_threshold,lexical_similarity_score < 0.75,complete,success,success,skipped,success,success,success,0
0.551724,3,0.551724,0,0,1,1,1,1,0,0,8,-1,1579,247,6,-1,0,1,0,-1,-1,0,1,1,0,1,0,1,0,0,0,0.5312,0.0,0.4844,0,0,0,1,0,0,220,0,0,0,0,0,below_high_lexical_threshold,lexical_similarity_score < 0.75,partial,success,success,skipped,http_403,invalid,success,0
0.85,0,0.85,0,0,1,1,1,1,0,0,-1,-1,-1,-1,-1,-1,0,1,0,-1,-1,0,1,1,0,1,0,1,0,0,0,0.5938,0.0,0.5781,1,0,0,1,0,0,220,0,1,0,0,0,suspected_active_infra,DNS active but page fetch failed,partial,success,rate_limited,success,http_403,invalid,success,0
0.85,0,0.85,0,0,0,2,1,1,0,0,8,-1,2643,279,6,-1,0,1,0,-1,-1,0,1,1,0,1,0,1,0,0,0,0.5938,0.0,0.6406,1,0,0,1,0,0,14,0,1,0,0,0,suspected_active_infra,DNS active but page fetch failed,partial,success,success,skipped,http_403,invalid,success,0
0.85,0,0.85,0,0,0,2,1,1,0,0,8,-1,2643,279,6,-1,0,1,0,-1,-1,0,1,1,0,1,0,1,0,0,0,0.5938,0.0,0.6406,1,0,0,1,0,0,14,0,1,0,0,0,suspected_active_infra,DNS active but page fetch failed,partial,success,success,skipped,http_403,invalid,success,0
0.85,0,0.85,0,1,0,2,1,1,0,0,8,-1,2643,279,6,-1,0,1,0,-1,-1,0,1,1,0,1,0,1,0,0,0,0.5938,0.0,0.6406,1,0,0,1,0,0,14,0,1,0,0,0,suspected_active_infra,DNS active but page fetch failed,partial,success,success,skipped,http_403,invalid,success,0
0.461538,3,0.461538,0,0,1,1,1,1,0,0,8,-1,18,347,4,-1,0,1,0,-1,-1,0,1,1,0,1,0,1,0,0,0,0.5312,0.0,0.4844,0,0,0,1,0,0,220,0,0,0,0,0,below_high_lexical_threshold,lexical_similarity_score < 0.75,partial,success,success,skipped,http_403,invalid,success,0
0.85,0,0.85,0,0,0,0,1,1,0,0,-1,-1,-1,-1,-1,8,0,1,0,-1,-1,0,1,1,0,1,0,1,0,0,0,0.5938,0.0,0.6406,1,0,0,1,0,0,14,0,1,0,0,0,suspected_active_infra,DNS active but page fetch failed,partial,success,rate_limited,error,http_403,invalid,success,0
0.545455,3,0.545455,0,0,1,0,1,1,0,0,6,-1,1581,245,6,-1,0,1,1,31,-1,0,1,0,0,1,0,0,0,0,0,0.5,0.0,0.4688,0,0,0,1,0,0,1,0,0,0,0,0,below_high_lexical_threshold,lexical_similarity_score < 0.75,partial,success,success,skipped,http_404,success,success,0
0.545455,3,0.545455,0,0,1,0,1,1,0,0,6,-1,1581,245,6,-1,0,1,1,31,-1,0,1,0,0,1,0,0,0,0,0,0.5,0.0,0.4688,0,0,0,1,0,0,1,0,0,0,0,0,below_high_lexical_threshold,lexical_similarity_score < 0.75,partial,success,success,skipped,http_404,success,success,0
0.5,2,0.5,0,0,1,1,1,1,0,0,8,-1,276,89,8,6,0,1,0,-1,-1,0,1,1,0,1,0,1,0,0,0,0.5312,0.0,0.5938,0,0,0,1,0,0,14,0,0,0,0,0,below_high_lexical_threshold,lexical_similarity_score < 0.75,partial,success,success,skipped,http_403,invalid,success,0
0.5,2,0.5,0,0,1,1,1,1,0,0,8,-1,276,89,8,6,0,1,0,-1,-1,0,1,1,0,1,0,1,0,0,0,0.5312,0.0,0.5938,0,0,0,1,0,0,14,0,0,0,0,0,below_high_lexical_threshold,lexical_similarity_score < 0.75,partial,success,success,skipped,http_403,invalid,success,0
0.5,2,0.5,0,0,1,1,1,1,0,0,8,-1,276,89,8,6,0,1,0,-1,-1,0,1,1,0,1,0,1,0,0,0,0.5312,0.0,0.5938,0,0,0,1,0,0,14,0,0,0,0,0,below_high_lexical_threshold,lexical_similarity_score < 0.75,partial,success,success,skipped,http_403,invalid,success,0
0.5,2,0.5,0,0,1,1,1,1,0,0,8,-1,276,89,8,6,0,1,0,-1,-1,0,1,1,0,1,0,1,0,0,0,0.5312,0.0,0.5938,0,0,0,1,0,0,14,0,0,0,0,0,below_high_lexical_threshold,lexical_similarity_score < 0.75,partial,success,success,skipped,http_403,invalid,success,0
0.5,2,0.5,0,0,1,1,1,1,0,0,8,-1,276,89,8,6,0,1,0,-1,-1,0,1,1,0,1,0,1,0,0,0,0.5312,0.0,0.5938,0,0,0,1,0,0,14,0,0,0,0,0,below_high_lexical_threshold,lexical_similarity_score < 0.75,partial,success,success,skipped,http_403,invalid,success,0
0.5,2,0.5,0,0,1,1,1,1,0,0,8,-1,276,89,8,6,0,1,0,-1,-1,0,1,1,0,1,0,1,0,0,0,0.5312,0.0,0.5938,0,0,0,1,0,0,14,0,0,0,0,0,below_high_lexical_threshold,lexical_similarity_score < 0.75,partial,success,success,skipped,http_403,invalid,success,0
0.5,2,0.5,0,0,1,1,1,1,0,0,8,-1,276,89,8,6,0,1,0,-1,-1,0,1,1,0,1,0,1,0,0,0,0.5312,0.0,0.5938,0,0,0,1,0,0,14,0,0,0,0,0,below_high_lexical_threshold,lexical_similarity_score < 0.75,partial,success,success,skipped,http_403,invalid,success,0
0.5,2,0.5,0,0,1,1,1,1,0,0,8,-1,276,89,8,6,0,1,0,-1,-1,0,1,1,0,1,0,1,0,0,0,0.5312,0.0,0.5938,0,0,0,1,0,0,14,0,0,0,0,0,below_high_lexical_threshold,lexical_similarity_score < 0.75,partial,success,success,skipped,http_403,invalid,success,0
0.5,2,0.5,0,0,1,1,1,1,0,0,8,-1,276,89,8,6,0,1,0,-1,-1,0,1,1,0,1,0,1,0,0,0,0.5312,0.0,0.5938,0,0,0,1,0,0,14,0,0,0,0,0,below_high_lexical_threshold,lexical_similarity_score < 0.75,partial,success,success,skipped,http_403,invalid,success,0
0.5,2,0.5,0,0,1,1,1,1,0,0,8,-1,276,89,8,6,0,1,0,-1,-1,0,1,1,0,1,0,1,0,0,0,0.5312,0.0,0.5938,0,0,0,1,0,0,14,0,0,0,0,0,below_high_lexical_threshold,lexical_similarity_score < 0.75,partial,success,success,skipped,http_403,invalid,success,0
0.5,2,0.5,0,0,1,1,1,1,0,0,8,-1,276,89,8,6,0,1,0,-1,-1,0,1,1,0,1,0,1,0,0,0,0.5312,0.0,0.5938,0,0,0,1,0,0,14,0,0,0,0,0,below_high_lexical_threshold,lexical_similarity_score < 0.75,partial,success,success,skipped,http_403,invalid,success,0
0.941176,0,0.941176,0,0,0,0,1,1,0,0,6,-1,2884,38,8,-1,0,1,1,48,-1,0,0,0,0,0,0,0,0,0,0,0.0,0.0,0.0,1,0,1,1,0,0,0,0,1,0,0,0,suspected_active_infra,DNS active but page fetch failed,partial,success,success,skipped,error,success,empty,0
0.941176,0,0.941176,0,0,0,0,1,1,0,0,6,-1,280,85,8,-1,0,1,1,38,-1,1,1,0,1,0,0,0,0,0,1,0.0,0.0,0.5312,1,1,1,0,1,1,1,0,0,0,1,0,phishing,visual brand match on unauthorized domain,complete,success,success,skipped,success,success,success,1
0.941176,0,0.941176,0,0,0,0,1,1,0,0,6,-1,396,334,6,-1,0,1,1,30,-1,1,0,0,1,0,0,0,0,0,0,0.0,0.0,0.5625,1,1,1,1,0,0,17,0,0,1,0,0,suspected_active_no_phish_evidence,active page without login form or brand visual claim,complete,success,success,skipped,success,success,success,0
0.941176,0,0.941176,0,0,0,0,1,1,0,0,8,-1,5647,197,8,-1,0,1,0,-1,-1,1,2,1,1,1,0,1,1,0,0,0.0,0.0,0.5,1,1,0,1,0,0,1,0,0,0,0,0,suspected_unconfirmed,high lexical similarity but insufficient phishing evidence,partial,success,success,skipped,success,invalid,success,0
0.941176,0,0.941176,0,0,0,0,1,1,0,0,6,-1,5299,180,4,-1,0,1,1,19,-1,1,1,0,1,0,0,0,0,0,1,0.0,0.0,0.5625,1,1,1,0,1,1,1,0,0,0,1,0,phishing,visual brand match on unauthorized domain,complete,success,success,skipped,success,success,success,1
0.85,0,0.85,0,0,0,0,1,1,0,0,6,-1,320,45,8,-1,1,1,1,319,-1,1,0,0,1,0,0,0,0,0,0,0.0,0.0,0.0,1,1,1,1,0,0,17,0,0,1,0,0,suspected_active_no_phish_evidence,active page without login form or brand visual claim,complete,success,success,skipped,success,success,success,0
0.75,1,0.875,0,0,1,0,1,1,0,0,6,-1,3317,335,6,-1,0,1,1,7,-1,1,1,0,1,0,0,0,0,0,0,0.0,0.0,0.4688,1,1,1,1,0,0,1,0,0,1,0,0,suspected_active_no_phish_evidence,active page without login form or brand visual claim,complete,success,success,skipped,success,success,success,0
0.75,1,0.875,0,0,1,0,1,1,0,0,6,-1,7735,300,8,8,1,1,0,-1,-1,0,1,1,0,1,0,1,0,0,0,0.0,0.0,0.5469,1,0,0,1,0,0,1,0,1,0,0,0,suspected_active_infra,DNS active but page fetch failed,partial,success,success,skipped,http_403,invalid,success,0
0.75,2,0.75,0,0,1,0,1,1,0,0,6,-1,2220,336,8,-1,1,1,1,107,-1,1,0,0,1,0,0,0,0,0,0,0.0,0.0,0.5625,1,1,1,1,0,0,17,0,0,1,0,0,suspected_active_no_phish_evidence,active page without login form or brand visual claim,complete,success,success,skipped,success,success,success,0
0.75,2,0.75,0,0,1,0,1,1,0,0,6,-1,8180,221,8,8,0,0,0,-1,-1,0,0,0,0,0,0,0,0,0,0,0.0,0.0,0.0,1,0,1,1,0,0,0,0,1,0,0,0,suspected_active_infra,DNS active but page fetch failed,partial,success,success,skipped,error,error,empty,0
0.75,1,0.875,0,0,1,0,1,1,0,0,4,-1,4140,243,4,6,1,1,1,320,-1,0,0,0,0,0,0,0,0,0,0,0.0,0.0,0.0,1,0,1,1,0,0,0,0,1,0,0,0,suspected_active_infra,DNS active but page fetch failed,partial,success,success,skipped,http_436,success,empty,0
1.0,0,1.0,0,0,0,0,1,1,0,0,-1,-1,-1,-1,-1,6,0,0,0,-1,-1,0,0,0,0,0,0,0,0,0,0,0.0,0.0,0.0,1,0,1,1,0,0,0,0,1,0,0,0,suspected_active_infra,DNS active but page fetch failed,partial,success,rate_limited,error,error,error,empty,0
1.0,0,1.0,0,0,0,0,1,1,0,0,6,-1,-1,-1,-1,-1,0,1,0,-1,-1,0,0,0,0,0,0,0,0,0,0,0.0,0.0,0.5625,1,0,1,1,0,0,1,0,1,0,0,0,suspected_active_infra,DNS active but page fetch failed,partial,success,unavailable,success,http_403,invalid,success,0
1.0,0,1.0,0,0,0,0,1,1,0,0,-1,-1,-1,-1,-1,-1,0,1,1,25,-1,1,2,1,1,0,0,0,0,0,0,0.0,0.0,0.4688,1,1,1,1,0,0,1,0,0,1,0,0,suspected_active_no_phish_evidence,active page without login form or brand visual claim,partial,success,rate_limited,success,success,success,success,0
1.0,0,1.0,0,0,0,0,1,1,0,0,6,-1,-1,-1,6,-1,0,1,0,-1,-1,1,0,0,1,0,0,0,0,0,1,0.0,0.0,0.375,1,1,1,0,1,1,1,0,0,0,1,0,phishing,visual brand match on unauthorized domain,partial,success,unavailable,success,success,invalid,success,1
0.857143,0,0.857143,1,0,1,1,1,1,0,0,4,-1,4702,46,8,6,0,1,0,-1,-1,0,1,1,0,1,0,1,0,0,0,0.75,0.0,0.6406,1,0,0,1,0,0,220,0,1,0,0,0,suspected_active_infra,DNS active but page fetch failed,partial,success,success,skipped,http_403,invalid,success,0
0.857143,0,0.857143,1,0,1,1,1,1,0,0,4,-1,3966,52,6,6,0,1,1,57,-1,1,0,0,1,0,0,0,0,0,0,0.0,0.0,0.6406,1,1,1,1,0,0,1,0,0,1,0,0,suspected_active_no_phish_evidence,active page without login form or brand visual claim,complete,success,success,skipped,success,success,success,0
0.857143,0,0.857143,1,0,1,1,1,1,0,0,4,-1,782,313,6,6,1,1,1,28,-1,0,0,0,0,0,0,0,0,0,0,0.0,0.0,0.0,1,0,1,1,0,0,0,0,1,0,0,0,suspected_active_infra,DNS active but page fetch failed,partial,success,success,skipped,http_436,success,empty,0
1.0,0,1.0,1,0,1,1,1,1,0,0,4,-1,1023,34,6,6,1,1,0,-1,-1,0,0,0,0,0,0,0,0,0,0,0.0,0.0,0.0,1,0,1,1,0,0,0,0,1,0,0,0,suspected_active_infra,DNS active but page fetch failed,partial,success,success,skipped,http_436,invalid,empty,0
1.0,0,1.0,0,0,0,1,1,1,0,0,-1,-1,-1,-1,-1,8,1,1,0,-1,-1,1,0,0,1,0,0,0,0,0,0,0.0,0.0,0.6875,1,1,1,1,0,0,17,0,0,1,0,0,suspected_active_no_phish_evidence,active page without login form or brand visual claim,partial,success,rate_limited,error,success,invalid,success,0
0.933333,0,0.933333,0,0,0,0,1,1,0,0,4,-1,657,73,8,-1,0,1,1,56,-1,1,1,0,1,0,0,0,0,0,0,0.6562,0.0,0.5781,1,1,1,1,0,0,1,0,0,1,0,0,suspected_active_no_phish_evidence,active page without login form or brand visual claim,complete,success,success,skipped,success,success,success,0
0.947368,0,0.947368,0,0,0,0,1,1,0,0,6,-1,148,217,8,-1,1,1,1,147,-1,1,0,0,1,0,0,0,0,0,0,0.0,0.0,0.6562,1,1,1,1,0,0,17,0,0,1,0,0,suspected_active_no_phish_evidence,active page without login form or brand visual claim,complete,success,success,skipped,success,success,success,0
1.0,0,1.0,0,0,0,0,1,1,0,0,-1,-1,-1,-1,-1,8,1,1,1,165,-1,1,0,0,1,0,0,0,0,0,0,0.0,0.0,0.6562,1,1,1,1,0,0,17,0,0,1,0,0,suspected_active_no_phish_evidence,active page without login form or brand visual claim,partial,success,rate_limited,error,success,success,success,0
1.0,0,1.0,0,0,0,0,1,1,0,0,6,-1,6992,313,6,-1,0,1,1,33,-1,1,0,0,1,0,0,0,1,1,1,0.625,0.0,0.5625,1,1,1,0,1,1,1,0,0,0,1,0,phishing,visual brand match on unauthorized domain,complete,success,success,skipped,success,success,success,1
0.96,0,0.96,0,0,0,0,1,1,0,0,8,-1,340,25,8,-1,0,1,1,47,-1,1,0,0,1,0,0,0,0,0,0,0.0,0.0,0.6094,1,1,1,1,0,0,1,0,0,1,0,0,suspected_active_no_phish_evidence,active page without login form or brand visual claim,complete,success,success,skipped,success,success,success,0
1.0,0,1.0,0,0,0,0,1,1,0,0,6,-1,511,219,8,-1,1,1,1,142,-1,1,0,0,1,0,0,0,0,0,0,0.0,0.0,0.6562,1,1,1,1,0,0,17,0,0,1,0,0,suspected_active_no_phish_evidence,active page without login form or brand visual claim,complete,success,success,skipped,success,success,success,0
1.0,0,1.0,0,0,0,1,1,1,0,0,-1,-1,-1,-1,-1,8,1,1,0,-1,-1,1,0,0,1,0,0,0,0,0,0,0.0,0.0,0.6875,1,1,1,1,0,0,17,0,0,1,0,0,suspected_active_no_phish_evidence,active page without login form or brand visual claim,partial,success,rate_limited,error,success,invalid,success,0
1.0,0,1.0,0,0,0,0,1,1,0,0,-1,-1,-1,-1,-1,-1,0,0,0,-1,-1,1,0,0,1,1,0,0,1,0,1,0.0,0.0,0.5312,1,1,0,0,1,1,1,0,0,0,1,0,phishing,visual brand match on unauthorized domain,partial,success,rate_limited,success,success,error,success,1
1.0,0,1.0,0,0,0,1,1,1,0,0,6,-1,9400,96,8,-1,0,1,1,47,-1,1,0,0,1,0,0,0,0,0,1,0.0,0.0,0.6562,1,1,1,0,1,1,1,0,0,0,1,0,phishing,visual brand match on unauthorized domain,complete,success,success,skipped,success,success,success,1
1.0,0,1.0,0,0,0,0,1,1,0,0,6,-1,4953,241,6,6,0,0,0,-1,-1,1,0,0,1,0,0,0,0,0,1,0.5938,0.0,0.5938,1,1,1,0,1,1,1,0,0,0,1,0,phishing,visual brand match on unauthorized domain,partial,success,success,skipped,success,error,success,1
1.0,0,1.0,0,0,0,0,1,1,0,0,6,-1,1051,8811,6,6,0,0,0,-1,-1,0,0,0,0,0,0,0,0,0,0,0.0,0.0,0.0,1,0,1,1,0,0,0,0,1,0,0,0,suspected_active_infra,DNS active but page fetch failed,partial,success,success,skipped,error,error,empty,0
1.0,0,1.0,0,0,0,0,1,1,0,0,6,-1,8983,185,6,8,0,1,0,-1,-1,1,2,1,1,0,0,0,0,0,0,0.5625,0.0,0.5781,1,1,1,1,0,0,1,0,0,1,0,0,suspected_active_no_phish_evidence,active page without login form or brand visual claim,partial,success,success,skipped,success,invalid,success,0
1.0,0,1.0,0,0,0,0,1,1,0,0,6,-1,4619,129,6,8,0,1,1,171,-1,1,1,0,1,0,0,0,1,0,1,0.6562,0.0,0.5469,1,1,1,0,1,1,1,0,0,0,1,0,phishing,visual brand match on unauthorized domain,complete,success,success,skipped,success,success,success,1
1.0,0,1.0,0,0,0,1,1,1,0,0,6,-1,8450,316,4,8,1,1,0,-1,-1,1,0,0,1,0,0,0,0,0,0,0.0,0.0,0.6875,1,1,1,1,0,0,17,0,0,1,0,0,suspected_active_no_phish_evidence,active page without login form or brand visual claim,partial,success,unavailable,success,success,invalid,success,0
1.0,0,1.0,0,0,0,1,1,1,0,0,6,-1,2391,166,4,6,0,1,1,64,-1,1,0,0,1,0,0,0,0,0,0,0.0,0.0,0.5625,1,1,1,1,0,0,2,0,0,1,0,0,suspected_active_no_phish_evidence,active page without login form or brand visual claim,complete,success,success,skipped,success,success,success,0
1.0,0,1.0,0,0,0,0,1,1,0,0,-1,-1,-1,-1,-1,-1,1,1,1,208,-1,1,0,0,1,0,0,0,0,0,0,0.0,0.0,0.6562,1,1,1,1,0,0,17,0,0,1,0,0,suspected_active_no_phish_evidence,active page without login form or brand visual claim,partial,success,rate_limited,success,success,success,success,0
0.933333,0,0.933333,0,0,0,0,1,1,0,0,6,-1,103,262,4,-1,0,1,1,20,-1,1,0,0,1,0,0,0,1,0,1,0.0,0.0,0.5469,1,1,1,0,1,1,1,0,0,0,1,0,phishing,visual brand match on unauthorized domain,complete,success,success,skipped,success,success,success,1
0.933333,0,0.933333,1,0,1,1,1,1,0,0,6,-1,5690,154,6,-1,1,0,0,-1,-1,0,0,0,0,0,0,0,0,0,0,0.0,0.0,0.0,1,0,1,1,0,0,0,0,1,0,0,0,suspected_active_infra,DNS active but page fetch failed,partial,success,success,skipped,error,error,empty,0
0.875,0,0.875,1,0,1,1,1,1,0,0,4,-1,6006,203,8,6,1,1,0,-1,-1,0,0,0,0,0,0,0,0,0,0,0.0,0.0,0.0,1,0,1,1,0,0,0,0,1,0,0,0,suspected_active_infra,DNS active but page fetch failed,partial,success,success,skipped,http_436,invalid,empty,0
0.857143,0,0.857143,1,0,1,1,1,1,0,0,4,-1,3880,138,8,6,1,1,0,-1,-1,0,0,0,0,0,0,0,0,0,0,0.0,0.0,0.0,1,0,1,1,0,0,0,0,1,0,0,0,suspected_active_infra,DNS active but page fetch failed,partial,success,success,skipped,http_436,invalid,empty,0
1.0,0,1.0,0,0,0,0,1,1,0,0,6,-1,246,119,8,-1,1,1,1,246,-1,1,0,0,1,0,0,0,0,0,0,0.0,0.0,0.6562,1,1,1,1,0,0,17,0,0,1,0,0,suspected_active_no_phish_evidence,active page without login form or brand visual claim,complete,success,success,skipped,success,success,success,0
0.85,0,0.85,1,0,1,1,1,1,0,0,6,-1,7859,176,8,-1,0,1,1,48,-1,1,0,0,1,0,0,0,0,0,1,0.0,0.0,0.6094,1,1,1,0,1,1,1,0,0,0,1,0,phishing,visual brand match on unauthorized domain,complete,success,success,skipped,success,success,success,1
1.0,0,1.0,0,0,0,0,1,1,0,0,6,-1,1585,241,6,8,1,1,1,155,-1,1,0,0,1,0,0,0,0,0,0,0.0,0.0,0.0,1,1,1,1,0,0,17,0,0,1,0,0,suspected_active_no_phish_evidence,active page without login form or brand visual claim,complete,success,success,skipped,success,success,success,0
1.0,0,1.0,0,0,0,0,1,1,0,0,6,-1,-1,-1,6,-1,0,1,0,-1,-1,0,1,1,0,0,0,0,0,0,1,0.0,0.0,0.0,1,0,1,0,1,1,1,0,1,0,1,0,phishing,visual brand match on unauthorized domain,partial,success,unavailable,success,http_409,invalid,success,1
0.903226,0,0.903226,0,0,0,0,1,1,0,0,6,-1,104,261,8,8,1,1,1,103,-1,1,0,0,1,0,0,0,0,0,0,0.0,0.0,0.6562,1,1,1,1,0,0,17,0,0,1,0,0,suspected_active_no_phish_evidence,active page without login form or brand visual claim,complete,success,success,skipped,success,success,success,0
1.0,0,1.0,0,0,0,0,1,1,0,0,6,-1,333,32,8,-1,1,1,1,332,-1,1,0,0,1,0,0,0,0,0,0,0.0,0.0,0.6562,1,1,1,1,0,0,17,0,0,1,0,0,suspected_active_no_phish_evidence,active page without login form or brand visual claim,complete,success,success,skipped,success,success,success,0
1.0,0,1.0,0,0,0,1,1,1,0,0,-1,-1,-1,-1,-1,8,1,1,0,-1,-1,1,0,0,1,0,0,0,0,0,0,0.0,0.0,0.6875,1,1,1,1,0,0,17,0,0,1,0,0,suspected_active_no_phish_evidence,active page without login form or brand visual claim,partial,success,rate_limited,error,success,invalid,success,0
1.0,0,1.0,0,0,0,0,1,1,0,0,6,-1,7871,163,6,8,1,1,1,174,-1,1,0,0,1,0,0,0,0,0,0,0.0,0.0,0.4531,1,1,1,1,0,0,17,0,0,1,0,0,suspected_active_no_phish_evidence,active page without login form or brand visual claim,complete,success,success,skipped,success,success,success,0
0.933333,0,0.933333,1,0,1,2,1,1,0,0,8,-1,484,246,4,-1,0,1,0,-1,-1,1,0,0,1,1,0,0,0,0,1,0.0,0.0,0.5625,1,1,0,0,1,1,1,0,0,0,1,0,phishing,visual brand match on unauthorized domain,partial,success,success,skipped,success,invalid,success,1
0.933333,0,0.933333,1,0,1,2,1,1,0,0,6,-1,5690,154,6,-1,1,0,0,-1,-1,0,0,0,0,0,0,0,0,0,0,0.0,0.0,0.0,1,0,1,1,0,0,0,0,1,0,0,0,suspected_active_infra,DNS active but page fetch failed,partial,success,success,skipped,error,error,empty,0
0.857143,0,0.857143,1,0,1,2,1,1,0,0,4,-1,782,313,6,6,1,1,0,-1,-1,0,0,0,0,0,0,0,0,0,0,0.0,0.0,0.0,1,0,1,1,0,0,0,0,1,0,0,0,suspected_active_infra,DNS active but page fetch failed,partial,success,success,skipped,http_436,invalid,empty,0
0.857143,0,0.857143,1,0,1,2,1,1,0,0,4,-1,7748,652,4,6,1,1,0,-1,-1,0,0,0,0,0,0,0,0,0,0,0.0,0.0,0.0,1,0,1,1,0,0,0,0,1,0,0,0,suspected_active_infra,DNS active but page fetch failed,partial,success,success,skipped,http_436,invalid,empty,0
0.85,0,0.85,1,0,1,2,1,1,0,0,6,-1,3413,239,6,-1,1,0,0,-1,-1,0,0,0,0,0,0,0,0,0,0,0.0,0.0,0.0,1,0,1,1,0,0,0,0,1,0,0,0,suspected_active_infra,DNS active but page fetch failed,partial,success,success,skipped,error,error,empty,0
0.85,0,0.85,1,0,1,2,1,1,0,0,6,-1,6933,372,6,6,0,1,0,-1,-1,0,1,1,0,1,0,1,0,0,0,0.5312,0.0,0.5,1,0,0,1,0,0,1,0,1,0,0,0,suspected_active_infra,DNS active but page fetch failed,partial,success,success,skipped,http_403,invalid,success,0
1.0,0,1.0,1,0,1,2,1,1,0,0,6,-1,9927,300,6,-1,0,0,0,-1,-1,1,1,1,1,0,0,0,0,0,0,0.0,0.0,0.6719,1,1,1,1,0,0,1,0,0,1,0,0,suspected_active_no_phish_evidence,active page without login form or brand visual claim,partial,success,success,skipped,success,error,success,0
1.0,0,1.0,0,0,0,1,1,1,0,0,6,-1,10606,718,8,8,1,0,0,-1,-1,1,0,0,1,0,0,0,0,0,0,0.0,0.0,0.6875,1,1,1,1,0,0,17,0,0,1,0,0,suspected_active_no_phish_evidence,active page without login form or brand visual claim,partial,success,success,skipped,success,error,success,0
