url,cse,score,reason,match_type
h13vl.top,vi,0.93,prefix_suffix,lexical
26124595.vip,vi,0.93,prefix_suffix,lexical
neuronest.clinic,nic,0.93,prefix_suffix,lexical
rohvi.vip,vi,0.93,prefix_suffix,lexical
nlpjq.vip,vi,0.93,prefix_suffix,lexical
vineromance.com,vi,0.93,prefix_suffix,lexical
costumevi.xyz,vi,0.93,prefix_suffix,lexical
viagrakorea.com,vi,0.93,prefix_suffix,lexical
nickslastresort.com,nic,0.93,prefix_suffix,lexical
betvn14.vip,vi,0.93,prefix_suffix,lexical
videosubscription.com,vi,0.93,prefix_suffix,lexical
orbis-clinnic.site,nic,0.93,prefix_suffix,lexical
vilamonteor.com,vi,0.93,prefix_suffix,lexical
vlbcp.com,vi,0.93,prefix_suffix,lexical
kewgardensclinic.online,nic,0.93,prefix_suffix,lexical
vis-art.pro,vi,0.93,prefix_suffix,lexical
vilamargot.com,vi,0.93,prefix_suffix,lexical
960rr.vip,vi,0.93,prefix_suffix,lexical
myvip-vip.makeup,vi,0.93,prefix_suffix,lexical
26645590.vip,vi,0.93,prefix_suffix,lexical
vinylbargainbox.com,vi,0.93,prefix_suffix,lexical
wjfkw106.vip,vi,0.93,prefix_suffix,lexical
virginionastri.com,vi,0.93,prefix_suffix,lexical
joya9-vip.net,vi,0.93,prefix_suffix,lexical
notaryllawmax.vip,vi,0.93,prefix_suffix,lexical
4zyfv1.top,vi,0.93,prefix_suffix,lexical
ahurh306.vip,vi,0.93,prefix_suffix,lexical
sg688.vip,vi,0.93,prefix_suffix,lexical
visuware.com,vi,0.93,prefix_suffix,lexical
cloudhqdev1.com,vi,0.93,prefix_suffix,lexical
drivewaymechanic.net,nic,0.93,prefix_suffix,lexical
nv1.biz,vi,0.93,prefix_suffix,lexical
yd58804.vip,vi,0.93,prefix_suffix,lexical
rbajee4.vip,vi,0.93,prefix_suffix,lexical
psoqi.vip,vi,0.93,prefix_suffix,lexical
snooze-sack.com,sac,0.93,prefix_suffix,lexical
inkavi.fr,vi,0.93,prefix_suffix,lexical
uj7zsl.vip,vi,0.93,prefix_suffix,lexical
ciemhcavi.online,vi,0.93,prefix_suffix,lexical
2ceo-vip.pro,vi,0.93,prefix_suffix,lexical
nicecabemanis88.site,nic,0.93,prefix_suffix,lexical
aiipznt.vip,vi,0.93,prefix_suffix,lexical
viperworks.com,vi,0.93,prefix_suffix,lexical
yjdisappear.vip,vi,0.93,prefix_suffix,lexical
vistapartnershub.com,vi,0.93,prefix_suffix,lexical
vic.forex,vi,0.93,prefix_suffix,lexical
visitahalifax.com,vi,0.93,prefix_suffix,lexical
semasec.vip,vi,0.93,prefix_suffix,lexical
e3ma2.vip,vi,0.93,prefix_suffix,lexical
goldenknmrv.vip,vi,0.93,prefix_suffix,lexical
26124491.vip,vi,0.93,prefix_suffix,lexical
sikavi.org,vi,0.93,prefix_suffix,lexical
villadaesch.com,vi,0.93,prefix_suffix,lexical
txp1688oveothtr.vip,vi,0.93,prefix_suffix,lexical
michalvi.com,vi,0.93,prefix_suffix,lexical
viajando.us,vi,0.93,prefix_suffix,lexical
villadesfleursdajoncs.com,vi,0.93,prefix_suffix,lexical
burl-vi.online,vi,0.98,exact_label,lexical
76594.vip,vi,0.93,prefix_suffix,lexical
hfbmo.vip,vi,0.93,prefix_suffix,lexical
70936.vip,vi,0.93,prefix_suffix,lexical
nickhauenstein.net,nic,0.93,prefix_suffix,lexical
26124399.vip,vi,0.93,prefix_suffix,lexical
buildronic.com,nic,0.93,prefix_suffix,lexical
betcio-adresorjinal.vip,vi,0.93,prefix_suffix,lexical
withaxis.app,axis,0.93,prefix_suffix,lexical
y7124414.vip,vi,0.93,prefix_suffix,lexical
villagoalanzarote.com,vi,0.93,prefix_suffix,lexical
piabetmobil.vip,vi,0.93,prefix_suffix,lexical
swancoin4.vip,vi,0.93,prefix_suffix,lexical
rblbiek.icu,rbi,0.93,prefix_suffix,lexical
infernic.net,nic,0.93,prefix_suffix,lexical
nhattamsalon.com,nha,0.93,prefix_suffix,lexical
mdx-victoria.com,vi,0.93,prefix_suffix,lexical
50197.vip,vi,0.93,prefix_suffix,lexical
rbinky.com,rbi,0.93,prefix_suffix,lexical
violen.asia,vi,0.93,prefix_suffix,lexical
50594.vip,vi,0.93,prefix_suffix,lexical
sbidigitalhub.sbs,sbi,0.93,prefix_suffix,lexical
inlne.vip,vi,0.93,prefix_suffix,lexical
restbetguncel01.vip,vi,0.93,prefix_suffix,lexical
viora.top,vi,0.93,prefix_suffix,lexical
sky77daftar.vip,vi,0.93,prefix_suffix,lexical
68332.vip,vi,0.93,prefix_suffix,lexical
releaseandrecovery.vip,vi,0.93,prefix_suffix,lexical
maradona.vip,vi,0.93,prefix_suffix,lexical
didi51-t0343.vip,vi,0.93,prefix_suffix,lexical
evi-brames.online,vi,0.93,prefix_suffix,lexical
39450.vip,vi,0.93,prefix_suffix,lexical
vibe5.xyz,vi,0.93,prefix_suffix,lexical
openpr.us,nic,0.93,prefix_suffix,lexical
victoriagarvin.com,vi,0.93,prefix_suffix,lexical
navi.vision,vi,0.93,prefix_suffix,lexical
y7124316.vip,vi,0.93,prefix_suffix,lexical
hoannguyenvi.com,vi,0.93,prefix_suffix,lexical
ivoireci.com,eci,0.93,prefix_suffix,lexical
djemtronic.com,nic,0.93,prefix_suffix,lexical
virtualstrength360.com,vi,0.93,prefix_suffix,lexical
ataraxis.us,axis,0.93,prefix_suffix,lexical
violentlycrackhermit.monster,vi,0.93,prefix_suffix,lexical
vizzor-brain.cloud,vi,0.93,prefix_suffix,lexical
vn776.vip,vi,0.93,prefix_suffix,lexical
prvhub.vip,vi,0.93,prefix_suffix,lexical
villadeipini.com,vi,0.93,prefix_suffix,lexical
vitaminsequilibrev.info,vi,0.93,prefix_suffix,lexical
vibspecial.com,vi,0.93,prefix_suffix,lexical
viajarestademoda.com,vi,0.93,prefix_suffix,lexical
escobucksatasehir.vip,vi,0.93,prefix_suffix,lexical
z5555.vip,vi,0.93,prefix_suffix,lexical
billionaires777.vip,vi,0.93,prefix_suffix,lexical
visuallogic.work,vi,0.93,prefix_suffix,lexical
0q1pls.vip,vi,0.93,prefix_suffix,lexical
26124596.vip,vi,0.93,prefix_suffix,lexical
670808.xyz,bob,0.93,prefix_suffix,lexical
8se41.top,bse,0.93,prefix_suffix,lexical
nicolestahel.coach,nic,0.93,prefix_suffix,lexical
ihnlm.vip,vi,0.93,prefix_suffix,lexical
rvl-pharmaceuticals.com,vi,0.93,prefix_suffix,lexical
vizzid.com,vi,0.93,prefix_suffix,lexical
vitacarbide.com,vi,0.93,prefix_suffix,lexical
32002.vip,vi,0.93,prefix_suffix,lexical
sohobet-erisim.vip,vi,0.93,prefix_suffix,lexical
virtualoffice.one,vi,0.93,prefix_suffix,lexical
villageguitar.com,vi,0.93,prefix_suffix,lexical
vividdealplanet.shop,vi,0.93,prefix_suffix,lexical
vintagevineyardantiques.com,vi,0.93,prefix_suffix,lexical
004224.vip,vi,0.93,prefix_suffix,lexical
10clietsxzfeiraolimpa2026.shop,iocl,0.93,prefix_suffix,lexical
girlsfind.vip,vi,0.93,prefix_suffix,lexical
viral-scale.com,vi,0.93,prefix_suffix,lexical
vitamincaretta.online,vi,0.93,prefix_suffix,lexical
thksw.vip,vi,0.93,prefix_suffix,lexical
iolnq.vip,vi,0.93,prefix_suffix,lexical
viom.us,vi,0.93,prefix_suffix,lexical
violinist-anodes.site,vi,0.93,prefix_suffix,lexical
betplay-resmi.vip,vi,0.93,prefix_suffix,lexical
realwayiconic.online,nic,0.93,prefix_suffix,lexical
1325868.vip,vi,0.93,prefix_suffix,lexical
ptcartaocontinentecom.vip,vi,0.93,prefix_suffix,lexical
vignetteauto-pass.online,vi,0.93,prefix_suffix,lexical
vlotdxlink.com,vi,0.93,prefix_suffix,lexical
jilinsac.com,sac,0.93,prefix_suffix,lexical
ht49xz716.vip,vi,0.93,prefix_suffix,lexical
okii.vip,vi,0.93,prefix_suffix,lexical
com-hrt.vip,vi,0.93,prefix_suffix,lexical
pf-izer.vip,vi,0.93,prefix_suffix,lexical
06683.vip,vi,0.93,prefix_suffix,lexical
viderbergkraft.com,vi,0.93,prefix_suffix,lexical
transbrasinha.online,nha,0.93,prefix_suffix,lexical
villageroad.ca,vi,0.93,prefix_suffix,lexical
villacarolco.xyz,vi,0.93,prefix_suffix,lexical
56548.vip,vi,0.93,prefix_suffix,lexical
y7124419.vip,vi,0.93,prefix_suffix,lexical
34154.vip,vi,0.93,prefix_suffix,lexical
bargains4u.vip,vi,0.93,prefix_suffix,lexical
vibemembership.com,vi,0.93,prefix_suffix,lexical
849xx366.vip,vi,0.93,prefix_suffix,lexical
ht18799.vip,vi,0.93,prefix_suffix,lexical
vibrantislands.store,vi,0.93,prefix_suffix,lexical
knoxvillehomeloans.com,sbi,0.93,prefix_suffix,lexical
villaniclub.com.br,vi,0.93,prefix_suffix,lexical
viaxqzxw.sbs,vi,0.93,prefix_suffix,lexical
viqaxye.com,vi,0.93,prefix_suffix,lexical
visionsuperieure.com,vi,0.93,prefix_suffix,lexical
onekey888.vip,vi,0.93,prefix_suffix,lexical
rddit.vip,vi,0.93,prefix_suffix,lexical
criex.vip,vi,0.93,prefix_suffix,lexical
3dm7ix.vip,vi,0.93,prefix_suffix,lexical
marsbahisresmi-giris.vip,vi,0.93,prefix_suffix,lexical
lojadasfigurinha.com,nha,0.93,prefix_suffix,lexical
iohsz.vip,vi,0.93,prefix_suffix,lexical
cetoclinic.com,nic,0.93,prefix_suffix,lexical
autoparts-vl.com,vi,0.98,exact_label,lexical
vkgfj.vip,vi,0.93,prefix_suffix,lexical
iocic.com,iocl,0.93,prefix_suffix,lexical
ace99playflipper.vip,vi,0.93,prefix_suffix,lexical
allbet888.vip,vi,0.93,prefix_suffix,lexical
vinoscarballal.com,vi,0.93,prefix_suffix,lexical
vivipix.com,vi,0.93,prefix_suffix,lexical
kjw8mc.vip,vi,0.93,prefix_suffix,lexical
pppbaidi.vip,vi,0.93,prefix_suffix,lexical
castlewisehomeloans.com,sbi,0.93,prefix_suffix,lexical
visitgreece.us,vi,0.93,prefix_suffix,lexical
581136.com,sbi,0.93,prefix_suffix,lexical
vinunavigli.com,vi,0.93,prefix_suffix,lexical
vimec.online,vi,0.93,prefix_suffix,lexical
visaacceptanceplatform.com,vi,0.93,prefix_suffix,lexical
bobo188.org,bob,0.93,prefix_suffix,lexical
sextop1v.vip,vi,0.93,prefix_suffix,lexical
bobbyapplegate.com,bob,0.93,prefix_suffix,lexical
linic.net,nic,0.93,prefix_suffix,lexical
betcio-canlidir2026.vip,vi,0.93,prefix_suffix,lexical
bailety365.vip,vi,0.93,prefix_suffix,lexical
viridespa.com,vi,0.93,prefix_suffix,lexical
y7124350.vip,vi,0.93,prefix_suffix,lexical
njsp5bse.com,bse,0.93,prefix_suffix,lexical
ppkks.vip,vi,0.93,prefix_suffix,lexical
fhdnc.vip,vi,0.93,prefix_suffix,lexical
ktbf4zdh7q.vip,vi,0.93,prefix_suffix,lexical
gami-internal.vip,vi,0.93,prefix_suffix,lexical
vittsant.site,vi,0.93,prefix_suffix,lexical
njupi215.vip,vi,0.93,prefix_suffix,lexical
dsfhv1.makeup,vi,0.93,prefix_suffix,lexical
didi51-t0335.vip,vi,0.93,prefix_suffix,lexical
vly.us,vi,0.93,prefix_suffix,lexical
oems-electronic.com,nic,0.93,prefix_suffix,lexical
vibeshelp.xyz,vi,0.93,prefix_suffix,lexical
jec1.cfd,eci,0.93,prefix_suffix,lexical
883388.vip,vi,0.93,prefix_suffix,lexical
vlzoprevent.sbs,vi,0.93,prefix_suffix,lexical
14315.vip,vi,0.93,prefix_suffix,lexical
villaazurepr.com,vi,0.93,prefix_suffix,lexical
nk50qc.vip,vi,0.93,prefix_suffix,lexical
dh579.vip,vi,0.93,prefix_suffix,lexical
nicolemadunic.com,nic,0.93,prefix_suffix,lexical
visa-points.vip,vi,0.93,prefix_suffix,lexical
aisyntaxis.sbs,axis,0.93,prefix_suffix,lexical
novapeptides.vip,vi,0.93,prefix_suffix,lexical
vlbook365.online,vi,0.93,prefix_suffix,lexical
visofree.online,vi,0.93,prefix_suffix,lexical
l88u.vip,vi,0.93,prefix_suffix,lexical
ouvoir.vip,vi,0.93,prefix_suffix,lexical
krishnaclinic.shop,nic,0.93,prefix_suffix,lexical
vincovi.org,vi,0.93,prefix_suffix,lexical
anniversaryt.vip,vi,0.93,prefix_suffix,lexical
visionwork.us,vi,0.93,prefix_suffix,lexical
blumeorganic.com,nic,0.93,prefix_suffix,lexical
visualdesignbykimberlykalan.com,vi,0.93,prefix_suffix,lexical
vitalleanpro.com,vi,0.93,prefix_suffix,lexical
vigacompany.com,vi,0.93,prefix_suffix,lexical
gnic.us,nic,0.93,prefix_suffix,lexical
26649264.vip,vi,0.93,prefix_suffix,lexical
jtscj.vip,vi,0.93,prefix_suffix,lexical
xunix.vip,vi,0.93,prefix_suffix,lexical
vizitprogram.com,vi,0.93,prefix_suffix,lexical
pan-y-vino.com,vi,0.93,prefix_suffix,lexical
violen.cyou,vi,0.93,prefix_suffix,lexical
66332.vip,vi,0.93,prefix_suffix,lexical
vidsers.com,vi,0.93,prefix_suffix,lexical
taraftarium24-hey4.vip,vi,0.93,prefix_suffix,lexical
bien-vivre-aux-angles.com,vi,0.93,prefix_suffix,lexical
14715.vip,vi,0.93,prefix_suffix,lexical
adhar.fun,uidai,0.98,exact_label,lexical
vibesproptech.xyz,vi,0.93,prefix_suffix,lexical
viennahg.com,vi,0.93,prefix_suffix,lexical
kh689.vip,vi,0.93,prefix_suffix,lexical
linkpreventivi.com,vi,0.93,prefix_suffix,lexical
pagpw.vip,vi,0.93,prefix_suffix,lexical
yzbwsm.vip,vi,0.93,prefix_suffix,lexical
06318.vip,vi,0.93,prefix_suffix,lexical
a7ty59.vip,vi,0.93,prefix_suffix,lexical
pprtd.vip,vi,0.93,prefix_suffix,lexical
virility.blog,vi,0.93,prefix_suffix,lexical
vitanitacticaltraining.com,vi,0.93,prefix_suffix,lexical
viralpartnerships.com,vi,0.93,prefix_suffix,lexical
krushisharangagriclinic.com,nic,0.93,prefix_suffix,lexical
camsistemleri.com,cams,0.93,prefix_suffix,lexical
vintagerflow.digital,vi,0.93,prefix_suffix,lexical
fusotremavi.world,vi,0.93,prefix_suffix,lexical
vivlo.ai,vi,0.93,prefix_suffix,lexical
takukuri-navi.com,vi,0.93,prefix_suffix,lexical
cxibcbrkkhu.vip,vi,0.93,prefix_suffix,lexical
elfqur.vip,vi,0.93,prefix_suffix,lexical
314787.vip,vi,0.93,prefix_suffix,lexical
virusshotvodka.com,vi,0.93,prefix_suffix,lexical
seibel.vip,vi,0.93,prefix_suffix,lexical
visionarypathwayalliance.info,vi,0.93,prefix_suffix,lexical
nicfmwb.com,nic,0.93,prefix_suffix,lexical
vitallphineblack.com.br,vi,0.93,prefix_suffix,lexical
sacredrhythmsofkundaliniawakening.com,sac,0.93,prefix_suffix,lexical
vibemediaworks.com,vi,0.93,prefix_suffix,lexical
viceio.link,vi,0.93,prefix_suffix,lexical
vinadabest.com,vi,0.93,prefix_suffix,lexical
viajarhei.com,vi,0.93,prefix_suffix,lexical
virtualdirectconnect.com,vi,0.93,prefix_suffix,lexical
luckysia88.vip,vi,0.93,prefix_suffix,lexical
qraxenolavi.gifts,vi,0.93,prefix_suffix,lexical
virtual-video-walk.com,vi,0.93,prefix_suffix,lexical
xiaoye8.vip,vi,0.93,prefix_suffix,lexical
588xpj23.vip,vi,0.93,prefix_suffix,lexical
808stateofficial.com,bob,0.93,prefix_suffix,lexical
visionandvoicecommunity.com,vi,0.93,prefix_suffix,lexical
vincentscodes.nl,vi,0.93,prefix_suffix,lexical
victoragencyco.com,vi,0.93,prefix_suffix,lexical
77299c.vip,vi,0.93,prefix_suffix,lexical
vibenifty.com,vi,0.93,prefix_suffix,lexical
y7124436.vip,vi,0.93,prefix_suffix,lexical
weibao.vip,vi,0.93,prefix_suffix,lexical
nicolasmagnetiseur.fr,nic,0.93,prefix_suffix,lexical
4333415c.vip,vi,0.93,prefix_suffix,lexical
vistaglide.com,vi,0.93,prefix_suffix,lexical
bobroll.com,bob,0.93,prefix_suffix,lexical
vipsl0t-resmiadresi.vip,vi,0.93,prefix_suffix,lexical
vierteln.info,vi,0.93,prefix_suffix,lexical
vicbrownmedia.com,vi,0.93,prefix_suffix,lexical
visioncontinuum.com,vi,0.93,prefix_suffix,lexical
72526.vip,vi,0.93,prefix_suffix,lexical
vincoarabia.com,vi,0.93,prefix_suffix,lexical
virtualartscenter.com,vi,0.93,prefix_suffix,lexical
sce-nic.com,nic,0.98,exact_label,lexical
victory1688.live,vi,0.93,prefix_suffix,lexical
qodum.vip,vi,0.93,prefix_suffix,lexical
marsin-amp.vip,vi,0.93,prefix_suffix,lexical
nicepiclab.com,nic,0.93,prefix_suffix,lexical
victorsebestyen.com,vi,0.93,prefix_suffix,lexical
75814.vip,vi,0.93,prefix_suffix,lexical
77891.vip,vi,0.93,prefix_suffix,lexical
vionita.com,vi,0.93,prefix_suffix,lexical
v1services.com,vi,0.93,prefix_suffix,lexical
villesites.net,vi,0.93,prefix_suffix,lexical
849ff369.vip,vi,0.93,prefix_suffix,lexical
vibelaxcs.shop,vi,0.93,prefix_suffix,lexical
y7123996.vip,vi,0.93,prefix_suffix,lexical
vieclamviet.net,vi,0.93,prefix_suffix,lexical
vintageclothingco.space,vi,0.93,prefix_suffix,lexical
vitahealacademy.com,vi,0.93,prefix_suffix,lexical
8obkfb.sbs,bob,0.93,prefix_suffix,lexical
vivcliff-foundation.org,vi,0.93,prefix_suffix,lexical
vip-mmppo.com,vi,0.93,prefix_suffix,lexical
vinctattoo.com,vi,0.93,prefix_suffix,lexical
haberintimeci.site,eci,0.93,prefix_suffix,lexical
services-postdhl.vip,vi,0.93,prefix_suffix,lexical
h94vl.top,vi,0.93,prefix_suffix,lexical
krikaya.vip,vi,0.93,prefix_suffix,lexical
virtualmeetingplanner.com,vi,0.93,prefix_suffix,lexical
islila.vip,vi,0.93,prefix_suffix,lexical
databricks.vip,vi,0.93,prefix_suffix,lexical
infiniticamelback.com,icici,0.93,prefix_suffix,lexical
36440.vip,vi,0.93,prefix_suffix,lexical
copiearchivi.com,vi,0.93,prefix_suffix,lexical
visionforgetechnology.com,vi,0.93,prefix_suffix,lexical
bellezadeluxeclinic.com,nic,0.93,prefix_suffix,lexical
vlashstyleboutique.com,vi,0.93,prefix_suffix,lexical
bobox.us,bob,0.93,prefix_suffix,lexical
nico-ortho.com,nic,0.93,prefix_suffix,lexical
video2checkout.info,vi,0.93,prefix_suffix,lexical
knlhu412.vip,vi,0.93,prefix_suffix,lexical
astronic.us,nic,0.93,prefix_suffix,lexical
xxjvi.com,vi,0.93,prefix_suffix,lexical
ds-vlabs.com,vi,0.93,prefix_suffix,lexical
villasloscipreses.com,vi,0.93,prefix_suffix,lexical
virtuallynantucket.com,vi,0.93,prefix_suffix,lexical
orgijateng.org,census,0.93,prefix_suffix,lexical
vip2018999.com,vi,0.93,prefix_suffix,lexical
cerebralpalsyclinic.com,nic,0.93,prefix_suffix,lexical
zhibo8-pro.com,bob,0.93,prefix_suffix,lexical
navi-teq.com,vi,0.93,prefix_suffix,lexical
d2unh4.cfd,nha,0.93,prefix_suffix,lexical
schatz-family-vineyards.com,vi,0.93,prefix_suffix,lexical
os-ultrasonic.com,nic,0.93,prefix_suffix,lexical
vhsgb.vip,vi,0.93,prefix_suffix,lexical
kumonpr.com,nic,0.93,prefix_suffix,lexical
huqyi.vip,vi,0.93,prefix_suffix,lexical
betsmove-2026erisim.vip,vi,0.93,prefix_suffix,lexical
dodoc.vip,vi,0.93,prefix_suffix,lexical
axisartedesign.pt,axis,0.93,prefix_suffix,lexical
becne.vip,vi,0.93,prefix_suffix,lexical
c719.vip,vi,0.93,prefix_suffix,lexical
90940.vip,vi,0.93,prefix_suffix,lexical
viegy.com,vi,0.93,prefix_suffix,lexical
ai-victoria.com,vi,0.93,prefix_suffix,lexical
amazeorganic.com,nic,0.93,prefix_suffix,lexical
vlbtl.faith,vi,0.93,prefix_suffix,lexical
virginiahotels.biz,vi,0.93,prefix_suffix,lexical
vitaero.org,vi,0.93,prefix_suffix,lexical
victor0000.info,vi,0.93,prefix_suffix,lexical
y7124333.vip,vi,0.93,prefix_suffix,lexical
rauanse.vip,vi,0.93,prefix_suffix,lexical
54567.vip,vi,0.93,prefix_suffix,lexical
12739.vip,vi,0.93,prefix_suffix,lexical
nhasachviet21.top,nha,0.93,prefix_suffix,lexical
bobgeiss.com,bob,0.93,prefix_suffix,lexical
visitspirooklahoma.com,vi,0.93,prefix_suffix,lexical
fxela.vip,vi,0.93,prefix_suffix,lexical
t-visionpayments.com,vi,0.93,prefix_suffix,lexical
sacredshifts.com,sac,0.93,prefix_suffix,lexical
uqxfi.vip,vi,0.93,prefix_suffix,lexical
bdngda234.vip,vi,0.93,prefix_suffix,lexical
26124376.vip,vi,0.93,prefix_suffix,lexical
maxnovelstories.vip,vi,0.93,prefix_suffix,lexical
viralproductzone.com,vi,0.93,prefix_suffix,lexical
mehrzadclinic.com,nic,0.93,prefix_suffix,lexical
9yisda.vip,vi,0.93,prefix_suffix,lexical
vizenith.xyz,vi,0.93,prefix_suffix,lexical
fjnrh.vip,vi,0.93,prefix_suffix,lexical
vibesdesigns.xyz,vi,0.93,prefix_suffix,lexical
vitalslim.health,vi,0.93,prefix_suffix,lexical
vibecritic.site,vi,0.93,prefix_suffix,lexical
26124561.vip,vi,0.93,prefix_suffix,lexical
vindicationnation.com,vi,0.93,prefix_suffix,lexical
viewpensacolarealestate.com,vi,0.93,prefix_suffix,lexical
956333.vip,vi,0.93,prefix_suffix,lexical
titansinpr.com,nic,0.93,prefix_suffix,lexical
ab155558.vip,vi,0.93,prefix_suffix,lexical
26124431.vip,vi,0.93,prefix_suffix,lexical
4ayh7h.vip,vi,0.93,prefix_suffix,lexical
vinayakenterpriseglobal.com,vi,0.93,prefix_suffix,lexical
vital7ship.com,vi,0.93,prefix_suffix,lexical
fortunerewards.vip,vi,0.93,prefix_suffix,lexical
eclairbitcoin.app,eci,0.93,prefix_suffix,lexical
fy99.vip,vi,0.93,prefix_suffix,lexical
y7124585.vip,vi,0.93,prefix_suffix,lexical
vingette-path.online,vi,0.93,prefix_suffix,lexical
axis-cardservices.online,axis,0.98,exact_label,lexical
myvip-vip.homes,vi,0.93,prefix_suffix,lexical
79146.vip,vi,0.93,prefix_suffix,lexical
juxxax368.vip,vi,0.93,prefix_suffix,lexical
h12vl.top,vi,0.93,prefix_suffix,lexical
viewsoflagos.com,vi,0.93,prefix_suffix,lexical
xenic.ai,nic,0.93,prefix_suffix,lexical
botha.vip,vi,0.93,prefix_suffix,lexical
visfactory.com,vi,0.93,prefix_suffix,lexical
y7124395.vip,vi,0.93,prefix_suffix,lexical
virilityforgezone.com,vi,0.93,prefix_suffix,lexical
vietnam4dslot.com,vi,0.93,prefix_suffix,lexical
vibranthitrealm.shop,vi,0.93,prefix_suffix,lexical
viniitalianipremiums.com,vi,0.93,prefix_suffix,lexical
sachsen-natur.com,sac,0.93,prefix_suffix,lexical
76974.vip,vi,0.93,prefix_suffix,lexical
vis-link.com,vi,0.93,prefix_suffix,lexical
qmhkm415.vip,vi,0.93,prefix_suffix,lexical
didi51-t0386.vip,vi,0.93,prefix_suffix,lexical
visitfashion.site,vi,0.93,prefix_suffix,lexical
pkrace99flock.vip,vi,0.93,prefix_suffix,lexical
viralloom.online,vi,0.93,prefix_suffix,lexical
vivbake.com,vi,0.93,prefix_suffix,lexical
vintagevapes.world,vi,0.93,prefix_suffix,lexical
casinoroyaltek.vip,vi,0.93,prefix_suffix,lexical
vieipanemarj.com.br,vi,0.93,prefix_suffix,lexical
sgvxq.vip,vi,0.93,prefix_suffix,lexical
vidabyum.com,vi,0.93,prefix_suffix,lexical
t-visionreturns.com,vi,0.93,prefix_suffix,lexical
kaiyun-vip888.com,vi,0.93,prefix_suffix,lexical
vistamaggiore.com,vi,0.93,prefix_suffix,lexical
viikshana.com,vi,0.93,prefix_suffix,lexical
hasbi-computer.store,sbi,0.93,prefix_suffix,lexical
des-villes-et-des-justes.com,vi,0.93,prefix_suffix,lexical
vippanel.site,vi,0.93,prefix_suffix,lexical
visumandracks.site,vi,0.93,prefix_suffix,lexical
viramalife.com,vi,0.93,prefix_suffix,lexical
gm-vip.com,vi,0.93,prefix_suffix,lexical
viagra-cialis-buy-sell.org,vi,0.93,prefix_suffix,lexical
nhakhoagooddental.com,nha,0.93,prefix_suffix,lexical
victordefense.com,vi,0.93,prefix_suffix,lexical
adamavi.com,vi,0.93,prefix_suffix,lexical
w88u.vip,vi,0.93,prefix_suffix,lexical
qyc32.vip,vi,0.93,prefix_suffix,lexical
vitalvickirealtor.com,vi,0.93,prefix_suffix,lexical
dvfqr.vip,vi,0.93,prefix_suffix,lexical
vintagechrono.com,vi,0.93,prefix_suffix,lexical
rogan.vip,vi,0.93,prefix_suffix,lexical
ab69.vip,vi,0.93,prefix_suffix,lexical
73248.vip,vi,0.93,prefix_suffix,lexical
vip-mile-sport.com,vi,0.93,prefix_suffix,lexical
gwxnu.vip,vi,0.93,prefix_suffix,lexical
vipvitality.link,vi,0.93,prefix_suffix,lexical
mg28.vip,vi,0.93,prefix_suffix,lexical
virtualhealthcare360.com,vi,0.93,prefix_suffix,lexical
mariagabriele-e-vinicius.com.br,vi,0.93,prefix_suffix,lexical
violetaisolutions.com,vi,0.93,prefix_suffix,lexical
shopbvi.com,vi,0.93,prefix_suffix,lexical
victorsmits.online,vi,0.93,prefix_suffix,lexical
vistaclo.com,vi,0.93,prefix_suffix,lexical
dzhgf.vip,vi,0.93,prefix_suffix,lexical
vinelandwines.com,vi,0.93,prefix_suffix,lexical
onqnl.vip,vi,0.93,prefix_suffix,lexical
viewtransitschedules.com,vi,0.93,prefix_suffix,lexical
vinstcorebittrade.com,vi,0.93,prefix_suffix,lexical
51k.vip,vi,0.93,prefix_suffix,lexical
vividbuild.net,vi,0.93,prefix_suffix,lexical
viewsmkt.online,vi,0.93,prefix_suffix,lexical
meybetmobil.vip,vi,0.93,prefix_suffix,lexical
musamevi.com,vi,0.93,prefix_suffix,lexical
hair-vital.xyz,vi,0.93,prefix_suffix,lexical
marketing-clinic.com,nic,0.93,prefix_suffix,lexical
dhcams.com,cams,0.93,prefix_suffix,lexical
vigilping.co.uk,vi,0.93,prefix_suffix,lexical
pelgf.vip,vi,0.93,prefix_suffix,lexical
vixmfg.com,vi,0.93,prefix_suffix,lexical
159159vip.vip,vi,0.93,prefix_suffix,lexical
12581.you,sbi,0.93,prefix_suffix,lexical
viclouds.site,vi,0.93,prefix_suffix,lexical
habob.no,bob,0.93,prefix_suffix,lexical
vignetteautopass.site,vi,0.93,prefix_suffix,lexical
n88u.vip,vi,0.93,prefix_suffix,lexical
virlo.us,vi,0.93,prefix_suffix,lexical
v18va12.com,vi,0.93,prefix_suffix,lexical
vitanewstoday.info,vi,0.93,prefix_suffix,lexical
7b77.vip,vi,0.93,prefix_suffix,lexical
vivanaturo.com,vi,0.93,prefix_suffix,lexical
sacredspaheal.com.de,sac,0.93,prefix_suffix,lexical
vlovira.com,vi,0.93,prefix_suffix,lexical
dbiclinic.com,nic,0.93,prefix_suffix,lexical
villegaslegal.com,vi,0.93,prefix_suffix,lexical
ynsqy.vip,vi,0.93,prefix_suffix,lexical
villasunsetcesme.com,vi,0.93,prefix_suffix,lexical
buyaninfiniti.com,icici,0.93,prefix_suffix,lexical
vintagehillgenealogy.net,vi,0.93,prefix_suffix,lexical
yrjinuvl.xyz,vi,0.93,prefix_suffix,lexical
aglaia-nicolay.ru,nic,0.93,prefix_suffix,lexical
09067.vip,vi,0.93,prefix_suffix,lexical
uvzpn.vip,vi,0.93,prefix_suffix,lexical
c772.vip,vi,0.93,prefix_suffix,lexical
codestar.vip,vi,0.93,prefix_suffix,lexical
equipavl.net,vi,0.93,prefix_suffix,lexical
video9.com,vi,0.93,prefix_suffix,lexical
vistanowsocial.com,vi,0.93,prefix_suffix,lexical
vivivivo.com,vi,0.93,prefix_suffix,lexical
sb123th.life,sbi,0.93,prefix_suffix,lexical
remevi.vip,vi,0.93,prefix_suffix,lexical
didi51-t0306.vip,vi,0.93,prefix_suffix,lexical
brysh.vip,vi,0.93,prefix_suffix,lexical
vivoil.us,vi,0.93,prefix_suffix,lexical
i7nlyu.vip,vi,0.93,prefix_suffix,lexical
vinozze.com,vi,0.93,prefix_suffix,lexical
j7a3gy.vip,vi,0.93,prefix_suffix,lexical
apartments-villach.com,vi,0.93,prefix_suffix,lexical
cufke.vip,vi,0.93,prefix_suffix,lexical
hp-praxis-kinderatelier.com,axis,0.93,prefix_suffix,lexical
videotube.uk,vi,0.93,prefix_suffix,lexical
y7124444.vip,vi,0.93,prefix_suffix,lexical
vintecacoustics.com,vi,0.93,prefix_suffix,lexical
99bestfun.vip,vi,0.93,prefix_suffix,lexical
ac15.vip,vi,0.93,prefix_suffix,lexical
codenavi.dev,vi,0.93,prefix_suffix,lexical
inpr.us,nic,0.93,prefix_suffix,lexical
vfaisyvl.xyz,vi,0.93,prefix_suffix,lexical
wrldbytrbl.com,rbi,0.93,prefix_suffix,lexical
vikoeratsrzd.com,vi,0.93,prefix_suffix,lexical
buschchiropracticpainclinic.com,nic,0.93,prefix_suffix,lexical
vip9-ch.org,vi,0.93,prefix_suffix,lexical
rblrblshop.com,rbi,0.93,prefix_suffix,lexical
marsbahis-guvenilirgiris.vip,vi,0.93,prefix_suffix,lexical
vip1001.net,vi,0.93,prefix_suffix,lexical
7lionspins.vip,vi,0.93,prefix_suffix,lexical
alphatonic-maxbuy.online,nic,0.93,prefix_suffix,lexical
videy.vin,vi,0.93,prefix_suffix,lexical
81452.vip,vi,0.93,prefix_suffix,lexical
vitaglp-vorteil.shop,vi,0.93,prefix_suffix,lexical
43041.vip,vi,0.93,prefix_suffix,lexical
br616.vip,vi,0.93,prefix_suffix,lexical
baji555.vip,vi,0.93,prefix_suffix,lexical
9811cc.vip,vi,0.93,prefix_suffix,lexical
sacredhiveofficial.com,sac,0.93,prefix_suffix,lexical
vic.irish,vi,0.93,prefix_suffix,lexical
virtugirlfriend.com,vi,0.93,prefix_suffix,lexical
rvvve.vip,vi,0.93,prefix_suffix,lexical
40655.vip,vi,0.93,prefix_suffix,lexical
b3333.vip,vi,0.93,prefix_suffix,lexical
vizetrezerv.xyz,vi,0.93,prefix_suffix,lexical
belsky.vip,vi,0.93,prefix_suffix,lexical
a7ty81.vip,vi,0.93,prefix_suffix,lexical
zdjr.vip,vi,0.93,prefix_suffix,lexical
aqect.vip,vi,0.93,prefix_suffix,lexical
megaapi.vip,vi,0.93,prefix_suffix,lexical
nnn808.cyou,bob,0.93,prefix_suffix,lexical
vlorezuccaciye.com.tr,vi,0.93,prefix_suffix,lexical
vigorlong.life,vi,0.93,prefix_suffix,lexical
adhardware.com,uidai,0.93,prefix_suffix,lexical
vietnamgetaways.com,vi,0.93,prefix_suffix,lexical
vilodavenylnolo.top,vi,0.93,prefix_suffix,lexical
sacosparalixomoura.online,sac,0.93,prefix_suffix,lexical
vibepulselelo.com,vi,0.93,prefix_suffix,lexical
bobbsolostick54.fun,bob,0.93,prefix_suffix,lexical
atlasdentalclinic.org,nic,0.93,prefix_suffix,lexical
viplifeshop.com,vi,0.93,prefix_suffix,lexical
prolvip.vip,vi,0.93,prefix_suffix,lexical
aliveforever.vip,vi,0.93,prefix_suffix,lexical
soyph.vip,vi,0.93,prefix_suffix,lexical
eivanic.com,nic,0.93,prefix_suffix,lexical
trendbet-guncel-adresi.vip,vi,0.93,prefix_suffix,lexical
victorpenner.com,vi,0.93,prefix_suffix,lexical
wwvhnav.vip,vi,0.93,prefix_suffix,lexical
418vl.top,vi,0.93,prefix_suffix,lexical
19549.vip,vi,0.93,prefix_suffix,lexical
freedom.villas,vi,0.93,prefix_suffix,lexical
orgikotabandung.org,census,0.93,prefix_suffix,lexical
a7d6j.vip,vi,0.93,prefix_suffix,lexical
a04-25-5323v1.cfd,vi,0.93,prefix_suffix,lexical
42579.vip,vi,0.93,prefix_suffix,lexical
vinitalyimports.com,vi,0.93,prefix_suffix,lexical
infinitipartscenter.com,icici,0.93,prefix_suffix,lexical
qzilo.vip,vi,0.93,prefix_suffix,lexical
vitrage.us,vi,0.93,prefix_suffix,lexical
pnclognmm.vip,vi,0.93,prefix_suffix,lexical
f88u.vip,vi,0.93,prefix_suffix,lexical
4vrywh.vip,vi,0.93,prefix_suffix,lexical
nicstermeket.hu,nic,0.93,prefix_suffix,lexical
vladikavkaztoday.ru,vi,0.93,prefix_suffix,lexical
villadanielabrodarica.com,vi,0.93,prefix_suffix,lexical
visitthetruth.com,vi,0.93,prefix_suffix,lexical
northtexasurologyclinic.com,nic,0.93,prefix_suffix,lexical
vicibet.co.nl,vi,0.93,prefix_suffix,lexical
qab35.vip,vi,0.93,prefix_suffix,lexical
vidsarhv-runet.net,vi,0.93,prefix_suffix,lexical
vibixai.com,vi,0.93,prefix_suffix,lexical
v1mahagame66.com,vi,0.93,prefix_suffix,lexical
viaomall.com,vi,0.93,prefix_suffix,lexical
vikingsvsvarelse.com,vi,0.93,prefix_suffix,lexical
dh357.vip,vi,0.93,prefix_suffix,lexical
grupoizasac.com,sac,0.93,prefix_suffix,lexical
yomix-site.vip,vi,0.93,prefix_suffix,lexical
vivacoshopp.com,vi,0.93,prefix_suffix,lexical
zt555.vip,vi,0.93,prefix_suffix,lexical
belet-vidio.online,vi,0.93,prefix_suffix,lexical
bobsbarnyardburgers.farm,bob,0.93,prefix_suffix,lexical
incometaxrefunds.com,incometax,0.95,combined,lexical
75281.vip,vi,0.93,prefix_suffix,lexical
accioshop6.vip,vi,0.93,prefix_suffix,lexical
ckbgf.vip,vi,0.93,prefix_suffix,lexical
vit1jb.top,vi,0.93,prefix_suffix,lexical
vizer.us,vi,0.93,prefix_suffix,lexical
vibemastermind.org,vi,0.93,prefix_suffix,lexical
ggw784.vip,vi,0.93,prefix_suffix,lexical
vincentdesiano.com,vi,0.93,prefix_suffix,lexical
bodyjournal.vip,vi,0.93,prefix_suffix,lexical
vitalisdata.com,vi,0.93,prefix_suffix,lexical
vlrt6.cyou,vi,0.93,prefix_suffix,lexical
vfvuu.vip,vi,0.93,prefix_suffix,lexical
orgizon.com,census,0.93,prefix_suffix,lexical
pnclognqqs.vip,vi,0.93,prefix_suffix,lexical
vidaequilibrio.icu,vi,0.93,prefix_suffix,lexical
vitalernaehrungde.info,vi,0.93,prefix_suffix,lexical
h49vl.top,vi,0.93,prefix_suffix,lexical
808359.xyz,bob,0.93,prefix_suffix,lexical
nicolasevansartist.com,nic,0.93,prefix_suffix,lexical
sacredstrategies.com,sac,0.93,prefix_suffix,lexical
anigenavi.lol,vi,0.93,prefix_suffix,lexical
t-visiondownload.com,vi,0.93,prefix_suffix,lexical
gimyw.vip,vi,0.93,prefix_suffix,lexical
visornacionalcl.app,vi,0.93,prefix_suffix,lexical
glphv.vip,vi,0.93,prefix_suffix,lexical
ahgcp.vip,vi,0.93,prefix_suffix,lexical
3pj8853.top,bse,0.93,prefix_suffix,lexical
vintagemannen.com,vi,0.93,prefix_suffix,lexical
u4fcvi.beauty,vi,0.93,prefix_suffix,lexical
yunbangshuidai.com,uidai,0.93,prefix_suffix,lexical
villasbyadarsh.com,vi,0.93,prefix_suffix,lexical
zorvi.online,vi,0.93,prefix_suffix,lexical
03886.vip,vi,0.93,prefix_suffix,lexical
vitalwave.us,vi,0.93,prefix_suffix,lexical
nicenics.com,nic,0.93,prefix_suffix,lexical
devdaarorganic.com,nic,0.93,prefix_suffix,lexical
pruebahoy.vip,vi,0.93,prefix_suffix,lexical
geqrf.vip,vi,0.93,prefix_suffix,lexical
vidprou.com,vi,0.93,prefix_suffix,lexical
hetangsbl.com,sbi,0.93,prefix_suffix,lexical
hyufg.vip,vi,0.93,prefix_suffix,lexical
sacarroll.tech,sac,0.93,prefix_suffix,lexical
vlopez-ballesteros.com,vi,0.93,prefix_suffix,lexical
sachlageheute.com,sac,0.93,prefix_suffix,lexical
hotelsouslacroix-tadoussac.com,sac,0.93,prefix_suffix,lexical
nickpandyamusic.org,nic,0.93,prefix_suffix,lexical
dinamobetguncel-giris.vip,vi,0.93,prefix_suffix,lexical
vidrantfreiqht-com.cc,vi,0.93,prefix_suffix,lexical
victoriasparadiseworld.com,vi,0.93,prefix_suffix,lexical
63519.vip,vi,0.93,prefix_suffix,lexical
virtusinno.com,vi,0.93,prefix_suffix,lexical
vibrantapi.xyz,vi,0.93,prefix_suffix,lexical
victorcurbelo.com,vi,0.93,prefix_suffix,lexical
betcio-adresim.vip,vi,0.93,prefix_suffix,lexical
greatercontent.vip,vi,0.93,prefix_suffix,lexical
eznfd.vip,vi,0.93,prefix_suffix,lexical
vitality.fit,vi,0.93,prefix_suffix,lexical
ekikrit.vip,vi,0.93,prefix_suffix,lexical
v111net.com,vi,0.93,prefix_suffix,lexical
virtualitylabspr.com,vi,0.93,prefix_suffix,lexical
jayson0808.link,bob,0.93,prefix_suffix,lexical
praxis-kaess.com,axis,0.93,prefix_suffix,lexical
vegasgreekpicnic.com,nic,0.93,prefix_suffix,lexical
vifours.com,vi,0.93,prefix_suffix,lexical
phmf8485.vip,vi,0.93,prefix_suffix,lexical
plthj.vip,vi,0.93,prefix_suffix,lexical
morgi.us,census,0.93,prefix_suffix,lexical
jasonpaige.vip,vi,0.93,prefix_suffix,lexical
pyths.vip,vi,0.93,prefix_suffix,lexical
vividh33.cfd,vi,0.93,prefix_suffix,lexical
fwaxl.vip,vi,0.93,prefix_suffix,lexical
victronica.com,vi,0.93,prefix_suffix,lexical
virtualph.com,vi,0.93,prefix_suffix,lexical
vlt-ai.com,vi,0.93,prefix_suffix,lexical
26124330.vip,vi,0.93,prefix_suffix,lexical
vip84551.com,vi,0.93,prefix_suffix,lexical
managerbob.com,bob,0.93,prefix_suffix,lexical
ppmnzzv1.com,vi,0.93,prefix_suffix,lexical
vis.life,vi,0.93,prefix_suffix,lexical
victair.com,vi,0.93,prefix_suffix,lexical
jeahg.vip,vi,0.93,prefix_suffix,lexical
viwy6g.makeup,vi,0.93,prefix_suffix,lexical
26124513.vip,vi,0.93,prefix_suffix,lexical
xabiasbike-visauto.com,vi,0.93,prefix_suffix,lexical
swf2gm.vip,vi,0.93,prefix_suffix,lexical
ziranox-visibilidade.click,vi,0.93,prefix_suffix,lexical
0sae1c.vip,vi,0.93,prefix_suffix,lexical
visualsplice.com,vi,0.93,prefix_suffix,lexical
vibescroll.com,vi,0.93,prefix_suffix,lexical
vital-care-services.com,vi,0.93,prefix_suffix,lexical
villagesales.com,vi,0.93,prefix_suffix,lexical
vienna-process.org,vi,0.93,prefix_suffix,lexical
tchvsac.com,sac,0.93,prefix_suffix,lexical
gaisexvl.lol,vi,0.93,prefix_suffix,lexical
xxywq.vip,vi,0.93,prefix_suffix,lexical
nicehomes.us,nic,0.93,prefix_suffix,lexical
from-the-vineyard.com,vi,0.93,prefix_suffix,lexical
vizatoria.online,vi,0.93,prefix_suffix,lexical
bitcoin77.vip,vi,0.93,prefix_suffix,lexical
vintagerainbowrehab.com,vi,0.93,prefix_suffix,lexical
vlerge.com,vi,0.93,prefix_suffix,lexical
villasanjuanphx.com,vi,0.93,prefix_suffix,lexical
sonbahis-giris-sitesi.vip,vi,0.93,prefix_suffix,lexical
eclipseseeker218.info,eci,0.93,prefix_suffix,lexical
virgincrm.com,vi,0.93,prefix_suffix,lexical
69521.vip,vi,0.93,prefix_suffix,lexical
v1code.com,vi,0.93,prefix_suffix,lexical
hypnosepraxis-neo.com,axis,0.93,prefix_suffix,lexical
vistocertoeua.online,vi,0.93,prefix_suffix,lexical
h53cl.top,eci,0.93,prefix_suffix,lexical
weshop6.vip,vi,0.93,prefix_suffix,lexical
viorasa.com,vi,0.93,prefix_suffix,lexical
virtualsite.online,vi,0.93,prefix_suffix,lexical
sxzdx.vip,vi,0.93,prefix_suffix,lexical
u8887.vip,vi,0.93,prefix_suffix,lexical
virologic.site,vi,0.93,prefix_suffix,lexical
usdtbonanza111.vip,vi,0.93,prefix_suffix,lexical
vitacrowtherdesign.com,vi,0.93,prefix_suffix,lexical
faylo.vip,vi,0.93,prefix_suffix,lexical
26124370.vip,vi,0.93,prefix_suffix,lexical
qledz.vip,vi,0.93,prefix_suffix,lexical
recl.us,eci,0.93,prefix_suffix,lexical
vladprosite.com,vi,0.93,prefix_suffix,lexical
jokaroom-vip-play.org,vi,0.93,prefix_suffix,lexical
myvitalsurveypoint.com,vi,0.93,prefix_suffix,lexical
takukyari-navi.com,vi,0.93,prefix_suffix,lexical
genesautomechanic.co.za,nic,0.93,prefix_suffix,lexical
villajostvandyke.com,vi,0.93,prefix_suffix,lexical
visitcaffe.com,vi,0.93,prefix_suffix,lexical
visaoperifericatech.net.br,vi,0.93,prefix_suffix,lexical
visamakmur.com,vi,0.93,prefix_suffix,lexical
wdvl.net,vi,0.93,prefix_suffix,lexical
3cintopg.com,eci,0.93,prefix_suffix,lexical
dornogovi.one,vi,0.93,prefix_suffix,lexical
nicolaheider.com,nic,0.93,prefix_suffix,lexical
luxevora.vip,vi,0.93,prefix_suffix,lexical
visualstylefinder.com,vi,0.93,prefix_suffix,lexical
conciergeplus.vip,vi,0.93,prefix_suffix,lexical
80850cc.com,bob,0.93,prefix_suffix,lexical
visitcaloundra.com,vi,0.93,prefix_suffix,lexical
ga72.vip,vi,0.93,prefix_suffix,lexical
vidobettv15.live,vi,0.93,prefix_suffix,lexical
starelectronic.site,nic,0.93,prefix_suffix,lexical
9777det.vip,vi,0.93,prefix_suffix,lexical
yjdispute.vip,vi,0.93,prefix_suffix,lexical
vimmaster.online,vi,0.93,prefix_suffix,lexical
visittamaulipas.com,vi,0.93,prefix_suffix,lexical
vibrant.photos,vi,0.93,prefix_suffix,lexical
vitapresenter.com,vi,0.93,prefix_suffix,lexical
vidaxl-zb.life,vi,0.93,prefix_suffix,lexical
gateflow.vip,vi,0.93,prefix_suffix,lexical
abyyyyq12.vip,vi,0.93,prefix_suffix,lexical
didi51-t0368.vip,vi,0.93,prefix_suffix,lexical
298cj.vip,vi,0.93,prefix_suffix,lexical
vivecolecciones.store,vi,0.93,prefix_suffix,lexical
mechanic-positions-afr-03.sbs,nic,0.93,prefix_suffix,lexical
nhathathcm.com,nha,0.93,prefix_suffix,lexical
nicknamestyle.com,nic,0.93,prefix_suffix,lexical
victoryquiz.com,vi,0.93,prefix_suffix,lexical
vivatal.com,vi,0.93,prefix_suffix,lexical
xy20.vip,vi,0.93,prefix_suffix,lexical
bailety79.vip,vi,0.93,prefix_suffix,lexical
52003.vip,vi,0.93,prefix_suffix,lexical
bobthecoder.org,bob,0.93,prefix_suffix,lexical
vlindersfestival.com,vi,0.93,prefix_suffix,lexical
bbnhi.vip,vi,0.93,prefix_suffix,lexical
512cq.vip,vi,0.93,prefix_suffix,lexical
vlastapremier-vanphu.com,vi,0.93,prefix_suffix,lexical
nelk.vip,vi,0.93,prefix_suffix,lexical
vipgwengwe.top,vi,0.93,prefix_suffix,lexical
vizion.video,vi,0.93,prefix_suffix,lexical
viviennedufort.com,vi,0.93,prefix_suffix,lexical
vidmayze.com,vi,0.93,prefix_suffix,lexical
vintagejeansapparel.site,vi,0.93,prefix_suffix,lexical
vibrantlensesllc.com,vi,0.93,prefix_suffix,lexical
nicepickings.com,nic,0.93,prefix_suffix,lexical
vidinsta.tech,vi,0.93,prefix_suffix,lexical
corbi.us,rbi,0.93,prefix_suffix,lexical
h97vl.top,vi,0.93,prefix_suffix,lexical
viagensnepal.com,vi,0.93,prefix_suffix,lexical
victoriavail.com,vi,0.93,prefix_suffix,lexical
sosolarus-4-miomegao-vinovae516701.top,vi,0.93,prefix_suffix,lexical
viralboost.best,vi,0.93,prefix_suffix,lexical
bna-views.com,vi,0.93,prefix_suffix,lexical
captainsonic.com,nic,0.93,prefix_suffix,lexical
jcfuu.vip,vi,0.93,prefix_suffix,lexical
virtualopenhouselouisville.com,vi,0.93,prefix_suffix,lexical
nicholasbehling.com,nic,0.93,prefix_suffix,lexical
virtualchips.net,vi,0.93,prefix_suffix,lexical
addmode.vip,vi,0.93,prefix_suffix,lexical
vigil-siem.dev,vi,0.93,prefix_suffix,lexical
visqon.com,vi,0.93,prefix_suffix,lexical
vingetasfinservice.online,vi,0.93,prefix_suffix,lexical
ztu444.vip,vi,0.93,prefix_suffix,lexical
jiomeals.com,jio,0.93,prefix_suffix,lexical
ultrabet-aktif.vip,vi,0.93,prefix_suffix,lexical
bailety5.vip,vi,0.93,prefix_suffix,lexical
villetaflaounasck7012.com,vi,0.93,prefix_suffix,lexical
vitalimatrix.net,vi,0.93,prefix_suffix,lexical
didi51-t0360.vip,vi,0.93,prefix_suffix,lexical
glamechanic.com,nic,0.93,prefix_suffix,lexical
merrillcrypto.vip,vi,0.93,prefix_suffix,lexical
ph6655.vip,vi,0.93,prefix_suffix,lexical
vitrineeconomica.com,vi,0.93,prefix_suffix,lexical
mddpainclinic.com,nic,0.93,prefix_suffix,lexical
vitaful.shop,vi,0.93,prefix_suffix,lexical
vivanta.us,vi,0.93,prefix_suffix,lexical
beci.us,eci,0.93,prefix_suffix,lexical
marketsvr.vip,vi,0.93,prefix_suffix,lexical
iwamotoclinic.com,nic,0.93,prefix_suffix,lexical
vloungesavannah.net,vi,0.93,prefix_suffix,lexical
casamare.villas,vi,0.93,prefix_suffix,lexical
didi51-t0312.vip,vi,0.93,prefix_suffix,lexical
us-visascheduling.com,vi,0.93,prefix_suffix,lexical
dhmsw390.vip,vi,0.93,prefix_suffix,lexical
kf319.vip,vi,0.93,prefix_suffix,lexical
81385.vip,vi,0.93,prefix_suffix,lexical
maconha.us,nha,0.93,prefix_suffix,lexical
truvabetgirisi.vip,vi,0.93,prefix_suffix,lexical
vibeagenciainmobiliaria.online,vi,0.93,prefix_suffix,lexical
nicourt.com,nic,0.93,prefix_suffix,lexical
581444.com,sbi,0.93,prefix_suffix,lexical
viefine.com,vi,0.93,prefix_suffix,lexical
oghkl.vip,vi,0.93,prefix_suffix,lexical
3637a1.vip,vi,0.93,prefix_suffix,lexical
vibrantlook.net,vi,0.93,prefix_suffix,lexical
viesseconsulting.com,vi,0.93,prefix_suffix,lexical
853167.com,bse,0.93,prefix_suffix,lexical
tophillbet-resmi7.vip,vi,0.93,prefix_suffix,lexical
26124496.vip,vi,0.93,prefix_suffix,lexical
vireohub.biz,vi,0.93,prefix_suffix,lexical
vitalflowbuy.com,vi,0.93,prefix_suffix,lexical
vikingsalt.com,vi,0.93,prefix_suffix,lexical
vitalpeakshop.shop,vi,0.93,prefix_suffix,lexical
ssun789.vip,vi,0.93,prefix_suffix,lexical
xv-video1.com,vi,0.93,prefix_suffix,lexical
com-elitsu.vip,vi,0.93,prefix_suffix,lexical
t-visionlawyer.com,vi,0.93,prefix_suffix,lexical
jojobets-guncell.vip,vi,0.93,prefix_suffix,lexical
visionareg.com,vi,0.93,prefix_suffix,lexical
htksa.vip,vi,0.93,prefix_suffix,lexical
vip-500net.com,vi,0.93,prefix_suffix,lexical
vidmuse.link,vi,0.93,prefix_suffix,lexical
kontani.clinic,nic,0.93,prefix_suffix,lexical
r88u.vip,vi,0.93,prefix_suffix,lexical
r-visionphotographe.com,vi,0.93,prefix_suffix,lexical
853018955.xyz,bse,0.93,prefix_suffix,lexical
visionframe.online,vi,0.93,prefix_suffix,lexical
sbi-bank-alert.online,sbi,0.98,exact_label,lexical
viptopvip.xyz,vi,0.93,prefix_suffix,lexical
66870.vip,vi,0.93,prefix_suffix,lexical
videogamerenting.com,vi,0.93,prefix_suffix,lexical
bajje.vip,vi,0.93,prefix_suffix,lexical
vodka54c.net,sac,0.93,prefix_suffix,lexical
visringen.net,vi,0.93,prefix_suffix,lexical
nprubberwood.com,nic,0.93,prefix_suffix,lexical
h26vl.top,vi,0.93,prefix_suffix,lexical
bdg5.vip,vi,0.93,prefix_suffix,lexical
okbobobob.site,bob,0.93,prefix_suffix,lexical
myvirtualfrontdoor.com,vi,0.93,prefix_suffix,lexical
vinbel1ve2p1.icu,vi,0.93,prefix_suffix,lexical
icrnnnic.com,nic,0.93,prefix_suffix,lexical
viviri.xyz,vi,0.93,prefix_suffix,lexical
viteo.us,vi,0.93,prefix_suffix,lexical
navi.asia,vi,0.93,prefix_suffix,lexical
uyavovi.com,vi,0.93,prefix_suffix,lexical
visualcentral.com,vi,0.93,prefix_suffix,lexical
lrrxxa306.vip,vi,0.93,prefix_suffix,lexical
victlogist.online,vi,0.93,prefix_suffix,lexical
victoriavoyage.online,vi,0.93,prefix_suffix,lexical
pewnosccorebit-app.com,rebit,0.93,prefix_suffix,lexical
viala.us,vi,0.93,prefix_suffix,lexical
viperrr.site,vi,0.93,prefix_suffix,lexical
viviancarroll.com,vi,0.93,prefix_suffix,lexical
viewitall.com,vi,0.93,prefix_suffix,lexical
kirex.vip,vi,0.93,prefix_suffix,lexical
69-6.vip,vi,0.93,prefix_suffix,lexical
vitalspagutierrez.com,vi,0.93,prefix_suffix,lexical
biqoo213.vip,vi,0.93,prefix_suffix,lexical
nicollemodesto.com,nic,0.93,prefix_suffix,lexical
alphahk.vip,vi,0.93,prefix_suffix,lexical
x887.vip,vi,0.93,prefix_suffix,lexical
crb19.vip,vi,0.93,prefix_suffix,lexical
viddie.net,vi,0.93,prefix_suffix,lexical
betcio-zeusseo10.vip,vi,0.93,prefix_suffix,lexical
vire.fun,vi,0.93,prefix_suffix,lexical
victoriainnovationpetproducts.com,vi,0.93,prefix_suffix,lexical
charlesonic.com,nic,0.93,prefix_suffix,lexical
vios168.com,vi,0.93,prefix_suffix,lexical
sacredjourneyfamilyhealth.com,sac,0.93,prefix_suffix,lexical
navarrobob.com,bob,0.93,prefix_suffix,lexical
video4broadcast.com,vi,0.93,prefix_suffix,lexical
storyorganic.com,nic,0.93,prefix_suffix,lexical
xt04.vip,vi,0.93,prefix_suffix,lexical
nepcashback.vip,vi,0.93,prefix_suffix,lexical
vibestudiosa.com,vi,0.93,prefix_suffix,lexical
vliegticketshop.com,vi,0.93,prefix_suffix,lexical
victiqta.com,vi,0.93,prefix_suffix,lexical
expertise-estimation-violon.com,vi,0.93,prefix_suffix,lexical
289888.vip,vi,0.93,prefix_suffix,lexical
vitastore.us,vi,0.93,prefix_suffix,lexical
virtualgamepit.org,vi,0.93,prefix_suffix,lexical
y7124409.vip,vi,0.93,prefix_suffix,lexical
virtualunc.com,vi,0.93,prefix_suffix,lexical
98753.vip,vi,0.93,prefix_suffix,lexical
kakw75.vip,vi,0.93,prefix_suffix,lexical
didi51-t0381.vip,vi,0.93,prefix_suffix,lexical
vipking.travel,vi,0.93,prefix_suffix,lexical
elon-casino.vip,vi,0.93,prefix_suffix,lexical
odyaq.vip,vi,0.93,prefix_suffix,lexical
26124489.vip,vi,0.93,prefix_suffix,lexical
v18455.com,vi,0.93,prefix_suffix,lexical
y7124598.vip,vi,0.93,prefix_suffix,lexical
vinsdemaison.fr,vi,0.93,prefix_suffix,lexical
nicolalepori.com,nic,0.93,prefix_suffix,lexical
vistaceu.com,vi,0.93,prefix_suffix,lexical
vibraclear.com,vi,0.93,prefix_suffix,lexical
39015.vip,vi,0.93,prefix_suffix,lexical
531701.vip,vi,0.93,prefix_suffix,lexical
incometax.click,incometax,0.98,exact_label,lexical
livefitorganic.com,nic,0.93,prefix_suffix,lexical
nicl.us,nic,0.93,prefix_suffix,lexical
occams-tariffrecovery.com,cams,0.93,prefix_suffix,lexical
1088hg69.vip,vi,0.93,prefix_suffix,lexical
525948.vip,vi,0.93,prefix_suffix,lexical
bionic.solutions,nic,0.93,prefix_suffix,lexical
vipzebraai.com,vi,0.93,prefix_suffix,lexical
04579.vip,vi,0.93,prefix_suffix,lexical
sundance.vip,vi,0.93,prefix_suffix,lexical
phblaze.vip,vi,0.93,prefix_suffix,lexical
vitalchoicey.info,vi,0.93,prefix_suffix,lexical
sonic-svm.xyz,nic,0.93,prefix_suffix,lexical
mualikes.vip,vi,0.93,prefix_suffix,lexical
food-niche.shop,nic,0.93,prefix_suffix,lexical
hqxvi.observer,vi,0.93,prefix_suffix,lexical
maxima-clinic.ru,nic,0.93,prefix_suffix,lexical
violentlyassuringterrapin.living,vi,0.93,prefix_suffix,lexical
vns5555.vip,vi,0.93,prefix_suffix,lexical
www3318.vip,vi,0.93,prefix_suffix,lexical
vicharfoundation.in,vi,0.93,prefix_suffix,lexical
visittheupperpeninsula.com,vi,0.93,prefix_suffix,lexical
go88x.vip,vi,0.93,prefix_suffix,lexical
jcfwy.vip,vi,0.93,prefix_suffix,lexical
viiqowpopypamz.cyou,vi,0.93,prefix_suffix,lexical
villasatloverslane.com,vi,0.93,prefix_suffix,lexical
nicestock.online,nic,0.93,prefix_suffix,lexical
visper.us,vi,0.93,prefix_suffix,lexical
businessowner.vip,vi,0.93,prefix_suffix,lexical
visitcreativepinellas.com,vi,0.93,prefix_suffix,lexical
nickbuildsanything.com,nic,0.93,prefix_suffix,lexical
viiyh3cwnbw.com,vi,0.93,prefix_suffix,lexical
zxcao368.vip,vi,0.93,prefix_suffix,lexical
giris-2026jojobet.vip,vi,0.93,prefix_suffix,lexical
petruvi.com,vi,0.93,prefix_suffix,lexical
videospin.store,vi,0.93,prefix_suffix,lexical
vitalackenya.com,vi,0.93,prefix_suffix,lexical
26124573.vip,vi,0.93,prefix_suffix,lexical
niccfoundation.org,nic,0.93,prefix_suffix,lexical
5ac81.top,sac,0.93,prefix_suffix,lexical
ihbjn432.vip,vi,0.93,prefix_suffix,lexical
webdesignerbaroda.com,bob,0.93,prefix_suffix,lexical
axiswork-international.com,axis,0.93,prefix_suffix,lexical
vluye.com,vi,0.93,prefix_suffix,lexical
vipshoesshop.top,vi,0.93,prefix_suffix,lexical
vitaminpuppies.com,vi,0.93,prefix_suffix,lexical
axislaser.com,axis,0.93,prefix_suffix,lexical
sacacloud.com,sac,0.93,prefix_suffix,lexical
18980.vip,vi,0.93,prefix_suffix,lexical
vitaagriculture.com,vi,0.93,prefix_suffix,lexical
s1l0le.vip,vi,0.93,prefix_suffix,lexical
vietnamcargo.net,vi,0.93,prefix_suffix,lexical
stylemezivi.com,vi,0.93,prefix_suffix,lexical
visiobelle.com,vi,0.93,prefix_suffix,lexical
vilonarexo.shop,vi,0.93,prefix_suffix,lexical
vierkit.com,vi,0.93,prefix_suffix,lexical
bobykass.com,bob,0.93,prefix_suffix,lexical
grandtheifautovi.ru,vi,0.93,prefix_suffix,lexical
lehu-yy.vip,vi,0.93,prefix_suffix,lexical
fspwj.vip,vi,0.93,prefix_suffix,lexical
wazqa.vip,vi,0.93,prefix_suffix,lexical
mira-electronic.com,nic,0.93,prefix_suffix,lexical
pnclognqqi.vip,vi,0.93,prefix_suffix,lexical
vividh56.cfd,vi,0.93,prefix_suffix,lexical
nicejobs.online,nic,0.93,prefix_suffix,lexical
praxis-dr-kreisel.com,axis,0.93,prefix_suffix,lexical
eclipsengineer.online,eci,0.93,prefix_suffix,lexical
cyclenic.com,nic,0.93,prefix_suffix,lexical
581dt.top,sbi,0.93,prefix_suffix,lexical
marsbahisimyeniadresim.vip,vi,0.93,prefix_suffix,lexical
abhalb.biz,nha,0.93,prefix_suffix,lexical
toalha-pg.vip,vi,0.93,prefix_suffix,lexical
bobrelibre.net,bob,0.93,prefix_suffix,lexical
okrjvi.cn,vi,0.93,prefix_suffix,lexical
lode777be.vip,vi,0.93,prefix_suffix,lexical
chronic-rhinitis.top,nic,0.93,prefix_suffix,lexical
fehmo.vip,vi,0.93,prefix_suffix,lexical
sacramentoprays247.org,sac,0.93,prefix_suffix,lexical
villamage.com,vi,0.93,prefix_suffix,lexical
xt10.vip,vi,0.93,prefix_suffix,lexical
viagemvip.net,vi,0.93,prefix_suffix,lexical
virtualvideoglasses.com,vi,0.93,prefix_suffix,lexical
jayz.vip,vi,0.93,prefix_suffix,lexical
nxjbi.vip,vi,0.93,prefix_suffix,lexical
fintech-triple.com,kfintech,0.85,typo,lexical
vizyonsolarenerji.info,vi,0.93,prefix_suffix,lexical
virginvenue.com,vi,0.93,prefix_suffix,lexical
co999.vip,vi,0.93,prefix_suffix,lexical
vibespace.us,vi,0.93,prefix_suffix,lexical
mymonic.com,nic,0.93,prefix_suffix,lexical
thewilgersclinic.com,nic,0.93,prefix_suffix,lexical
virtual-iso.com,vi,0.93,prefix_suffix,lexical
vistapacifica.com,vi,0.93,prefix_suffix,lexical
abdsp.vip,vi,0.93,prefix_suffix,lexical
nynjo.vip,vi,0.93,prefix_suffix,lexical
vipking.shop,vi,0.93,prefix_suffix,lexical
didi51-t0367.vip,vi,0.93,prefix_suffix,lexical
nickboardman.com,nic,0.93,prefix_suffix,lexical
67468.vip,vi,0.93,prefix_suffix,lexical
vitoriapg77.com,vi,0.93,prefix_suffix,lexical
victorianicoleevents.com,vi,0.93,prefix_suffix,lexical
nhasachtienphong.com,nha,0.93,prefix_suffix,lexical
virovaliving.in,vi,0.93,prefix_suffix,lexical
visaslotcheck.com,vi,0.93,prefix_suffix,lexical
visitwylietexas.com,vi,0.93,prefix_suffix,lexical
vivelatourte.com,vi,0.93,prefix_suffix,lexical
vintagevault.life,vi,0.93,prefix_suffix,lexical
sanjoseintegratedclinic.com,nic,0.93,prefix_suffix,lexical
sacerto.net,sac,0.93,prefix_suffix,lexical
vivirenzuasti.com,vi,0.93,prefix_suffix,lexical
vibeoutphotobooths.com,vi,0.93,prefix_suffix,lexical
vibestec.online,vi,0.93,prefix_suffix,lexical
nicheservice.com,nic,0.93,prefix_suffix,lexical
jp77.vip,vi,0.93,prefix_suffix,lexical
taraftarium24-zeus100.vip,vi,0.93,prefix_suffix,lexical
vidhanvaani.online,vi,0.93,prefix_suffix,lexical
videoadslogic.com,vi,0.93,prefix_suffix,lexical
primetraders.vip,vi,0.93,prefix_suffix,lexical
sh-mechanic.com,nic,0.93,prefix_suffix,lexical
victoriaenglish.org,vi,0.93,prefix_suffix,lexical
xexiq.vip,vi,0.93,prefix_suffix,lexical
goilrs.space,iirs,0.93,prefix_suffix,lexical
victoryorreset.info,vi,0.93,prefix_suffix,lexical
vita-grass.ru,vi,0.93,prefix_suffix,lexical
vlonhl.com,vi,0.93,prefix_suffix,lexical
trxceleste-viewbox.app,vi,0.93,prefix_suffix,lexical
dsdhsdsj.vip,vi,0.93,prefix_suffix,lexical
vila88vila.com,vi,0.93,prefix_suffix,lexical
visionarybuildkon.com,vi,0.93,prefix_suffix,lexical
villalamasa.com,vi,0.93,prefix_suffix,lexical
vigsou.com,vi,0.93,prefix_suffix,lexical
villacolledeivigneti.com,vi,0.93,prefix_suffix,lexical
niceai.club,nic,0.93,prefix_suffix,lexical
vistazones.com,vi,0.93,prefix_suffix,lexical
curaskinclinic.com,nic,0.93,prefix_suffix,lexical
moro-vip.xyz,vi,0.93,prefix_suffix,lexical
superbaji-vip.net,vi,0.93,prefix_suffix,lexical
eghaz.vip,vi,0.93,prefix_suffix,lexical
nutregenic.com,nic,0.93,prefix_suffix,lexical
predawnmaxis.net,axis,0.93,prefix_suffix,lexical
ddvmfe.vip,vi,0.93,prefix_suffix,lexical
nicholenachreiner.com,nic,0.93,prefix_suffix,lexical
80357.vip,vi,0.93,prefix_suffix,lexical
91128853.cc,bse,0.93,prefix_suffix,lexical
mk-visuals.com,vi,0.93,prefix_suffix,lexical
praxis-kuhn.com,axis,0.93,prefix_suffix,lexical
saccic.com,sac,0.93,prefix_suffix,lexical
vip6188.asia,vi,0.93,prefix_suffix,lexical
didi51-t0329.vip,vi,0.93,prefix_suffix,lexical
68125.vip,vi,0.93,prefix_suffix,lexical
turkiye-girisimiz.vip,vi,0.93,prefix_suffix,lexical
i6tl1.vip,vi,0.93,prefix_suffix,lexical
videowall-kaufen.com,vi,0.93,prefix_suffix,lexical
thewaterfrontclinic.com,nic,0.93,prefix_suffix,lexical
qnrsc.com,nrsc,0.93,prefix_suffix,lexical
wingman.vip,vi,0.93,prefix_suffix,lexical
lanacarter.vip,vi,0.93,prefix_suffix,lexical
3154kp.vip,vi,0.93,prefix_suffix,lexical
v1k70r.com,vi,0.93,prefix_suffix,lexical
viewportconf.org,vi,0.93,prefix_suffix,lexical
42853.vip,bse,0.93,prefix_suffix,lexical
81804.vip,vi,0.93,prefix_suffix,lexical
bob-tw.com,bob,0.98,exact_label,lexical
y7123937.vip,vi,0.93,prefix_suffix,lexical
cxeet.vip,vi,0.93,prefix_suffix,lexical
9313ww.vip,vi,0.93,prefix_suffix,lexical
muiol.vip,vi,0.93,prefix_suffix,lexical
pusulabettr-giris.vip,vi,0.93,prefix_suffix,lexical
mybehavioralclinic.com,nic,0.93,prefix_suffix,lexical
infinitypro.vip,vi,0.93,prefix_suffix,lexical
dvzfl.vip,vi,0.93,prefix_suffix,lexical
vistagoodsllc.com,vi,0.93,prefix_suffix,lexical
andalusiaclinic.com,nic,0.93,prefix_suffix,lexical
akemy.vip,vi,0.93,prefix_suffix,lexical
nicoleschubert.com,nic,0.93,prefix_suffix,lexical
pxebn.vip,vi,0.93,prefix_suffix,lexical
vicinotiholidays.shop,vi,0.93,prefix_suffix,lexical
9595-aogl.vip,vi,0.93,prefix_suffix,lexical
ijnv1p2i3q0h0s2d5.vip,vi,0.93,prefix_suffix,lexical
vibesmedia.xyz,vi,0.93,prefix_suffix,lexical
bionic.vision,nic,0.93,prefix_suffix,lexical
thairo-via.com,vi,0.93,prefix_suffix,lexical
visitacuradorfinance.com,vi,0.93,prefix_suffix,lexical
hkhkn.vip,vi,0.93,prefix_suffix,lexical
yemak.vip,vi,0.93,prefix_suffix,lexical
bobrprib.online,bob,0.93,prefix_suffix,lexical
rlnbf.vip,vi,0.93,prefix_suffix,lexical
oktaxis.com,axis,0.93,prefix_suffix,lexical
viceroyfinance.com,vi,0.93,prefix_suffix,lexical
bdigb.vip,vi,0.93,prefix_suffix,lexical
vlzpk.online,vi,0.93,prefix_suffix,lexical
virtuallifeinsurance.com,vi,0.93,prefix_suffix,lexical
87492.vip,vi,0.93,prefix_suffix,lexical
vidacasal.space,vi,0.93,prefix_suffix,lexical
sacredspoken.com,sac,0.93,prefix_suffix,lexical
demsunwillshinezomwilldie.vip,vi,0.93,prefix_suffix,lexical
didi51-t0305.vip,vi,0.93,prefix_suffix,lexical
nicolezorkin.com,nic,0.93,prefix_suffix,lexical
videoscriptstudio.com,vi,0.93,prefix_suffix,lexical
vikll.com,vi,0.93,prefix_suffix,lexical
331803.vip,vi,0.93,prefix_suffix,lexical
ptaskd.vip,vi,0.93,prefix_suffix,lexical
aj-partirpg.vip,vi,0.93,prefix_suffix,lexical
viaartemimarlik.com,vi,0.93,prefix_suffix,lexical
flowaxis.info,axis,0.93,prefix_suffix,lexical
viaterroirs.com,vi,0.93,prefix_suffix,lexical
vincispin-casino.bet,vi,0.93,prefix_suffix,lexical
vip-zino.co.nl,vi,0.93,prefix_suffix,lexical
vivapayment.net,vi,0.93,prefix_suffix,lexical
h528q.vip,vi,0.93,prefix_suffix,lexical
acn68.vip,vi,0.93,prefix_suffix,lexical
26124415.vip,vi,0.93,prefix_suffix,lexical
y7124464.vip,vi,0.93,prefix_suffix,lexical
infiniti-of-springfield.com,icici,0.98,exact_label,lexical
vidcreator.net,vi,0.93,prefix_suffix,lexical
mryl642.vip,vi,0.93,prefix_suffix,lexical
06037.vip,vi,0.93,prefix_suffix,lexical
xiaochongdong.vip,vi,0.93,prefix_suffix,lexical
v12999.com,vi,0.93,prefix_suffix,lexical
stray-vistaproduction.com,vi,0.93,prefix_suffix,lexical
passport2pb.vip,vi,0.93,prefix_suffix,lexical
rapidinha.com,nha,0.93,prefix_suffix,lexical
mv-vip.com,vi,0.93,prefix_suffix,lexical
realatar.vip,vi,0.93,prefix_suffix,lexical
visionluckyonline.com,vi,0.93,prefix_suffix,lexical
vidishaaajtak.com,vi,0.93,prefix_suffix,lexical
nicohomelab.xyz,nic,0.93,prefix_suffix,lexical
yjcontact.vip,vi,0.93,prefix_suffix,lexical
virtualtouch.org,vi,0.93,prefix_suffix,lexical
y7124375.vip,vi,0.93,prefix_suffix,lexical
peptidesclinic.store,nic,0.93,prefix_suffix,lexical
vimjc.com,vi,0.93,prefix_suffix,lexical
virqen.com,vi,0.93,prefix_suffix,lexical
via-torino.com,vi,0.93,prefix_suffix,lexical
dnb88.vip,vi,0.93,prefix_suffix,lexical
c703.vip,vi,0.93,prefix_suffix,lexical
vitapureoficial.com,vi,0.93,prefix_suffix,lexical
jioawwyl.cc,jio,0.93,prefix_suffix,lexical
bobty045.vip,bob,0.93,prefix_suffix,lexical
vibecalculator.com,vi,0.93,prefix_suffix,lexical
26124440.vip,vi,0.93,prefix_suffix,lexical
v1phurak3d1r.biz,vi,0.93,prefix_suffix,lexical
hhxjql382.vip,vi,0.93,prefix_suffix,lexical
raidenv1.dev,vi,0.93,prefix_suffix,lexical
h96vl.top,vi,0.93,prefix_suffix,lexical
nhakhoasongphat.com,nha,0.93,prefix_suffix,lexical
slot8808.app,bob,0.93,prefix_suffix,lexical
th351.vip,vi,0.93,prefix_suffix,lexical
maltbahismobil2026.vip,vi,0.93,prefix_suffix,lexical
vippartytent.com,vi,0.93,prefix_suffix,lexical
tdcq123.vip,vi,0.93,prefix_suffix,lexical
zecoxinha.online,nha,0.93,prefix_suffix,lexical
vidifund.com,vi,0.93,prefix_suffix,lexical
t-visionfail.com,vi,0.93,prefix_suffix,lexical
645837.vip,vi,0.93,prefix_suffix,lexical
hnc-vertam.vip,vi,0.93,prefix_suffix,lexical
nicheapplab.com,nic,0.93,prefix_suffix,lexical
07469.vip,vi,0.93,prefix_suffix,lexical
sarion-nicole.com,nic,0.93,prefix_suffix,lexical
26124433.vip,vi,0.93,prefix_suffix,lexical
111bo72.vip,vi,0.93,prefix_suffix,lexical
76621.vip,vi,0.93,prefix_suffix,lexical
vip188wwn.live,vi,0.93,prefix_suffix,lexical
vingett-autobahn.site,vi,0.93,prefix_suffix,lexical
26rrxe.vip,vi,0.93,prefix_suffix,lexical
visionairerobotics.com,vi,0.93,prefix_suffix,lexical
viviendaparainvertir.click,vi,0.93,prefix_suffix,lexical
vinagreecologico.com,vi,0.93,prefix_suffix,lexical
virallinensovellus.com,vi,0.93,prefix_suffix,lexical
comfastsac.store,sac,0.93,prefix_suffix,lexical
banhmi.vip,vi,0.93,prefix_suffix,lexical
olavi.app,vi,0.93,prefix_suffix,lexical
kdase.vip,vi,0.93,prefix_suffix,lexical
villachirama.com,vi,0.93,prefix_suffix,lexical
vision88.com,vi,0.93,prefix_suffix,lexical
victoriacostumes.com,vi,0.93,prefix_suffix,lexical
rantd.vip,vi,0.93,prefix_suffix,lexical
vitaoptimum.com,vi,0.93,prefix_suffix,lexical
visionmarkets.com,vi,0.93,prefix_suffix,lexical
vintagefromtheheart.com,vi,0.93,prefix_suffix,lexical
viajesindaltour.site,vi,0.93,prefix_suffix,lexical
dinamobet-erisimadresitr.vip,vi,0.93,prefix_suffix,lexical
y7124365.vip,vi,0.93,prefix_suffix,lexical
paysagiste-viroflay.fr,vi,0.93,prefix_suffix,lexical
bl5555bl.com,sbi,0.93,prefix_suffix,lexical
lucilleclinic.com,nic,0.93,prefix_suffix,lexical
evribr.vip,vi,0.93,prefix_suffix,lexical
betebet-tr2026-girisresmi.vip,vi,0.93,prefix_suffix,lexical
dnzq9989.vip,vi,0.93,prefix_suffix,lexical
bobotron.com,bob,0.93,prefix_suffix,lexical
virginiabeachcharterbusservices.com,vi,0.93,prefix_suffix,lexical
vinelytix.online,vi,0.93,prefix_suffix,lexical
81472.vip,vi,0.93,prefix_suffix,lexical
83483.vip,vi,0.93,prefix_suffix,lexical
perfeitinha.com,nha,0.93,prefix_suffix,lexical
viva-productions.com,vi,0.93,prefix_suffix,lexical
viscoreacademy.com,vi,0.93,prefix_suffix,lexical
camstarz.shop,cams,0.93,prefix_suffix,lexical
y7124328.vip,vi,0.93,prefix_suffix,lexical
699cp.vip,vi,0.93,prefix_suffix,lexical
kubeprithvi.com,vi,0.93,prefix_suffix,lexical
victorycenterlv.com,vi,0.93,prefix_suffix,lexical
khlxo.vip,vi,0.93,prefix_suffix,lexical
vibeshopstores.com,vi,0.93,prefix_suffix,lexical
vidabonitacare.online,vi,0.93,prefix_suffix,lexical
vitalcafecoco.store,vi,0.93,prefix_suffix,lexical
26124373.vip,vi,0.93,prefix_suffix,lexical
cerberus28.vip,vi,0.93,prefix_suffix,lexical
vignette-toll.online,vi,0.93,prefix_suffix,lexical
techmanic.xyz,nic,0.93,prefix_suffix,lexical
peptidetherapy.vip,vi,0.93,prefix_suffix,lexical
vincomplatiform.com,vi,0.93,prefix_suffix,lexical
vinpro.fun,vi,0.93,prefix_suffix,lexical
jwaecsbl.sbs,sbi,0.93,prefix_suffix,lexical
swcaz.vip,vi,0.93,prefix_suffix,lexical
vibemarketing.blog,vi,0.93,prefix_suffix,lexical
lboza.vip,vi,0.93,prefix_suffix,lexical
vinhomes-haunghia.click,vi,0.93,prefix_suffix,lexical
viyashine.com,vi,0.93,prefix_suffix,lexical
axiskozmetik.com,axis,0.93,prefix_suffix,lexical
vikipacking.com,vi,0.93,prefix_suffix,lexical
mentapraxis.com,axis,0.93,prefix_suffix,lexical
victoryovercataracts.com,vi,0.93,prefix_suffix,lexical
yboutiqueci.com,eci,0.93,prefix_suffix,lexical
y7124496.vip,vi,0.93,prefix_suffix,lexical
exodus55.vip,vi,0.93,prefix_suffix,lexical
bedroom-villa-756996370.click,vi,0.93,prefix_suffix,lexical
t6v2.vip,vi,0.93,prefix_suffix,lexical
89975dsa78656.vip,vi,0.93,prefix_suffix,lexical
vimdance.ru,vi,0.93,prefix_suffix,lexical
landonweb.vip,vi,0.93,prefix_suffix,lexical
hosting-1.vip,vi,0.93,prefix_suffix,lexical
vidaconsentido.com.ar,vi,0.93,prefix_suffix,lexical
nhatkybep.com,nha,0.93,prefix_suffix,lexical
r7704.vip,vi,0.93,prefix_suffix,lexical
vip-king.xyz,vi,0.93,prefix_suffix,lexical
lhpedclinic.com.tw,nic,0.93,prefix_suffix,lexical
nicohall.com,nic,0.93,prefix_suffix,lexical
flash877.vip,vi,0.93,prefix_suffix,lexical
vipshop2021.store,vi,0.93,prefix_suffix,lexical
azerbaycan-virtual-kazino.click,vi,0.93,prefix_suffix,lexical
visitsneakers.com,vi,0.93,prefix_suffix,lexical
victori88.net,vi,0.93,prefix_suffix,lexical
vivienchao.com,vi,0.93,prefix_suffix,lexical
axistia.xyz,axis,0.93,prefix_suffix,lexical
dosig.vip,vi,0.93,prefix_suffix,lexical
sacredkeys.site,sac,0.93,prefix_suffix,lexical
bbiogardaulivi.com,vi,0.93,prefix_suffix,lexical
72729.vip,vi,0.93,prefix_suffix,lexical
0203com0410.vip,vi,0.93,prefix_suffix,lexical
vitonomi.net,vi,0.93,prefix_suffix,lexical
esxkq.vip,vi,0.93,prefix_suffix,lexical
nh4v6rhz9d8y1.xyz,nha,0.93,prefix_suffix,lexical
smokeshopsac.com,sac,0.93,prefix_suffix,lexical
pg88888.vip,vi,0.93,prefix_suffix,lexical
via-avignette.cam,vi,0.93,prefix_suffix,lexical
tjelectronic.com,nic,0.93,prefix_suffix,lexical
virtuallytruth.com,vi,0.93,prefix_suffix,lexical
cv-66.vip,vi,0.93,prefix_suffix,lexical
apvvz.vip,vi,0.93,prefix_suffix,lexical
vistacharterbusservices.com,vi,0.93,prefix_suffix,lexical
333det.vip,vi,0.93,prefix_suffix,lexical
39406.vip,vi,0.93,prefix_suffix,lexical
vimalrhajkumar.com,vi,0.93,prefix_suffix,lexical
a7ty53.vip,vi,0.93,prefix_suffix,lexical
nicholas-etienne.com,nic,0.93,prefix_suffix,lexical
852649.vip,vi,0.93,prefix_suffix,lexical
vijayaabhushanbhandar.com,vi,0.93,prefix_suffix,lexical
vitanada.com,vi,0.93,prefix_suffix,lexical
88977.vip,vi,0.93,prefix_suffix,lexical
virtualitylab.xyz,vi,0.93,prefix_suffix,lexical
victoriadessau.com,vi,0.93,prefix_suffix,lexical
ycb53.top,bse,0.93,prefix_suffix,lexical
obesityclinicindia.com,nic,0.93,prefix_suffix,lexical
khanaiep.vip,vi,0.93,prefix_suffix,lexical
95792.vip,vi,0.93,prefix_suffix,lexical
vihaanhospitalrewa.com,vi,0.93,prefix_suffix,lexical
didi51-t0349.vip,vi,0.93,prefix_suffix,lexical
viewversehub.com,vi,0.93,prefix_suffix,lexical
juaraslot.vip,vi,0.93,prefix_suffix,lexical
p1e3u.vip,vi,0.93,prefix_suffix,lexical
vioovogue.com,vi,0.93,prefix_suffix,lexical
pxgxb53.cn,bse,0.93,prefix_suffix,lexical
gaiabotanic.com,nic,0.93,prefix_suffix,lexical
bobgoertz.com,bob,0.93,prefix_suffix,lexical
vignon.pro,vi,0.93,prefix_suffix,lexical
jojo-adresgiris.vip,vi,0.93,prefix_suffix,lexical
laudos.clinic,nic,0.93,prefix_suffix,lexical
visithomi.com,vi,0.93,prefix_suffix,lexical
nwlgs.vip,vi,0.93,prefix_suffix,lexical
didi51-t0310.vip,vi,0.93,prefix_suffix,lexical
t-visioncomplaintcenter.com,vi,0.93,prefix_suffix,lexical
xpj999000.vip,vi,0.93,prefix_suffix,lexical
ht88799.vip,vi,0.93,prefix_suffix,lexical
blezgzbt.vip,vi,0.93,prefix_suffix,lexical
y88u.vip,vi,0.93,prefix_suffix,lexical
nickratliff.com,nic,0.93,prefix_suffix,lexical
nicacomer.com,nic,0.93,prefix_suffix,lexical
cxjyixbxdi.vip,vi,0.93,prefix_suffix,lexical
sacralsolstice.com,sac,0.93,prefix_suffix,lexical
hepsibahis-gir.vip,vi,0.93,prefix_suffix,lexical
visitwoxnadalen.com,vi,0.93,prefix_suffix,lexical
c783.vip,vi,0.93,prefix_suffix,lexical
vantclinic.com.br,nic,0.93,prefix_suffix,lexical
76616.vip,vi,0.93,prefix_suffix,lexical
vinayakgloballogistics.com,vi,0.93,prefix_suffix,lexical
buyokinawatonic.shop,nic,0.93,prefix_suffix,lexical
viktorfrankliran.org,vi,0.93,prefix_suffix,lexical
vicboraco.com,vi,0.93,prefix_suffix,lexical
videy.tel,vi,0.93,prefix_suffix,lexical
maisonmehre.vip,vi,0.93,prefix_suffix,lexical
26124532.vip,vi,0.93,prefix_suffix,lexical
fabulous-clinic.com,nic,0.93,prefix_suffix,lexical
cnsxei.vip,vi,0.93,prefix_suffix,lexical
bonuscenter.vip,vi,0.93,prefix_suffix,lexical
y7124381.vip,vi,0.93,prefix_suffix,lexical
cevrimsizbonus.vip,vi,0.93,prefix_suffix,lexical
hito1.vip,vi,0.93,prefix_suffix,lexical
sacclivoivodeheep.cfd,sac,0.93,prefix_suffix,lexical
vip555aikj.space,vi,0.93,prefix_suffix,lexical
yysmsbl.com,sbi,0.93,prefix_suffix,lexical
45301.vip,vi,0.93,prefix_suffix,lexical
vitasana.us,vi,0.93,prefix_suffix,lexical
1688887.vip,vi,0.93,prefix_suffix,lexical
522656.vip,vi,0.93,prefix_suffix,lexical
villadita.com,vi,0.93,prefix_suffix,lexical
vicibet.net.pl,vi,0.93,prefix_suffix,lexical
vitalityresidenz-innsbruck.com,vi,0.93,prefix_suffix,lexical
vlaamsecaviaclub.com,vi,0.93,prefix_suffix,lexical
virginiabeachcharterbus.com,vi,0.93,prefix_suffix,lexical
mvi.house,vi,0.93,prefix_suffix,lexical
vidoid.com,vi,0.93,prefix_suffix,lexical
26124404.vip,vi,0.93,prefix_suffix,lexical
vip-king.dev,vi,0.93,prefix_suffix,lexical
nicecalculators.com,nic,0.93,prefix_suffix,lexical
benecl.com,eci,0.93,prefix_suffix,lexical
vigyanshala.com,vi,0.93,prefix_suffix,lexical
grupoapcorpsac.com,sac,0.93,prefix_suffix,lexical
oweqe.vip,vi,0.93,prefix_suffix,lexical
victoragencyteams.com,vi,0.93,prefix_suffix,lexical
055216.vip,vi,0.93,prefix_suffix,lexical
korolekmoeilubvi.online,vi,0.93,prefix_suffix,lexical
newheightclinic.com,nic,0.93,prefix_suffix,lexical
pnclognqqv.vip,vi,0.93,prefix_suffix,lexical
vlim.website,vi,0.93,prefix_suffix,lexical
rd-j-bobgegw.top,bob,0.93,prefix_suffix,lexical
visitchubbuck.com,vi,0.93,prefix_suffix,lexical
nicsguide.com,nic,0.93,prefix_suffix,lexical
62774.vip,vi,0.93,prefix_suffix,lexical
vinaemureri.com,vi,0.93,prefix_suffix,lexical
viewviet.net,vi,0.93,prefix_suffix,lexical
ifp9gy.vip,vi,0.93,prefix_suffix,lexical
26124501.vip,vi,0.93,prefix_suffix,lexical
nicfixnow.com,nic,0.93,prefix_suffix,lexical
marsbahis-tekadresim.vip,vi,0.93,prefix_suffix,lexical
betzulamtr2026.vip,vi,0.93,prefix_suffix,lexical
beclub.vip,vi,0.93,prefix_suffix,lexical
senstroynextlvl.online,vi,0.93,prefix_suffix,lexical
vibecodingwc.com,vi,0.93,prefix_suffix,lexical
autojs.vip,vi,0.93,prefix_suffix,lexical
vidmuse.top,vi,0.93,prefix_suffix,lexical
videoyoutube.fun,vi,0.93,prefix_suffix,lexical
vibeify.fun,vi,0.93,prefix_suffix,lexical
mmaa064.vip,vi,0.93,prefix_suffix,lexical
virgusmail.ru,vi,0.93,prefix_suffix,lexical
oeuyn.vip,vi,0.93,prefix_suffix,lexical
vividphotoandvideo.com,vi,0.93,prefix_suffix,lexical
h89vl.top,vi,0.93,prefix_suffix,lexical
villageinthewoodsneighborhood.org,vi,0.93,prefix_suffix,lexical
vieclam.us,vi,0.93,prefix_suffix,lexical
visitandcheck.com,vi,0.93,prefix_suffix,lexical
dx408lgc54.vip,vi,0.93,prefix_suffix,lexical
vliip.com,vi,0.93,prefix_suffix,lexical
viainspireip.com,vi,0.93,prefix_suffix,lexical
u888uk.vip,vi,0.93,prefix_suffix,lexical
nickelium.com,nic,0.93,prefix_suffix,lexical
hpmus.vip,vi,0.93,prefix_suffix,lexical
vintnerfabricationsolutions.com,vi,0.93,prefix_suffix,lexical
bqfei.vip,vi,0.93,prefix_suffix,lexical
vlsmail.icu,vi,0.93,prefix_suffix,lexical
fst739.vip,vi,0.93,prefix_suffix,lexical
victoriasilvosa.com,vi,0.93,prefix_suffix,lexical
hg3968.vip,vi,0.93,prefix_suffix,lexical
vitafocusgotas.com.br,vi,0.93,prefix_suffix,lexical
bahiscasino-adresiorjinal.vip,vi,0.93,prefix_suffix,lexical
nprthwestpharmacy.com,nic,0.93,prefix_suffix,lexical
hjtne.vip,vi,0.93,prefix_suffix,lexical
boboma.com,bob,0.93,prefix_suffix,lexical
viralyse.net,vi,0.93,prefix_suffix,lexical
vinhome-globalgates.com,vi,0.93,prefix_suffix,lexical
vinsdetaradel.com,vi,0.93,prefix_suffix,lexical
518844.vip,vi,0.93,prefix_suffix,lexical
155888.vip,vi,0.93,prefix_suffix,lexical
26124544.vip,vi,0.93,prefix_suffix,lexical
revivalstonic.com,nic,0.93,prefix_suffix,lexical
vipblogger.com,vi,0.93,prefix_suffix,lexical
stray-vista.com,vi,0.93,prefix_suffix,lexical
vitaljxe.life,vi,0.93,prefix_suffix,lexical
qjntl.vip,vi,0.93,prefix_suffix,lexical
census2031.com,census,0.93,prefix_suffix,lexical
visioaeterna.net,vi,0.93,prefix_suffix,lexical
mogadororganic.com,nic,0.93,prefix_suffix,lexical
coconut-villa.com,vi,0.93,prefix_suffix,lexical
temcarbme.vip,vi,0.93,prefix_suffix,lexical
villaraton.com,vi,0.93,prefix_suffix,lexical
26124597.vip,vi,0.93,prefix_suffix,lexical
viskits.com,vi,0.93,prefix_suffix,lexical
849rr369.vip,vi,0.93,prefix_suffix,lexical
jiongjiongxia.com,jio,0.93,prefix_suffix,lexical
visphoria.com,vi,0.93,prefix_suffix,lexical
vgjogo.vip,vi,0.93,prefix_suffix,lexical
bsenger.com,bse,0.93,prefix_suffix,lexical
fabet.clinic,nic,0.93,prefix_suffix,lexical
enjoybet-dogrudur.vip,vi,0.93,prefix_suffix,lexical
betzula-resmi1.vip,vi,0.93,prefix_suffix,lexical
tmglvl.com,vi,0.93,prefix_suffix,lexical
vipcargoservices.com,vi,0.93,prefix_suffix,lexical
villey1.online,vi,0.93,prefix_suffix,lexical
cuppingtherapyclinic.com,nic,0.93,prefix_suffix,lexical
viaedenworld.com,vi,0.93,prefix_suffix,lexical
villadelsoul.com,vi,0.93,prefix_suffix,lexical
merivahan.in,parivahan,0.93,prefix_suffix,lexical
jwzxvl.com,vi,0.93,prefix_suffix,lexical
73421.vip,vi,0.93,prefix_suffix,lexical
virtualassetssupport.com,vi,0.93,prefix_suffix,lexical
vip66vn88.com,vi,0.93,prefix_suffix,lexical
nuvoclinic.com,nic,0.93,prefix_suffix,lexical
y7124317.vip,vi,0.93,prefix_suffix,lexical
5198-wris.vip,vi,0.93,prefix_suffix,lexical
vlpkdjw.forum,vi,0.93,prefix_suffix,lexical
visionofdance.com,vi,0.93,prefix_suffix,lexical
hstba352.vip,vi,0.93,prefix_suffix,lexical
vidafelizsayulita.com,vi,0.93,prefix_suffix,lexical
ssvpstdominic.com,nic,0.93,prefix_suffix,lexical
90462.vip,vi,0.93,prefix_suffix,lexical
k2jba0.vip,vi,0.93,prefix_suffix,lexical
weightlossmdclinic.com,nic,0.93,prefix_suffix,lexical
vinix88slot.net,vi,0.93,prefix_suffix,lexical
vic88.kim,vi,0.93,prefix_suffix,lexical
sacstatedesign.com,sac,0.93,prefix_suffix,lexical
cfdlegofjy.vip,vi,0.93,prefix_suffix,lexical
empowerbeauty.vip,vi,0.93,prefix_suffix,lexical
doramasnacozinha.shop,nha,0.93,prefix_suffix,lexical
vialr.app,vi,0.93,prefix_suffix,lexical
nlnivi.com,vi,0.93,prefix_suffix,lexical
vaultgenic.store,nic,0.93,prefix_suffix,lexical
videosou.com,vi,0.93,prefix_suffix,lexical
karnonic.com,nic,0.93,prefix_suffix,lexical
alpha-tonic.us,nic,0.93,prefix_suffix,lexical
vivamesh.com,vi,0.93,prefix_suffix,lexical
virginislandsdui.com,vi,0.93,prefix_suffix,lexical
virtualdiscover.com,vi,0.93,prefix_suffix,lexical
virtualdesktopsforadvisors.com,vi,0.93,prefix_suffix,lexical
slon--4at.vip,vi,0.93,prefix_suffix,lexical
sacrovertebral.com,sac,0.93,prefix_suffix,lexical
virtueldesktop.com,vi,0.93,prefix_suffix,lexical
hubsys-airtec.com,airtel,0.85,typo,lexical
sahabet-adresi.vip,vi,0.93,prefix_suffix,lexical
viniciuslemos.click,vi,0.93,prefix_suffix,lexical
666bet365.vip,vi,0.93,prefix_suffix,lexical
fortune-wins.vip,vi,0.93,prefix_suffix,lexical
vibe-shop-sa.com,vi,0.93,prefix_suffix,lexical
viatadestudent.net,vi,0.93,prefix_suffix,lexical
9596net.vip,vi,0.93,prefix_suffix,lexical
dfgj13.vip,vi,0.93,prefix_suffix,lexical
kulisbett-aktif.vip,vi,0.93,prefix_suffix,lexical
sibolesac.com,sac,0.93,prefix_suffix,lexical
vinhomes-longan.click,vi,0.93,prefix_suffix,lexical
wafqu.vip,vi,0.93,prefix_suffix,lexical
vipyoo.com,vi,0.93,prefix_suffix,lexical
visaliacnaclassroom.com,vi,0.93,prefix_suffix,lexical
mipde.vip,vi,0.93,prefix_suffix,lexical
t-visionbytmobile.com,vi,0.93,prefix_suffix,lexical
visitsandiegoca.com,vi,0.93,prefix_suffix,lexical
6298dh20.vip,vi,0.93,prefix_suffix,lexical
infinitipalooza.com,icici,0.93,prefix_suffix,lexical
enbet-orjinal-site.vip,vi,0.93,prefix_suffix,lexical
26124526.vip,vi,0.93,prefix_suffix,lexical
76635.vip,vi,0.93,prefix_suffix,lexical
belpxst.vip,vi,0.93,prefix_suffix,lexical
ft0rfk.vip,vi,0.93,prefix_suffix,lexical
comex1330.vip,vi,0.93,prefix_suffix,lexical
vine.zone,vi,0.93,prefix_suffix,lexical
neiro-vlanex.top,vi,0.93,prefix_suffix,lexical
marineparkmalta.vip,vi,0.93,prefix_suffix,lexical
y7124355.vip,vi,0.93,prefix_suffix,lexical
visionpowers.com,vi,0.93,prefix_suffix,lexical
38850.vip,vi,0.93,prefix_suffix,lexical
aresbetonline-giris.vip,vi,0.93,prefix_suffix,lexical
nickireed.xyz,nic,0.93,prefix_suffix,lexical
asplc394.vip,vi,0.93,prefix_suffix,lexical
849ww369.vip,vi,0.93,prefix_suffix,lexical
lapalma-villa.com,vi,0.93,prefix_suffix,lexical
ab72.vip,vi,0.93,prefix_suffix,lexical
mim88.vip,vi,0.93,prefix_suffix,lexical
41708.vip,vi,0.93,prefix_suffix,lexical
casino-vipzino.co.nl,vi,0.93,prefix_suffix,lexical
visualstaccato.com,vi,0.93,prefix_suffix,lexical
com-acax.vip,vi,0.93,prefix_suffix,lexical
maltepe-manken.vip,vi,0.93,prefix_suffix,lexical
klft14.vip,vi,0.93,prefix_suffix,lexical
convertibleinfiniti.com,icici,0.93,prefix_suffix,lexical
smmaxis.site,axis,0.93,prefix_suffix,lexical
98ab11.vip,vi,0.93,prefix_suffix,lexical
vivuvuive.io.vn,vi,0.93,prefix_suffix,lexical
vitaplus-life.com,vi,0.93,prefix_suffix,lexical
y7124518.vip,vi,0.93,prefix_suffix,lexical
viavitapk.com,vi,0.93,prefix_suffix,lexical
viciousworld.shop,vi,0.93,prefix_suffix,lexical
v1b5ix6k07av5ew.shop,vi,0.93,prefix_suffix,lexical
76568.vip,vi,0.93,prefix_suffix,lexical
32468.vip,vi,0.93,prefix_suffix,lexical
kapfd.vip,vi,0.93,prefix_suffix,lexical
moonlit-visuals.com,vi,0.93,prefix_suffix,lexical
virginlabs.com,vi,0.93,prefix_suffix,lexical
coacheblog.vip,vi,0.93,prefix_suffix,lexical
emqtpavi.xyz,vi,0.93,prefix_suffix,lexical
hi659.vip,vi,0.93,prefix_suffix,lexical
vider.us,vi,0.93,prefix_suffix,lexical
cti114.vip,vi,0.93,prefix_suffix,lexical
alobetklasplus.vip,vi,0.93,prefix_suffix,lexical
inovetix.vip,vi,0.93,prefix_suffix,lexical
rjfyd.vip,vi,0.93,prefix_suffix,lexical
locium.ai,iocl,0.93,prefix_suffix,lexical
nicheloancharge.com,nic,0.93,prefix_suffix,lexical
628pe.vip,vi,0.93,prefix_suffix,lexical
visionsandenterprisesllc.com,vi,0.93,prefix_suffix,lexical
75295.vip,vi,0.93,prefix_suffix,lexical
vitavixco.com,vi,0.93,prefix_suffix,lexical
jiobet24.com,jio,0.93,prefix_suffix,lexical
kewgardensclinic.info,nic,0.93,prefix_suffix,lexical
vivainfancia.shop,vi,0.93,prefix_suffix,lexical
nicheloantech.com,nic,0.93,prefix_suffix,lexical
viorjitu.online,vi,0.93,prefix_suffix,lexical
htjhg.vip,vi,0.93,prefix_suffix,lexical
viviendo.us,vi,0.93,prefix_suffix,lexical
yig2026.vip,vi,0.93,prefix_suffix,lexical
h2vl.top,vi,0.93,prefix_suffix,lexical
dinamobet-girisguncel.vip,vi,0.93,prefix_suffix,lexical
goldloop.vip,vi,0.93,prefix_suffix,lexical
nicke4837.top,nic,0.93,prefix_suffix,lexical
vinparadisespa.com,vi,0.93,prefix_suffix,lexical
adhara.xyz,uidai,0.93,prefix_suffix,lexical
vladimircherryphotography.com,vi,0.93,prefix_suffix,lexical
sacredglow.store,sac,0.93,prefix_suffix,lexical
vitalidadoidoaf.info,vi,0.93,prefix_suffix,lexical
viral265.org,vi,0.93,prefix_suffix,lexical
vinaykumarkeerthipati.online,vi,0.93,prefix_suffix,lexical
7qk-vip.net,vi,0.93,prefix_suffix,lexical
72386.vip,vi,0.93,prefix_suffix,lexical
y7124460.vip,vi,0.93,prefix_suffix,lexical
72068.vip,vi,0.93,prefix_suffix,lexical
nickalley.com,nic,0.93,prefix_suffix,lexical
779mx.vip,vi,0.93,prefix_suffix,lexical
fasthavaleyatirim.vip,vi,0.93,prefix_suffix,lexical
vizmatiq.com,vi,0.93,prefix_suffix,lexical
vinozio.com,vi,0.93,prefix_suffix,lexical
vipformals.com,vi,0.93,prefix_suffix,lexical
jdwpr.vip,vi,0.93,prefix_suffix,lexical
viproofrepair.com,vi,0.93,prefix_suffix,lexical
y7124403.vip,vi,0.93,prefix_suffix,lexical
hpsv1.sbs,vi,0.93,prefix_suffix,lexical
vipcat.com,vi,0.93,prefix_suffix,lexical
982545.vip,vi,0.93,prefix_suffix,lexical
sacredstrings.life,sac,0.93,prefix_suffix,lexical
qhc808.com,bob,0.93,prefix_suffix,lexical
sacred-moon-keepsakes.com,sac,0.93,prefix_suffix,lexical
vip-9yh.com,vi,0.93,prefix_suffix,lexical
vietnamlodge.com,vi,0.93,prefix_suffix,lexical
brefonaeu60ans.vip,vi,0.93,prefix_suffix,lexical
vins-steiner.com,vi,0.93,prefix_suffix,lexical
bailety111.vip,vi,0.93,prefix_suffix,lexical
y7124459.vip,vi,0.93,prefix_suffix,lexical
vividpartnerships.com,vi,0.93,prefix_suffix,lexical
stray-vistastudios.com,vi,0.93,prefix_suffix,lexical
gobel.vip,vi,0.93,prefix_suffix,lexical
crb25.vip,vi,0.93,prefix_suffix,lexical
334rr.vip,vi,0.93,prefix_suffix,lexical
lavagame168.vip,vi,0.93,prefix_suffix,lexical
com-wojad.vip,vi,0.93,prefix_suffix,lexical
viyohealcare.com,vi,0.93,prefix_suffix,lexical
853562.com,bse,0.93,prefix_suffix,lexical
bob-by.com,bob,0.98,exact_label,lexical
vitrinepriv.com.br,vi,0.93,prefix_suffix,lexical
vita-novytera.com,vi,0.93,prefix_suffix,lexical
didi51-t0340.vip,vi,0.93,prefix_suffix,lexical
vivano-london.com,vi,0.93,prefix_suffix,lexical
site-vitrine.site,vi,0.93,prefix_suffix,lexical
viratresidency.com,vi,0.93,prefix_suffix,lexical
visitvictoriavoyage.com,vi,0.93,prefix_suffix,lexical
515536.vip,vi,0.93,prefix_suffix,lexical
viudadedomingoperez.com,vi,0.93,prefix_suffix,lexical
vitalinkpro.com,vi,0.93,prefix_suffix,lexical
viciousworld.life,vi,0.93,prefix_suffix,lexical
vinsent.wine,vi,0.93,prefix_suffix,lexical
51309.vip,vi,0.93,prefix_suffix,lexical
t-visiondealers.com,vi,0.93,prefix_suffix,lexical
viaper.com.br,vi,0.93,prefix_suffix,lexical
h14vl.top,vi,0.93,prefix_suffix,lexical
rafaellucasbi.com,sbi,0.93,prefix_suffix,lexical
vintnertax.com,vi,0.93,prefix_suffix,lexical
vitashape.fr,vi,0.93,prefix_suffix,lexical
visionwithpratik.in,vi,0.93,prefix_suffix,lexical
fedexp.vip,vi,0.93,prefix_suffix,lexical
vitaminsyoucanfeel.com,vi,0.93,prefix_suffix,lexical
vitran.online,vi,0.93,prefix_suffix,lexical
vibetraveller.com,vi,0.93,prefix_suffix,lexical
svtdy.vip,vi,0.93,prefix_suffix,lexical
849yy677.vip,vi,0.93,prefix_suffix,lexical
76658.vip,vi,0.93,prefix_suffix,lexical
visitochorios.com,vi,0.93,prefix_suffix,lexical
y7124556.vip,vi,0.93,prefix_suffix,lexical
26124563.vip,vi,0.93,prefix_suffix,lexical
aprenda-a-virada.top,vi,0.93,prefix_suffix,lexical
infinitiofspringfieldsucks.com,icici,0.93,prefix_suffix,lexical
vickygroup.xyz,vi,0.93,prefix_suffix,lexical
nsrwd.vip,vi,0.93,prefix_suffix,lexical
betebetguncel01.vip,vi,0.93,prefix_suffix,lexical
pjbajio.com,jio,0.93,prefix_suffix,lexical
victoryworkscommercialcleaning.com,vi,0.93,prefix_suffix,lexical
amhte.vip,vi,0.93,prefix_suffix,lexical
wlvjdq312.vip,vi,0.93,prefix_suffix,lexical
ijzrk.vip,vi,0.93,prefix_suffix,lexical
vietnamvippro.com,vi,0.93,prefix_suffix,lexical
aak8.vip,vi,0.93,prefix_suffix,lexical
online-vip.online,vi,0.93,prefix_suffix,lexical
bionic.lawyer,nic,0.93,prefix_suffix,lexical
visit4967.com,vi,0.93,prefix_suffix,lexical
hy65118.vip,vi,0.93,prefix_suffix,lexical
depraxis.com,axis,0.93,prefix_suffix,lexical
sun-viewers.com,vi,0.93,prefix_suffix,lexical
videotaepzone.com,vi,0.93,prefix_suffix,lexical
pasacasinogirisim.vip,vi,0.93,prefix_suffix,lexical
live-bob.com,bob,0.98,exact_label,lexical
smcclinic.asia,nic,0.93,prefix_suffix,lexical
vibeons.shop,vi,0.93,prefix_suffix,lexical
pros-de-la-visibilite.fr,vi,0.93,prefix_suffix,lexical
lingmai.vip,vi,0.93,prefix_suffix,lexical
hiltonbetzvjann.vip,vi,0.93,prefix_suffix,lexical
vipdoginsurance.com,vi,0.93,prefix_suffix,lexical
abhayjaxen.shop,nha,0.93,prefix_suffix,lexical
vineandscript.com,vi,0.93,prefix_suffix,lexical
nicholeknightdesign.com,nic,0.93,prefix_suffix,lexical
777color81.com,rbi,0.93,prefix_suffix,lexical
t-visioncourtcases.com,vi,0.93,prefix_suffix,lexical
vital-immune.com,vi,0.93,prefix_suffix,lexical
jloe.xyz,jio,0.93,prefix_suffix,lexical
bobhildent.com,bob,0.93,prefix_suffix,lexical
loclist.online,iocl,0.93,prefix_suffix,lexical
onegold-vip.com,vi,0.93,prefix_suffix,lexical
axisweather.com,axis,0.93,prefix_suffix,lexical
villecroazia.com,vi,0.93,prefix_suffix,lexical
v15t.xyz,vi,0.93,prefix_suffix,lexical
sharingvideos.vip,vi,0.93,prefix_suffix,lexical
onjzg.vip,vi,0.93,prefix_suffix,lexical
eclipsehydromachinery.com,eci,0.93,prefix_suffix,lexical
vibestream.us,vi,0.93,prefix_suffix,lexical
kfinmart.cloud,kfintech,0.93,prefix_suffix,lexical
visitjc.com,vi,0.93,prefix_suffix,lexical
vidmuse.tech,vi,0.93,prefix_suffix,lexical
vistadentalspecialist.com,vi,0.93,prefix_suffix,lexical
storefb.vip,vi,0.93,prefix_suffix,lexical
videogameplaza.com,vi,0.93,prefix_suffix,lexical
76579.vip,vi,0.93,prefix_suffix,lexical
xujecx372.vip,vi,0.93,prefix_suffix,lexical
nicolettekoch.com,nic,0.93,prefix_suffix,lexical
orgimaluku.org,census,0.93,prefix_suffix,lexical
ztu88.vip,vi,0.93,prefix_suffix,lexical
i-conic-eg.com,nic,0.93,prefix_suffix,lexical
virtualvidhya.com,vi,0.93,prefix_suffix,lexical
atilganfiziktedavi.com,vi,0.93,prefix_suffix,lexical
myvidda.com,vi,0.93,prefix_suffix,lexical
visualizeitize.com,vi,0.93,prefix_suffix,lexical
myvintagehouse.com,vi,0.93,prefix_suffix,lexical
vipsmmservice.com,vi,0.93,prefix_suffix,lexical
bobmcintyre.com,bob,0.93,prefix_suffix,lexical
leczw.vip,vi,0.93,prefix_suffix,lexical
videogeneratorclaw.com,vi,0.93,prefix_suffix,lexical
vizunquest.com,vi,0.93,prefix_suffix,lexical
1token.vip,vi,0.93,prefix_suffix,lexical
dhanush-vijay.uk,vi,0.93,prefix_suffix,lexical
40694.vip,vi,0.93,prefix_suffix,lexical
gqlxi.vip,vi,0.93,prefix_suffix,lexical
villaviva-hamburg.com,vi,0.93,prefix_suffix,lexical
vivre-soi.org,vi,0.93,prefix_suffix,lexical
vidaemonda.shop,vi,0.93,prefix_suffix,lexical
71742.vip,vi,0.93,prefix_suffix,lexical
jlgj1581.top,sbi,0.93,prefix_suffix,lexical
axissynthforge.digital,axis,0.93,prefix_suffix,lexical
studiocorvi.net,vi,0.93,prefix_suffix,lexical
shucaibang.vip,vi,0.93,prefix_suffix,lexical
kopelman.vip,vi,0.93,prefix_suffix,lexical
evriaq.vip,vi,0.93,prefix_suffix,lexical
visionservice.us,vi,0.93,prefix_suffix,lexical
hy56525.vip,vi,0.93,prefix_suffix,lexical
theeyecareclinic.com,nic,0.93,prefix_suffix,lexical
ghfz8b.vip,vi,0.93,prefix_suffix,lexical
lunexor.vip,vi,0.93,prefix_suffix,lexical
h46vl.top,vi,0.93,prefix_suffix,lexical
vitessearnhem.com,vi,0.93,prefix_suffix,lexical
vistaprotechnologies.com,vi,0.93,prefix_suffix,lexical
nicoletbank.online,nic,0.93,prefix_suffix,lexical
dwarkesh.vip,vi,0.93,prefix_suffix,lexical
eclipse-sandbox.com,eci,0.93,prefix_suffix,lexical
vinahome.click,vi,0.93,prefix_suffix,lexical
bobet88a.com,bob,0.93,prefix_suffix,lexical
h55bl.top,sbi,0.93,prefix_suffix,lexical
visionaiengineering.com,vi,0.93,prefix_suffix,lexical
y419.vip,vi,0.93,prefix_suffix,lexical
vibenova.fr,vi,0.93,prefix_suffix,lexical
vinnailsnspa.com,vi,0.93,prefix_suffix,lexical
849ss577.vip,vi,0.93,prefix_suffix,lexical
viptesting.com,vi,0.93,prefix_suffix,lexical
evriwh.vip,vi,0.93,prefix_suffix,lexical
vibewrap.ai,vi,0.93,prefix_suffix,lexical
sperm-freezing-clinic-uae.sbs,nic,0.93,prefix_suffix,lexical
vianneypolard.com,vi,0.93,prefix_suffix,lexical
visitormanagementsystem.com,vi,0.93,prefix_suffix,lexical
vitaeglo.com,vi,0.93,prefix_suffix,lexical
pmupro.vip,vi,0.93,prefix_suffix,lexical
62414.vip,vi,0.93,prefix_suffix,lexical
nichiiko.com,nic,0.93,prefix_suffix,lexical
grams-vipclub.com,vi,0.93,prefix_suffix,lexical
115262.vip,vi,0.93,prefix_suffix,lexical
vipexpertensinistre.com,vi,0.93,prefix_suffix,lexical
yjpifa8.vip,vi,0.93,prefix_suffix,lexical
gunceladres-erisim2026.vip,vi,0.93,prefix_suffix,lexical
y7124536.vip,vi,0.93,prefix_suffix,lexical
xbaogpadm-pro.vip,vi,0.93,prefix_suffix,lexical
c726.vip,vi,0.93,prefix_suffix,lexical
kqjfmpxz.vip,vi,0.93,prefix_suffix,lexical
vlrywx.cfd,vi,0.93,prefix_suffix,lexical
6oqkv1.sbs,vi,0.93,prefix_suffix,lexical
dieci.us,eci,0.93,prefix_suffix,lexical
securyiourt.vip,vi,0.93,prefix_suffix,lexical
betnislivebahis.vip,vi,0.93,prefix_suffix,lexical
vinyl-casino-austria.com,vi,0.93,prefix_suffix,lexical
greenhouse-vibe.com,vi,0.93,prefix_suffix,lexical
khalilezzeddine.vip,vi,0.93,prefix_suffix,lexical
glowtonic.shop,nic,0.93,prefix_suffix,lexical
09596.vip,vi,0.93,prefix_suffix,lexical
budemekubisovi.net,vi,0.93,prefix_suffix,lexical
26124601.vip,vi,0.93,prefix_suffix,lexical
t-visionaction.com,vi,0.93,prefix_suffix,lexical
bpapy217.vip,vi,0.93,prefix_suffix,lexical
vietnamnet.live,vi,0.93,prefix_suffix,lexical
ginawap.vip,vi,0.93,prefix_suffix,lexical
bailety777.vip,vi,0.93,prefix_suffix,lexical
nhadatbienhoa.net,nha,0.93,prefix_suffix,lexical
communicolour.vip,vi,0.93,prefix_suffix,lexical
vieira432.com.br,vi,0.93,prefix_suffix,lexical
viptourgroup.com,vi,0.93,prefix_suffix,lexical
bnlc.shop,nic,0.93,prefix_suffix,lexical
dh968.vip,vi,0.93,prefix_suffix,lexical
dmncq.vip,vi,0.93,prefix_suffix,lexical
belvl.com,vi,0.93,prefix_suffix,lexical
vartovi.online,vi,0.93,prefix_suffix,lexical
rehabxavi.com,vi,0.93,prefix_suffix,lexical
26124460.vip,vi,0.93,prefix_suffix,lexical
26124457.vip,vi,0.93,prefix_suffix,lexical
77479.vip,vi,0.93,prefix_suffix,lexical
videodial.com,vi,0.93,prefix_suffix,lexical
g166.vip,vi,0.93,prefix_suffix,lexical
kyonpmu288.vip,vi,0.93,prefix_suffix,lexical
boboburp.com,bob,0.93,prefix_suffix,lexical
xpjav1.com,vi,0.93,prefix_suffix,lexical
y3559.vip,vi,0.93,prefix_suffix,lexical
420rr.vip,vi,0.93,prefix_suffix,lexical
vizcome.com,vi,0.93,prefix_suffix,lexical
vloerisolatielandsmeer.com,vi,0.93,prefix_suffix,lexical
coinlistsss.vip,vi,0.93,prefix_suffix,lexical
5817557.com,sbi,0.93,prefix_suffix,lexical
3apoker2.vip,vi,0.93,prefix_suffix,lexical
virtualslotsparty.org,vi,0.93,prefix_suffix,lexical
viafame.com,vi,0.93,prefix_suffix,lexical
visart61.ru,vi,0.93,prefix_suffix,lexical
10280259.vip,vi,0.93,prefix_suffix,lexical
aueet.vip,vi,0.93,prefix_suffix,lexical
vickiesnails.top,vi,0.93,prefix_suffix,lexical
yqypx.vip,vi,0.93,prefix_suffix,lexical
the-india-clinic.com,nic,0.93,prefix_suffix,lexical
jiiewjerjgfgf.vip,vi,0.93,prefix_suffix,lexical
viralsstories.com,vi,0.93,prefix_suffix,lexical
videoflips.com,vi,0.93,prefix_suffix,lexical
77299l.vip,vi,0.93,prefix_suffix,lexical
90179.vip,vi,0.93,prefix_suffix,lexical
ztu77.vip,vi,0.93,prefix_suffix,lexical
kurozavidovi.xyz,vi,0.93,prefix_suffix,lexical
virtualwellness360.com,vi,0.93,prefix_suffix,lexical
cerberus26.vip,vi,0.93,prefix_suffix,lexical
lymphtonic-en.us,nic,0.93,prefix_suffix,lexical
earthtonic.store,nic,0.93,prefix_suffix,lexical
vijayasekar.com,vi,0.93,prefix_suffix,lexical
viandclara.com,vi,0.93,prefix_suffix,lexical
lv777.vip,vi,0.93,prefix_suffix,lexical
virtualwhereverlight.site,vi,0.93,prefix_suffix,lexical
victoragencyincs.com,vi,0.93,prefix_suffix,lexical
videosvit.sbs,vi,0.93,prefix_suffix,lexical
acumengroup.vip,vi,0.93,prefix_suffix,lexical
zhwsbl.com,sbi,0.93,prefix_suffix,lexical
ctfokokkjb.vip,vi,0.93,prefix_suffix,lexical
2026jojobetgirisim.vip,vi,0.93,prefix_suffix,lexical
visitmissouricity.com,vi,0.93,prefix_suffix,lexical
virex-uae.store,vi,0.93,prefix_suffix,lexical
vilanygroup.com,vi,0.93,prefix_suffix,lexical
fcmxi.vip,vi,0.93,prefix_suffix,lexical
nickvanhooff.com,nic,0.93,prefix_suffix,lexical
lwaam.vip,vi,0.93,prefix_suffix,lexical
virtualsoftech.com,vi,0.93,prefix_suffix,lexical
axis.institute,axis,0.98,exact_label,lexical
nicolecarrascodigital.com,nic,0.93,prefix_suffix,lexical
bbetbd88.vip,vi,0.93,prefix_suffix,lexical
camstci.com,cams,0.93,prefix_suffix,lexical
5bluecrest.com,sbi,0.93,prefix_suffix,lexical
dildos-vibrators.com,vi,0.93,prefix_suffix,lexical
shbw.vip,vi,0.93,prefix_suffix,lexical
ngsbahisresmiadresi1.vip,vi,0.93,prefix_suffix,lexical
villabet78.net,vi,0.93,prefix_suffix,lexical
villas-roy.click,vi,0.93,prefix_suffix,lexical
hardmagicethnic.site,nic,0.93,prefix_suffix,lexical
vimrag.com,vi,0.93,prefix_suffix,lexical
mqtnl.vip,vi,0.93,prefix_suffix,lexical
viroxastyle.com,vi,0.93,prefix_suffix,lexical
vip-king.world,vi,0.93,prefix_suffix,lexical
viewplaintext.com,vi,0.93,prefix_suffix,lexical
pdigkzvl.xyz,vi,0.93,prefix_suffix,lexical
wlrng.vip,vi,0.93,prefix_suffix,lexical
pusulabet-yeni-tr.vip,vi,0.93,prefix_suffix,lexical
crisiscareclinic.com,nic,0.93,prefix_suffix,lexical
bobty2019.com,bob,0.93,prefix_suffix,lexical
26124555.vip,vi,0.93,prefix_suffix,lexical
videozoid.com,vi,0.93,prefix_suffix,lexical
26124372.vip,vi,0.93,prefix_suffix,lexical
nichollscardenas.com,nic,0.93,prefix_suffix,lexical
bpclinic.com,nic,0.93,prefix_suffix,lexical
villagetx.com,vi,0.93,prefix_suffix,lexical
fintorgi.pro,census,0.93,prefix_suffix,lexical
vipehype.com,vi,0.93,prefix_suffix,lexical
vikendi.com,vi,0.93,prefix_suffix,lexical
cloudpawsclinic.online,nic,0.93,prefix_suffix,lexical
y7124382.vip,vi,0.93,prefix_suffix,lexical
qdckv.vip,vi,0.93,prefix_suffix,lexical
29396.vip,vi,0.93,prefix_suffix,lexical
76611.vip,vi,0.93,prefix_suffix,lexical
executegea.vip,vi,0.93,prefix_suffix,lexical
vibratv.click,vi,0.93,prefix_suffix,lexical
vitalize.community,vi,0.93,prefix_suffix,lexical
7day66.vip,vi,0.93,prefix_suffix,lexical
free-vidz.com,vi,0.93,prefix_suffix,lexical
34000404ypwtozw808.top,bob,0.93,prefix_suffix,lexical
103103.vip,vi,0.93,prefix_suffix,lexical
775652.vip,vi,0.93,prefix_suffix,lexical
33374.vip,vi,0.93,prefix_suffix,lexical
vial-plomberie-chauffage.com,vi,0.93,prefix_suffix,lexical
cewmx.vip,vi,0.93,prefix_suffix,lexical
cg222.vip,vi,0.93,prefix_suffix,lexical
vijienenterprises.com,vi,0.93,prefix_suffix,lexical
infinitimarin.com,icici,0.93,prefix_suffix,lexical
y7124524.vip,vi,0.93,prefix_suffix,lexical
tropienergy.vip,vi,0.93,prefix_suffix,lexical
vitamcar.pl,vi,0.93,prefix_suffix,lexical
visittoday.com,vi,0.93,prefix_suffix,lexical
healincare.vip,vi,0.93,prefix_suffix,lexical
visionlis.com.ar,vi,0.93,prefix_suffix,lexical
djty24.vip,vi,0.93,prefix_suffix,lexical
80443.vip,vi,0.93,prefix_suffix,lexical
seniorvitta.vip,vi,0.93,prefix_suffix,lexical
y7124438.vip,vi,0.93,prefix_suffix,lexical
talentcams.live,cams,0.93,prefix_suffix,lexical
palacebet-ogiriss.vip,vi,0.93,prefix_suffix,lexical
aisiy.vip,vi,0.93,prefix_suffix,lexical
766678.vip,vi,0.93,prefix_suffix,lexical
26124539.vip,vi,0.93,prefix_suffix,lexical
sachsen.fun,sac,0.93,prefix_suffix,lexical
zdxxv.vip,vi,0.93,prefix_suffix,lexical
herndon.vip,vi,0.93,prefix_suffix,lexical
didi51-t0328.vip,vi,0.93,prefix_suffix,lexical
nicolerebentisch.com,nic,0.93,prefix_suffix,lexical
vignoblepineau.fr,vi,0.93,prefix_suffix,lexical
villawhitepearlbali.com,vi,0.93,prefix_suffix,lexical
pxj666.vip,vi,0.93,prefix_suffix,lexical
vincomelevate.com,vi,0.93,prefix_suffix,lexical
acfashionpr.com,nic,0.93,prefix_suffix,lexical
fuphj.vip,vi,0.93,prefix_suffix,lexical
finessa.vip,vi,0.93,prefix_suffix,lexical
comecom.vip,vi,0.93,prefix_suffix,lexical
18330.vip,vi,0.93,prefix_suffix,lexical
vipcarseminuevos.com,vi,0.93,prefix_suffix,lexical
50483.vip,vi,0.93,prefix_suffix,lexical
idxdx.vip,vi,0.93,prefix_suffix,lexical
ky558021.vip,vi,0.93,prefix_suffix,lexical
vikup-avto.pro,vi,0.93,prefix_suffix,lexical
betvn15.vip,vi,0.93,prefix_suffix,lexical
boborealty.com,bob,0.93,prefix_suffix,lexical
btcfutures.vip,vi,0.93,prefix_suffix,lexical
qyc25.vip,vi,0.93,prefix_suffix,lexical
yeniwipbet.vip,vi,0.93,prefix_suffix,lexical
betvn666.vip,vi,0.93,prefix_suffix,lexical
ndjansj244ss.vip,vi,0.93,prefix_suffix,lexical
0009tv5yq33i.vip,vi,0.93,prefix_suffix,lexical
oqure.vip,vi,0.93,prefix_suffix,lexical
308619.vip,vi,0.93,prefix_suffix,lexical
vitalitylife.us,vi,0.93,prefix_suffix,lexical
7lionspinus33.vip,vi,0.93,prefix_suffix,lexical
nhanxu.sale,nha,0.93,prefix_suffix,lexical
viramont.com,vi,0.93,prefix_suffix,lexical
26124484.vip,vi,0.93,prefix_suffix,lexical
ddfkl.vip,vi,0.93,prefix_suffix,lexical
725853.com,bse,0.93,prefix_suffix,lexical
aqrdt.vip,vi,0.93,prefix_suffix,lexical
victoriaparkerboutique.com,vi,0.93,prefix_suffix,lexical
5550853.com,bse,0.93,prefix_suffix,lexical
visualprofilepro.com,vi,0.93,prefix_suffix,lexical
vibeunicorn.com,vi,0.93,prefix_suffix,lexical
vibratemotor.com,vi,0.93,prefix_suffix,lexical
38999001.vip,vi,0.93,prefix_suffix,lexical
3637a2.vip,vi,0.93,prefix_suffix,lexical
vistalaptop.com,vi,0.93,prefix_suffix,lexical
whstasap.vip,vi,0.93,prefix_suffix,lexical
y7124477.vip,vi,0.93,prefix_suffix,lexical
vicomarket.com,vi,0.93,prefix_suffix,lexical
virtuouscloset.store,vi,0.93,prefix_suffix,lexical
y7124326.vip,vi,0.93,prefix_suffix,lexical
26124445.vip,vi,0.93,prefix_suffix,lexical
vicvirtue.com,vi,0.93,prefix_suffix,lexical
videoys.com,vi,0.93,prefix_suffix,lexical
vitscert.com,vi,0.93,prefix_suffix,lexical
violetsandmagnolias.com,vi,0.93,prefix_suffix,lexical
hpkcw.vip,vi,0.93,prefix_suffix,lexical
cerberus10.vip,vi,0.93,prefix_suffix,lexical
viralijo.com,vi,0.93,prefix_suffix,lexical
rahyagclinic.vip,nic,0.93,prefix_suffix,lexical
vittaconcierge.com.br,vi,0.93,prefix_suffix,lexical
bobaartist.com,bob,0.93,prefix_suffix,lexical
celtabet-resmigirisiniz.vip,vi,0.93,prefix_suffix,lexical
875757.vip,vi,0.93,prefix_suffix,lexical
nicholaswindsorhoward.com,nic,0.93,prefix_suffix,lexical
viamontpartners.org,vi,0.93,prefix_suffix,lexical
casamanceorganic.org,nic,0.93,prefix_suffix,lexical
trendbet-hizliadres.vip,vi,0.93,prefix_suffix,lexical
xcb08.com,bob,0.93,prefix_suffix,lexical
allinthailand.vip,vi,0.93,prefix_suffix,lexical
nickatechmedia.com,nic,0.93,prefix_suffix,lexical
26124307.vip,vi,0.93,prefix_suffix,lexical
lvs292.vip,vi,0.93,prefix_suffix,lexical
vip-app.app,vi,0.93,prefix_suffix,lexical
victorgafaro.com,vi,0.93,prefix_suffix,lexical
yd33536.vip,vi,0.93,prefix_suffix,lexical
mg4152.vip,vi,0.93,prefix_suffix,lexical
512hb.vip,vi,0.93,prefix_suffix,lexical
mmcmm.vip,vi,0.93,prefix_suffix,lexical
videomixproservicios.com,vi,0.93,prefix_suffix,lexical
skorbi.com,rbi,0.93,prefix_suffix,lexical
bsp4.vip,vi,0.93,prefix_suffix,lexical
zbwla.vip,vi,0.93,prefix_suffix,lexical
vincelive.com,vi,0.93,prefix_suffix,lexical
visiblelocal-pro.com,vi,0.93,prefix_suffix,lexical
6jyji0.shop,jio,0.93,prefix_suffix,lexical
indexclinic.clinic,nic,0.93,prefix_suffix,lexical
azuremichamvi.com,vi,0.93,prefix_suffix,lexical
visionaryx.art,vi,0.93,prefix_suffix,lexical
viewsanta.com,vi,0.93,prefix_suffix,lexical
photonic-codes.com,nic,0.93,prefix_suffix,lexical
bobefford.com,bob,0.93,prefix_suffix,lexical
ameliedionnecharest.vip,vi,0.93,prefix_suffix,lexical
woyec.vip,vi,0.93,prefix_suffix,lexical
akhilpanvi.com,vi,0.93,prefix_suffix,lexical
vietnampicturebookfestival.com,vi,0.93,prefix_suffix,lexical
vistasocialhub.com,vi,0.93,prefix_suffix,lexical
nickelwiremesh.com,nic,0.93,prefix_suffix,lexical
crickfy.vip,vi,0.93,prefix_suffix,lexical
65707.vip,vi,0.93,prefix_suffix,lexical
vpffp.vip,vi,0.93,prefix_suffix,lexical
victora.vip,vi,0.93,prefix_suffix,lexical
vizadapt.com,vi,0.93,prefix_suffix,lexical
y7124450.vip,vi,0.93,prefix_suffix,lexical
sachpulse.com,sac,0.93,prefix_suffix,lexical
vibtech.us,vi,0.93,prefix_suffix,lexical
abhaywebstudio.in,nha,0.93,prefix_suffix,lexical
sueyi.vip,vi,0.93,prefix_suffix,lexical
26124593.vip,vi,0.93,prefix_suffix,lexical
viveros-orero.com,vi,0.93,prefix_suffix,lexical
sisli-istan.vip,vi,0.93,prefix_suffix,lexical
makovey-clinic.store,nic,0.93,prefix_suffix,lexical
nicolechetwynd.com,nic,0.93,prefix_suffix,lexical
vivaslot123.com,vi,0.93,prefix_suffix,lexical
jeetbaz-vip.org,vi,0.93,prefix_suffix,lexical
thescreenclinic.com,nic,0.93,prefix_suffix,lexical
pwwgg.vip,vi,0.93,prefix_suffix,lexical
vitus4u.com,vi,0.93,prefix_suffix,lexical
oleic.vip,vi,0.93,prefix_suffix,lexical
bobro.club,bob,0.93,prefix_suffix,lexical
nicol.ooo,nic,0.93,prefix_suffix,lexical
victoriafarashadance.com,vi,0.93,prefix_suffix,lexical
btcbull.vip,vi,0.93,prefix_suffix,lexical
vitapetcare.com,vi,0.93,prefix_suffix,lexical
vincentfordesign.com,vi,0.93,prefix_suffix,lexical
looponic.com,nic,0.93,prefix_suffix,lexical
advi-factory.com,vi,0.93,prefix_suffix,lexical
thaijin.vip,vi,0.93,prefix_suffix,lexical
camserasistemleri.com,cams,0.93,prefix_suffix,lexical
vihgroup.info,vi,0.93,prefix_suffix,lexical
hteiz.vip,vi,0.93,prefix_suffix,lexical
vintagewagonsniagara.com,vi,0.93,prefix_suffix,lexical
toroia.vip,vi,0.93,prefix_suffix,lexical
vittorio.fun,vi,0.93,prefix_suffix,lexical
bro138-levi.xyz,vi,0.93,prefix_suffix,lexical
dwmjdnb808.top,bob,0.93,prefix_suffix,lexical
nicoleanderson.online,nic,0.93,prefix_suffix,lexical
hightimetonic.com,nic,0.93,prefix_suffix,lexical
nicknyambok.com,nic,0.93,prefix_suffix,lexical
rtxwn408.vip,vi,0.93,prefix_suffix,lexical
viraml366.top,vi,0.93,prefix_suffix,lexical
gdstz.vip,vi,0.93,prefix_suffix,lexical
624pe.vip,vi,0.93,prefix_suffix,lexical
7777qp.vip,vi,0.93,prefix_suffix,lexical
32fx27.vip,vi,0.93,prefix_suffix,lexical
vip1404.sbs,vi,0.93,prefix_suffix,lexical
academy-clinic.com,nic,0.93,prefix_suffix,lexical
t-visionhomesucks.com,vi,0.93,prefix_suffix,lexical
axisconstellation.com,axis,0.93,prefix_suffix,lexical
nexus81.co.nz,sbi,0.93,prefix_suffix,lexical
hamidhajavi.online,vi,0.93,prefix_suffix,lexical
80759.vip,vi,0.93,prefix_suffix,lexical
jcnax.vip,vi,0.93,prefix_suffix,lexical
77934.vip,vi,0.93,prefix_suffix,lexical
688score.vip,vi,0.93,prefix_suffix,lexical
h72vl.top,vi,0.93,prefix_suffix,lexical
26124304.vip,vi,0.93,prefix_suffix,lexical
virec-platform.com,vi,0.93,prefix_suffix,lexical
626812.vip,vi,0.93,prefix_suffix,lexical
nhahockey.com,nha,0.93,prefix_suffix,lexical
viij.shop,vi,0.93,prefix_suffix,lexical
viloraai.com,vi,0.93,prefix_suffix,lexical
sndregenic.com,nic,0.93,prefix_suffix,lexical
ecoaxis.net.br,axis,0.93,prefix_suffix,lexical
aatgt08.vip,vi,0.93,prefix_suffix,lexical
virtue-n-vice.com,vi,0.93,prefix_suffix,lexical
xn--nushayaynevi-84b.com,vi,0.93,prefix_suffix,lexical
agavehomeloans.org,sbi,0.93,prefix_suffix,lexical
viceautoscam.com,vi,0.93,prefix_suffix,lexical
queenelouise-vlujwmd.work,vi,0.93,prefix_suffix,lexical
trend-gunceladresim.vip,vi,0.93,prefix_suffix,lexical
vividlivingspaces.com,vi,0.93,prefix_suffix,lexical
vieeh.org,vi,0.93,prefix_suffix,lexical
66kydh2.vip,vi,0.93,prefix_suffix,lexical
ideworld.vip,vi,0.93,prefix_suffix,lexical
08771.vip,vi,0.93,prefix_suffix,lexical
gr-cvl.icu,vi,0.93,prefix_suffix,lexical
03139.vip,vi,0.93,prefix_suffix,lexical
vl-dc.com,vi,0.98,exact_label,lexical
nicehappiness.com,nic,0.93,prefix_suffix,lexical
vipvvv.fun,vi,0.93,prefix_suffix,lexical
araxis.world,axis,0.93,prefix_suffix,lexical
t-visionnow.com,vi,0.93,prefix_suffix,lexical
knowclinic.com,nic,0.93,prefix_suffix,lexical
14347.vip,vi,0.93,prefix_suffix,lexical
visitgamra.com,vi,0.93,prefix_suffix,lexical
26124477.vip,vi,0.93,prefix_suffix,lexical
26124338.vip,vi,0.93,prefix_suffix,lexical
virtcast.com,vi,0.93,prefix_suffix,lexical
vistagram.app,vi,0.93,prefix_suffix,lexical
ht44xz716.vip,vi,0.93,prefix_suffix,lexical
bull168.vip,vi,0.93,prefix_suffix,lexical
vivipermoda.shop,vi,0.93,prefix_suffix,lexical
y7124441.vip,vi,0.93,prefix_suffix,lexical
rzjsvi.com,vi,0.93,prefix_suffix,lexical
30608.vip,vi,0.93,prefix_suffix,lexical
pinup-0ffciv1.buzz,vi,0.93,prefix_suffix,lexical
limestonecl.com,eci,0.93,prefix_suffix,lexical
victorianailswaxlashes.com,vi,0.93,prefix_suffix,lexical
vitaminbaskets.com,vi,0.93,prefix_suffix,lexical
wirelesstechvi.com,vi,0.93,prefix_suffix,lexical
victoryforthepeople.com,vi,0.93,prefix_suffix,lexical
vikingenergy.shop,vi,0.93,prefix_suffix,lexical
copyjvi.com,vi,0.93,prefix_suffix,lexical
videogamecontrollers.com,vi,0.93,prefix_suffix,lexical
villajvd.com,vi,0.93,prefix_suffix,lexical
visibilityreport.co,vi,0.93,prefix_suffix,lexical
onekey555.vip,vi,0.93,prefix_suffix,lexical
ahsoruaovi.top,vi,0.93,prefix_suffix,lexical
vivaspincasino.co.uk,vi,0.93,prefix_suffix,lexical
7kslots.vip,vi,0.93,prefix_suffix,lexical
viyozaactive.net,vi,0.93,prefix_suffix,lexical
hmcxvbeftw78.vip,vi,0.93,prefix_suffix,lexical
avuclinic.com,nic,0.93,prefix_suffix,lexical
7htxsb.vip,vi,0.93,prefix_suffix,lexical
super-vibes.xyz,vi,0.93,prefix_suffix,lexical
777abelha08.vip,vi,0.93,prefix_suffix,lexical
vilius.us,vi,0.93,prefix_suffix,lexical
virusbb.com,vi,0.93,prefix_suffix,lexical
virtuallpro.org,vi,0.93,prefix_suffix,lexical
victorellaaccesorios.com,vi,0.93,prefix_suffix,lexical
kralbetin2026giris.vip,vi,0.93,prefix_suffix,lexical
viotech-labs.com,vi,0.93,prefix_suffix,lexical
visualperformanceanalysis.com,vi,0.93,prefix_suffix,lexical
vlackon.com,vi,0.93,prefix_suffix,lexical
praxis.africa,axis,0.93,prefix_suffix,lexical
badoosertifikasyon.vip,vi,0.93,prefix_suffix,lexical
cdn-vload.site,vi,0.93,prefix_suffix,lexical
vibebrutal.site,vi,0.93,prefix_suffix,lexical
vitalcorewellness.store,vi,0.93,prefix_suffix,lexical
y7124369.vip,vi,0.93,prefix_suffix,lexical
dnzum.vip,vi,0.93,prefix_suffix,lexical
lrfgu1007.vip,vi,0.93,prefix_suffix,lexical
bobfieldsaerocessories.com,bob,0.93,prefix_suffix,lexical
bobandedovic.org,bob,0.93,prefix_suffix,lexical
90827.vip,vi,0.93,prefix_suffix,lexical
visionfilmsproductions.com,vi,0.93,prefix_suffix,lexical
vistasolarracing.com,vi,0.93,prefix_suffix,lexical
didi51-t0334.vip,vi,0.93,prefix_suffix,lexical
betplay-canlidir2026.vip,vi,0.93,prefix_suffix,lexical
v1010.net,vi,0.93,prefix_suffix,lexical
sachamaquinariadehosteleria.com,sac,0.93,prefix_suffix,lexical
pusuladresgirisi.vip,vi,0.93,prefix_suffix,lexical
vindexar.com,vi,0.93,prefix_suffix,lexical
uooyx.vip,vi,0.93,prefix_suffix,lexical
72425.vip,vi,0.93,prefix_suffix,lexical
vitaminflex.com,vi,0.93,prefix_suffix,lexical
nicoleweber.shop,nic,0.93,prefix_suffix,lexical
meybet-orjinal-site.vip,vi,0.93,prefix_suffix,lexical
tulipbetyakala.vip,vi,0.93,prefix_suffix,lexical
vivida09.cfd,vi,0.93,prefix_suffix,lexical
capefearcronic.com,nic,0.93,prefix_suffix,lexical
virtualcasinonews.com,vi,0.93,prefix_suffix,lexical
vipcenter.us,vi,0.93,prefix_suffix,lexical
dewi888.vip,vi,0.93,prefix_suffix,lexical
vintary.top,vi,0.93,prefix_suffix,lexical
vidoxi.com,vi,0.93,prefix_suffix,lexical
fanatic135.vip,vi,0.93,prefix_suffix,lexical
vistaimmobiliare.com,vi,0.93,prefix_suffix,lexical
visionplay.us,vi,0.93,prefix_suffix,lexical
7q52m0.vip,vi,0.93,prefix_suffix,lexical
attorney-virginia.com,vi,0.93,prefix_suffix,lexical
vivicks.store,vi,0.93,prefix_suffix,lexical
virrae.top,vi,0.93,prefix_suffix,lexical
vibejam.tech,vi,0.93,prefix_suffix,lexical
vital-way.top,vi,0.93,prefix_suffix,lexical
017bb.vip,vi,0.93,prefix_suffix,lexical
vincedigital.com,vi,0.93,prefix_suffix,lexical
takatoclinic.com,nic,0.93,prefix_suffix,lexical
sbi-fraud.com,sbi,0.98,exact_label,lexical
viralblock.xyz,vi,0.93,prefix_suffix,lexical
viniciusaraujova.com,vi,0.93,prefix_suffix,lexical
pirayehuzurevi.com,vi,0.93,prefix_suffix,lexical
vitalessencew.info,vi,0.93,prefix_suffix,lexical
vitacuff.com,vi,0.93,prefix_suffix,lexical
vsagency-visibilite.shop,vi,0.93,prefix_suffix,lexical
vismaec.com,vi,0.93,prefix_suffix,lexical
visual-robot.com,vi,0.93,prefix_suffix,lexical
axissa.fr,axis,0.93,prefix_suffix,lexical
nickelate.xyz,nic,0.93,prefix_suffix,lexical
shiquanjun.vip,vi,0.93,prefix_suffix,lexical
sacredbridge.com,sac,0.93,prefix_suffix,lexical
vihangaaviation.com,vi,0.93,prefix_suffix,lexical
vipsweden.vip,vi,0.93,prefix_suffix,lexical
vitaco.us,vi,0.93,prefix_suffix,lexical
vintagehickorygolftournaments.com,vi,0.93,prefix_suffix,lexical
fidelity-msg.vip,vi,0.93,prefix_suffix,lexical
46603.vip,vi,0.93,prefix_suffix,lexical
tronic-repair.com,nic,0.93,prefix_suffix,lexical
celtabet-orjinal-site.vip,vi,0.93,prefix_suffix,lexical
mrperps.vip,vi,0.93,prefix_suffix,lexical
qichuanpr.com,nic,0.93,prefix_suffix,lexical
bahiscasino-tek.vip,vi,0.93,prefix_suffix,lexical
ailearningpath.vip,vi,0.93,prefix_suffix,lexical
nhatvip.soccer,nha,0.93,prefix_suffix,lexical
vivivi.app,vi,0.93,prefix_suffix,lexical
villa332026.com,vi,0.93,prefix_suffix,lexical
ktcarservice.vip,vi,0.93,prefix_suffix,lexical
vitalalarm.com,vi,0.93,prefix_suffix,lexical
vinca.pro,vi,0.93,prefix_suffix,lexical
xccao.vip,vi,0.93,prefix_suffix,lexical
viporfit.store,vi,0.93,prefix_suffix,lexical
akesa.vip,vi,0.93,prefix_suffix,lexical
sms369.vip,vi,0.93,prefix_suffix,lexical
vivetuluminati.com,vi,0.93,prefix_suffix,lexical
axiszea.icu,axis,0.93,prefix_suffix,lexical
cosplaymodels.vip,vi,0.93,prefix_suffix,lexical
vlrjr36jh.top,vi,0.93,prefix_suffix,lexical
vikingsbet.com.br,vi,0.93,prefix_suffix,lexical
bluefieldvacode.vip,vi,0.93,prefix_suffix,lexical
vistaforgebrand.com,vi,0.93,prefix_suffix,lexical
vice-guys.online,vi,0.93,prefix_suffix,lexical
vividriagarments.shop,vi,0.93,prefix_suffix,lexical
familyorganic.net,nic,0.93,prefix_suffix,lexical
bobbiesgoods.store,bob,0.93,prefix_suffix,lexical
viralrevideo.com,vi,0.93,prefix_suffix,lexical
vipnailsandspalakestevens.com,vi,0.93,prefix_suffix,lexical
vzoqg.vip,vi,0.93,prefix_suffix,lexical
lbmhv.vip,vi,0.93,prefix_suffix,lexical
qnjps.vip,vi,0.93,prefix_suffix,lexical
mobile-mechanic-melbourne.com,nic,0.93,prefix_suffix,lexical
youtube-vip8777.com,vi,0.93,prefix_suffix,lexical
jilidd77.vip,vi,0.93,prefix_suffix,lexical
hydrenic.com,nic,0.93,prefix_suffix,lexical
26124467.vip,vi,0.93,prefix_suffix,lexical
liberalclinic.com,nic,0.93,prefix_suffix,lexical
vippoker88.org,vi,0.93,prefix_suffix,lexical
virtualrallies.com,vi,0.93,prefix_suffix,lexical
okon.vip,vi,0.93,prefix_suffix,lexical
35381dhv1.pro,vi,0.93,prefix_suffix,lexical
vividbuychamber.shop,vi,0.93,prefix_suffix,lexical
corgi-bet-casinos.com,census,0.93,prefix_suffix,lexical
y7124417.vip,vi,0.93,prefix_suffix,lexical
viphair.us,vi,0.93,prefix_suffix,lexical
visionairvideos.org,vi,0.93,prefix_suffix,lexical
viviktamedicalcentre.com,vi,0.93,prefix_suffix,lexical
izgec7042.vip,vi,0.93,prefix_suffix,lexical
norabahisadres.vip,vi,0.93,prefix_suffix,lexical
vintabid.com,vi,0.93,prefix_suffix,lexical
5acessonofeiraoserusa.shop,sac,0.93,prefix_suffix,lexical
a7ty94.vip,vi,0.93,prefix_suffix,lexical
vignetteoesterreich.click,vi,0.93,prefix_suffix,lexical
316nn.vip,vi,0.93,prefix_suffix,lexical
village-paradise.com,vi,0.93,prefix_suffix,lexical
hd58l.top,sbi,0.93,prefix_suffix,lexical
c755.vip,vi,0.93,prefix_suffix,lexical
vinhugheslandclearing.com,vi,0.93,prefix_suffix,lexical
visiondrivenalliance.info,vi,0.93,prefix_suffix,lexical
raito.vip,vi,0.93,prefix_suffix,lexical
visionamplifyysolutions.info,vi,0.93,prefix_suffix,lexical
coursecams.com,cams,0.93,prefix_suffix,lexical
vishuddhacomics.in,vi,0.93,prefix_suffix,lexical
26124341.vip,vi,0.93,prefix_suffix,lexical
vitis69.ru,vi,0.93,prefix_suffix,lexical
tiyzy.vip,vi,0.93,prefix_suffix,lexical
vitacarewelness.com,vi,0.93,prefix_suffix,lexical
tactonic.store,nic,0.93,prefix_suffix,lexical
bg-4-virtual-health-services.online,vi,0.93,prefix_suffix,lexical
designteam-violetflame.com,vi,0.93,prefix_suffix,lexical
vibexe.com,vi,0.93,prefix_suffix,lexical
nicksabia.com,nic,0.93,prefix_suffix,lexical
nicetomeetyou.life,nic,0.93,prefix_suffix,lexical
hv25bi.sbs,sbi,0.93,prefix_suffix,lexical
kr1688oveoth.vip,vi,0.93,prefix_suffix,lexical
viktorgonzalez.com,vi,0.93,prefix_suffix,lexical
navaxis.app,axis,0.93,prefix_suffix,lexical
eclipsezone961.top,eci,0.93,prefix_suffix,lexical
virtualkitten.com,vi,0.93,prefix_suffix,lexical
xy35.vip,vi,0.93,prefix_suffix,lexical
shadowbot.vip,vi,0.93,prefix_suffix,lexical
cltpi.vip,vi,0.93,prefix_suffix,lexical
kuronekasanalio.vip,vi,0.93,prefix_suffix,lexical
protechnic-bemis-adhesivesense.com,nic,0.93,prefix_suffix,lexical
ivi-fiilm.ru,vi,0.93,prefix_suffix,lexical
viajesintur.com,vi,0.93,prefix_suffix,lexical
corgi-bets.org,census,0.93,prefix_suffix,lexical
viprow.pw,vi,0.93,prefix_suffix,lexical
vx-fvl.surf,vi,0.93,prefix_suffix,lexical
eclipseoveramerica.com,eci,0.93,prefix_suffix,lexical
vin68.online,vi,0.93,prefix_suffix,lexical
vitamins-for-kids.com,vi,0.93,prefix_suffix,lexical
devacaciones.vip,vi,0.93,prefix_suffix,lexical
vipluckonline.org,vi,0.93,prefix_suffix,lexical
vipez-shop.com,vi,0.93,prefix_suffix,lexical
nicholsonempire.com,nic,0.93,prefix_suffix,lexical
cqccl.vip,vi,0.93,prefix_suffix,lexical
vikingz.store,vi,0.93,prefix_suffix,lexical
mega888th.vip,vi,0.93,prefix_suffix,lexical
vilament.com,vi,0.93,prefix_suffix,lexical
capamerica.vip,vi,0.93,prefix_suffix,lexical
williams-sebbyvetclinic.com,nic,0.93,prefix_suffix,lexical
24894.vip,vi,0.93,prefix_suffix,lexical
vlukimedia.ru,vi,0.93,prefix_suffix,lexical
68672.vip,vi,0.93,prefix_suffix,lexical
ctchomeloans.com,sbi,0.93,prefix_suffix,lexical
vi-tari.cl,vi,0.98,exact_label,lexical
sweet-eclair.com,eci,0.93,prefix_suffix,lexical
29714.vip,vi,0.93,prefix_suffix,lexical
slon-5cc.vip,vi,0.93,prefix_suffix,lexical
vizard.money,vi,0.93,prefix_suffix,lexical
v1i.online,vi,0.93,prefix_suffix,lexical
aramclinic.com,nic,0.93,prefix_suffix,lexical
vitalnaturopathic.com,vi,0.93,prefix_suffix,lexical
s-irannovinclinic.com,nic,0.93,prefix_suffix,lexical
dimqo7040.vip,vi,0.93,prefix_suffix,lexical
agronic.tech,nic,0.93,prefix_suffix,lexical
bwnwb.vip,vi,0.93,prefix_suffix,lexical
visionproheadset.com,vi,0.93,prefix_suffix,lexical
ml5wel.vip,vi,0.93,prefix_suffix,lexical
ecltsant.sbs,eci,0.93,prefix_suffix,lexical
victoryvisionoptics.com,vi,0.93,prefix_suffix,lexical
vienphapchedoanhnghiep.com,vi,0.93,prefix_suffix,lexical
yjdiscover.vip,vi,0.93,prefix_suffix,lexical
y7124495.vip,vi,0.93,prefix_suffix,lexical
07908.vip,vi,0.93,prefix_suffix,lexical
nicolesa1solutions.net,nic,0.93,prefix_suffix,lexical
zphub.vip,vi,0.93,prefix_suffix,lexical
85814.vip,vi,0.93,prefix_suffix,lexical
vinyles-story.com,vi,0.93,prefix_suffix,lexical
stiqpatch.vip,vi,0.93,prefix_suffix,lexical
visionnsys.com,vi,0.93,prefix_suffix,lexical
davi.soy,vi,0.93,prefix_suffix,lexical
vibesocks.in,vi,0.93,prefix_suffix,lexical
c740.vip,vi,0.93,prefix_suffix,lexical
vibej.xyz,vi,0.93,prefix_suffix,lexical
plankavl.com,vi,0.93,prefix_suffix,lexical
axiseng.com,axis,0.93,prefix_suffix,lexical
tm157.vip,vi,0.93,prefix_suffix,lexical
vitaminerp.com,vi,0.93,prefix_suffix,lexical
fc-66avtio.vip,vi,0.93,prefix_suffix,lexical
empoweringchildrenvi.com,vi,0.93,prefix_suffix,lexical
cvxbx.vip,vi,0.93,prefix_suffix,lexical
vitrix.us,vi,0.93,prefix_suffix,lexical
y7123793.vip,vi,0.93,prefix_suffix,lexical
virtualfamilyofficebos.com,vi,0.93,prefix_suffix,lexical
nickmergo.com,nic,0.93,prefix_suffix,lexical
cyprusincometax.com,incometax,0.95,combined,lexical
7lionspinaus.vip,vi,0.93,prefix_suffix,lexical
sacredritualtools.com,sac,0.93,prefix_suffix,lexical
dentalimplantsclinic.com,nic,0.93,prefix_suffix,lexical
haystackorganic.com,nic,0.93,prefix_suffix,lexical
f4pnj5.vip,vi,0.93,prefix_suffix,lexical
trv1.site,vi,0.93,prefix_suffix,lexical
storebloxplus.vip,vi,0.93,prefix_suffix,lexical
terapiacomtiagocunha.online,nha,0.93,prefix_suffix,lexical
80895.com,bob,0.93,prefix_suffix,lexical
movi-go.cl,vi,0.93,prefix_suffix,lexical
bobguncel.com,bob,0.93,prefix_suffix,lexical
tcmpraxis-guo.com,axis,0.93,prefix_suffix,lexical
vintagevaultfurniture.com,vi,0.93,prefix_suffix,lexical
h73vl.top,vi,0.93,prefix_suffix,lexical
v1vwlz.top,vi,0.93,prefix_suffix,lexical
clubveloci.com,iocl,0.93,prefix_suffix,lexical
vip9921111.top,vi,0.93,prefix_suffix,lexical
fondation-villars.ch,vi,0.93,prefix_suffix,lexical
859504.vip,vi,0.93,prefix_suffix,lexical
78736.vip,vi,0.93,prefix_suffix,lexical
cdowhitingv.vip,vi,0.93,prefix_suffix,lexical
bailety72.vip,vi,0.93,prefix_suffix,lexical
virtualfocus.com,vi,0.93,prefix_suffix,lexical
lamclinic-hawaii.com,nic,0.93,prefix_suffix,lexical
livinavi-invest.com,vi,0.93,prefix_suffix,lexical
qjhyp.vip,vi,0.93,prefix_suffix,lexical
vicmelillo.com,vi,0.93,prefix_suffix,lexical
videopokerbar.com,vi,0.93,prefix_suffix,lexical
yh99999.vip,vi,0.93,prefix_suffix,lexical
81436.vip,vi,0.93,prefix_suffix,lexical
50745.vip,vi,0.93,prefix_suffix,lexical
09619.vip,vi,0.93,prefix_suffix,lexical
bobsangcatering.com,bob,0.93,prefix_suffix,lexical
virtualtesi.info,vi,0.93,prefix_suffix,lexical
oenotechnic.com,nic,0.93,prefix_suffix,lexical
interbahismobil.vip,vi,0.93,prefix_suffix,lexical
grmda.vip,vi,0.93,prefix_suffix,lexical
visionarybot.com,vi,0.93,prefix_suffix,lexical
krooztvi.com,vi,0.93,prefix_suffix,lexical
axismachiningllc.com,axis,0.93,prefix_suffix,lexical
tacomalaserclinic.com,nic,0.93,prefix_suffix,lexical
viewaisl.cyou,vi,0.93,prefix_suffix,lexical
vitalia-insitut.online,vi,0.93,prefix_suffix,lexical
virgilagents.com,vi,0.93,prefix_suffix,lexical
vivohai.onl,vi,0.93,prefix_suffix,lexical
ounpr23.vip,vi,0.93,prefix_suffix,lexical
bmw33.vip,vi,0.93,prefix_suffix,lexical
t6xa.vip,vi,0.93,prefix_suffix,lexical
45468.vip,vi,0.93,prefix_suffix,lexical
qnaxe.vip,vi,0.93,prefix_suffix,lexical
xiaomu.vip,vi,0.93,prefix_suffix,lexical
viney.us,vi,0.93,prefix_suffix,lexical
qaxis.network,axis,0.93,prefix_suffix,lexical
virilboostforge.com,vi,0.93,prefix_suffix,lexical
villa-esmeralda-algarve.com,vi,0.93,prefix_suffix,lexical
eclsinavi.com,eci,0.93,prefix_suffix,lexical
vip-bob.com,bob,0.98,exact_label,lexical
viralataproducoes.com,vi,0.93,prefix_suffix,lexical
vihubhealth.site,vi,0.93,prefix_suffix,lexical
y7124581.vip,sbi,0.93,prefix_suffix,lexical
sbi-scam.com,sbi,0.98,exact_label,lexical
masonryproacadamy.vip,vi,0.93,prefix_suffix,lexical
bailety29.vip,vi,0.93,prefix_suffix,lexical
cryptosphere.vip,vi,0.93,prefix_suffix,lexical
anshdentalclinic.online,nic,0.93,prefix_suffix,lexical
849ss699.vip,vi,0.93,prefix_suffix,lexical
via4d-new10.site,vi,0.93,prefix_suffix,lexical
panaloboom.vip,vi,0.93,prefix_suffix,lexical
hypersonic.live,nic,0.93,prefix_suffix,lexical
688footage.vip,vi,0.93,prefix_suffix,lexical
sinq-scams.com,cams,0.93,prefix_suffix,lexical
safirbetbetonlineplay.vip,vi,0.93,prefix_suffix,lexical
vibrobis.com.vn,vi,0.93,prefix_suffix,lexical
viphearthealthawareness.org,vi,0.93,prefix_suffix,lexical
bobbleart.com,bob,0.93,prefix_suffix,lexical
digitalhairclinic.com,nic,0.93,prefix_suffix,lexical
visitypsilanti.com,vi,0.93,prefix_suffix,lexical
visokakeystone.com,vi,0.93,prefix_suffix,lexical
arztpraxis-gebesee.com,axis,0.93,prefix_suffix,lexical
vinidalmagro.dev.br,vi,0.93,prefix_suffix,lexical
deci.money,eci,0.93,prefix_suffix,lexical
victorisfree.com,vi,0.93,prefix_suffix,lexical
qqecz.vip,vi,0.93,prefix_suffix,lexical
bfcfk.vip,vi,0.93,prefix_suffix,lexical
imu6.vip,vi,0.93,prefix_suffix,lexical
nicbj.com,nic,0.93,prefix_suffix,lexical
y7124430.vip,vi,0.93,prefix_suffix,lexical
quantorelaxis.info,axis,0.93,prefix_suffix,lexical
aniao.vip,vi,0.93,prefix_suffix,lexical
sbwwdlhvl.com,vi,0.93,prefix_suffix,lexical
kh1500.vip,vi,0.93,prefix_suffix,lexical
belaost.vip,vi,0.93,prefix_suffix,lexical
virtualreality.services,vi,0.93,prefix_suffix,lexical
imghd.vip,vi,0.93,prefix_suffix,lexical
y7124478.vip,vi,0.93,prefix_suffix,lexical
yd88690.vip,vi,0.93,prefix_suffix,lexical
smbeciosa.vip,vi,0.93,prefix_suffix,lexical
cannoncountyanimalclinic.com,nic,0.93,prefix_suffix,lexical
bobdoligale.com,bob,0.93,prefix_suffix,lexical
vietnamearlyyears.com,vi,0.93,prefix_suffix,lexical
com-integral.vip,vi,0.93,prefix_suffix,lexical
vitalityflexhub.com,vi,0.93,prefix_suffix,lexical
vivendoshopee.shop,vi,0.93,prefix_suffix,lexical
ggglb.vip,vi,0.93,prefix_suffix,lexical
visaspakghausiaairtravels.com,vi,0.93,prefix_suffix,lexical
y7124580.vip,vi,0.93,prefix_suffix,lexical
vibrohairbrush.com,vi,0.93,prefix_suffix,lexical
qizss384.vip,vi,0.93,prefix_suffix,lexical
bobmellinger.com,bob,0.93,prefix_suffix,lexical
y7124568.vip,vi,0.93,prefix_suffix,lexical
visionkicks.org,vi,0.93,prefix_suffix,lexical
virginiarfp.com,vi,0.93,prefix_suffix,lexical
viziar.art,vi,0.93,prefix_suffix,lexical
26124365.vip,vi,0.93,prefix_suffix,lexical
mutluonaral.vip,vi,0.93,prefix_suffix,lexical
dajsdjandadsa.vip,vi,0.93,prefix_suffix,lexical
hibernando.vip,vi,0.93,prefix_suffix,lexical
ihdvi.com,vi,0.93,prefix_suffix,lexical
viency-vering.com,vi,0.93,prefix_suffix,lexical
infinitiofpeoriaservice.com,icici,0.93,prefix_suffix,lexical
y7124488.vip,vi,0.93,prefix_suffix,lexical
572593.vip,vi,0.93,prefix_suffix,lexical
viravex.shop,vi,0.93,prefix_suffix,lexical
111958.vip,vi,0.93,prefix_suffix,lexical
sacou.app,sac,0.93,prefix_suffix,lexical
333betapp.vip,vi,0.93,prefix_suffix,lexical
aresbet-guncel-site.vip,vi,0.93,prefix_suffix,lexical
eclips.space,eci,0.93,prefix_suffix,lexical
viborapadeluk.com,vi,0.93,prefix_suffix,lexical
vippsoghent.com,vi,0.93,prefix_suffix,lexical
viloes.com,vi,0.93,prefix_suffix,lexical
gruborganic.com,nic,0.93,prefix_suffix,lexical
vixenbeautyrefinery.com,vi,0.93,prefix_suffix,lexical
83764.vip,vi,0.93,prefix_suffix,lexical
viphermitage.com,vi,0.93,prefix_suffix,lexical
y7124440.vip,vi,0.93,prefix_suffix,lexical
visionarygrowthalliance.info,vi,0.93,prefix_suffix,lexical
vividaerial.com,vi,0.93,prefix_suffix,lexical
qqhue.vip,vi,0.93,prefix_suffix,lexical
pixversec1.net,eci,0.93,prefix_suffix,lexical
videoled360.com,vi,0.93,prefix_suffix,lexical
c795.vip,vi,0.93,prefix_suffix,lexical
c760.vip,vi,0.93,prefix_suffix,lexical
vijkalose.rocks,vi,0.93,prefix_suffix,lexical
virginiaposts.com,vi,0.93,prefix_suffix,lexical
vineyardpetition.online,vi,0.93,prefix_suffix,lexical
vismen.com,vi,0.93,prefix_suffix,lexical
thyclinic.com,nic,0.93,prefix_suffix,lexical
restonlinegiris.vip,vi,0.93,prefix_suffix,lexical
nicolejohnston.shop,nic,0.93,prefix_suffix,lexical
12977.vip,vi,0.93,prefix_suffix,lexical
vlky.com,vi,0.93,prefix_suffix,lexical
fdhsm.vip,vi,0.93,prefix_suffix,lexical
rosewood.vip,vi,0.93,prefix_suffix,lexical
59847.vip,vi,0.93,prefix_suffix,lexical
nhadepthienphuc.com,nha,0.93,prefix_suffix,lexical
visionariesmarketing.com,vi,0.93,prefix_suffix,lexical
bet-vip.lat,vi,0.93,prefix_suffix,lexical
vibedesirelelo.com,vi,0.93,prefix_suffix,lexical
yh2292.vip,vi,0.93,prefix_suffix,lexical
xn--wbs271i.vip,vi,0.93,prefix_suffix,lexical
viponlinebook.site,vi,0.93,prefix_suffix,lexical
itsale.vip,vi,0.93,prefix_suffix,lexical
vilpip.com,vi,0.93,prefix_suffix,lexical
vibrapulse.dk,vi,0.93,prefix_suffix,lexical
village-seniors-lardin.fr,vi,0.93,prefix_suffix,lexical
nicksmotorsales.com,nic,0.93,prefix_suffix,lexical
agentlegal.vip,vi,0.93,prefix_suffix,lexical
viagramedicine.com,vi,0.93,prefix_suffix,lexical
vitasclapsyarfa.top,vi,0.93,prefix_suffix,lexical
vlearnai.com,vi,0.93,prefix_suffix,lexical
viralnetworkers.com,vi,0.93,prefix_suffix,lexical
infinitiwarrantys.com,icici,0.93,prefix_suffix,lexical
nicespiced.wine,nic,0.93,prefix_suffix,lexical
vigosacapuntas.com,vi,0.93,prefix_suffix,lexical
csmei.vip,vi,0.93,prefix_suffix,lexical
virtuxy.com.br,vi,0.93,prefix_suffix,lexical
win-online-clinic.com,nic,0.93,prefix_suffix,lexical
oehtm.vip,vi,0.93,prefix_suffix,lexical
danilov-vitaliy.online,vi,0.93,prefix_suffix,lexical
98yl66655.vip,vi,0.93,prefix_suffix,lexical
cristiano.vip,vi,0.93,prefix_suffix,lexical
vlcano-fr.com,vi,0.93,prefix_suffix,lexical
tooth.clinic,nic,0.93,prefix_suffix,lexical
gdpom.vip,vi,0.93,prefix_suffix,lexical
789clubvi.jp.net,vi,0.93,prefix_suffix,lexical
vividh70.cfd,vi,0.93,prefix_suffix,lexical
vip-wcpicks.com,vi,0.93,prefix_suffix,lexical
76628.vip,vi,0.93,prefix_suffix,lexical
dukgt.vip,vi,0.93,prefix_suffix,lexical
eurodollars.vip,vi,0.93,prefix_suffix,lexical
56050.vip,vi,0.93,prefix_suffix,lexical
victorianlampgames.com,vi,0.93,prefix_suffix,lexical
virginia.bio,vi,0.93,prefix_suffix,lexical
15708.vip,vi,0.93,prefix_suffix,lexical
0203com0419.vip,vi,0.93,prefix_suffix,lexical
581640.xin,sbi,0.93,prefix_suffix,lexical
visitlakedallas.com,vi,0.93,prefix_suffix,lexical
64781.vip,vi,0.93,prefix_suffix,lexical
vitaboostai.com,vi,0.93,prefix_suffix,lexical
lindzon.vip,vi,0.93,prefix_suffix,lexical
vitalshop.us,vi,0.93,prefix_suffix,lexical
853797.com,bse,0.93,prefix_suffix,lexical
vima-foundation.com,vi,0.93,prefix_suffix,lexical
vip-king.org,vi,0.93,prefix_suffix,lexical
qtwbp.vip,vi,0.93,prefix_suffix,lexical
subedenivel.vip,vi,0.93,prefix_suffix,lexical
vivenzaterrabrasilis.online,vi,0.93,prefix_suffix,lexical
virgolinis-hrc.com,vi,0.93,prefix_suffix,lexical
vitadrive.com,vi,0.93,prefix_suffix,lexical
bestaitools.vip,vi,0.93,prefix_suffix,lexical
vidmarket.store,vi,0.93,prefix_suffix,lexical
vitalstore.living,vi,0.93,prefix_suffix,lexical
1fvl.com,vi,0.93,prefix_suffix,lexical
domahomeloans.com,sbi,0.93,prefix_suffix,lexical
vindexo.ru,vi,0.93,prefix_suffix,lexical
vibesfinancial.xyz,vi,0.93,prefix_suffix,lexical
vitadesigninc.com,vi,0.93,prefix_suffix,lexical
videopeel.com,vi,0.93,prefix_suffix,lexical
virginiesavoirfaire.com,vi,0.93,prefix_suffix,lexical
28703.vip,vi,0.93,prefix_suffix,lexical
vloredental.com,vi,0.93,prefix_suffix,lexical
96731.vip,vi,0.93,prefix_suffix,lexical
bailety999.vip,vi,0.93,prefix_suffix,lexical
sacredvow.app,sac,0.93,prefix_suffix,lexical
mbvvj.vip,vi,0.93,prefix_suffix,lexical
virusdata.com,vi,0.93,prefix_suffix,lexical
703555.vip,vi,0.93,prefix_suffix,lexical
xpress.vip,vi,0.93,prefix_suffix,lexical
33magic.vip,vi,0.93,prefix_suffix,lexical
27574.vip,vi,0.93,prefix_suffix,lexical
46086.vip,vi,0.93,prefix_suffix,lexical
videoreflectionsmadison.com,vi,0.93,prefix_suffix,lexical
57200.vip,vi,0.93,prefix_suffix,lexical
virginiabeachminibuscompany.com,vi,0.93,prefix_suffix,lexical
ensemble-paroissial-estissac-aix.fr,sac,0.93,prefix_suffix,lexical
viewyourdeal-malilili.com,vi,0.93,prefix_suffix,lexical
849yy577.vip,vi,0.93,prefix_suffix,lexical
drjyotisaestheticclinic.com,nic,0.93,prefix_suffix,lexical
orgisimeulue.org,census,0.93,prefix_suffix,lexical
vlaanderensmooiste.com,vi,0.93,prefix_suffix,lexical
y7124425.vip,vi,0.93,prefix_suffix,lexical
kulisbet-adresorjinal.vip,vi,0.93,prefix_suffix,lexical
virtualcheckup.space,vi,0.93,prefix_suffix,lexical
nicheloanrapid.com,nic,0.93,prefix_suffix,lexical
nickidee.com,nic,0.93,prefix_suffix,lexical
nicolestabile.com,nic,0.93,prefix_suffix,lexical
virecnetwork.com,vi,0.93,prefix_suffix,lexical
vinylhangout.com,vi,0.93,prefix_suffix,lexical
vingette-autobahn.online,vi,0.93,prefix_suffix,lexical
eng-vitaleanplus.com,vi,0.93,prefix_suffix,lexical
vibeintelligence.tech,vi,0.93,prefix_suffix,lexical
43681.vip,vi,0.93,prefix_suffix,lexical
99397.vip,vi,0.93,prefix_suffix,lexical
hkhkz.vip,vi,0.93,prefix_suffix,lexical
hypersonic.design,nic,0.93,prefix_suffix,lexical
vividphotovideo.com,vi,0.93,prefix_suffix,lexical
84344.vip,vi,0.93,prefix_suffix,lexical
vivosip.com,vi,0.93,prefix_suffix,lexical
vintagestar.online,vi,0.93,prefix_suffix,lexical
rb168.net,rbi,0.93,prefix_suffix,lexical
bobfarnsworth.com,bob,0.93,prefix_suffix,lexical
hkhkb.vip,vi,0.93,prefix_suffix,lexical
55cx.vip,vi,0.93,prefix_suffix,lexical
kill-vl.click,vi,0.98,exact_label,lexical
vidandapsicologia.org,vi,0.93,prefix_suffix,lexical
vilaurelia.com,vi,0.93,prefix_suffix,lexical
6298s2.vip,vi,0.93,prefix_suffix,lexical
didi51-t0313.vip,vi,0.93,prefix_suffix,lexical
goodtimess.vip,vi,0.93,prefix_suffix,lexical
vlv8866.com,vi,0.93,prefix_suffix,lexical
xyc7788.vip,vi,0.93,prefix_suffix,lexical
26124390.vip,vi,0.93,prefix_suffix,lexical
76521.vip,vi,0.93,prefix_suffix,lexical
camaleonic.online,nic,0.93,prefix_suffix,lexical
visionarypathalliance.info,vi,0.93,prefix_suffix,lexical
42598.vip,vi,0.93,prefix_suffix,lexical
wuaidz1.vip,vi,0.93,prefix_suffix,lexical
vinesrme.com,vi,0.93,prefix_suffix,lexical
koltepatil-viveregoregaon.com,vi,0.93,prefix_suffix,lexical
tykby.vip,vi,0.93,prefix_suffix,lexical
26124401.vip,vi,0.93,prefix_suffix,lexical
axishealthny.com,axis,0.93,prefix_suffix,lexical
villagepointescion.com,vi,0.93,prefix_suffix,lexical
viramail.com,vi,0.93,prefix_suffix,lexical
nhqnlc.store,nic,0.93,prefix_suffix,lexical
en-vitalwrist.com,vi,0.93,prefix_suffix,lexical
xentrovaxis.ru,axis,0.93,prefix_suffix,lexical
nihfnvl.us,vi,0.93,prefix_suffix,lexical
01607.vip,vi,0.93,prefix_suffix,lexical
vittrex.net,vi,0.93,prefix_suffix,lexical
sacredaba.com.de,sac,0.93,prefix_suffix,lexical
opalprotonic.com,nic,0.93,prefix_suffix,lexical
y7124384.vip,vi,0.93,prefix_suffix,lexical
hfjzv.vip,vi,0.93,prefix_suffix,lexical
01206.vip,vi,0.93,prefix_suffix,lexical
visitprudhoebay.com,vi,0.93,prefix_suffix,lexical
aenvu.vip,vi,0.93,prefix_suffix,lexical
ebcsk.vip,vi,0.93,prefix_suffix,lexical
drangelasaestheticclinic.com,nic,0.93,prefix_suffix,lexical
phase-sonic.com,nic,0.93,prefix_suffix,lexical
srnwin.vip,vi,0.93,prefix_suffix,lexical
ddh886ddh.vip,vi,0.93,prefix_suffix,lexical
vincentdirckx.com,vi,0.93,prefix_suffix,lexical
virtualtourphilippines.com,vi,0.93,prefix_suffix,lexical
videoschat.com,vi,0.93,prefix_suffix,lexical
com-loe.vip,vi,0.93,prefix_suffix,lexical
hustlehub.vip,vi,0.93,prefix_suffix,lexical
grovevillas.clinic,nic,0.93,prefix_suffix,lexical
youtrvl.com,vi,0.93,prefix_suffix,lexical
virtualiot.com,vi,0.93,prefix_suffix,lexical
vibebuy.online,vi,0.93,prefix_suffix,lexical
visitthethumb.com,vi,0.93,prefix_suffix,lexical
kalebetgirisadresi.vip,vi,0.93,prefix_suffix,lexical
nicheloanrise.com,nic,0.93,prefix_suffix,lexical
virtualcfoapp.com,vi,0.93,prefix_suffix,lexical
organic-shop.click,nic,0.93,prefix_suffix,lexical
vieepuree.com,vi,0.93,prefix_suffix,lexical
pebab.vip,vi,0.93,prefix_suffix,lexical
vipinssino.com,vi,0.93,prefix_suffix,lexical
vivatravel.us,vi,0.93,prefix_suffix,lexical
vldm.com,vi,0.93,prefix_suffix,lexical
noonadmin.vip,vi,0.93,prefix_suffix,lexical
nicoleedwardsceramics.com,nic,0.93,prefix_suffix,lexical
jahanavi.online,vi,0.93,prefix_suffix,lexical
axismode.com,axis,0.93,prefix_suffix,lexical
lagzv.vip,vi,0.93,prefix_suffix,lexical
vitallinkmedicaltransportation.com,vi,0.93,prefix_suffix,lexical
victoriadiamond.com,vi,0.93,prefix_suffix,lexical
nicavision.net,nic,0.93,prefix_suffix,lexical
y7124551.vip,vi,0.93,prefix_suffix,lexical
vibeadminpanel.website,vi,0.93,prefix_suffix,lexical
xy61.vip,vi,0.93,prefix_suffix,lexical
vielzeitgenossen.com,vi,0.93,prefix_suffix,lexical
vikingocripto.com,vi,0.93,prefix_suffix,lexical
zpfde.vip,vi,0.93,prefix_suffix,lexical
awvjd.vip,vi,0.93,prefix_suffix,lexical
vishnumenon.bio,vi,0.93,prefix_suffix,lexical
ytxa1.vip,vi,0.93,prefix_suffix,lexical
vitresoptimal.com,vi,0.93,prefix_suffix,lexical
giotrivi.site,vi,0.93,prefix_suffix,lexical
vigil.health,vi,0.93,prefix_suffix,lexical
caroleclinic.com,nic,0.93,prefix_suffix,lexical
bobplayerplayliste.com,bob,0.93,prefix_suffix,lexical
virtualwan.com,vi,0.93,prefix_suffix,lexical
yellowstone.vip,vi,0.93,prefix_suffix,lexical
cartagopg.vip,vi,0.93,prefix_suffix,lexical
animalsales-navi.com,vi,0.93,prefix_suffix,lexical
y7124308.vip,vi,0.93,prefix_suffix,lexical
vpwsj.vip,vi,0.93,prefix_suffix,lexical
pv34.vip,vi,0.93,prefix_suffix,lexical
vitrinedeproduto.com,vi,0.93,prefix_suffix,lexical
26124452.vip,vi,0.93,prefix_suffix,lexical
eclipsegame691.info,eci,0.93,prefix_suffix,lexical
kanqiulive.vip,vi,0.93,prefix_suffix,lexical
3clp.com,eci,0.93,prefix_suffix,lexical
exotic-love-vibes.top,vi,0.93,prefix_suffix,lexical
vinodreddylekkala.com,vi,0.93,prefix_suffix,lexical
bobaoart.com,bob,0.93,prefix_suffix,lexical
sarathitutorials.com,parivahan,0.93,prefix_suffix,lexical
vidi-corp.com,vi,0.93,prefix_suffix,lexical
r320qc.vip,vi,0.93,prefix_suffix,lexical
elitemobileautospa.vip,vi,0.93,prefix_suffix,lexical
tradingwithravi.com,vi,0.93,prefix_suffix,lexical
betgar-adresorjinal.vip,vi,0.93,prefix_suffix,lexical
sacredalignmentco.com,sac,0.93,prefix_suffix,lexical
zuwb30.vip,vi,0.93,prefix_suffix,lexical
nicholasogburn.com,nic,0.93,prefix_suffix,lexical
villasatflorida.com,vi,0.93,prefix_suffix,lexical
vihaansteel.in,vi,0.93,prefix_suffix,lexical
icrnic.com,nic,0.93,prefix_suffix,lexical
vip23668.com,vi,0.93,prefix_suffix,lexical
tvdoul.vip,vi,0.93,prefix_suffix,lexical
y7124558.vip,vi,0.93,prefix_suffix,lexical
villageofcoldspring.com,vi,0.93,prefix_suffix,lexical
xuanyimech.vip,vi,0.93,prefix_suffix,lexical
heilpraxis-gehr.com,axis,0.93,prefix_suffix,lexical
vielschnaps.com,vi,0.93,prefix_suffix,lexical
lw669.vip,vi,0.93,prefix_suffix,lexical
a7h1opm9omxasb1.shop,sbi,0.93,prefix_suffix,lexical
visamate.online,vi,0.93,prefix_suffix,lexical
viniblock.com,vi,0.93,prefix_suffix,lexical
cvnrt.vip,vi,0.93,prefix_suffix,lexical
vitamincine.com,vi,0.93,prefix_suffix,lexical
fbemuo308.vip,vi,0.93,prefix_suffix,lexical
vipescortmodels.net,vi,0.93,prefix_suffix,lexical
ilnhoe.vip,vi,0.93,prefix_suffix,lexical
villamarbellanow.com,vi,0.93,prefix_suffix,lexical
vic.dating,vi,0.93,prefix_suffix,lexical
9tt9n7.vip,vi,0.93,prefix_suffix,lexical
vip-fifa-cwc.com,vi,0.93,prefix_suffix,lexical
t-visionplaintiffs.com,vi,0.93,prefix_suffix,lexical
vinebyhausoftash.com,vi,0.93,prefix_suffix,lexical
sacpc.com,sac,0.93,prefix_suffix,lexical
viraltry.com,vi,0.93,prefix_suffix,lexical
vimd2l1w3rypi.icu,vi,0.93,prefix_suffix,lexical
familiamasudinha.online,nha,0.93,prefix_suffix,lexical
78311.vip,vi,0.93,prefix_suffix,lexical
virginitytesting.com,vi,0.93,prefix_suffix,lexical
vibecodee.ru,vi,0.93,prefix_suffix,lexical
h9vl.top,vi,0.93,prefix_suffix,lexical
nicobreak.com,nic,0.93,prefix_suffix,lexical
lclclc.life,icici,0.93,prefix_suffix,lexical
yatouhu.vip,vi,0.93,prefix_suffix,lexical
viralperks.online,vi,0.93,prefix_suffix,lexical
nichestock.com,nic,0.93,prefix_suffix,lexical
vicoerp.com,vi,0.93,prefix_suffix,lexical
tech-visionary.com,vi,0.93,prefix_suffix,lexical
cahfj.vip,vi,0.93,prefix_suffix,lexical
vintala.com,vi,0.93,prefix_suffix,lexical
vinosflow.com,vi,0.93,prefix_suffix,lexical
bobty185.com,bob,0.93,prefix_suffix,lexical
viasatexplore-game.com,vi,0.93,prefix_suffix,lexical
17581.bid,sbi,0.93,prefix_suffix,lexical
97786.vip,vi,0.93,prefix_suffix,lexical
viajelisto.com,vi,0.93,prefix_suffix,lexical
y7124493.vip,vi,0.93,prefix_suffix,lexical
pc989q.vip,vi,0.93,prefix_suffix,lexical
vibesurvival.online,vi,0.93,prefix_suffix,lexical
eclaireurdesens.com,eci,0.93,prefix_suffix,lexical
levantr.vip,vi,0.93,prefix_suffix,lexical
81796.vip,vi,0.93,prefix_suffix,lexical
foyxv.vip,vi,0.93,prefix_suffix,lexical
visiblelocal-pro.org,vi,0.93,prefix_suffix,lexical
y7124426.vip,vi,0.93,prefix_suffix,lexical
t6q7.vip,vi,0.93,prefix_suffix,lexical
vividpaintedparts.com,vi,0.93,prefix_suffix,lexical
victoryhotelapartments.com,vi,0.93,prefix_suffix,lexical
yh1599.vip,vi,0.93,prefix_suffix,lexical
ook8.vip,vi,0.93,prefix_suffix,lexical
vibeios.com,vi,0.93,prefix_suffix,lexical
thyconvi.com,vi,0.93,prefix_suffix,lexical
yjcontest.vip,vi,0.93,prefix_suffix,lexical
viennayouthcontemporary.com,vi,0.93,prefix_suffix,lexical
evrias.vip,vi,0.93,prefix_suffix,lexical
831tubeav1.com,vi,0.93,prefix_suffix,lexical
vickibedeman.com,vi,0.93,prefix_suffix,lexical
virginiaroadbowlingassociation.net,vi,0.93,prefix_suffix,lexical
abty2074.vip,vi,0.93,prefix_suffix,lexical
ornellairambonapraxis.com,axis,0.93,prefix_suffix,lexical
onceagainorganic.shop,nic,0.93,prefix_suffix,lexical
s3z3v1.top,vi,0.93,prefix_suffix,lexical
qtqnms.vip,vi,0.93,prefix_suffix,lexical
visitfoxburginn.com,vi,0.93,prefix_suffix,lexical
onekey99.vip,vi,0.93,prefix_suffix,lexical
nickystreasuresfoundation.com,nic,0.93,prefix_suffix,lexical
hiltonbet-2026girisiniz.vip,vi,0.93,prefix_suffix,lexical
viralwinjournal.com,vi,0.93,prefix_suffix,lexical
mansac.info,sac,0.93,prefix_suffix,lexical
bordeaux-vibes.com,vi,0.93,prefix_suffix,lexical
victoryoverglaucoma.com,vi,0.93,prefix_suffix,lexical
betofficegirisyap.vip,vi,0.93,prefix_suffix,lexical
wxjwe.vip,vi,0.93,prefix_suffix,lexical
chocolateqwq.vip,vi,0.93,prefix_suffix,lexical
94383.vip,vi,0.93,prefix_suffix,lexical
viostogel.com,vi,0.93,prefix_suffix,lexical
vietnamgolfadventures.com,vi,0.93,prefix_suffix,lexical
villagepointvip.com,vi,0.93,prefix_suffix,lexical
pcbclinic.com,nic,0.93,prefix_suffix,lexical
svyrm.vip,vi,0.93,prefix_suffix,lexical
enharmonic-entities.com,nic,0.93,prefix_suffix,lexical
vibecouple.com,vi,0.93,prefix_suffix,lexical
victoracademy.com,vi,0.93,prefix_suffix,lexical
eclipsefun776.info,eci,0.93,prefix_suffix,lexical
vicixpnd.xyz,vi,0.93,prefix_suffix,lexical
theelitemobilemechanic.com,nic,0.93,prefix_suffix,lexical
vividvibes.us,vi,0.93,prefix_suffix,lexical
videosl.link,vi,0.93,prefix_suffix,lexical
vividpathmagic.com,vi,0.93,prefix_suffix,lexical
vitfekiac.com,vi,0.93,prefix_suffix,lexical
wwwrestbet2026.vip,vi,0.93,prefix_suffix,lexical
t-visionfails.com,vi,0.93,prefix_suffix,lexical
vitaliher.com,vi,0.93,prefix_suffix,lexical
slon2-----at.vip,vi,0.93,prefix_suffix,lexical
sacramentochimneyrepair.com,sac,0.93,prefix_suffix,lexical
nichenestgifts.com,nic,0.93,prefix_suffix,lexical
6d6dvl.top,vi,0.93,prefix_suffix,lexical
com-paypbm.vip,vi,0.93,prefix_suffix,lexical
vlinux.win,vi,0.93,prefix_suffix,lexical
seauovi.com,vi,0.93,prefix_suffix,lexical
ebsnsports.vip,vi,0.93,prefix_suffix,lexical
0zvi.com,vi,0.93,prefix_suffix,lexical
resmi-yenigirisadresi.vip,vi,0.93,prefix_suffix,lexical
prbjb.vip,vi,0.93,prefix_suffix,lexical
virtualparalegalpathways.com,vi,0.93,prefix_suffix,lexical
loansbylevi.com,vi,0.93,prefix_suffix,lexical
sacredantennastudios.com,sac,0.93,prefix_suffix,lexical
visitbelfast.us,vi,0.93,prefix_suffix,lexical
dtzjp.vip,vi,0.93,prefix_suffix,lexical
videogent.com,vi,0.93,prefix_suffix,lexical
dy-levarpg.vip,vi,0.93,prefix_suffix,lexical
ge-health-it-views.com,vi,0.93,prefix_suffix,lexical
c754.vip,vi,0.93,prefix_suffix,lexical
dpd-status.vip,vi,0.93,prefix_suffix,lexical
nicelymoralanemone.space,nic,0.93,prefix_suffix,lexical
better-vibrations.com,vi,0.93,prefix_suffix,lexical
xokpv.vip,vi,0.93,prefix_suffix,lexical
hfmarket1.vip,vi,0.93,prefix_suffix,lexical
vividin2erio.com,vi,0.93,prefix_suffix,lexical
visitgreatwallofchina.com,vi,0.93,prefix_suffix,lexical
metrogallery.vip,vi,0.93,prefix_suffix,lexical
com-olx.vip,vi,0.93,prefix_suffix,lexical
38202.vip,vi,0.93,prefix_suffix,lexical
victoria-popescu-oser-se-retrouver.fr,vi,0.93,prefix_suffix,lexical
861105.vip,vi,0.93,prefix_suffix,lexical
nickzheng.top,nic,0.93,prefix_suffix,lexical
saccentral.store,sac,0.93,prefix_suffix,lexical
visioncore-co.us,vi,0.93,prefix_suffix,lexical
betpipo-resmiadresiniz.vip,vi,0.93,prefix_suffix,lexical
villivo.com,vi,0.93,prefix_suffix,lexical
somedaybooking.vip,vi,0.93,prefix_suffix,lexical
eclecticsanctum.com,eci,0.93,prefix_suffix,lexical
h60vl.top,vi,0.93,prefix_suffix,lexical
minhchaudentalclinic.com,nic,0.93,prefix_suffix,lexical
irelandanimalclinic.com,nic,0.93,prefix_suffix,lexical
villagetoystore.com,vi,0.93,prefix_suffix,lexical
eastendflowershopvi.com,vi,0.93,prefix_suffix,lexical
vintkid.com,vi,0.93,prefix_suffix,lexical
chdjoo.vip,vi,0.93,prefix_suffix,lexical
sblzzwod.sbs,sbi,0.93,prefix_suffix,lexical
88vnmaidinh.vip,vi,0.93,prefix_suffix,lexical
vitalhealthsolutions.info,vi,0.93,prefix_suffix,lexical
hitamgg.vip,vi,0.93,prefix_suffix,lexical
komiai.vip,vi,0.93,prefix_suffix,lexical
t-visiondisputes.com,vi,0.93,prefix_suffix,lexical
visionnext.us,vi,0.93,prefix_suffix,lexical
jiongquanjiaangdaojieanxiahe.bond,jio,0.93,prefix_suffix,lexical
virtuosoc.com,vi,0.93,prefix_suffix,lexical
hellenic-gr.com,nic,0.93,prefix_suffix,lexical
victoriadrumcamp.com,vi,0.93,prefix_suffix,lexical
victoriacamp-it.com,vi,0.93,prefix_suffix,lexical
zfszv.vip,vi,0.93,prefix_suffix,lexical
14620.vip,vi,0.93,prefix_suffix,lexical
nicoleskinspa.com,nic,0.93,prefix_suffix,lexical
donat-vip.store,vi,0.93,prefix_suffix,lexical
lwxag.vip,vi,0.93,prefix_suffix,lexical
vintageelon.xyz,vi,0.93,prefix_suffix,lexical
vibemcp.xyz,vi,0.93,prefix_suffix,lexical
bailety81.vip,vi,0.93,prefix_suffix,lexical
visiomarche.com,vi,0.93,prefix_suffix,lexical
296771.vip,vi,0.93,prefix_suffix,lexical
bstvpainelplayer.vip,vi,0.93,prefix_suffix,lexical
nlcservicing.com,nic,0.93,prefix_suffix,lexical
vivizo.com,vi,0.93,prefix_suffix,lexical
vicinotiholidays.xyz,vi,0.93,prefix_suffix,lexical
sfmzdgpro.vip,vi,0.93,prefix_suffix,lexical
vitalchoiceg.info,vi,0.93,prefix_suffix,lexical
didi51-t0364.vip,vi,0.93,prefix_suffix,lexical
vivanova.info,vi,0.93,prefix_suffix,lexical
mira789.vip,vi,0.93,prefix_suffix,lexical
65702.vip,vi,0.93,prefix_suffix,lexical
viewbajar.com,vi,0.93,prefix_suffix,lexical
vinomondoedu.com.br,vi,0.93,prefix_suffix,lexical
didi51-t0383.vip,vi,0.93,prefix_suffix,lexical
victorythreadsathletics.com,vi,0.93,prefix_suffix,lexical
craniosacralpraxis.com,axis,0.93,prefix_suffix,lexical
viennaspins.top,vi,0.93,prefix_suffix,lexical
xgoal808.live,bob,0.93,prefix_suffix,lexical
visionfrombeyond.com,vi,0.93,prefix_suffix,lexical
77299e.vip,vi,0.93,prefix_suffix,lexical
virallite.com,vi,0.93,prefix_suffix,lexical
550005ldv1.pro,vi,0.93,prefix_suffix,lexical
bobqbvc.shop,bob,0.93,prefix_suffix,lexical
agennlucky.vip,vi,0.93,prefix_suffix,lexical
videovillagefilm.com,vi,0.93,prefix_suffix,lexical
y7124588.vip,vi,0.93,prefix_suffix,lexical
vishwajeetinnovativeventures.com,vi,0.93,prefix_suffix,lexical
visibleforai.com,vi,0.93,prefix_suffix,lexical
p98p.vip,vi,0.93,prefix_suffix,lexical
vinotrio.com,vi,0.93,prefix_suffix,lexical
vianelnewyork.com,vi,0.93,prefix_suffix,lexical
vitasion.shop,vi,0.93,prefix_suffix,lexical
vital-procl.store,vi,0.93,prefix_suffix,lexical
thebirminghamgynaecologyclinic.com,nic,0.93,prefix_suffix,lexical
vilamassalia.com,vi,0.93,prefix_suffix,lexical
camswanted.com,cams,0.93,prefix_suffix,lexical
vibeex.xyz,vi,0.93,prefix_suffix,lexical
whats-zog.vip,vi,0.93,prefix_suffix,lexical
thirdaxis-consulting.com,axis,0.93,prefix_suffix,lexical
seladaairhydroponic.my.id,nic,0.93,prefix_suffix,lexical
1316668.vip,vi,0.93,prefix_suffix,lexical
nexar-polvi.store,vi,0.93,prefix_suffix,lexical
uu3632.vip,vi,0.93,prefix_suffix,lexical
visionhealth.us,vi,0.93,prefix_suffix,lexical
vitibin.online,vi,0.93,prefix_suffix,lexical
micronjetclinic.com,nic,0.93,prefix_suffix,lexical
v1phuralifestyle.sbs,vi,0.93,prefix_suffix,lexical
vlnhh.vip,vi,0.93,prefix_suffix,lexical
viserioncommodities.com,vi,0.93,prefix_suffix,lexical
y7124415.vip,vi,0.93,prefix_suffix,lexical
nhakaviation.com,nha,0.93,prefix_suffix,lexical
tl5377.vip,vi,0.93,prefix_suffix,lexical
yh2666.vip,vi,0.93,prefix_suffix,lexical
vlncghn1025.top,vi,0.93,prefix_suffix,lexical
mm88qt.vip,vi,0.93,prefix_suffix,lexical
vilionex.fun,vi,0.93,prefix_suffix,lexical
72329.vip,vi,0.93,prefix_suffix,lexical
vidatranquila.online,vi,0.93,prefix_suffix,lexical
53fx69.vip,vi,0.93,prefix_suffix,lexical
victorybet.us,vi,0.93,prefix_suffix,lexical
nicexxxtube.com,nic,0.93,prefix_suffix,lexical
diego-vicente.com,vi,0.93,prefix_suffix,lexical
trentonhormoneclinic.com,nic,0.93,prefix_suffix,lexical
26124538.vip,vi,0.93,prefix_suffix,lexical
vigorprecisiongear.com,vi,0.93,prefix_suffix,lexical
myviraldifference.com,vi,0.93,prefix_suffix,lexical
villyjoy.com,vi,0.93,prefix_suffix,lexical
virtari.com,vi,0.93,prefix_suffix,lexical
98yl66645.vip,vi,0.93,prefix_suffix,lexical
26124461.vip,vi,0.93,prefix_suffix,lexical
rknksz808.com,bob,0.93,prefix_suffix,lexical
viafit.app,vi,0.93,prefix_suffix,lexical
visibilityblitz.com,vi,0.93,prefix_suffix,lexical
nhacdjplus.com,nha,0.93,prefix_suffix,lexical
mavi-betgiriss.com,vi,0.93,prefix_suffix,lexical
vljfkvgi.xyz,vi,0.93,prefix_suffix,lexical
vintageprintables.com,vi,0.93,prefix_suffix,lexical
vidyadeepglobalschool.com,vi,0.93,prefix_suffix,lexical
shlwd.vip,vi,0.93,prefix_suffix,lexical
tttph.vip,vi,0.93,prefix_suffix,lexical
torgi.us,census,0.93,prefix_suffix,lexical
93292.vip,vi,0.93,prefix_suffix,lexical
nicksonharlem.com,nic,0.93,prefix_suffix,lexical
vibecodingmke.com,vi,0.93,prefix_suffix,lexical
vividaxiom.com,vi,0.93,prefix_suffix,lexical
camstorez.shop,cams,0.93,prefix_suffix,lexical
83601.vip,vi,0.93,prefix_suffix,lexical
03662.vip,vi,0.93,prefix_suffix,lexical
futgolresenha.com.br,nha,0.93,prefix_suffix,lexical
nicolette-leigh.com,nic,0.93,prefix_suffix,lexical
hi-end888.vip,vi,0.93,prefix_suffix,lexical
villacollection.us,vi,0.93,prefix_suffix,lexical
xakzwub.vip,vi,0.93,prefix_suffix,lexical
whatvi.homes,vi,0.93,prefix_suffix,lexical
vliyfly.sbs,vi,0.93,prefix_suffix,lexical
virtusweb.rs,vi,0.93,prefix_suffix,lexical
vitabrevis.us,vi,0.93,prefix_suffix,lexical
vietearth.com,vi,0.93,prefix_suffix,lexical
h59vl.top,vi,0.93,prefix_suffix,lexical
islandcams.com,cams,0.93,prefix_suffix,lexical
maxwin288-vip.life,vi,0.93,prefix_suffix,lexical
leadpanic.com,nic,0.93,prefix_suffix,lexical
viventorosarito.com,vi,0.93,prefix_suffix,lexical
nicolemaestri.com,nic,0.93,prefix_suffix,lexical
skacharshoesflashsalecl.shop,eci,0.93,prefix_suffix,lexical
sizeupelectronic.store,nic,0.93,prefix_suffix,lexical
osk-sbi.com,sbi,0.98,exact_label,lexical
vignanam.com,vi,0.93,prefix_suffix,lexical
vintagetailoringde.com,vi,0.93,prefix_suffix,lexical
bailety53.vip,vi,0.93,prefix_suffix,lexical
vilopixies.com,vi,0.93,prefix_suffix,lexical
koras.vip,vi,0.93,prefix_suffix,lexical
nexorachilecl.com,eci,0.93,prefix_suffix,lexical
stray-vistastudio.com,vi,0.93,prefix_suffix,lexical
virtualvantageinc.com,vi,0.93,prefix_suffix,lexical
com-itr.vip,vi,0.93,prefix_suffix,lexical
cd44com.vip,vi,0.93,prefix_suffix,lexical
vigilantcross.org,vi,0.93,prefix_suffix,lexical
vlytda.cn,vi,0.93,prefix_suffix,lexical
virtualsleeplabs.com,vi,0.93,prefix_suffix,lexical
massagepraxis-berger.com,axis,0.93,prefix_suffix,lexical
petesvolcanic.com,nic,0.93,prefix_suffix,lexical
taraslot88.vip,vi,0.93,prefix_suffix,lexical
vilenebon.com,vi,0.93,prefix_suffix,lexical
fq8218.vip,vi,0.93,prefix_suffix,lexical
nichetalentsource.com,nic,0.93,prefix_suffix,lexical
videoonlinegames.com,vi,0.93,prefix_suffix,lexical
aokst.vip,vi,0.93,prefix_suffix,lexical
urzjq.vip,vi,0.93,prefix_suffix,lexical
y7124305.vip,vi,0.93,prefix_suffix,lexical
villa-privilege.com,vi,0.93,prefix_suffix,lexical
hewbcnvl.sbs,vi,0.93,prefix_suffix,lexical
vibecodecto.ru,vi,0.93,prefix_suffix,lexical
anzboues2025.vip,vi,0.93,prefix_suffix,lexical
hgpnb.info,pnb,0.93,prefix_suffix,lexical
wanshiconic-product.shop,nic,0.93,prefix_suffix,lexical
packagecv.vip,vi,0.93,prefix_suffix,lexical
bbbnx.vip,vi,0.93,prefix_suffix,lexical
superbetingirisx724.vip,vi,0.93,prefix_suffix,lexical
proxy-seller.vip,vi,0.93,prefix_suffix,lexical
agatheqdvl.com,vi,0.93,prefix_suffix,lexical
virtualasset.us,vi,0.93,prefix_suffix,lexical
vitatvar.info,vi,0.93,prefix_suffix,lexical
bobyt.com,bob,0.93,prefix_suffix,lexical
shifa-clinic.com,nic,0.93,prefix_suffix,lexical
xy46.vip,vi,0.93,prefix_suffix,lexical
victorandre.fun,vi,0.93,prefix_suffix,lexical
80844.xyz,bob,0.93,prefix_suffix,lexical
bxbjb.vip,vi,0.93,prefix_suffix,lexical
adda7.vip,vi,0.93,prefix_suffix,lexical
betebet-girisadresim.vip,vi,0.93,prefix_suffix,lexical
vitorschlusaz.com,vi,0.93,prefix_suffix,lexical
visadailynews.com,vi,0.93,prefix_suffix,lexical
vibeshift.us,vi,0.93,prefix_suffix,lexical
victoria-photography.com,vi,0.93,prefix_suffix,lexical
rpyxb.vip,vi,0.93,prefix_suffix,lexical
vinde.us,vi,0.93,prefix_suffix,lexical
722663.vip,vi,0.93,prefix_suffix,lexical
a58i.cfd,sbi,0.93,prefix_suffix,lexical
victorians.us,vi,0.93,prefix_suffix,lexical
mndultrasonic.com,nic,0.93,prefix_suffix,lexical
lovegame-app-vip.com,vi,0.93,prefix_suffix,lexical
bobanearme.net,bob,0.93,prefix_suffix,lexical
vitagalaxy.com,vi,0.93,prefix_suffix,lexical
bxnzx.vip,vi,0.93,prefix_suffix,lexical
yd24905.vip,vi,0.93,prefix_suffix,lexical
jlog-admin.cl,jio,0.93,prefix_suffix,lexical
sushenahomoeoclinic.com,nic,0.93,prefix_suffix,lexical
vl8xfc.top,vi,0.93,prefix_suffix,lexical
clinic-web-partners.jp,nic,0.93,prefix_suffix,lexical
virusnew17.online,vi,0.93,prefix_suffix,lexical
ikimisli-yeni-adresi.vip,vi,0.93,prefix_suffix,lexical
vilaments.com,vi,0.93,prefix_suffix,lexical
virtualofficebaltimore.com,vi,0.93,prefix_suffix,lexical
matrentev1.online,vi,0.93,prefix_suffix,lexical
kadikoy-ikili.vip,vi,0.93,prefix_suffix,lexical
vip186.top,vi,0.93,prefix_suffix,lexical
nicole-inc-co.com,nic,0.93,prefix_suffix,lexical
vio49n691o1.top,vi,0.93,prefix_suffix,lexical
cohen-nicoleau.com,nic,0.93,prefix_suffix,lexical
villa-ada-malinska.com,vi,0.93,prefix_suffix,lexical
rbiprograms.com,rbi,0.93,prefix_suffix,lexical
sky-ftth.vip,vi,0.93,prefix_suffix,lexical
viket.store,vi,0.93,prefix_suffix,lexical
vitalityresearch.website,vi,0.93,prefix_suffix,lexical
visioncicero.com,vi,0.93,prefix_suffix,lexical
vebo8.fun,bob,0.93,prefix_suffix,lexical
victorotieno.page,vi,0.93,prefix_suffix,lexical
homivivi.com,vi,0.93,prefix_suffix,lexical
alohawellnessclinic.com,nic,0.93,prefix_suffix,lexical
vparilke.vip,vi,0.93,prefix_suffix,lexical
viajesyturismodobleaa.com,vi,0.93,prefix_suffix,lexical
crb12.vip,vi,0.93,prefix_suffix,lexical
93486.vip,vi,0.93,prefix_suffix,lexical
c45723902.vip,vi,0.93,prefix_suffix,lexical
urfreeporncams.com,cams,0.93,prefix_suffix,lexical
tk3666.vip,vi,0.93,prefix_suffix,lexical
veloci-app.com,iocl,0.93,prefix_suffix,lexical
3cai.vip,vi,0.93,prefix_suffix,lexical
didi51-t0342.vip,vi,0.93,prefix_suffix,lexical
virelq.shop,vi,0.93,prefix_suffix,lexical
appclaw.vip,vi,0.93,prefix_suffix,lexical
46002.vip,vi,0.93,prefix_suffix,lexical
ujdwi.vip,vi,0.93,prefix_suffix,lexical
footworkspodiatryclinic.london,nic,0.93,prefix_suffix,lexical
bouberssurcanche-villagefleuri.com,vi,0.93,prefix_suffix,lexical
vitalchoicep.info,vi,0.93,prefix_suffix,lexical
livoniahormoneclinic.com,nic,0.93,prefix_suffix,lexical
tophillbetmobilgir2026.vip,vi,0.93,prefix_suffix,lexical
vinosocial.io,vi,0.93,prefix_suffix,lexical
qviyf.vip,vi,0.93,prefix_suffix,lexical
65782.vip,vi,0.93,prefix_suffix,lexical
g4bdhd.vip,vi,0.93,prefix_suffix,lexical
26124383.vip,vi,0.93,prefix_suffix,lexical
119205.vip,vi,0.93,prefix_suffix,lexical
dst-academy.online,dst,0.98,exact_label,lexical
avenewdevelopment.vip,vi,0.93,prefix_suffix,lexical
vipldk.shop,vi,0.93,prefix_suffix,lexical
visionu.com,vi,0.93,prefix_suffix,lexical
visitcanva.com,vi,0.93,prefix_suffix,lexical
korolek-moei-lubvi.online,vi,0.93,prefix_suffix,lexical
fahrrad-sachverstaendiger.com,sac,0.93,prefix_suffix,lexical
visual-brands.com,vi,0.93,prefix_suffix,lexical
max8k.vip,vi,0.93,prefix_suffix,lexical
gzoxy.vip,vi,0.93,prefix_suffix,lexical
discovi.com,vi,0.93,prefix_suffix,lexical
reservebank.us,rbi,0.98,exact_label,lexical
sacredlightministries.store,sac,0.93,prefix_suffix,lexical
snuju.vip,vi,0.93,prefix_suffix,lexical
lyvi.xyz,vi,0.93,prefix_suffix,lexical
vionvideo.com,vi,0.93,prefix_suffix,lexical
vilanyventures.com,vi,0.93,prefix_suffix,lexical
megarich.vip,vi,0.93,prefix_suffix,lexical
trendbet-hizli1giris.vip,vi,0.93,prefix_suffix,lexical
512yn.vip,vi,0.93,prefix_suffix,lexical
26124377.vip,vi,0.93,prefix_suffix,lexical
villagepointoyota.com,vi,0.93,prefix_suffix,lexical
y7124566.vip,vi,0.93,prefix_suffix,lexical
gapks.vip,vi,0.93,prefix_suffix,lexical
louguanjia.vip,vi,0.93,prefix_suffix,lexical
makecl.com,eci,0.93,prefix_suffix,lexical
virtualeventsite.net,vi,0.93,prefix_suffix,lexical
viajar-life.com,vi,0.93,prefix_suffix,lexical
visionaos.com,vi,0.93,prefix_suffix,lexical
63035.vip,vi,0.93,prefix_suffix,lexical
y7124422.vip,vi,0.93,prefix_suffix,lexical
sindarcirneci.com,eci,0.93,prefix_suffix,lexical
peyzi.vip,vi,0.93,prefix_suffix,lexical
vishloans.online,vi,0.93,prefix_suffix,lexical
yh6899.vip,vi,0.93,prefix_suffix,lexical
vinhoboi.com,vi,0.93,prefix_suffix,lexical
vitacenteritw.info,vi,0.93,prefix_suffix,lexical
qpdzo.vip,vi,0.93,prefix_suffix,lexical
virtuallybuckhead.com,vi,0.93,prefix_suffix,lexical
nicelygathered.com,nic,0.93,prefix_suffix,lexical
visiontents.com,vi,0.93,prefix_suffix,lexical
vinbargain.com,vi,0.93,prefix_suffix,lexical
vb777v.vip,vi,0.93,prefix_suffix,lexical
vipking.dev,vi,0.93,prefix_suffix,lexical
vinylvixen.shop,vi,0.93,prefix_suffix,lexical
vital.lat,vi,0.93,prefix_suffix,lexical
vietnamlucky5.com,vi,0.93,prefix_suffix,lexical
mbitir.vip,vi,0.93,prefix_suffix,lexical
virtualtoursphilly.com,vi,0.93,prefix_suffix,lexical
visipercayadiricom.info,vi,0.93,prefix_suffix,lexical
viewinstitutes.com,vi,0.93,prefix_suffix,lexical
akwhp25.vip,vi,0.93,prefix_suffix,lexical
y7124499.vip,vi,0.93,prefix_suffix,lexical
tulipbetmehmet141414.vip,vi,0.93,prefix_suffix,lexical
vietnamandcambodia.com,vi,0.93,prefix_suffix,lexical
buckingbuckpokiesauaz.vip,vi,0.93,prefix_suffix,lexical
villatirol.com,vi,0.93,prefix_suffix,lexical
06214.vip,vi,0.93,prefix_suffix,lexical
vlessconnect.online,vi,0.93,prefix_suffix,lexical
95053.vip,vi,0.93,prefix_suffix,lexical
hx970.vip,vi,0.93,prefix_suffix,lexical
violetbirdy.com,vi,0.93,prefix_suffix,lexical
09631.vip,vi,0.93,prefix_suffix,lexical
vignoblesbillieres.com,vi,0.93,prefix_suffix,lexical
518822.vip,vi,0.93,prefix_suffix,lexical
villageq.com,vi,0.93,prefix_suffix,lexical
bahiscom-vipgiris.com,vi,0.93,prefix_suffix,lexical
borthwick.vip,vi,0.93,prefix_suffix,lexical
eclipseartworks.com,eci,0.93,prefix_suffix,lexical
axismunditravel.com,axis,0.93,prefix_suffix,lexical
vifitek.com,vi,0.93,prefix_suffix,lexical
praxis-dilsdorf.ch,axis,0.93,prefix_suffix,lexical
vihafastener.com,vi,0.93,prefix_suffix,lexical
ezbih.vip,vi,0.93,prefix_suffix,lexical
liuhe88.vip,vi,0.93,prefix_suffix,lexical
vinilrestaurant.com,vi,0.93,prefix_suffix,lexical
swimshortsonline.vip,vi,0.93,prefix_suffix,lexical
amc77.vip,vi,0.93,prefix_suffix,lexical
04453.vip,vi,0.93,prefix_suffix,lexical
bailety47.vip,vi,0.93,prefix_suffix,lexical
villadatatilim.com,vi,0.93,prefix_suffix,lexical
vimage.top,vi,0.93,prefix_suffix,lexical
jrqg.vip,vi,0.93,prefix_suffix,lexical
jlgj808.top,bob,0.93,prefix_suffix,lexical
memory-clinic.com,nic,0.93,prefix_suffix,lexical
gov-dfao.vip,vi,0.93,prefix_suffix,lexical
97686.vip,vi,0.93,prefix_suffix,lexical
bobaliciousbubbletea.com,bob,0.93,prefix_suffix,lexical
visitmarokko.nl,vi,0.93,prefix_suffix,lexical
cerberus27.vip,vi,0.93,prefix_suffix,lexical
khonkaenmedicalclinic.com,nic,0.93,prefix_suffix,lexical
hw4sfl.vip,vi,0.93,prefix_suffix,lexical
villaallebra.com,vi,0.93,prefix_suffix,lexical
lzjar.vip,vi,0.93,prefix_suffix,lexical
king4dgel.vip,vi,0.93,prefix_suffix,lexical
casino-nic.nl,nic,0.98,exact_label,lexical
vitityo.shop,vi,0.93,prefix_suffix,lexical
myvideofblife.shop,vi,0.93,prefix_suffix,lexical
1148betebet.vip,vi,0.93,prefix_suffix,lexical
lcw553.vip,vi,0.93,prefix_suffix,lexical
visxwcw42.shop,vi,0.93,prefix_suffix,lexical
visitmoluccas.com,vi,0.93,prefix_suffix,lexical
virginiedelalande.com,vi,0.93,prefix_suffix,lexical
zzxms.vip,vi,0.93,prefix_suffix,lexical
512gx.vip,vi,0.93,prefix_suffix,lexical
06871.vip,vi,0.93,prefix_suffix,lexical
salokdentalclinic.com,nic,0.93,prefix_suffix,lexical
vialguayabo.com,vi,0.93,prefix_suffix,lexical
vibesquick.xyz,vi,0.93,prefix_suffix,lexical
victorvillecharterbusservices.com,vi,0.93,prefix_suffix,lexical
bluecarbob.com,bob,0.93,prefix_suffix,lexical
web-visitors.online,vi,0.93,prefix_suffix,lexical
76282.vip,vi,0.93,prefix_suffix,lexical
trinityavl.net,vi,0.93,prefix_suffix,lexical
sacrd.xyz,sac,0.93,prefix_suffix,lexical
vinzera.com,vi,0.93,prefix_suffix,lexical
amazon50378.vip,vi,0.93,prefix_suffix,lexical
starsexcams.com,cams,0.93,prefix_suffix,lexical
vietwap.com,vi,0.93,prefix_suffix,lexical
villianos.com,vi,0.93,prefix_suffix,lexical
spadearorganic.com,nic,0.93,prefix_suffix,lexical
jtxvl.com,vi,0.93,prefix_suffix,lexical
vlearme.com,vi,0.93,prefix_suffix,lexical
viralmarketingteam.com,vi,0.93,prefix_suffix,lexical
nicoyou.com,nic,0.93,prefix_suffix,lexical
restaurantebotanic.com,nic,0.93,prefix_suffix,lexical
wxpgw.vip,vi,0.93,prefix_suffix,lexical
bailety20.vip,vi,0.93,prefix_suffix,lexical
alvnv.vip,vi,0.93,prefix_suffix,lexical
vila88.com,vi,0.93,prefix_suffix,lexical
ar-sbi.net,sbi,0.98,exact_label,lexical
bs3u.top,bse,0.93,prefix_suffix,lexical
xy75.vip,vi,0.93,prefix_suffix,lexical
inatera.clinic,nic,0.93,prefix_suffix,lexical
kawagoe-clinic.com,nic,0.93,prefix_suffix,lexical
vineta.cl,vi,0.93,prefix_suffix,lexical
vision2020solutions.org,vi,0.93,prefix_suffix,lexical
virtual360inspector.com,vi,0.93,prefix_suffix,lexical
54507.vip,vi,0.93,prefix_suffix,lexical
0009tvabkkbk.vip,vi,0.93,prefix_suffix,lexical
virginiawinefestivals.com,vi,0.93,prefix_suffix,lexical
573747.vip,vi,0.93,prefix_suffix,lexical
looknic.com,nic,0.93,prefix_suffix,lexical
vivianaykevin.site,vi,0.93,prefix_suffix,lexical
vital-flavors.com,vi,0.93,prefix_suffix,lexical
villadeencantada.com,vi,0.93,prefix_suffix,lexical
crazylive.vip,vi,0.93,prefix_suffix,lexical
vintageurbanrenewal.com,vi,0.93,prefix_suffix,lexical
10726.vip,vi,0.93,prefix_suffix,lexical
bedronic.xyz,nic,0.93,prefix_suffix,lexical
visionwealthcare.com,vi,0.93,prefix_suffix,lexical
t-visionresellers.com,vi,0.93,prefix_suffix,lexical
fochafyndveo.vip,vi,0.93,prefix_suffix,lexical
videoify.com,vi,0.93,prefix_suffix,lexical
via4d-good1.click,vi,0.93,prefix_suffix,lexical
my-visionquest.com,vi,0.93,prefix_suffix,lexical
visionvibe.click,vi,0.93,prefix_suffix,lexical
vini388b.cfd,vi,0.93,prefix_suffix,lexical
jlocv90.cn,jio,0.93,prefix_suffix,lexical
nickiradzely.com,nic,0.93,prefix_suffix,lexical
qamon.vip,vi,0.93,prefix_suffix,lexical
visdom.run,vi,0.93,prefix_suffix,lexical
dailybible365.vip,vi,0.93,prefix_suffix,lexical
5nydtz.vip,vi,0.93,prefix_suffix,lexical
moviclienteservi.online,vi,0.93,prefix_suffix,lexical
villageathinckleyoaks.com,vi,0.93,prefix_suffix,lexical
severalubvi.sbs,vi,0.93,prefix_suffix,lexical
vipshow.org,vi,0.93,prefix_suffix,lexical
vizeservis.info,vi,0.93,prefix_suffix,lexical
vishudhoils.com,vi,0.93,prefix_suffix,lexical
viennahighlights.com,vi,0.93,prefix_suffix,lexical
prensbetklasplus.vip,vi,0.93,prefix_suffix,lexical
imagepluseyeclinic.com,nic,0.93,prefix_suffix,lexical
gczamriyvl.christmas,vi,0.93,prefix_suffix,lexical
hostel-videos.com,vi,0.93,prefix_suffix,lexical
afrothintank.vip,vi,0.93,prefix_suffix,lexical
vitalslot77.com,vi,0.93,prefix_suffix,lexical
vip2026shop.top,vi,0.93,prefix_suffix,lexical
vistasocialhq.com,vi,0.93,prefix_suffix,lexical
dxhxo.vip,vi,0.93,prefix_suffix,lexical
qglucz.vip,vi,0.93,prefix_suffix,lexical
bobbyelmore.com,bob,0.93,prefix_suffix,lexical
vitaroa.space,vi,0.93,prefix_suffix,lexical
boba178.net,bob,0.93,prefix_suffix,lexical
aifoq03ad5zo2r-vwv1.com,vi,0.93,prefix_suffix,lexical
sacredtrinehealingarts.com,sac,0.93,prefix_suffix,lexical
vintorq.io,vi,0.93,prefix_suffix,lexical
shopnaturavi.com,vi,0.93,prefix_suffix,lexical
kataskevi-istoselidon.com,vi,0.93,prefix_suffix,lexical
sachverstaendige-bau.com,sac,0.93,prefix_suffix,lexical
bobcartersautobodyblog.com,bob,0.93,prefix_suffix,lexical
capitolbet-guvenligirisi.vip,vi,0.93,prefix_suffix,lexical
viadelvera.com,vi,0.93,prefix_suffix,lexical
slendersonic.com,nic,0.93,prefix_suffix,lexical
lordfilmeci.lat,eci,0.93,prefix_suffix,lexical
vlinearg.com,vi,0.93,prefix_suffix,lexical
vitalityranch.com,vi,0.93,prefix_suffix,lexical
victoriavillecentre.com,vi,0.93,prefix_suffix,lexical
maxwin288-vip.info,vi,0.93,prefix_suffix,lexical
alcams.top,cams,0.93,prefix_suffix,lexical
heart-clinic.life,nic,0.93,prefix_suffix,lexical
vitatrend.app,vi,0.93,prefix_suffix,lexical
wuyouxing.vip,vi,0.93,prefix_suffix,lexical
vitalshop.food,vi,0.93,prefix_suffix,lexical
yrvktv367.vip,vi,0.93,prefix_suffix,lexical
sc88cqt.vip,vi,0.93,prefix_suffix,lexical
viiu.dev,vi,0.93,prefix_suffix,lexical
rbiigoid.click,rbi,0.93,prefix_suffix,lexical
ok-ru-videodtp.info,vi,0.93,prefix_suffix,lexical
62694.vip,vi,0.93,prefix_suffix,lexical
stryerservi.institute,vi,0.93,prefix_suffix,lexical
virticalstudios.com,vi,0.93,prefix_suffix,lexical
tk8y3j.vip,vi,0.93,prefix_suffix,lexical
xingcai-vip.com,vi,0.93,prefix_suffix,lexical
vivored.com,vi,0.93,prefix_suffix,lexical
61647.vip,vi,0.93,prefix_suffix,lexical
tw-bob.com,bob,0.98,exact_label,lexical
visual.bio,vi,0.93,prefix_suffix,lexical
uu7297.vip,vi,0.93,prefix_suffix,lexical
c774.vip,vi,0.93,prefix_suffix,lexical
sacredfrequencyco.org,sac,0.93,prefix_suffix,lexical
stemcellvi.com,vi,0.93,prefix_suffix,lexical
lrcc-protect.pro,irctc,0.85,typo,lexical
myvip-vip.top,vi,0.93,prefix_suffix,lexical
ttthn.vip,vi,0.93,prefix_suffix,lexical
visattorney.com,vi,0.93,prefix_suffix,lexical
thefitnessaxis.digital,axis,0.93,prefix_suffix,lexical
vittrr.com,vi,0.93,prefix_suffix,lexical
collegevillageanimalclinic.com,nic,0.93,prefix_suffix,lexical
viago.plus,vi,0.93,prefix_suffix,lexical
vijiscrochet.com,vi,0.93,prefix_suffix,lexical
vipzinocasinonl.com,vi,0.93,prefix_suffix,lexical
nandadentalclinic.com,nic,0.93,prefix_suffix,lexical
niceup.tw,nic,0.93,prefix_suffix,lexical
a4ranchcams.net,cams,0.93,prefix_suffix,lexical
nickpotgieter.com,nic,0.93,prefix_suffix,lexical
vebo8.info,bob,0.93,prefix_suffix,lexical
vipdrive.us,vi,0.93,prefix_suffix,lexical
visitfireescape.com,vi,0.93,prefix_suffix,lexical
66484.vip,vi,0.93,prefix_suffix,lexical
y7124318.vip,vi,0.93,prefix_suffix,lexical
slon--2at.vip,vi,0.93,prefix_suffix,lexical
jioselabels.com,jio,0.93,prefix_suffix,lexical
vidcv.live,vi,0.93,prefix_suffix,lexical
anvl.gg,vi,0.93,prefix_suffix,lexical
lclclc.club,icici,0.93,prefix_suffix,lexical
vindance.com,vi,0.93,prefix_suffix,lexical
census.group,census,0.98,exact_label,lexical
viralherbs.com,vi,0.93,prefix_suffix,lexical
vinhomesglobalgatehalong.org,vi,0.93,prefix_suffix,lexical
bobar.us,bob,0.93,prefix_suffix,lexical
visio-3d.com,vi,0.93,prefix_suffix,lexical
vignettepath.site,vi,0.93,prefix_suffix,lexical
vetpointclinic.com,nic,0.93,prefix_suffix,lexical
airti.org,airtel,0.85,typo,lexical
r-lab.vip,vi,0.93,prefix_suffix,lexical
vipweddingandevents.com,vi,0.93,prefix_suffix,lexical
849aa766.vip,vi,0.93,prefix_suffix,lexical
bahiscasino-app01.vip,vi,0.93,prefix_suffix,lexical
viridaypharma.com,vi,0.93,prefix_suffix,lexical
vltgzbu934.garden,vi,0.93,prefix_suffix,lexical
vineify.com,vi,0.93,prefix_suffix,lexical
visionmed.pro,vi,0.93,prefix_suffix,lexical
buytiqueshopaxis.info,axis,0.93,prefix_suffix,lexical
hh58l.top,sbi,0.93,prefix_suffix,lexical
vitzronext.com,vi,0.93,prefix_suffix,lexical
jiongyue.com,jio,0.93,prefix_suffix,lexical
simplyorganic-amstenrade.nl,nic,0.93,prefix_suffix,lexical
billionairesa777.vip,vi,0.93,prefix_suffix,lexical
vibeship.sh,vi,0.93,prefix_suffix,lexical
focusac.com,sac,0.93,prefix_suffix,lexical
fwcjf.vip,vi,0.93,prefix_suffix,lexical
mixivi.com,vi,0.93,prefix_suffix,lexical
victoriarobinsonart.net,vi,0.93,prefix_suffix,lexical
vip7.org,vi,0.93,prefix_suffix,lexical
vipfilipino.com,vi,0.93,prefix_suffix,lexical
viien.com,vi,0.93,prefix_suffix,lexical
vlanip.com,vi,0.93,prefix_suffix,lexical
yt74.vip,vi,0.93,prefix_suffix,lexical
victoryoversautism.com,vi,0.93,prefix_suffix,lexical
vitallivingritual.com,vi,0.93,prefix_suffix,lexical
vin-biere.com,vi,0.93,prefix_suffix,lexical
diginha.com,nha,0.93,prefix_suffix,lexical
bioorganic.us,nic,0.93,prefix_suffix,lexical
fb95.vip,vi,0.93,prefix_suffix,lexical
cerberus3.vip,vi,0.93,prefix_suffix,lexical
31629.vip,vi,0.93,prefix_suffix,lexical
adsas.vip,vi,0.93,prefix_suffix,lexical
bobwisehomes.com,bob,0.93,prefix_suffix,lexical
1095505.vip,vi,0.93,prefix_suffix,lexical
abhasabyujwala.com,nha,0.93,prefix_suffix,lexical
vipmech.com,vi,0.93,prefix_suffix,lexical
viva88pg.com,vi,0.93,prefix_suffix,lexical
bobbyhowardandsonsheatingandcooling.com,bob,0.93,prefix_suffix,lexical
sacramentohandymanpros.com,sac,0.93,prefix_suffix,lexical
xy72.vip,vi,0.93,prefix_suffix,lexical
vlpeinture.com,vi,0.93,prefix_suffix,lexical
66513.vip,vi,0.93,prefix_suffix,lexical
26124317.vip,vi,0.93,prefix_suffix,lexical
pusulaguncelgirisi.vip,vi,0.93,prefix_suffix,lexical
vintagehills.org,vi,0.93,prefix_suffix,lexical
rkzvi.top,vi,0.93,prefix_suffix,lexical
vignettauto-pass.online,vi,0.93,prefix_suffix,lexical
geoceanic.com,nic,0.93,prefix_suffix,lexical
vipvitality.com,vi,0.93,prefix_suffix,lexical
9u110vi.cyou,vi,0.93,prefix_suffix,lexical
bobsosyal.com,bob,0.93,prefix_suffix,lexical
ad14.vip,vi,0.93,prefix_suffix,lexical
modernlink.vip,vi,0.93,prefix_suffix,lexical
vignettettravel.online,vi,0.93,prefix_suffix,lexical
69-7.vip,vi,0.93,prefix_suffix,lexical
cankayafiziktedavi.com,vi,0.93,prefix_suffix,lexical
bobsgenealogyquest.com,bob,0.93,prefix_suffix,lexical
gkbpp413.vip,vi,0.93,prefix_suffix,lexical
vivida.us,vi,0.93,prefix_suffix,lexical
xy53.vip,vi,0.93,prefix_suffix,lexical
89730.vip,vi,0.93,prefix_suffix,lexical
searchby.vin,vi,0.93,prefix_suffix,lexical
sehrclinic.com,nic,0.93,prefix_suffix,lexical
vineyardvinesoutlet.online,vi,0.93,prefix_suffix,lexical
v1vu.sbs,vi,0.93,prefix_suffix,lexical
primeslimclinic.com,nic,0.93,prefix_suffix,lexical
vigrandem.live,vi,0.93,prefix_suffix,lexical
vipchipstation.com,vi,0.93,prefix_suffix,lexical
qpvji0.shop,jio,0.93,prefix_suffix,lexical
vistasocialtools.com,vi,0.93,prefix_suffix,lexical
vintageorientalrugs.com,vi,0.93,prefix_suffix,lexical
viettastenz.com,vi,0.93,prefix_suffix,lexical
vienthongquoctuong.com,vi,0.93,prefix_suffix,lexical
sacredlysecretlyinspired.com,sac,0.93,prefix_suffix,lexical
ysbhd6.vip,vi,0.93,prefix_suffix,lexical
victorycircles.com,vi,0.93,prefix_suffix,lexical
visonpro.com,vi,0.93,prefix_suffix,lexical
vagabund-vino.com,vi,0.93,prefix_suffix,lexical
iconic.finance,nic,0.93,prefix_suffix,lexical
abcd.clinic,nic,0.93,prefix_suffix,lexical
567888.vip,vi,0.93,prefix_suffix,lexical
sying-vip.com,vi,0.93,prefix_suffix,lexical
mobil-resmigir.vip,vi,0.93,prefix_suffix,lexical
diuwinn.vip,vi,0.93,prefix_suffix,lexical
pt-electronic.com,nic,0.93,prefix_suffix,lexical
qulmz07.vip,vi,0.93,prefix_suffix,lexical
teatenavi.com,vi,0.93,prefix_suffix,lexical
26124565.vip,vi,0.93,prefix_suffix,lexical
7day88.vip,vi,0.93,prefix_suffix,lexical
arnic.biz,nic,0.93,prefix_suffix,lexical
virtualconect.site,vi,0.93,prefix_suffix,lexical
psbi.us,sbi,0.93,prefix_suffix,lexical
t-visionwholesale.com,vi,0.93,prefix_suffix,lexical
b88u.vip,vi,0.93,prefix_suffix,lexical
viperion.biz,vi,0.93,prefix_suffix,lexical
vipwettwet.top,vi,0.93,prefix_suffix,lexical
ezbyuser.vip,vi,0.93,prefix_suffix,lexical
gravitoncoreaxis.info,axis,0.93,prefix_suffix,lexical
ecigbestsave.com,eci,0.93,prefix_suffix,lexical
mm99play.vip,vi,0.93,prefix_suffix,lexical
ckabsd.vip,vi,0.93,prefix_suffix,lexical
sexyame88.vip,vi,0.93,prefix_suffix,lexical
vionexo.com,vi,0.93,prefix_suffix,lexical
com-integras.vip,vi,0.93,prefix_suffix,lexical
nhanquanhaaeoi.click,nha,0.93,prefix_suffix,lexical
viradestino.com,vi,0.93,prefix_suffix,lexical
vitedgesales.com,vi,0.93,prefix_suffix,lexical
nicolastitze.com,nic,0.93,prefix_suffix,lexical
victoriousfitpro.digital,vi,0.93,prefix_suffix,lexical
aerodrome-v1.click,vi,0.98,exact_label,lexical
nicemtg.com,nic,0.93,prefix_suffix,lexical
vitraa.com,vi,0.93,prefix_suffix,lexical
visionprosphere.xyz,vi,0.93,prefix_suffix,lexical
viralbet88summoner.xyz,vi,0.93,prefix_suffix,lexical
40414.vip,vi,0.93,prefix_suffix,lexical
ampr88.vip,vi,0.93,prefix_suffix,lexical
vlotterkering.com,vi,0.93,prefix_suffix,lexical
tttnp.vip,vi,0.93,prefix_suffix,lexical
tele-vizija.com,vi,0.93,prefix_suffix,lexical
vibroli.com,vi,0.93,prefix_suffix,lexical
visitpinetoplakesideaz.com,vi,0.93,prefix_suffix,lexical
26124536.vip,vi,0.93,prefix_suffix,lexical
piicnic.space,nic,0.93,prefix_suffix,lexical
26124430.vip,vi,0.93,prefix_suffix,lexical
spiceorganic.com,nic,0.93,prefix_suffix,lexical
betplay-resmiadresimiz.vip,vi,0.93,prefix_suffix,lexical
hgfdh.vip,vi,0.93,prefix_suffix,lexical
4333413c.vip,vi,0.93,prefix_suffix,lexical
bikenavi.com,vi,0.93,prefix_suffix,lexical
69319.vip,vi,0.93,prefix_suffix,lexical
noscasamosjuanyceci.com,eci,0.93,prefix_suffix,lexical
t88u.vip,vi,0.93,prefix_suffix,lexical
worldcup-bet-vip.com,vi,0.93,prefix_suffix,lexical
yrtst.vip,vi,0.93,prefix_suffix,lexical
rafael-victor.com,vi,0.93,prefix_suffix,lexical
nexonic.org,nic,0.93,prefix_suffix,lexical
h69vl.top,vi,0.93,prefix_suffix,lexical
vietphanmem.net,vi,0.93,prefix_suffix,lexical
didi51-t0324.vip,vi,0.93,prefix_suffix,lexical
glyphonic.com,nic,0.93,prefix_suffix,lexical
vitalsupplies1.com,vi,0.93,prefix_suffix,lexical
aivixo.vip,vi,0.93,prefix_suffix,lexical
vikingsandvarelse.com,vi,0.93,prefix_suffix,lexical
82584.vip,vi,0.93,prefix_suffix,lexical
dskde.vip,vi,0.93,prefix_suffix,lexical
a7ty54.vip,vi,0.93,prefix_suffix,lexical
download-1xbet.vip,vi,0.93,prefix_suffix,lexical
maltbahis-resmi2.vip,vi,0.93,prefix_suffix,lexical
enjme.vip,vi,0.93,prefix_suffix,lexical
24116.vip,vi,0.93,prefix_suffix,lexical
niccologitto.site,nic,0.93,prefix_suffix,lexical
t-visionaccounts.com,vi,0.93,prefix_suffix,lexical
myvillainbali.com,vi,0.93,prefix_suffix,lexical
vincehome.com,vi,0.93,prefix_suffix,lexical
grlbm.vip,vi,0.93,prefix_suffix,lexical
xefdd.vip,vi,0.93,prefix_suffix,lexical
vitoralves.com,vi,0.93,prefix_suffix,lexical
vihatenterprise.shop,vi,0.93,prefix_suffix,lexical
t-visionblows.com,vi,0.93,prefix_suffix,lexical
viagraeczane.store,vi,0.93,prefix_suffix,lexical
viajarla.com,vi,0.93,prefix_suffix,lexical
viewdxp.com,vi,0.93,prefix_suffix,lexical
viewtczef.sbs,vi,0.93,prefix_suffix,lexical
hpgsw.vip,vi,0.93,prefix_suffix,lexical
icicleisleartisanexchange.shop,icici,0.93,prefix_suffix,lexical
visionliveconsultancy.com,vi,0.93,prefix_suffix,lexical
23924.vip,vi,0.93,prefix_suffix,lexical
villamonicahoaresidents.com,vi,0.93,prefix_suffix,lexical
6298dh19.vip,vi,0.93,prefix_suffix,lexical
visitceskykrumlov.com,vi,0.93,prefix_suffix,lexical
viramalife.site,vi,0.93,prefix_suffix,lexical
vitadietb.com,vi,0.93,prefix_suffix,lexical
jeetbaz-vip.asia,vi,0.93,prefix_suffix,lexical
vlpecpbk.sbs,vi,0.93,prefix_suffix,lexical
vinyasayogafortwayne.com,vi,0.93,prefix_suffix,lexical
axispointfinancial.com,axis,0.93,prefix_suffix,lexical
avonic.us,nic,0.93,prefix_suffix,lexical
f2o6y0.vip,vi,0.93,prefix_suffix,lexical
vlrntevent.net,vi,0.93,prefix_suffix,lexical
preview.vip,vi,0.93,prefix_suffix,lexical
vigilmax.com.mx,vi,0.93,prefix_suffix,lexical
99fx13.vip,vi,0.93,prefix_suffix,lexical
viciouslytimeless.com,vi,0.93,prefix_suffix,lexical
vibeswireless.xyz,vi,0.93,prefix_suffix,lexical
debitirarmasfotosnic.com,nic,0.93,prefix_suffix,lexical
1irsw1.top,iirs,0.93,prefix_suffix,lexical
axis.travel,axis,0.98,exact_label,lexical
fa4grm.vip,vi,0.93,prefix_suffix,lexical
kkhko.vip,vi,0.93,prefix_suffix,lexical
vitalityshape.com,vi,0.93,prefix_suffix,lexical
ujmzddz.vip,vi,0.93,prefix_suffix,lexical
vipmasazas.lt,vi,0.93,prefix_suffix,lexical
csilujusaer.vip,vi,0.93,prefix_suffix,lexical
vip555jos.cyou,vi,0.93,prefix_suffix,lexical
visualizedstrategy.com,vi,0.93,prefix_suffix,lexical
myvitl.com,vi,0.93,prefix_suffix,lexical
virginia-baladon.com,vi,0.93,prefix_suffix,lexical
vitalityresidenz-wien.com,vi,0.93,prefix_suffix,lexical
100panalo.vip,vi,0.93,prefix_suffix,lexical
vicegod.com,vi,0.93,prefix_suffix,lexical
72308.vip,vi,0.93,prefix_suffix,lexical
lee7896.vip,vi,0.93,prefix_suffix,lexical
nicinone.top,nic,0.93,prefix_suffix,lexical
adoreuclinic.com,nic,0.93,prefix_suffix,lexical
viewingnotes.com,vi,0.93,prefix_suffix,lexical
villocountry.com,vi,0.93,prefix_suffix,lexical
vixennailsspabloomington.com,vi,0.93,prefix_suffix,lexical
shisan-navi.com,vi,0.93,prefix_suffix,lexical
viacredicoopebr.com,vi,0.93,prefix_suffix,lexical
incensus.online,census,0.93,prefix_suffix,lexical
88440.vip,vi,0.93,prefix_suffix,lexical
vineyardalternativeauto.com,vi,0.93,prefix_suffix,lexical
xgc88888.vip,vi,0.93,prefix_suffix,lexical
z5cqvlyfbs.vip,vi,0.93,prefix_suffix,lexical
vinculacionauditoria.com,vi,0.93,prefix_suffix,lexical
bobster.us,bob,0.93,prefix_suffix,lexical
vincenzogiacalone.com,vi,0.93,prefix_suffix,lexical
nicolas-verdeille.com,nic,0.93,prefix_suffix,lexical
nicetrip.us,nic,0.93,prefix_suffix,lexical
ptaska.vip,vi,0.93,prefix_suffix,lexical
jwtsu.vip,vi,0.93,prefix_suffix,lexical
apteka911.vip,vi,0.93,prefix_suffix,lexical
nicholaskellett.com,nic,0.93,prefix_suffix,lexical
zxkk56.vip,vi,0.93,prefix_suffix,lexical
bailety61.vip,vi,0.93,prefix_suffix,lexical
sacms.life,sac,0.93,prefix_suffix,lexical
vlecf62274.top,vi,0.93,prefix_suffix,lexical
vlcruugn.xyz,vi,0.93,prefix_suffix,lexical
usmcrmall.vip,vi,0.93,prefix_suffix,lexical
hzand.vip,vi,0.93,prefix_suffix,lexical
virtuoseweb.com,vi,0.93,prefix_suffix,lexical
videocallappsforcomputer-pk.click,vi,0.93,prefix_suffix,lexical
violin-schonbach.com,vi,0.93,prefix_suffix,lexical
512jx.vip,vi,0.93,prefix_suffix,lexical
chapsafavi.com,vi,0.93,prefix_suffix,lexical
vignettautopass.online,vi,0.93,prefix_suffix,lexical
arialuna.vip,vi,0.93,prefix_suffix,lexical
vividnailshalifax.com,vi,0.93,prefix_suffix,lexical
ppicj10.org,jio,0.93,prefix_suffix,lexical
ac41.vip,vi,0.93,prefix_suffix,lexical
virtualtoursandiegohomes.com,vi,0.93,prefix_suffix,lexical
villageopticians.com,vi,0.93,prefix_suffix,lexical
eclosingsolutions.com,eci,0.93,prefix_suffix,lexical
duan.vin,vi,0.93,prefix_suffix,lexical
internationalscenic.com,nic,0.93,prefix_suffix,lexical
26124483.vip,vi,0.93,prefix_suffix,lexical
nkvfw.vip,vi,0.93,prefix_suffix,lexical
bionic.email,nic,0.93,prefix_suffix,lexical
viphealing.com,vi,0.93,prefix_suffix,lexical
virginiaoralsurgeon.com,vi,0.93,prefix_suffix,lexical
vivid3group.xyz,vi,0.93,prefix_suffix,lexical
visitbprj.sbs,vi,0.93,prefix_suffix,lexical
good-vito.pro,vi,0.93,prefix_suffix,lexical
vintont.xyz,vi,0.93,prefix_suffix,lexical
tiktotk.vip,vi,0.93,prefix_suffix,lexical
kccrowntown.vip,vi,0.93,prefix_suffix,lexical
lygmo.vip,vi,0.93,prefix_suffix,lexical
28585s.vip,vi,0.93,prefix_suffix,lexical
taksimbet-guvenliadresim.vip,vi,0.93,prefix_suffix,lexical
9313xx.vip,vi,0.93,prefix_suffix,lexical
royalspinia.vip,vi,0.93,prefix_suffix,lexical
bailety42.vip,vi,0.93,prefix_suffix,lexical
vinitrespass.com,vi,0.93,prefix_suffix,lexical
roketbet-adresim.vip,vi,0.93,prefix_suffix,lexical
kulisbet-2026-guncel.vip,vi,0.93,prefix_suffix,lexical
servicetonic.us,nic,0.93,prefix_suffix,lexical
xz2cvl.top,vi,0.93,prefix_suffix,lexical
ubxvx.vip,vi,0.93,prefix_suffix,lexical
com-elsepjm.vip,vi,0.93,prefix_suffix,lexical
vite-project.com,vi,0.93,prefix_suffix,lexical
kkorlovi.net,vi,0.93,prefix_suffix,lexical
betra-orjinal-site.vip,vi,0.93,prefix_suffix,lexical
viralprompts.site,vi,0.93,prefix_suffix,lexical
jinzhida.vip,vi,0.93,prefix_suffix,lexical
holigabet.vip,vi,0.93,prefix_suffix,lexical
jionghuohuo.com,jio,0.93,prefix_suffix,lexical
ksusac.com,sac,0.93,prefix_suffix,lexical
allentownmarijuana.clinic,nic,0.93,prefix_suffix,lexical
gvnnqsad.vip,vi,0.93,prefix_suffix,lexical
vinge.us,vi,0.93,prefix_suffix,lexical
nhatminh.click,nha,0.93,prefix_suffix,lexical
yyy901.vip,vi,0.93,prefix_suffix,lexical
vikingboard.com,vi,0.93,prefix_suffix,lexical
viralscope.ru,vi,0.93,prefix_suffix,lexical
vinik388b.cfd,vi,0.93,prefix_suffix,lexical
vibrationalvibe.com,vi,0.93,prefix_suffix,lexical
bsp9.vip,vi,0.93,prefix_suffix,lexical
bobearn.online,bob,0.93,prefix_suffix,lexical
kuhl-viponline.shop,vi,0.93,prefix_suffix,lexical
vitalityg.top,vi,0.93,prefix_suffix,lexical
bobsledder.com,bob,0.93,prefix_suffix,lexical
aigighub.vip,vi,0.93,prefix_suffix,lexical
r-clinic-uzd.fun,nic,0.93,prefix_suffix,lexical
feyer.vip,vi,0.93,prefix_suffix,lexical
vingshop.click,vi,0.93,prefix_suffix,lexical
512qh.vip,vi,0.93,prefix_suffix,lexical
swfawefsbem.vip,vi,0.93,prefix_suffix,lexical
com-hrs.vip,vi,0.93,prefix_suffix,lexical
california-resorts7853.click,bse,0.93,prefix_suffix,lexical
nhavuonvietanh.site,nha,0.93,prefix_suffix,lexical
09042.vip,vi,0.93,prefix_suffix,lexical
virasanjesharka.com,vi,0.93,prefix_suffix,lexical
vip-zino.casino,vi,0.93,prefix_suffix,lexical
vibesloan.xyz,vi,0.93,prefix_suffix,lexical
btpbye388.vip,vi,0.93,prefix_suffix,lexical
vioranve.site,vi,0.93,prefix_suffix,lexical
kasnvi.shop,vi,0.93,prefix_suffix,lexical
y7124458.vip,vi,0.93,prefix_suffix,lexical
nadyascripnic.com,nic,0.93,prefix_suffix,lexical
youthome.vip,vi,0.93,prefix_suffix,lexical
80boy.net,bob,0.93,prefix_suffix,lexical
734853.xyz,bse,0.93,prefix_suffix,lexical
pokcx.vip,vi,0.93,prefix_suffix,lexical
vhgyr.vip,vi,0.93,prefix_suffix,lexical
y7124306.vip,vi,0.93,prefix_suffix,lexical
villacarmel.com,vi,0.93,prefix_suffix,lexical
jioml.com,jio,0.93,prefix_suffix,lexical
myvip-points.beauty,vi,0.93,prefix_suffix,lexical
808hielo.com,bob,0.93,prefix_suffix,lexical
vitalidadoidosg.info,vi,0.93,prefix_suffix,lexical
gsnnl.vip,vi,0.93,prefix_suffix,lexical
viquaque.com,vi,0.93,prefix_suffix,lexical
vividsadsad.top,vi,0.93,prefix_suffix,lexical
bellinfiniti.com,icici,0.93,prefix_suffix,lexical
vicapartners.com,vi,0.93,prefix_suffix,lexical
vcjzo.vip,vi,0.93,prefix_suffix,lexical
26124429.vip,vi,0.93,prefix_suffix,lexical
viperproxies.info,vi,0.93,prefix_suffix,lexical
688wns.vip,vi,0.93,prefix_suffix,lexical
rehabilityclinic.ca,nic,0.93,prefix_suffix,lexical
76614.vip,vi,0.93,prefix_suffix,lexical
visuallifesavers-art.com,vi,0.93,prefix_suffix,lexical
vidobettv13.live,vi,0.93,prefix_suffix,lexical
sabinageisler-clinic.com,nic,0.93,prefix_suffix,lexical
vigilance-os.com,vi,0.93,prefix_suffix,lexical
vivacompras-seguroo.online,vi,0.93,prefix_suffix,lexical
vladimirmesino.site,vi,0.93,prefix_suffix,lexical
vikema.com,vi,0.93,prefix_suffix,lexical
aadharshiladefenceacademy.com,uidai,0.93,prefix_suffix,lexical
vigoseafest.com,vi,0.93,prefix_suffix,lexical
menopauseosteoporosisclinic.info,nic,0.93,prefix_suffix,lexical
trycareaxis.com,axis,0.93,prefix_suffix,lexical
sisli-elma.vip,vi,0.93,prefix_suffix,lexical
vicminders.com,vi,0.93,prefix_suffix,lexical
vivahumanitas.store,vi,0.93,prefix_suffix,lexical
vikingscheer.com,vi,0.93,prefix_suffix,lexical
infinitipartshop.com,icici,0.93,prefix_suffix,lexical
rose-678.vip,vi,0.93,prefix_suffix,lexical
849ww577.vip,vi,0.93,prefix_suffix,lexical
vitabox.us,vi,0.93,prefix_suffix,lexical
04808.vip,bob,0.93,prefix_suffix,lexical
com-digital.vip,vi,0.93,prefix_suffix,lexical
ibizabetegir.vip,vi,0.93,prefix_suffix,lexical
avrupabet-adresorjinal.vip,vi,0.93,prefix_suffix,lexical
viksec.com,vi,0.93,prefix_suffix,lexical
com-elitkm.vip,vi,0.93,prefix_suffix,lexical
38856.vip,vi,0.93,prefix_suffix,lexical
bailety21.vip,vi,0.93,prefix_suffix,lexical
gtspf.vip,vi,0.93,prefix_suffix,lexical
victoryroadllc.net,vi,0.93,prefix_suffix,lexical
vikingrange-us.com,vi,0.93,prefix_suffix,lexical
h32vl.top,vi,0.93,prefix_suffix,lexical
vividreflections.com,vi,0.93,prefix_suffix,lexical
myvigornow.com,vi,0.93,prefix_suffix,lexical
vitaopportunity.com,vi,0.93,prefix_suffix,lexical
43821.vip,vi,0.93,prefix_suffix,lexical
mobile-nar.vip,vi,0.93,prefix_suffix,lexical
7lionspinus3.vip,vi,0.93,prefix_suffix,lexical
vihreapuutarhafisk.info,vi,0.93,prefix_suffix,lexical
skoljh.vip,vi,0.93,prefix_suffix,lexical
849xx369.vip,vi,0.93,prefix_suffix,lexical
vibrantvisionacademy.com,vi,0.93,prefix_suffix,lexical
wj777.vip,vi,0.93,prefix_suffix,lexical
com-xuqt.vip,vi,0.93,prefix_suffix,lexical
vivawork.shop,vi,0.93,prefix_suffix,lexical
villaarborea.com,vi,0.93,prefix_suffix,lexical
6rtnavi.com,vi,0.93,prefix_suffix,lexical
sblawncareinc.com,sbi,0.93,prefix_suffix,lexical
nictauxbaptistchurch.ca,nic,0.93,prefix_suffix,lexical
mabuvi.com,vi,0.93,prefix_suffix,lexical
vizyonbet611.com,vi,0.93,prefix_suffix,lexical
viahoneylead.com,vi,0.93,prefix_suffix,lexical
villach.us,vi,0.93,prefix_suffix,lexical
visiting.mom,vi,0.93,prefix_suffix,lexical
vie-agentportal.com,vi,0.93,prefix_suffix,lexical
42709.vip,vi,0.93,prefix_suffix,lexical
saclaricinbakimurunleri.com,sac,0.93,prefix_suffix,lexical
hygienic.us,nic,0.93,prefix_suffix,lexical
849uu766.vip,vi,0.93,prefix_suffix,lexical
allectavi.com,vi,0.93,prefix_suffix,lexical
nicholsondevelopments.com,nic,0.93,prefix_suffix,lexical
saciedadsemantica.com,sac,0.93,prefix_suffix,lexical
7k-play1.vip,vi,0.93,prefix_suffix,lexical
virtuallybrookhaven.com,vi,0.93,prefix_suffix,lexical
t-visiondistrictcourtaction.com,vi,0.93,prefix_suffix,lexical
vibegyor.com,vi,0.93,prefix_suffix,lexical
viadb.com,vi,0.93,prefix_suffix,lexical
ggnic.com,nic,0.93,prefix_suffix,lexical
48267.vip,vi,0.93,prefix_suffix,lexical
via313-pizzas.click,vi,0.93,prefix_suffix,lexical
videogamegang.com,vi,0.93,prefix_suffix,lexical
villanteriopallet.com,vi,0.93,prefix_suffix,lexical
championzonelive.vip,vi,0.93,prefix_suffix,lexical
arkansas-govi.life,vi,0.93,prefix_suffix,lexical
32129.vip,vi,0.93,prefix_suffix,lexical
c796.vip,vi,0.93,prefix_suffix,lexical
743282.vip,vi,0.93,prefix_suffix,lexical
villapera.site,vi,0.93,prefix_suffix,lexical
villanani.com,vi,0.93,prefix_suffix,lexical
vegamovi.xyz,vi,0.93,prefix_suffix,lexical
vibeshop.us,vi,0.93,prefix_suffix,lexical
vinalamolina.com,vi,0.93,prefix_suffix,lexical
vitaminstore.us,vi,0.93,prefix_suffix,lexical
viyadiy.com,vi,0.93,prefix_suffix,lexical
pinnacleinfiniti.com,icici,0.93,prefix_suffix,lexical
harmonic.group,nic,0.93,prefix_suffix,lexical
visitplanetclaire.store,vi,0.93,prefix_suffix,lexical
dattvi.com,vi,0.93,prefix_suffix,lexical
bokuei.vip,vi,0.93,prefix_suffix,lexical
517rr.vip,vi,0.93,prefix_suffix,lexical
txquc.vip,vi,0.93,prefix_suffix,lexical
viltkoiafmeicgguzxh.top,vi,0.93,prefix_suffix,lexical
vietnhatme.com,vi,0.93,prefix_suffix,lexical
vinframularo.com,vi,0.93,prefix_suffix,lexical
vividframesproduction.com,vi,0.93,prefix_suffix,lexical
315nn.vip,vi,0.93,prefix_suffix,lexical
picnic-luxe.com,nic,0.93,prefix_suffix,lexical
vinirodriguesbr.com.br,vi,0.93,prefix_suffix,lexical
shoresloci.com,iocl,0.93,prefix_suffix,lexical
buyvi.icu,vi,0.93,prefix_suffix,lexical
vibrantique.shop,vi,0.93,prefix_suffix,lexical
askiconic.com,nic,0.93,prefix_suffix,lexical
5f1oxw.vip,vi,0.93,prefix_suffix,lexical
zz8740.vip,vi,0.93,prefix_suffix,lexical
60473.vip,vi,0.93,prefix_suffix,lexical
salenha.com,nha,0.93,prefix_suffix,lexical
yakabetklasplus.vip,vi,0.93,prefix_suffix,lexical
vicmk.com,vi,0.93,prefix_suffix,lexical
vidisajt.com,vi,0.93,prefix_suffix,lexical
videointeraccion.com,vi,0.93,prefix_suffix,lexical
jlouisephotography.com,jio,0.93,prefix_suffix,lexical
victorvalleyrealestate.com,vi,0.93,prefix_suffix,lexical
galaxis.us,axis,0.93,prefix_suffix,lexical
familychiropracticclinic.com,nic,0.93,prefix_suffix,lexical
creativeweddingsbybob.com,bob,0.93,prefix_suffix,lexical
vivacityagency.com,vi,0.93,prefix_suffix,lexical
vignettollinfo.site,vi,0.93,prefix_suffix,lexical
teosbetlivebahis.vip,vi,0.93,prefix_suffix,lexical
alobet-link.vip,vi,0.93,prefix_suffix,lexical
qdghj.vip,vi,0.93,prefix_suffix,lexical
80392.vip,vi,0.93,prefix_suffix,lexical
myvip-vips.autos,vi,0.93,prefix_suffix,lexical
sbimsa.com,sbi,0.93,prefix_suffix,lexical
sacrenkary.com,sac,0.93,prefix_suffix,lexical
bober1.tech,bob,0.93,prefix_suffix,lexical
vsigu.vip,vi,0.93,prefix_suffix,lexical
exportaxis.com,axis,0.93,prefix_suffix,lexical
visitjapannow.net,vi,0.93,prefix_suffix,lexical
vinaccia.org,vi,0.93,prefix_suffix,lexical
u1rk7l.vip,vi,0.93,prefix_suffix,lexical
vidima.live,vi,0.93,prefix_suffix,lexical
bobbywright.com,bob,0.93,prefix_suffix,lexical
ac81.vip,vi,0.93,prefix_suffix,lexical
betpipo2026hizli.vip,vi,0.93,prefix_suffix,lexical
vibepulse.pro,vi,0.93,prefix_suffix,lexical
victorygardenscoaching.com,vi,0.93,prefix_suffix,lexical
vlqtdef.cn,vi,0.93,prefix_suffix,lexical
vietyvu.id.vn,vi,0.93,prefix_suffix,lexical
vipcoliving.com,vi,0.93,prefix_suffix,lexical
videosolution.online,vi,0.93,prefix_suffix,lexical
wellnessorganic.com,nic,0.93,prefix_suffix,lexical
dpdpost.vip,vi,0.93,prefix_suffix,lexical
vibepulse.ca,vi,0.93,prefix_suffix,lexical
833386.vip,vi,0.93,prefix_suffix,lexical
visittriad.com,vi,0.93,prefix_suffix,lexical
augenpraxis-dellavolpe.ch,axis,0.93,prefix_suffix,lexical
760808.xyz,bob,0.93,prefix_suffix,lexical
visitindependencetrails.com,vi,0.93,prefix_suffix,lexical
vigilanthealthit.com,vi,0.93,prefix_suffix,lexical
vitender.com,vi,0.93,prefix_suffix,lexical
assist-med-asistencia-viajero-10.click,vi,0.93,prefix_suffix,lexical
virilpowerforge.com,vi,0.93,prefix_suffix,lexical
visioncuts.id,vi,0.93,prefix_suffix,lexical
violentlyfineraven.website,vi,0.93,prefix_suffix,lexical
visagateway.xyz,vi,0.93,prefix_suffix,lexical
vivescapdevielle.com,vi,0.93,prefix_suffix,lexical
cerberus1.vip,vi,0.93,prefix_suffix,lexical
91pk.vip,vi,0.93,prefix_suffix,lexical
vip-dhaka.net,vi,0.93,prefix_suffix,lexical
shop321.vip,vi,0.93,prefix_suffix,lexical
exodus44.vip,vi,0.93,prefix_suffix,lexical
whats-dn.vip,vi,0.93,prefix_suffix,lexical
sachinoeki.com,sac,0.93,prefix_suffix,lexical
hoteluabk.vip,vi,0.93,prefix_suffix,lexical
mqvoa.vip,vi,0.93,prefix_suffix,lexical
bluuvi.com,vi,0.93,prefix_suffix,lexical
visitpromoters.com,vi,0.93,prefix_suffix,lexical
dh669.vip,vi,0.93,prefix_suffix,lexical
vibexcode.online,vi,0.93,prefix_suffix,lexical
sr-sachie.com,sac,0.93,prefix_suffix,lexical
5fnt9m.vip,vi,0.93,prefix_suffix,lexical
nicencheap.com,nic,0.93,prefix_suffix,lexical
visio-core.com,vi,0.93,prefix_suffix,lexical
jiocoinpay.xyz,jio,0.93,prefix_suffix,lexical
y7124407.vip,vi,0.93,prefix_suffix,lexical
vintroscaline.store,vi,0.93,prefix_suffix,lexical
solaskyperusac.com,sac,0.93,prefix_suffix,lexical
victorianest.com,vi,0.93,prefix_suffix,lexical
viku.info,vi,0.93,prefix_suffix,lexical
vitalguate.com,vi,0.93,prefix_suffix,lexical
photobioclinic.com,nic,0.93,prefix_suffix,lexical
viptvwbc.sbs,vi,0.93,prefix_suffix,lexical
y7124471.vip,vi,0.93,prefix_suffix,lexical
gastrainsac.com,sac,0.93,prefix_suffix,lexical
vicompany.us,vi,0.93,prefix_suffix,lexical
marquinha-pd.com,nha,0.93,prefix_suffix,lexical
visaxuatnhapcanh.com,vi,0.93,prefix_suffix,lexical
betcio-adreslogin.vip,vi,0.93,prefix_suffix,lexical
gwoyl.vip,vi,0.93,prefix_suffix,lexical
nicolastessonphotographe.com,nic,0.93,prefix_suffix,lexical
tellingyouma.vip,vi,0.93,prefix_suffix,lexical
fuji168th-vip.com,vi,0.93,prefix_suffix,lexical
repairservicesunnyelectronic.com,nic,0.93,prefix_suffix,lexical
9ytnx5.vip,vi,0.93,prefix_suffix,lexical
h7vl.top,vi,0.93,prefix_suffix,lexical
viperpayment.xyz,vi,0.93,prefix_suffix,lexical
73435.vip,vi,0.93,prefix_suffix,lexical
vibeeagle.dev,vi,0.93,prefix_suffix,lexical
viralshopbo.com,vi,0.93,prefix_suffix,lexical
t-visionreturn.com,vi,0.93,prefix_suffix,lexical
vibecodeideas.ai,vi,0.93,prefix_suffix,lexical
csb-vip.shop,vi,0.93,prefix_suffix,lexical
fplr1v.vip,vi,0.93,prefix_suffix,lexical
videoconferencecoaching.com,vi,0.93,prefix_suffix,lexical
vitria.us,vi,0.93,prefix_suffix,lexical
vitalboostpro.us,vi,0.93,prefix_suffix,lexical
virus78.com,vi,0.93,prefix_suffix,lexical
orisonic.biz,nic,0.93,prefix_suffix,lexical
99843652.vip,vi,0.93,prefix_suffix,lexical
marbellavip.vip,vi,0.93,prefix_suffix,lexical
vivre-avec-labeille.com,vi,0.93,prefix_suffix,lexical
vignettetroad.online,vi,0.93,prefix_suffix,lexical
videosyncsolutions.sbs,vi,0.93,prefix_suffix,lexical
vip-bonus.site,vi,0.93,prefix_suffix,lexical
virginiarecovery.com,vi,0.93,prefix_suffix,lexical
9300183.vip,vi,0.93,prefix_suffix,lexical
v1tc.com,vi,0.93,prefix_suffix,lexical
virajx.online,vi,0.93,prefix_suffix,lexical
51404.vip,vi,0.93,prefix_suffix,lexical
s81x2o.sbs,sbi,0.93,prefix_suffix,lexical
81362.vip,vi,0.93,prefix_suffix,lexical
vislumbreai.com.br,vi,0.93,prefix_suffix,lexical
vineiq.app,vi,0.93,prefix_suffix,lexical
656grk.vip,vi,0.93,prefix_suffix,lexical
bonestrong.clinic,nic,0.93,prefix_suffix,lexical
villacampa2025.com,vi,0.93,prefix_suffix,lexical
v13g.com,vi,0.93,prefix_suffix,lexical
bchangzhi.vip,vi,0.93,prefix_suffix,lexical
king138trust.vip,vi,0.93,prefix_suffix,lexical
7k-casino31.vip,vi,0.93,prefix_suffix,lexical
cyiererokaz.vip,vi,0.93,prefix_suffix,lexical
sacitsolutions.com,sac,0.93,prefix_suffix,lexical
aionic.us,nic,0.93,prefix_suffix,lexical
34037.vip,vi,0.93,prefix_suffix,lexical
45187.vip,vi,0.93,prefix_suffix,lexical
betciooyolu.vip,vi,0.93,prefix_suffix,lexical
nichelinifamilywinery.com,nic,0.93,prefix_suffix,lexical
asdjkkss.vip,vi,0.93,prefix_suffix,lexical
dqarf.vip,vi,0.93,prefix_suffix,lexical
catalca-grup.vip,vi,0.93,prefix_suffix,lexical
t-visionorders.com,vi,0.93,prefix_suffix,lexical
suivi.us,vi,0.93,prefix_suffix,lexical
sote808.com,bob,0.93,prefix_suffix,lexical
visipercayadiricomah.info,vi,0.93,prefix_suffix,lexical
nicomaticgroup.com,nic,0.93,prefix_suffix,lexical
vitalphabet.com,vi,0.93,prefix_suffix,lexical
visitsimpleeditors.com,vi,0.93,prefix_suffix,lexical
bailety69.vip,vi,0.93,prefix_suffix,lexical
violet-777.com,vi,0.93,prefix_suffix,lexical
vlstrading.com,vi,0.93,prefix_suffix,lexical
quadrophonic.biz,nic,0.93,prefix_suffix,lexical
300288.vip,vi,0.93,prefix_suffix,lexical
8se5ad.top,bse,0.93,prefix_suffix,lexical
medinajob.vip,vi,0.93,prefix_suffix,lexical
viagraspecial.online,vi,0.93,prefix_suffix,lexical
rootcause-clinic.com,nic,0.93,prefix_suffix,lexical
padisahgunceladres1.vip,vi,0.93,prefix_suffix,lexical
778k.vip,vi,0.93,prefix_suffix,lexical
video2shop.info,vi,0.93,prefix_suffix,lexical
victor-kpokpoya.com,vi,0.93,prefix_suffix,lexical
vivastayireland.com,vi,0.93,prefix_suffix,lexical
vipzizhi.com,vi,0.93,prefix_suffix,lexical
vigrx-plus.us,vi,0.93,prefix_suffix,lexical
vitalleancontrol.com,vi,0.93,prefix_suffix,lexical
smdnv.vip,vi,0.93,prefix_suffix,lexical
26124413.vip,vi,0.93,prefix_suffix,lexical
zervi.app,vi,0.93,prefix_suffix,lexical
vizsgabiztos.com,vi,0.93,prefix_suffix,lexical
vinsmediterraneens.com,vi,0.93,prefix_suffix,lexical
8088ky.com,bob,0.93,prefix_suffix,lexical
grovi.us,vi,0.93,prefix_suffix,lexical
ativacampanha.online,nha,0.93,prefix_suffix,lexical
vinzenvintage.com,vi,0.93,prefix_suffix,lexical
lithzenic.com,nic,0.93,prefix_suffix,lexical
vidagolaw.com,vi,0.93,prefix_suffix,lexical
hf0001.vip,vi,0.93,prefix_suffix,lexical
jusue22.vip,vi,0.93,prefix_suffix,lexical
vietnamtours.us,vi,0.93,prefix_suffix,lexical
nickdeals.com,nic,0.93,prefix_suffix,lexical
84512a.vip,vi,0.93,prefix_suffix,lexical
meritking-vip-adres.net,vi,0.93,prefix_suffix,lexical
vin777a.cn.com,vi,0.93,prefix_suffix,lexical
com-kyc.vip,vi,0.93,prefix_suffix,lexical
nhamaynuoctruongtuan.cloud,nha,0.93,prefix_suffix,lexical
wvnha.forsale,nha,0.93,prefix_suffix,lexical
visible4u.com,vi,0.93,prefix_suffix,lexical
zg001.vip,vi,0.93,prefix_suffix,lexical
onswivl.com,vi,0.93,prefix_suffix,lexical
vibecoder78.ru,vi,0.93,prefix_suffix,lexical
06919.vip,vi,0.93,prefix_suffix,lexical
qu8z2x.vip,vi,0.93,prefix_suffix,lexical
viajar.life,vi,0.93,prefix_suffix,lexical
axisgrind.store,axis,0.93,prefix_suffix,lexical
vitalinova.com,vi,0.93,prefix_suffix,lexical
vivrtmotors.com,vi,0.93,prefix_suffix,lexical
99636.vip,vi,0.93,prefix_suffix,lexical
vikingharvest.com,vi,0.93,prefix_suffix,lexical
vidyalayplus.com,vi,0.93,prefix_suffix,lexical
vibevibebaby.com,vi,0.93,prefix_suffix,lexical
lachy.vip,vi,0.93,prefix_suffix,lexical
nicoleheyward.com,nic,0.93,prefix_suffix,lexical
seikoutu-tominaga-clinic.net,nic,0.93,prefix_suffix,lexical
8ycqmb.vip,vi,0.93,prefix_suffix,lexical
juegahoy.vip,vi,0.93,prefix_suffix,lexical
m4live.vip,vi,0.93,prefix_suffix,lexical
herbolojinha.com,nha,0.93,prefix_suffix,lexical
vloerisolatiemijdrecht.com,vi,0.93,prefix_suffix,lexical
26124306.vip,vi,0.93,prefix_suffix,lexical
vibes-style.com,vi,0.93,prefix_suffix,lexical
srkzy.vip,vi,0.93,prefix_suffix,lexical
vikycuaqo.autos,vi,0.93,prefix_suffix,lexical
betciogirisiadres.vip,vi,0.93,prefix_suffix,lexical
231207.vip,vi,0.93,prefix_suffix,lexical
sacredhavenla.com,sac,0.93,prefix_suffix,lexical
sacyl.org,sac,0.93,prefix_suffix,lexical
nicedcoffee.com,nic,0.93,prefix_suffix,lexical
v1d2gh.cfd,vi,0.93,prefix_suffix,lexical
vibachocolat.com,vi,0.93,prefix_suffix,lexical
vibrantparadise.cyou,vi,0.93,prefix_suffix,lexical
animeflix.vip,vi,0.93,prefix_suffix,lexical
vinkel.us,vi,0.93,prefix_suffix,lexical
kgvrq.vip,vi,0.93,prefix_suffix,lexical
oyvzc.vip,vi,0.93,prefix_suffix,lexical
nickgwood.com,nic,0.93,prefix_suffix,lexical
victoriawarrior.com,vi,0.93,prefix_suffix,lexical
hiltonbet-yeni2026.vip,vi,0.93,prefix_suffix,lexical
vigorproperties.com,vi,0.93,prefix_suffix,lexical
rtjzxnh808.top,bob,0.93,prefix_suffix,lexical
viankaislas.org,vi,0.93,prefix_suffix,lexical
xclub77.vip,vi,0.93,prefix_suffix,lexical
t-visionclassactions.com,vi,0.93,prefix_suffix,lexical
nicesean.com,nic,0.93,prefix_suffix,lexical
en-visium-pro.com,vi,0.93,prefix_suffix,lexical
sachistyle.com,sac,0.93,prefix_suffix,lexical
cgfn8i0a9r0z9v0q9.vip,vi,0.93,prefix_suffix,lexical
betturkey-girisleri.vip,vi,0.93,prefix_suffix,lexical
26124543.vip,vi,0.93,prefix_suffix,lexical
viewsonpress.com,vi,0.93,prefix_suffix,lexical
com-elitkb.vip,vi,0.93,prefix_suffix,lexical
26124398.vip,vi,0.93,prefix_suffix,lexical
y7124391.vip,vi,0.93,prefix_suffix,lexical
viewandseal.com,vi,0.93,prefix_suffix,lexical
vividprive.com,vi,0.93,prefix_suffix,lexical
y7124475.vip,vi,0.93,prefix_suffix,lexical
cyclelactationclinic.com,nic,0.93,prefix_suffix,lexical
41487.vip,vi,0.93,prefix_suffix,lexical
hairskinclinic.com,nic,0.93,prefix_suffix,lexical
w0zza4v1.com,vi,0.93,prefix_suffix,lexical
fdsfk.vip,vi,0.93,prefix_suffix,lexical
k458v1.top,vi,0.93,prefix_suffix,lexical
sacramentocoinhunt.com,sac,0.93,prefix_suffix,lexical
mptgl.vip,vi,0.93,prefix_suffix,lexical
happy777.vip,vi,0.93,prefix_suffix,lexical
nickstradingbot.fyi,nic,0.93,prefix_suffix,lexical
a62ug4.vip,vi,0.93,prefix_suffix,lexical
vivib.com,vi,0.93,prefix_suffix,lexical
abc168888.vip,vi,0.93,prefix_suffix,lexical
48198.vip,vi,0.93,prefix_suffix,lexical
panha.investments,nha,0.93,prefix_suffix,lexical
iocloud.tech,iocl,0.93,prefix_suffix,lexical
technest808.com,bob,0.93,prefix_suffix,lexical
xy331.vip,vi,0.93,prefix_suffix,lexical
podkt.vip,vi,0.93,prefix_suffix,lexical
tokarevxvi.dev,vi,0.93,prefix_suffix,lexical
videobasedcommerce.info,vi,0.93,prefix_suffix,lexical
vinalexo.shop,vi,0.93,prefix_suffix,lexical
46245.vip,vi,0.93,prefix_suffix,lexical
mvnsu.vip,vi,0.93,prefix_suffix,lexical
videogamerlive.com,vi,0.93,prefix_suffix,lexical
vinculomagnetico.com,vi,0.93,prefix_suffix,lexical
pt7sb1.top,sbi,0.93,prefix_suffix,lexical
51408.vip,vi,0.93,prefix_suffix,lexical
vidoptima.website,vi,0.93,prefix_suffix,lexical
nicorip.com,nic,0.93,prefix_suffix,lexical
vivabrady.com,vi,0.93,prefix_suffix,lexical
shopineivx.vip,vi,0.93,prefix_suffix,lexical
bobdennis.com,bob,0.93,prefix_suffix,lexical
vietnamui.ru,vi,0.93,prefix_suffix,lexical
345aa.vip,vi,0.93,prefix_suffix,lexical
videoplusaudio.com,vi,0.93,prefix_suffix,lexical
perabet-2026giris.vip,vi,0.93,prefix_suffix,lexical
vaycasino-yeniadrs.vip,vi,0.93,prefix_suffix,lexical
raiffeisen-wert.vip,vi,0.93,prefix_suffix,lexical
26124473.vip,vi,0.93,prefix_suffix,lexical
subwaysurfers.vip,vi,0.93,prefix_suffix,lexical
virandabistro.com,vi,0.93,prefix_suffix,lexical
vldje.site,vi,0.93,prefix_suffix,lexical
sbimumbai.online,sbi,0.93,prefix_suffix,lexical
virabirlikteyasam.com,vi,0.93,prefix_suffix,lexical
betjilli.vip,vi,0.93,prefix_suffix,lexical
tgxwa.vip,vi,0.93,prefix_suffix,lexical
eclinichms.com,eci,0.93,prefix_suffix,lexical
edge-vinyl.net,vi,0.93,prefix_suffix,lexical
viparf.fun,vi,0.93,prefix_suffix,lexical
vincenzotroia.com,vi,0.93,prefix_suffix,lexical
huatiyu-vip.com,vi,0.93,prefix_suffix,lexical
vieracreativesolutions.com,vi,0.93,prefix_suffix,lexical
36549.vip,vi,0.93,prefix_suffix,lexical
villa-sereno.com,vi,0.93,prefix_suffix,lexical
visiblevaluejourneys.cyou,vi,0.93,prefix_suffix,lexical
vivocoach.com,vi,0.93,prefix_suffix,lexical
yfcp56.vip,vi,0.93,prefix_suffix,lexical
mrktmrvl.com,vi,0.93,prefix_suffix,lexical
owgzx.vip,vi,0.93,prefix_suffix,lexical
virmeld.com,vi,0.93,prefix_suffix,lexical
vipking.game,vi,0.93,prefix_suffix,lexical
podsuft1.vip,vi,0.93,prefix_suffix,lexical
subwayoficial.vip,vi,0.93,prefix_suffix,lexical
vid3y.com,vi,0.93,prefix_suffix,lexical
viadigitalpass.online,vi,0.93,prefix_suffix,lexical
vietnamarket.com,vi,0.93,prefix_suffix,lexical
lanpaopao.vip,vi,0.93,prefix_suffix,lexical
bobscoffee.com,bob,0.93,prefix_suffix,lexical
vilmaco.com,vi,0.93,prefix_suffix,lexical
vikingmade.com,vi,0.93,prefix_suffix,lexical
virginiarecordingstudios.com,vi,0.93,prefix_suffix,lexical
vift.us,vi,0.93,prefix_suffix,lexical
victoriacapitalgroup.com,vi,0.93,prefix_suffix,lexical
solvi.tech,vi,0.93,prefix_suffix,lexical
vidyasage.com,vi,0.93,prefix_suffix,lexical
752484.vip,vi,0.93,prefix_suffix,lexical
yijianbao.vip,vi,0.93,prefix_suffix,lexical
12jeet.vip,vi,0.93,prefix_suffix,lexical
akiko-clinic.net,nic,0.93,prefix_suffix,lexical
xymaf.vip,vi,0.93,prefix_suffix,lexical
naturalorganic.us,nic,0.93,prefix_suffix,lexical
h22vl.top,vi,0.93,prefix_suffix,lexical
xy21.vip,vi,0.93,prefix_suffix,lexical
beavi.net,vi,0.93,prefix_suffix,lexical
7k-slot44.vip,vi,0.93,prefix_suffix,lexical
fintech.marketing,kfintech,0.85,typo,lexical
26124321.vip,vi,0.93,prefix_suffix,lexical
dsfjkdfgjkdg.vip,vi,0.93,prefix_suffix,lexical
visible.run,vi,0.93,prefix_suffix,lexical
2026casibom-tekgiris.vip,vi,0.93,prefix_suffix,lexical
nicolashunziker.com,nic,0.93,prefix_suffix,lexical
come-com.vip,vi,0.93,prefix_suffix,lexical
euro-vita.com,vi,0.93,prefix_suffix,lexical
lamechanic.com,nic,0.93,prefix_suffix,lexical
villaamparoresort.com,vi,0.93,prefix_suffix,lexical
viphomeloan.top,vi,0.93,prefix_suffix,lexical
visitorkelljunga.com,vi,0.93,prefix_suffix,lexical
amodei.vip,vi,0.93,prefix_suffix,lexical
saccohub.com,sac,0.93,prefix_suffix,lexical
vip-drinks.com,vi,0.93,prefix_suffix,lexical
vicopestcare.com,vi,0.93,prefix_suffix,lexical
vibesdevelopment.xyz,vi,0.93,prefix_suffix,lexical
vivaticketprime.com,vi,0.93,prefix_suffix,lexical
luxury-casino.vip,vi,0.93,prefix_suffix,lexical
sacramentochamber.com,sac,0.93,prefix_suffix,lexical
viceroydental.com,vi,0.93,prefix_suffix,lexical
rosamilla.vip,vi,0.93,prefix_suffix,lexical
vistaai-ar.com,vi,0.93,prefix_suffix,lexical
diuwingame.vip,vi,0.93,prefix_suffix,lexical
bakzf.vip,vi,0.93,prefix_suffix,lexical
vitaldirectionplans.com,vi,0.93,prefix_suffix,lexical
mrvxa.vip,vi,0.93,prefix_suffix,lexical
56094.vip,vi,0.93,prefix_suffix,lexical
viareachcrew.com,vi,0.93,prefix_suffix,lexical
688xb.vip,vi,0.93,prefix_suffix,lexical
saccontrols.com,sac,0.93,prefix_suffix,lexical
bajiwala.vip,vi,0.93,prefix_suffix,lexical
studios-viia.xyz,vi,0.93,prefix_suffix,lexical
korisniwebshopovi.hr,vi,0.93,prefix_suffix,lexical
a9659a21.vip,vi,0.93,prefix_suffix,lexical
nickfelix.blog,nic,0.93,prefix_suffix,lexical
vitalityroute.site,vi,0.93,prefix_suffix,lexical
dutycams.com,cams,0.93,prefix_suffix,lexical
brabc22.vip,vi,0.93,prefix_suffix,lexical
games-bob.com,bob,0.98,exact_label,lexical
vlamgarant.online,vi,0.93,prefix_suffix,lexical
avelidocrype.vip,vi,0.93,prefix_suffix,lexical
y7124443.vip,vi,0.93,prefix_suffix,lexical
vikingappliancearvada.com,vi,0.93,prefix_suffix,lexical
mcshapes.vip,vi,0.93,prefix_suffix,lexical
velmorvaxis.com,axis,0.93,prefix_suffix,lexical
bancadasorte.vip,vi,0.93,prefix_suffix,lexical
vizon3d.net,vi,0.93,prefix_suffix,lexical
lyrics.vip,vi,0.93,prefix_suffix,lexical
qwevip.vip,vi,0.93,prefix_suffix,lexical
zuaiz.vip,vi,0.93,prefix_suffix,lexical
vitaminjudge.com,vi,0.93,prefix_suffix,lexical
vitrevm.com,vi,0.93,prefix_suffix,lexical
ovabv1.cfd,vi,0.93,prefix_suffix,lexical
villanobreeventos.com,vi,0.93,prefix_suffix,lexical
sbifmou.com,sbi,0.93,prefix_suffix,lexical
fastlanemobilemechanic.com,nic,0.93,prefix_suffix,lexical
viplogic.xyz,vi,0.93,prefix_suffix,lexical
infinitivecloud.org,icici,0.93,prefix_suffix,lexical
lw998.vip,vi,0.93,prefix_suffix,lexical
lqpvi.top,vi,0.93,prefix_suffix,lexical
didi51-t0391.vip,vi,0.93,prefix_suffix,lexical
vicksconsultingllc.com,vi,0.93,prefix_suffix,lexical
vintagephoenixco.com,vi,0.93,prefix_suffix,lexical
toon2528.vip,vi,0.93,prefix_suffix,lexical
vivetechschool.com,vi,0.93,prefix_suffix,lexical
vivsoftx.com,vi,0.93,prefix_suffix,lexical
rywgz.vip,vi,0.93,prefix_suffix,lexical
techtrendtonic.com,nic,0.93,prefix_suffix,lexical
hspnm.vip,vi,0.93,prefix_suffix,lexical
nicecorrbox.com,nic,0.93,prefix_suffix,lexical
vietnamcoffee.group,vi,0.93,prefix_suffix,lexical
virtualsciencelab.com,vi,0.93,prefix_suffix,lexical
visitolio.com,vi,0.93,prefix_suffix,lexical
videmark.online,vi,0.93,prefix_suffix,lexical
3318a3.vip,vi,0.93,prefix_suffix,lexical
cool-vibes-only.com,vi,0.93,prefix_suffix,lexical
hobytronic.online,nic,0.93,prefix_suffix,lexical
vaycasigiristr.vip,vi,0.93,prefix_suffix,lexical
vinco-app.com,vi,0.93,prefix_suffix,lexical
vijayeducationaltrust.org,vi,0.93,prefix_suffix,lexical
matbet-guncel2026-giris.vip,vi,0.93,prefix_suffix,lexical
brisanoronha.com,nha,0.93,prefix_suffix,lexical
byy8.vip,vi,0.93,prefix_suffix,lexical
visume.us,vi,0.93,prefix_suffix,lexical
zsusf.vip,vi,0.93,prefix_suffix,lexical
10578.vip,vi,0.93,prefix_suffix,lexical
marble789.vip,vi,0.93,prefix_suffix,lexical
npress.us,nic,0.93,prefix_suffix,lexical
teamharmonyhomeloans.com,sbi,0.93,prefix_suffix,lexical
inventory-software-85377.click,bse,0.93,prefix_suffix,lexical
convoi.vip,vi,0.93,prefix_suffix,lexical
vivacocinatx.com,vi,0.93,prefix_suffix,lexical
vlada.live,vi,0.93,prefix_suffix,lexical
cleanops.vip,vi,0.93,prefix_suffix,lexical
vibkfvne.sbs,vi,0.93,prefix_suffix,lexical
led-videowand-kaufen.com,vi,0.93,prefix_suffix,lexical
vimapex.com,vi,0.93,prefix_suffix,lexical
fb-google4.vip,vi,0.93,prefix_suffix,lexical
victoriastersale.com,vi,0.93,prefix_suffix,lexical
y7124356.vip,vi,0.93,prefix_suffix,lexical
xn--sbiologie-b4a.com,sbi,0.93,prefix_suffix,lexical
gesac.us,sac,0.93,prefix_suffix,lexical
visitthebalkans.com,vi,0.93,prefix_suffix,lexical
visitsummerside.com,vi,0.93,prefix_suffix,lexical
visakinkapp.online,vi,0.93,prefix_suffix,lexical
viptakalogin.org,vi,0.93,prefix_suffix,lexical
sacredrebuilding.com,sac,0.93,prefix_suffix,lexical
nicejuice.org,nic,0.93,prefix_suffix,lexical
vistaginga.com.br,vi,0.93,prefix_suffix,lexical
extractlabse.com,bse,0.93,prefix_suffix,lexical
7mbm48.vip,vi,0.93,prefix_suffix,lexical
didi51-t0393.vip,vi,0.93,prefix_suffix,lexical
vibelucky.com,vi,0.93,prefix_suffix,lexical
vikassodiphotography.com,vi,0.93,prefix_suffix,lexical
creatoraxis.com,axis,0.93,prefix_suffix,lexical
videoconferencingcameras.com,vi,0.93,prefix_suffix,lexical
525646.vip,vi,0.93,prefix_suffix,lexical
visibilityspecialist.com,vi,0.93,prefix_suffix,lexical
idn777apk.vip,vi,0.93,prefix_suffix,lexical
9418o.vip,vi,0.93,prefix_suffix,lexical
vitalmovetransport.com,vi,0.93,prefix_suffix,lexical
yjcontain.vip,vi,0.93,prefix_suffix,lexical
vineoraigm.vip,vi,0.93,prefix_suffix,lexical
crnic.com,nic,0.93,prefix_suffix,lexical
chcans.vip,vi,0.93,prefix_suffix,lexical
dqpsm.vip,vi,0.93,prefix_suffix,lexical
859528.vip,vi,0.93,prefix_suffix,lexical
viewpromedia.com,vi,0.93,prefix_suffix,lexical
cancertherapyclinic.com,nic,0.93,prefix_suffix,lexical
57490.vip,vi,0.93,prefix_suffix,lexical
vidobettv14.live,vi,0.93,prefix_suffix,lexical
vistual.com,vi,0.93,prefix_suffix,lexical
canada-montreal-navi.com,vi,0.93,prefix_suffix,lexical
bpjij.vip,vi,0.93,prefix_suffix,lexical
nhakaviation.shop,nha,0.93,prefix_suffix,lexical
com-elitsg.vip,vi,0.93,prefix_suffix,lexical
niceofferoftheday.com,nic,0.93,prefix_suffix,lexical
xushuichi.vip,vi,0.93,prefix_suffix,lexical
m9rv1.top,vi,0.93,prefix_suffix,lexical
villafozzi.com,vi,0.93,prefix_suffix,lexical
3h777.vip,vi,0.93,prefix_suffix,lexical
nicolasmorales.com,nic,0.93,prefix_suffix,lexical
visionimpactnetwork.com,vi,0.93,prefix_suffix,lexical
villacarolco.info,vi,0.93,prefix_suffix,lexical
axisadvisorygroup.org,axis,0.93,prefix_suffix,lexical
sackalas.com,sac,0.93,prefix_suffix,lexical
oxvqq225.vip,vi,0.93,prefix_suffix,lexical
vigloa.top,vi,0.93,prefix_suffix,lexical
nicecause.com,nic,0.93,prefix_suffix,lexical
hnhnh8899.vip,vi,0.93,prefix_suffix,lexical
42028.vip,vi,0.93,prefix_suffix,lexical
ztu555.vip,vi,0.93,prefix_suffix,lexical
vinylx.site,vi,0.93,prefix_suffix,lexical
carnonic.com,nic,0.93,prefix_suffix,lexical
visualshocktattoo.com,vi,0.93,prefix_suffix,lexical
sincegermanic.info,nic,0.93,prefix_suffix,lexical
videosbygarth.com,vi,0.93,prefix_suffix,lexical
raja888aa.vip,vi,0.93,prefix_suffix,lexical
nickibedford.com,nic,0.93,prefix_suffix,lexical
lmhif.vip,vi,0.93,prefix_suffix,lexical
viker.info,vi,0.93,prefix_suffix,lexical
vixooilgas.com,vi,0.93,prefix_suffix,lexical
vidaequilibrada-blog.com,vi,0.93,prefix_suffix,lexical
viro2407.com,vi,0.93,prefix_suffix,lexical
jetbazz.vip,vi,0.93,prefix_suffix,lexical
igkxp.vip,vi,0.93,prefix_suffix,lexical
videonewton.com,vi,0.93,prefix_suffix,lexical
01651.vip,vi,0.93,prefix_suffix,lexical
98401.vip,vi,0.93,prefix_suffix,lexical
okangeoplutonic.com,nic,0.93,prefix_suffix,lexical
top8898.vip,vi,0.93,prefix_suffix,lexical
virtualbattle.com,vi,0.93,prefix_suffix,lexical
chinavl.com,vi,0.93,prefix_suffix,lexical
nfxdk.vip,vi,0.93,prefix_suffix,lexical
trump168.vip,vi,0.93,prefix_suffix,lexical
512gz.vip,vi,0.93,prefix_suffix,lexical
starshipalliance.vip,vi,0.93,prefix_suffix,lexical
vitec-forsikring.com,vi,0.93,prefix_suffix,lexical
vip-vzlom.online,vi,0.93,prefix_suffix,lexical
vitonellc.com,vi,0.93,prefix_suffix,lexical
betterremedyclinic.com,nic,0.93,prefix_suffix,lexical
cmbqx.vip,vi,0.93,prefix_suffix,lexical
hdfcbanks.net,hdfc,0.93,prefix_suffix,lexical
auto-mechanic-courses-97037.click,nic,0.93,prefix_suffix,lexical
8709m.vip,vi,0.93,prefix_suffix,lexical
vip5550ll.live,vi,0.93,prefix_suffix,lexical
vineo.us,vi,0.93,prefix_suffix,lexical
safaclinic.com,nic,0.93,prefix_suffix,lexical
visionvipspace.com,vi,0.93,prefix_suffix,lexical
nicoleta.us,nic,0.93,prefix_suffix,lexical
villablancaixtapa.com,vi,0.93,prefix_suffix,lexical
qyfog.vip,vi,0.93,prefix_suffix,lexical
y7124320.vip,vi,0.93,prefix_suffix,lexical
jiongtaodibiaolin.cyou,jio,0.93,prefix_suffix,lexical
villagegadfly.info,vi,0.93,prefix_suffix,lexical
luckonv1.net,vi,0.93,prefix_suffix,lexical
meritking-yeniadres.vip,vi,0.93,prefix_suffix,lexical
manic-centr.ru,nic,0.93,prefix_suffix,lexical
viewfrom202.com,vi,0.93,prefix_suffix,lexical
vittorioselecto.com,vi,0.93,prefix_suffix,lexical
matsurinavi.net,vi,0.93,prefix_suffix,lexical
botanic.site,nic,0.93,prefix_suffix,lexical
ab54.vip,vi,0.93,prefix_suffix,lexical
50217.vip,vi,0.93,prefix_suffix,lexical
ignis-vitrum.fr,vi,0.93,prefix_suffix,lexical
didi51-t0365.vip,vi,0.93,prefix_suffix,lexical
vintyapp.com,vi,0.93,prefix_suffix,lexical
videostreamvirtue.click,vi,0.93,prefix_suffix,lexical
43451.vip,vi,0.93,prefix_suffix,lexical
villacarolco.store,vi,0.93,prefix_suffix,lexical
vireoi.com,vi,0.93,prefix_suffix,lexical
vidmuse.club,vi,0.93,prefix_suffix,lexical
villagepointescionsucks.com,vi,0.93,prefix_suffix,lexical
baifernha.com,nha,0.93,prefix_suffix,lexical
gvsky.vip,vi,0.93,prefix_suffix,lexical
lc11.vip,vi,0.93,prefix_suffix,lexical
video2pdf.ai,vi,0.93,prefix_suffix,lexical
chillout-vibes.com,vi,0.93,prefix_suffix,lexical
blgj160.vip,vi,0.93,prefix_suffix,lexical
nanotinha.app,nha,0.93,prefix_suffix,lexical
bseaspanusa.com,bse,0.93,prefix_suffix,lexical
bobty2001.com,bob,0.93,prefix_suffix,lexical
aspesac.com,sac,0.93,prefix_suffix,lexical
aykmy.vip,vi,0.93,prefix_suffix,lexical
26124311.vip,vi,0.93,prefix_suffix,lexical
vismetreta.cyou,vi,0.93,prefix_suffix,lexical
viu-viucasino.co.nl,vi,0.93,prefix_suffix,lexical
viglracing.com,vi,0.93,prefix_suffix,lexical
vicandhankspoopscoopincgmail.com,vi,0.93,prefix_suffix,lexical
vic.cheap,vi,0.93,prefix_suffix,lexical
vickylousburgers.com,vi,0.93,prefix_suffix,lexical
videoclubstar.com,vi,0.93,prefix_suffix,lexical
betvn33.vip,vi,0.93,prefix_suffix,lexical
nicolaroche.com,nic,0.93,prefix_suffix,lexical
viceroyholding.com,vi,0.93,prefix_suffix,lexical
vipclubusa.com,vi,0.93,prefix_suffix,lexical
fb-google3.vip,vi,0.93,prefix_suffix,lexical
mujie.vip,vi,0.93,prefix_suffix,lexical
uibjr.vip,vi,0.93,prefix_suffix,lexical
egvl.com,vi,0.93,prefix_suffix,lexical
sacramentogaragedoorrepair.site,sac,0.93,prefix_suffix,lexical
visiotherapyy.website,vi,0.93,prefix_suffix,lexical
hdcans.vip,vi,0.93,prefix_suffix,lexical
sb1000az.click,sbi,0.93,prefix_suffix,lexical
workingdad.vip,vi,0.93,prefix_suffix,lexical
76256.vip,vi,0.93,prefix_suffix,lexical
viajnet.com,vi,0.93,prefix_suffix,lexical
vitalidadoidofd.info,vi,0.93,prefix_suffix,lexical
vipibizaescorts.com,vi,0.93,prefix_suffix,lexical
vividplayhub.com,vi,0.93,prefix_suffix,lexical
arztpraxis.us,axis,0.93,prefix_suffix,lexical
victoriacheng.com,vi,0.93,prefix_suffix,lexical
opwarior.vip,vi,0.93,prefix_suffix,lexical
villasatdisney.com,vi,0.93,prefix_suffix,lexical
northamptontravelclinic.co.uk,nic,0.93,prefix_suffix,lexical
v1fw0f.top,vi,0.93,prefix_suffix,lexical
viralproposals.com,vi,0.93,prefix_suffix,lexical
bwin555.vip,vi,0.93,prefix_suffix,lexical
drkibp.vip,vi,0.93,prefix_suffix,lexical
aiysy.vip,vi,0.93,prefix_suffix,lexical
vlvoigei.xyz,vi,0.93,prefix_suffix,lexical
9811gg.vip,vi,0.93,prefix_suffix,lexical
proitecsac.com,sac,0.93,prefix_suffix,lexical
victorgobbi.com,vi,0.93,prefix_suffix,lexical
93274.vip,vi,0.93,prefix_suffix,lexical
xx01.vip,vi,0.93,prefix_suffix,lexical
jiggibob.com,bob,0.93,prefix_suffix,lexical
01927.vip,vi,0.93,prefix_suffix,lexical
y7123997.vip,vi,0.93,prefix_suffix,lexical
849ww355.vip,vi,0.93,prefix_suffix,lexical
vimaquimelvora.xyz,vi,0.93,prefix_suffix,lexical
cognovi.com,vi,0.93,prefix_suffix,lexical
y7124476.vip,vi,0.93,prefix_suffix,lexical
dmg-vip.com,vi,0.93,prefix_suffix,lexical
gcnic.com,nic,0.93,prefix_suffix,lexical
vintageindustry.com,vi,0.93,prefix_suffix,lexical
62768.vip,vi,0.93,prefix_suffix,lexical
vizionx.cn,vi,0.93,prefix_suffix,lexical
vipking.help,vi,0.93,prefix_suffix,lexical
vitrinedafaby.com.br,vi,0.93,prefix_suffix,lexical
gpifc.vip,vi,0.93,prefix_suffix,lexical
kadikoy-ilk.vip,vi,0.93,prefix_suffix,lexical
nickieleaks.com,nic,0.93,prefix_suffix,lexical
myvistasocial.com,vi,0.93,prefix_suffix,lexical
vierasolutions.net,vi,0.93,prefix_suffix,lexical
viapostservices.com,vi,0.93,prefix_suffix,lexical
axishorizonglobal.info,axis,0.93,prefix_suffix,lexical
vindrosl.shop,vi,0.93,prefix_suffix,lexical
repolaity.vip,vi,0.93,prefix_suffix,lexical
tiymp.vip,vi,0.93,prefix_suffix,lexical
pk786.vip,vi,0.93,prefix_suffix,lexical
levi-clothes.shop,vi,0.93,prefix_suffix,lexical
vicfallstourstransfers.com,vi,0.93,prefix_suffix,lexical
one-victoria.online,vi,0.93,prefix_suffix,lexical
eclatvelya.com,eci,0.93,prefix_suffix,lexical
awk9p5.vip,vi,0.93,prefix_suffix,lexical
52510.vip,vi,0.93,prefix_suffix,lexical
vip-king.click,vi,0.93,prefix_suffix,lexical
viorjitu.live,vi,0.93,prefix_suffix,lexical
hnmzs.vip,vi,0.93,prefix_suffix,lexical
vidavitamins.com,vi,0.93,prefix_suffix,lexical
eclat-de-vie.net,eci,0.93,prefix_suffix,lexical
senegalorganic.com,nic,0.93,prefix_suffix,lexical
ac12.vip,vi,0.93,prefix_suffix,lexical
cat1-casino.vip,vi,0.93,prefix_suffix,lexical
vistavision.us,vi,0.93,prefix_suffix,lexical
d7ezkv.vip,vi,0.93,prefix_suffix,lexical
vitalstepshoes.com,vi,0.93,prefix_suffix,lexical
3318a10.vip,vi,0.93,prefix_suffix,lexical
vingette-path.site,vi,0.93,prefix_suffix,lexical
yoursuite.vip,vi,0.93,prefix_suffix,lexical
dkpnv.vip,vi,0.93,prefix_suffix,lexical
virtisaic.net,vi,0.93,prefix_suffix,lexical
2v9bf3.vip,vi,0.93,prefix_suffix,lexical
mky808.com,bob,0.93,prefix_suffix,lexical
09883.vip,vi,0.93,prefix_suffix,lexical
vjzcr.vip,vi,0.93,prefix_suffix,lexical
u0apw3i.vip,vi,0.93,prefix_suffix,lexical
eclipsei.com,eci,0.93,prefix_suffix,lexical
casibom-giris-orginal.com,census,0.93,prefix_suffix,lexical
capitolbet-anindagiris.vip,vi,0.93,prefix_suffix,lexical
plasmapheresis.clinic,nic,0.93,prefix_suffix,lexical
vlalamysideline.info,vi,0.93,prefix_suffix,lexical
lfhclinic.com,nic,0.93,prefix_suffix,lexical
yasasvi.io,vi,0.93,prefix_suffix,lexical
h35vl.top,vi,0.93,prefix_suffix,lexical
penzion-villamaj.cz,vi,0.93,prefix_suffix,lexical
rewes.vip,vi,0.93,prefix_suffix,lexical
eclipseplaymatrix.com,eci,0.93,prefix_suffix,lexical
ecommunic.com,nic,0.93,prefix_suffix,lexical
vinnandeonlinecasino.info,vi,0.93,prefix_suffix,lexical
vivstreet.com,vi,0.93,prefix_suffix,lexical
308680.vip,vi,0.93,prefix_suffix,lexical
ultraclub89-vip.com,vi,0.93,prefix_suffix,lexical
08336.vip,vi,0.93,prefix_suffix,lexical
visboar.com,vi,0.93,prefix_suffix,lexical
dogcare-clinic.com,nic,0.93,prefix_suffix,lexical
kh6677.vip,vi,0.93,prefix_suffix,lexical
93424.vip,vi,0.93,prefix_suffix,lexical
rgyzx.vip,vi,0.93,prefix_suffix,lexical
virgos.us,vi,0.93,prefix_suffix,lexical
vipzksync.xyz,vi,0.93,prefix_suffix,lexical
bailety17.vip,vi,0.93,prefix_suffix,lexical
5736app7.vip,vi,0.93,prefix_suffix,lexical
vitalyftglow.com,vi,0.93,prefix_suffix,lexical
viizz.xyz,vi,0.93,prefix_suffix,lexical
111bo76.vip,vi,0.93,prefix_suffix,lexical
purebotanic.store,nic,0.93,prefix_suffix,lexical
javaxis.xyz,axis,0.93,prefix_suffix,lexical
com-dse.vip,vi,0.93,prefix_suffix,lexical
virginiabeachdui.com,vi,0.93,prefix_suffix,lexical
virtualphila.com,vi,0.93,prefix_suffix,lexical
b315.vip,vi,0.93,prefix_suffix,lexical
virginscollection.lol,vi,0.93,prefix_suffix,lexical
knovi.app,vi,0.93,prefix_suffix,lexical
clinic-inform.com,nic,0.93,prefix_suffix,lexical
vitalityclub.us,vi,0.93,prefix_suffix,lexical
512hn.vip,vi,0.93,prefix_suffix,lexical
voyaon.vip,vi,0.93,prefix_suffix,lexical
virtual-event-software-10.click,vi,0.93,prefix_suffix,lexical
nlb-bank.vip,vi,0.93,prefix_suffix,lexical
dkhcd.vip,vi,0.93,prefix_suffix,lexical
mascotsonic.com,nic,0.93,prefix_suffix,lexical
mnbdh.vip,vi,0.93,prefix_suffix,lexical
h57vl.top,vi,0.93,prefix_suffix,lexical
viptk.pro,vi,0.93,prefix_suffix,lexical
26124478.vip,vi,0.93,prefix_suffix,lexical
y7124337.vip,vi,0.93,prefix_suffix,lexical
kenastonmedicalclinic.com,nic,0.93,prefix_suffix,lexical
harveynormanst.vip,vi,0.93,prefix_suffix,lexical
viggoslots.us,vi,0.93,prefix_suffix,lexical
10cliettreffeiraolimpa2026.shop,iocl,0.93,prefix_suffix,lexical
crown-vip.xyz,vi,0.93,prefix_suffix,lexical
virusplay.net,vi,0.93,prefix_suffix,lexical
svconstruccionestelecom-sac.com,sac,0.98,exact_label,lexical
jlo4hd.sbs,jio,0.93,prefix_suffix,lexical
849ss588.vip,vi,0.93,prefix_suffix,lexical
visionsinafterlight.com,vi,0.93,prefix_suffix,lexical
79hf.vip,vi,0.93,prefix_suffix,lexical
praxis.bar,axis,0.93,prefix_suffix,lexical
nicholasdebany.com,nic,0.93,prefix_suffix,lexical
jetwin.vip,vi,0.93,prefix_suffix,lexical
vinxurance.com,vi,0.93,prefix_suffix,lexical
916a9.vip,vi,0.93,prefix_suffix,lexical
nhaminhsang.com,nha,0.93,prefix_suffix,lexical
pnclognqqe.vip,vi,0.93,prefix_suffix,lexical
kuaiyulive.vip,vi,0.93,prefix_suffix,lexical
t-visin.com,vi,0.93,prefix_suffix,lexical
violation.cfd,vi,0.93,prefix_suffix,lexical
eclosingsolution.com,eci,0.93,prefix_suffix,lexical
virtualworkgroups.com,vi,0.93,prefix_suffix,lexical
videografosdebodas.com,vi,0.93,prefix_suffix,lexical
v19952.com,vi,0.93,prefix_suffix,lexical
viaveritascompany.com,vi,0.93,prefix_suffix,lexical
ky711035.vip,vi,0.93,prefix_suffix,lexical
03792.vip,vi,0.93,prefix_suffix,lexical
vintagedudeusa.com,vi,0.93,prefix_suffix,lexical
bobortaklik.com,bob,0.93,prefix_suffix,lexical
nice11.eu.cc,nic,0.93,prefix_suffix,lexical
skinclubclinic.co.uk,nic,0.93,prefix_suffix,lexical
rashadhaddad.vip,vi,0.93,prefix_suffix,lexical
dandanya.vip,vi,0.93,prefix_suffix,lexical
besnic.com,nic,0.93,prefix_suffix,lexical
859627.vip,vi,0.93,prefix_suffix,lexical
kcgbu12.vip,vi,0.93,prefix_suffix,lexical
virdhi.online,vi,0.93,prefix_suffix,lexical
visae.eu.cc,vi,0.93,prefix_suffix,lexical
cvfrc.vip,vi,0.93,prefix_suffix,lexical
viewdataroomhq.com,vi,0.93,prefix_suffix,lexical
hk58l.top,sbi,0.93,prefix_suffix,lexical
vip68455.com,vi,0.93,prefix_suffix,lexical
79537.vip,vi,0.93,prefix_suffix,lexical
com-faksdja.vip,vi,0.93,prefix_suffix,lexical
wins7.vip,vi,0.93,prefix_suffix,lexical
villaelcarmenmarbella.com,vi,0.93,prefix_suffix,lexical
kralbet-girisadresi.vip,vi,0.93,prefix_suffix,lexical
bobproject.online,bob,0.93,prefix_suffix,lexical
eclipse-aesthetics.com,eci,0.93,prefix_suffix,lexical
montrosevetclinic.com,nic,0.93,prefix_suffix,lexical
viboatrentals.com,vi,0.93,prefix_suffix,lexical
proinservi.store,vi,0.93,prefix_suffix,lexical
koi-villa.com,vi,0.93,prefix_suffix,lexical
gallstone.clinic,nic,0.93,prefix_suffix,lexical
visor4task.org,vi,0.93,prefix_suffix,lexical
sachslab.cloud,sac,0.93,prefix_suffix,lexical
viarosse.com,vi,0.93,prefix_suffix,lexical
vibehost.online,vi,0.93,prefix_suffix,lexical
vinhstore.net,vi,0.93,prefix_suffix,lexical
virtualbeforeitwascool.com,vi,0.93,prefix_suffix,lexical
vipmqz.net,vi,0.93,prefix_suffix,lexical
visionmaed.com,vi,0.93,prefix_suffix,lexical
matchfioci.pro,iocl,0.93,prefix_suffix,lexical
xy64.vip,vi,0.93,prefix_suffix,lexical
axisscanner.net,axis,0.93,prefix_suffix,lexical
vidrive.net,vi,0.93,prefix_suffix,lexical
virgolia.com,vi,0.93,prefix_suffix,lexical
cerberus22.vip,vi,0.93,prefix_suffix,lexical
vipwin.motorcycles,vi,0.93,prefix_suffix,lexical
gain-rapide.vip,vi,0.93,prefix_suffix,lexical
vibebazaar.shop,vi,0.93,prefix_suffix,lexical
vivianladean.com,vi,0.93,prefix_suffix,lexical
villasandi.com,vi,0.93,prefix_suffix,lexical
vijaya.us,vi,0.93,prefix_suffix,lexical
nicaman.dev,nic,0.93,prefix_suffix,lexical
andesvolt.vip,vi,0.93,prefix_suffix,lexical
midsouthrenalclinic.com,nic,0.93,prefix_suffix,lexical
xspou.vip,vi,0.93,prefix_suffix,lexical
vloerisolatieweesp.com,vi,0.93,prefix_suffix,lexical
tech-vista.store,vi,0.93,prefix_suffix,lexical
oqygo09.vip,vi,0.93,prefix_suffix,lexical
betcio-aktif.vip,vi,0.93,prefix_suffix,lexical
visionaryaisolutions.com,vi,0.93,prefix_suffix,lexical
eclatantluxury.com,eci,0.93,prefix_suffix,lexical
vizzleshop.com,vi,0.93,prefix_suffix,lexical
levi-shop.shop,vi,0.93,prefix_suffix,lexical
bc0886.vip,vi,0.93,prefix_suffix,lexical
vladiwebradio.com,vi,0.93,prefix_suffix,lexical
th237.vip,vi,0.93,prefix_suffix,lexical
slon-2at.vip,vi,0.93,prefix_suffix,lexical
organic-o-eats.online,nic,0.93,prefix_suffix,lexical
bobatoto5kzt.sbs,bob,0.93,prefix_suffix,lexical
22596.vip,vi,0.93,prefix_suffix,lexical
vidaabundante.shop,vi,0.93,prefix_suffix,lexical
viewdoc.top,vi,0.93,prefix_suffix,lexical
mesticarisampe.vip,vi,0.93,prefix_suffix,lexical
vistavoo.com,vi,0.93,prefix_suffix,lexical
victoryflight.com,vi,0.93,prefix_suffix,lexical
jala808.org,bob,0.93,prefix_suffix,lexical
vilasgroup.com,vi,0.93,prefix_suffix,lexical
ehui.vip,vi,0.93,prefix_suffix,lexical
vicparkrealty.com,vi,0.93,prefix_suffix,lexical
vifyfoika.autos,vi,0.93,prefix_suffix,lexical
visibleaction.com,vi,0.93,prefix_suffix,lexical
meritkangal.vip,vi,0.93,prefix_suffix,lexical
cjfpv.vip,vi,0.93,prefix_suffix,lexical
vinasat.net,vi,0.93,prefix_suffix,lexical
vliph9.top,vi,0.93,prefix_suffix,lexical
vasiliev.vip,vi,0.93,prefix_suffix,lexical
vitalityresidences.com,vi,0.93,prefix_suffix,lexical
villardjetaime.com,vi,0.93,prefix_suffix,lexical
i-t-clinic.com,nic,0.93,prefix_suffix,lexical
vacationbvi.com,vi,0.93,prefix_suffix,lexical
vickimayhamm.com,vi,0.93,prefix_suffix,lexical
vibesagency.xyz,vi,0.93,prefix_suffix,lexical
26124364.vip,vi,0.93,prefix_suffix,lexical
refundonlys.vip,vi,0.93,prefix_suffix,lexical
violetlink.xyz,vi,0.93,prefix_suffix,lexical
fethiye-vibes.com,vi,0.93,prefix_suffix,lexical
vitadieth.com,vi,0.93,prefix_suffix,lexical
throttlentonic.club,nic,0.93,prefix_suffix,lexical
homanmostafavi.com,vi,0.93,prefix_suffix,lexical
sofrylvi.com,vi,0.93,prefix_suffix,lexical
visitsouthbury.com,vi,0.93,prefix_suffix,lexical
xigenic.com,nic,0.93,prefix_suffix,lexical
viaticusfestival.info,vi,0.93,prefix_suffix,lexical
indexclinic.online,nic,0.93,prefix_suffix,lexical
vip-lanjingzhibo.com,vi,0.93,prefix_suffix,lexical
viewfinderuk.com,vi,0.93,prefix_suffix,lexical
visfra.com,vi,0.93,prefix_suffix,lexical
86542.vip,vi,0.93,prefix_suffix,lexical
hvqtru.vip,vi,0.93,prefix_suffix,lexical
vittoria.com,vi,0.93,prefix_suffix,lexical
weenierangers.vip,vi,0.93,prefix_suffix,lexical
visitpalangkaraya.com,vi,0.93,prefix_suffix,lexical
288266.vip,vi,0.93,prefix_suffix,lexical
games-vip-market.com,vi,0.93,prefix_suffix,lexical
pfuzvl.garden,vi,0.93,prefix_suffix,lexical
wwwmegawagi.vip,vi,0.93,prefix_suffix,lexical
blurexservi.com,vi,0.93,prefix_suffix,lexical
victoriacoombsbowen.com,vi,0.93,prefix_suffix,lexical
72231.vip,vi,0.93,prefix_suffix,lexical
rgccel.com,rgcci,0.85,typo,lexical
victaroyale.store,vi,0.93,prefix_suffix,lexical
14104.vip,vi,0.93,prefix_suffix,lexical
vintagestudio.store,vi,0.93,prefix_suffix,lexical
vlxyz.art,vi,0.93,prefix_suffix,lexical
videoremake.live,vi,0.93,prefix_suffix,lexical
triluxaenerbi.com,rbi,0.93,prefix_suffix,lexical
qyc31.vip,vi,0.93,prefix_suffix,lexical
vipet.us,vi,0.93,prefix_suffix,lexical
t-visionconsumers.com,vi,0.93,prefix_suffix,lexical
hbfut463.vip,vi,0.93,prefix_suffix,lexical
vitaslimgotas.com.br,vi,0.93,prefix_suffix,lexical
a7ty11.vip,vi,0.93,prefix_suffix,lexical
nhassfes.com,nha,0.93,prefix_suffix,lexical
enjoybet-adresorjinal.vip,vi,0.93,prefix_suffix,lexical
vizitki.online,vi,0.93,prefix_suffix,lexical
reese.vip,vi,0.93,prefix_suffix,lexical
crb14.vip,vi,0.93,prefix_suffix,lexical
virtualmedicalcenter.com.ar,vi,0.93,prefix_suffix,lexical
viralleadsystem.com,vi,0.93,prefix_suffix,lexical
videopoint.us,vi,0.93,prefix_suffix,lexical
ecitrado.top,eci,0.93,prefix_suffix,lexical
9418f.vip,vi,0.93,prefix_suffix,lexical
115803.vip,vi,0.93,prefix_suffix,lexical
26124499.vip,vi,0.93,prefix_suffix,lexical
96142.vip,vi,0.93,prefix_suffix,lexical
bipki.vip,vi,0.93,prefix_suffix,lexical
vinalcar.io.vn,vi,0.93,prefix_suffix,lexical
virtuallyinspiredassist.com,vi,0.93,prefix_suffix,lexical
vipccb.top,vi,0.93,prefix_suffix,lexical
viprestaurant.com,vi,0.93,prefix_suffix,lexical
vivahealthplan.com,vi,0.93,prefix_suffix,lexical
c753.vip,vi,0.93,prefix_suffix,lexical
vibedeployment.com,vi,0.93,prefix_suffix,lexical
niceniche.net,nic,0.93,prefix_suffix,lexical
nilyaslibakimevi.com,vi,0.93,prefix_suffix,lexical
ljc66866.vip,vi,0.93,prefix_suffix,lexical
yhyl18.vip,vi,0.93,prefix_suffix,lexical
nicolejaneephotography.com,nic,0.93,prefix_suffix,lexical
911888.vip,vi,0.93,prefix_suffix,lexical
schrammclinic.com,nic,0.93,prefix_suffix,lexical
nicolaslouvet.ch,nic,0.93,prefix_suffix,lexical
vianetdsl.com,vi,0.93,prefix_suffix,lexical
betciogncelgrssa.vip,vi,0.93,prefix_suffix,lexical
vimer93804.top,vi,0.93,prefix_suffix,lexical
safetynetsbhudevi.com,vi,0.93,prefix_suffix,lexical
nicglobalsolution.com,nic,0.93,prefix_suffix,lexical
vidracariapraiagrande.com.br,vi,0.93,prefix_suffix,lexical
vibavlc.com,vi,0.93,prefix_suffix,lexical
granitestatedvi.com,vi,0.93,prefix_suffix,lexical
visionaryx-lab.jp,vi,0.93,prefix_suffix,lexical
imajbet-mobiladresi.vip,vi,0.93,prefix_suffix,lexical
vince999.info,vi,0.93,prefix_suffix,lexical
videoindebouw.be,vi,0.93,prefix_suffix,lexical
juvip.vip,vi,0.93,prefix_suffix,lexical
videobasedshop.info,vi,0.93,prefix_suffix,lexical
00k9gl.vip,vi,0.93,prefix_suffix,lexical
42305.vip,vi,0.93,prefix_suffix,lexical
parivahansewan.net,parivahan,0.93,prefix_suffix,lexical
magicelectronic.com,nic,0.93,prefix_suffix,lexical
nizws.vip,vi,0.93,prefix_suffix,lexical
villager-tech.com,vi,0.93,prefix_suffix,lexical
cos-navi.com,vi,0.93,prefix_suffix,lexical
ztu33.vip,vi,0.93,prefix_suffix,lexical
vi0p0a.top,vi,0.93,prefix_suffix,lexical
didi51-t0302.vip,vi,0.93,prefix_suffix,lexical
ray-sonic.com,nic,0.93,prefix_suffix,lexical
tonysmobilityclinic.com,nic,0.93,prefix_suffix,lexical
crdywan.vip,vi,0.93,prefix_suffix,lexical
mk-brasilmk.vip,vi,0.93,prefix_suffix,lexical
1111bd7.vip,vi,0.93,prefix_suffix,lexical
ampwater.vip,vi,0.93,prefix_suffix,lexical
thaff66.vip,vi,0.93,prefix_suffix,lexical
didi51-t0327.vip,vi,0.93,prefix_suffix,lexical
588fvi.info,vi,0.93,prefix_suffix,lexical
atlaxis.tech,axis,0.93,prefix_suffix,lexical
vietkaogroup.com,vi,0.93,prefix_suffix,lexical
visionpathalliance.info,vi,0.93,prefix_suffix,lexical
vip79vips.com,vi,0.93,prefix_suffix,lexical
villagehandymanplus.com,vi,0.93,prefix_suffix,lexical
29945.vip,vi,0.93,prefix_suffix,lexical
26124318.vip,vi,0.93,prefix_suffix,lexical
viajereport.com,vi,0.93,prefix_suffix,lexical
vinycar.com,vi,0.93,prefix_suffix,lexical
rzgzx.vip,vi,0.93,prefix_suffix,lexical
atuxi.vip,vi,0.93,prefix_suffix,lexical
amnsr.vip,vi,0.93,prefix_suffix,lexical
66859.vip,vi,0.93,prefix_suffix,lexical
escobucksmaltepe.vip,vi,0.93,prefix_suffix,lexical
betciooyenigirisi.vip,vi,0.93,prefix_suffix,lexical
zhhikw373.vip,vi,0.93,prefix_suffix,lexical
romabet-app26.vip,vi,0.93,prefix_suffix,lexical
ixxdm.vip,vi,0.93,prefix_suffix,lexical
vioraoficial.co,vi,0.93,prefix_suffix,lexical
94532.vip,vi,0.93,prefix_suffix,lexical
alohemengir.vip,vi,0.93,prefix_suffix,lexical
alohemenngir.vip,vi,0.93,prefix_suffix,lexical
visionacademy.com.ar,vi,0.93,prefix_suffix,lexical
c787.vip,vi,0.93,prefix_suffix,lexical
orvix.vip,vi,0.93,prefix_suffix,lexical
vitalmeds.co.ke,vi,0.93,prefix_suffix,lexical
betvn66.vip,vi,0.93,prefix_suffix,lexical
nicheloanfly.com,nic,0.93,prefix_suffix,lexical
s1vsck.vip,vi,0.93,prefix_suffix,lexical
visionlane.ai,vi,0.93,prefix_suffix,lexical
vibepump.fun,vi,0.93,prefix_suffix,lexical
vipeptide.com,vi,0.93,prefix_suffix,lexical
859616.vip,vi,0.93,prefix_suffix,lexical
true-vine-entertainment.biz,vi,0.93,prefix_suffix,lexical
ga10c1.sbs,iocl,0.93,prefix_suffix,lexical
xx1581.com,sbi,0.93,prefix_suffix,lexical
vitacurallc.com,vi,0.93,prefix_suffix,lexical
grandqashabetadres.vip,vi,0.93,prefix_suffix,lexical
vinhoverde.us,vi,0.93,prefix_suffix,lexical
maltaaestheticclinic.com,nic,0.93,prefix_suffix,lexical
vidaquefloresce.org,vi,0.93,prefix_suffix,lexical
vip177.club,vi,0.93,prefix_suffix,lexical
didi51-t0316.vip,vi,0.93,prefix_suffix,lexical
virtual-facial.com,vi,0.93,prefix_suffix,lexical
76120.vip,vi,0.93,prefix_suffix,lexical
victoryoverskindisorders.com,vi,0.93,prefix_suffix,lexical
justherbse-in.shop,bse,0.93,prefix_suffix,lexical
jojo-girisyeni.vip,vi,0.93,prefix_suffix,lexical
victoryroad.app,vi,0.93,prefix_suffix,lexical
y7124321.vip,vi,0.93,prefix_suffix,lexical
vinegasim.com,vi,0.93,prefix_suffix,lexical
vip-composites.com,vi,0.93,prefix_suffix,lexical
v1gc3g.top,vi,0.93,prefix_suffix,lexical
vianneydachpuppaws.com,vi,0.93,prefix_suffix,lexical
plurnostavi.gifts,vi,0.93,prefix_suffix,lexical
123455.vip,vi,0.93,prefix_suffix,lexical
vi3u.sbs,vi,0.93,prefix_suffix,lexical
77299r.vip,vi,0.93,prefix_suffix,lexical
sawadikap.vip,vi,0.93,prefix_suffix,lexical
jetawin.vip,vi,0.93,prefix_suffix,lexical
viteran.click,vi,0.93,prefix_suffix,lexical
virtuedgelegal.com,vi,0.93,prefix_suffix,lexical
victoragencyteam.com,vi,0.93,prefix_suffix,lexical
positronic.us,nic,0.93,prefix_suffix,lexical
com-wdoja.vip,vi,0.93,prefix_suffix,lexical
vip1888pgm.site,vi,0.93,prefix_suffix,lexical
01071.vip,vi,0.93,prefix_suffix,lexical
vietnamnetting.com,vi,0.93,prefix_suffix,lexical
betvn09.vip,vi,0.93,prefix_suffix,lexical
auto-mechanic-courses-92429.click,nic,0.93,prefix_suffix,lexical
aletyx.vip,vi,0.93,prefix_suffix,lexical
vivative.com,vi,0.93,prefix_suffix,lexical
vipv7.com,vi,0.93,prefix_suffix,lexical
bvqjl.vip,vi,0.93,prefix_suffix,lexical
5haty2.vip,vi,0.93,prefix_suffix,lexical
nickmayerhyundai.com,nic,0.93,prefix_suffix,lexical
vidagustermas.com,vi,0.93,prefix_suffix,lexical
viruscleanvirginislands.com,vi,0.93,prefix_suffix,lexical
nlbaroda.com,bob,0.93,prefix_suffix,lexical
phoenix24fitness.vip,vi,0.93,prefix_suffix,lexical
vizmeeting.com,vi,0.93,prefix_suffix,lexical
c749.vip,vi,0.93,prefix_suffix,lexical
xn--80aasbiak3ds4c.xn--p1ai,sac,0.93,prefix_suffix,lexical
visitvictorinox.com,vi,0.93,prefix_suffix,lexical
69450.vip,vi,0.93,prefix_suffix,lexical
villacampioni.com,vi,0.93,prefix_suffix,lexical
70327.vip,vi,0.93,prefix_suffix,lexical
nozomi-clinic.com,nic,0.93,prefix_suffix,lexical
yjcontinue.vip,vi,0.93,prefix_suffix,lexical
aadharthefoundationdefenceacadmey.com,uidai,0.93,prefix_suffix,lexical
vignettautopass.site,vi,0.93,prefix_suffix,lexical
brcs-vl.com,vi,0.98,exact_label,lexical
hjkzm.vip,vi,0.93,prefix_suffix,lexical
viralsanid.com,vi,0.93,prefix_suffix,lexical
28196.vip,vi,0.93,prefix_suffix,lexical
didi51-t0373.vip,vi,0.93,prefix_suffix,lexical
vipsoft.cloud,vi,0.93,prefix_suffix,lexical
victorpayload.com,vi,0.93,prefix_suffix,lexical
ht1xz716.vip,vi,0.93,prefix_suffix,lexical
icicibankco.com,icici,0.93,prefix_suffix,lexical
luxsetestate.vip,vi,0.93,prefix_suffix,lexical
nickstechtips.com,nic,0.93,prefix_suffix,lexical
67fx47.vip,vi,0.93,prefix_suffix,lexical
sacanhafriyat.com.tr,sac,0.93,prefix_suffix,lexical
vird.us,vi,0.93,prefix_suffix,lexical
h80vl.top,vi,0.93,prefix_suffix,lexical
viprecarga.com,vi,0.93,prefix_suffix,lexical
winstoncvl.com,vi,0.93,prefix_suffix,lexical
37048.vip,vi,0.93,prefix_suffix,lexical
y7124572.vip,vi,0.93,prefix_suffix,lexical
eclfinancity.com,eci,0.93,prefix_suffix,lexical
bobpollock.com,bob,0.93,prefix_suffix,lexical
byy9.vip,vi,0.93,prefix_suffix,lexical
v16997.com,vi,0.93,prefix_suffix,lexical
xn--kiv20s3odnxi.vip,vi,0.93,prefix_suffix,lexical
crb3.vip,vi,0.93,prefix_suffix,lexical
cryptonic.net,nic,0.93,prefix_suffix,lexical
auto-mechanic-courses-22209.click,nic,0.93,prefix_suffix,lexical
visitingjoy.com,vi,0.93,prefix_suffix,lexical
thaifinnbet.vip,vi,0.93,prefix_suffix,lexical
quillgreenservi.com,vi,0.93,prefix_suffix,lexical
nicoletteglam.com,nic,0.93,prefix_suffix,lexical
visually-ai.com,vi,0.93,prefix_suffix,lexical
infinitioncamelbackservice.com,icici,0.93,prefix_suffix,lexical
virtualwholesalingblueprint.com,vi,0.93,prefix_suffix,lexical
vizhire.net,vi,0.93,prefix_suffix,lexical
grandvi.ru,vi,0.93,prefix_suffix,lexical
yauhs.vip,vi,0.93,prefix_suffix,lexical
vicix.net,vi,0.93,prefix_suffix,lexical
virhinmedia.com,vi,0.93,prefix_suffix,lexical
681t3q.vip,vi,0.93,prefix_suffix,lexical
nicileiaduartepsi.com.br,nic,0.93,prefix_suffix,lexical
violet.fast,vi,0.93,prefix_suffix,lexical
viletun.click,vi,0.93,prefix_suffix,lexical
vietnamschoolguide.com,vi,0.93,prefix_suffix,lexical
853485.com,bse,0.93,prefix_suffix,lexical
rankuvo-viable.com,vi,0.93,prefix_suffix,lexical
victus.group,vi,0.93,prefix_suffix,lexical
viably.app,vi,0.93,prefix_suffix,lexical
xn--nterbahis1845-vib.com,vi,0.93,prefix_suffix,lexical
h10cl.top,iocl,0.93,prefix_suffix,lexical
tracksp.vip,vi,0.93,prefix_suffix,lexical
yaeti.vip,vi,0.93,prefix_suffix,lexical
sacredfungus.com,sac,0.93,prefix_suffix,lexical
victainnovations.com,vi,0.93,prefix_suffix,lexical
ma-vitrine.online,vi,0.93,prefix_suffix,lexical
brabc20.vip,vi,0.93,prefix_suffix,lexical
qyc39.vip,vi,0.93,prefix_suffix,lexical
fitttestfirefighter.vip,vi,0.93,prefix_suffix,lexical
43082.vip,vi,0.93,prefix_suffix,lexical
victorsanchezoftalmo.com,vi,0.93,prefix_suffix,lexical
vijaygautham.com,vi,0.93,prefix_suffix,lexical
bobchapeauparisien.com,bob,0.93,prefix_suffix,lexical
vibrantideas.xyz,vi,0.93,prefix_suffix,lexical
virtuososhop.store,vi,0.93,prefix_suffix,lexical
netoguard.vip,vi,0.93,prefix_suffix,lexical
h68vl.top,vi,0.93,prefix_suffix,lexical
vip1617.com,vi,0.93,prefix_suffix,lexical
lpsclinic.com,nic,0.93,prefix_suffix,lexical
bobbydoesallservices.com,bob,0.93,prefix_suffix,lexical
vioon.com,vi,0.93,prefix_suffix,lexical
visumservice.us,vi,0.93,prefix_suffix,lexical
villeroy-bochgroup.com,vi,0.93,prefix_suffix,lexical
betoffice-link.vip,vi,0.93,prefix_suffix,lexical
ae888v1.com,vi,0.93,prefix_suffix,lexical
virginiedelage.com,vi,0.93,prefix_suffix,lexical
ecleric.com,eci,0.93,prefix_suffix,lexical
vignovicsports.com,vi,0.93,prefix_suffix,lexical
viyena.com,vi,0.93,prefix_suffix,lexical
26124468.vip,vi,0.93,prefix_suffix,lexical
95231.vip,vi,0.93,prefix_suffix,lexical
bauersupplysac.com,sac,0.93,prefix_suffix,lexical
virtuaxrpl.xyz,vi,0.93,prefix_suffix,lexical
jkqvl.sbs,vi,0.93,prefix_suffix,lexical
villagedeboraborges.com,vi,0.93,prefix_suffix,lexical
betvn77.vip,vi,0.93,prefix_suffix,lexical
xn--vl2b35g0tfvnd8qblk736fs2a.shop,vi,0.93,prefix_suffix,lexical
karpathy.vip,vi,0.93,prefix_suffix,lexical
vilac.us,vi,0.93,prefix_suffix,lexical
63474.vip,vi,0.93,prefix_suffix,lexical
vitanara.info,vi,0.93,prefix_suffix,lexical
nicaconcretemiami.com,nic,0.93,prefix_suffix,lexical
26124572.vip,vi,0.93,prefix_suffix,lexical
suivi-documents.com,vi,0.93,prefix_suffix,lexical
villagardensrehabilitation.com,vi,0.93,prefix_suffix,lexical
jaya9-vip.net,vi,0.93,prefix_suffix,lexical
nicolas-bachmann.com,nic,0.93,prefix_suffix,lexical
fvpscvl.us,vi,0.93,prefix_suffix,lexical
trojan-virus.com,vi,0.93,prefix_suffix,lexical
didi51-t0380.vip,vi,0.93,prefix_suffix,lexical
taraftarium24-gsfb.vip,vi,0.93,prefix_suffix,lexical
wegovi.store,vi,0.93,prefix_suffix,lexical
arrowheadinfiniti.com,icici,0.93,prefix_suffix,lexical
flcannabis.vip,vi,0.93,prefix_suffix,lexical
vigillabs.dev,vi,0.93,prefix_suffix,lexical
dominioneyeclinic.com,nic,0.93,prefix_suffix,lexical
videotraders.com,vi,0.93,prefix_suffix,lexical
vitaldailydigest.com,vi,0.93,prefix_suffix,lexical
y7124397.vip,vi,0.93,prefix_suffix,lexical
vietnamvisas-support.com,vi,0.93,prefix_suffix,lexical
sbienterprise.com,sbi,0.93,prefix_suffix,lexical
axiscampobeloimovel.com,axis,0.93,prefix_suffix,lexical
com-digitial.vip,vi,0.93,prefix_suffix,lexical
navro.vip,vi,0.93,prefix_suffix,lexical
vintagehorizonwest.com,vi,0.93,prefix_suffix,lexical
sacredsavagesovereign.com,sac,0.93,prefix_suffix,lexical
cti117.vip,vi,0.93,prefix_suffix,lexical
e-learning-videos.com,vi,0.93,prefix_suffix,lexical
vippgslots5.com,vi,0.93,prefix_suffix,lexical
vizib-mq.com,vi,0.93,prefix_suffix,lexical
viba8.com,vi,0.93,prefix_suffix,lexical
h90vl.top,vi,0.93,prefix_suffix,lexical
y7124367.vip,vi,0.93,prefix_suffix,lexical
victorcabobaro.com,vi,0.93,prefix_suffix,lexical
t-visionplan.com,vi,0.93,prefix_suffix,lexical
3cl2e.top,eci,0.93,prefix_suffix,lexical
arcadiasac.com,sac,0.93,prefix_suffix,lexical
baidu6984.vip,vi,0.93,prefix_suffix,lexical
visitmallorca.us,vi,0.93,prefix_suffix,lexical
y7124408.vip,vi,0.93,prefix_suffix,lexical
zenviro.vip,vi,0.93,prefix_suffix,lexical
859610.vip,vi,0.93,prefix_suffix,lexical
corbyearwaxclinic.com,nic,0.93,prefix_suffix,lexical
evojili.vip,vi,0.93,prefix_suffix,lexical
akibah-clinic.com,nic,0.93,prefix_suffix,lexical
aadharcarddownload.online,uidai,0.93,prefix_suffix,lexical
visimedicalgroup.com,vi,0.93,prefix_suffix,lexical
angelinks.vip,vi,0.93,prefix_suffix,lexical
vlnu1dgh.com,vi,0.93,prefix_suffix,lexical
victor-snow.cloud,vi,0.93,prefix_suffix,lexical
18437.vip,vi,0.93,prefix_suffix,lexical
vinsonjwong.xyz,vi,0.93,prefix_suffix,lexical
chukk.vip,vi,0.93,prefix_suffix,lexical
01805.vip,vi,0.93,prefix_suffix,lexical
fast-monarch.vip,vi,0.93,prefix_suffix,lexical
viciousworld.fun,vi,0.93,prefix_suffix,lexical
villageofindianhillrealestate.com,vi,0.93,prefix_suffix,lexical
visitsaudionline.com,vi,0.93,prefix_suffix,lexical
victoriamperformance.com,vi,0.93,prefix_suffix,lexical
nickforsyth.com,nic,0.93,prefix_suffix,lexical
vibrantpropertiesllc.com,vi,0.93,prefix_suffix,lexical
hg66066.vip,vi,0.93,prefix_suffix,lexical
26124548.vip,vi,0.93,prefix_suffix,lexical
nicolailux.com,nic,0.93,prefix_suffix,lexical
309nn.vip,vi,0.93,prefix_suffix,lexical
cavalcanteecunha.org,nha,0.93,prefix_suffix,lexical
virablaster.com,vi,0.93,prefix_suffix,lexical
95115.vip,vi,0.93,prefix_suffix,lexical
visitfrannexus.com,vi,0.93,prefix_suffix,lexical
viewbargain.com,vi,0.93,prefix_suffix,lexical
sacbees.com,sac,0.93,prefix_suffix,lexical
visitacastellon.site,vi,0.93,prefix_suffix,lexical
fq6628.vip,vi,0.93,prefix_suffix,lexical
5736app9.vip,vi,0.93,prefix_suffix,lexical
abty2128.vip,vi,0.93,prefix_suffix,lexical
22609.vip,vi,0.93,prefix_suffix,lexical
609rr.vip,vi,0.93,prefix_suffix,lexical
baji-bet.vip,vi,0.93,prefix_suffix,lexical
mentorlnowlife.vip,vi,0.93,prefix_suffix,lexical
virtutrades.com,vi,0.93,prefix_suffix,lexical
beratungspraxis-schramberg.com,axis,0.93,prefix_suffix,lexical
cerberus29.vip,vi,0.93,prefix_suffix,lexical
vidhorizon.com,vi,0.93,prefix_suffix,lexical
dragonstormadventure.vip,vi,0.93,prefix_suffix,lexical
vitalpathnaturals.com,vi,0.93,prefix_suffix,lexical
viyapets.com,vi,0.93,prefix_suffix,lexical
vinhomes-haunghia.site,vi,0.93,prefix_suffix,lexical
viid.us,vi,0.93,prefix_suffix,lexical
poste-trw.vip,vi,0.93,prefix_suffix,lexical
yjconstruction.vip,vi,0.93,prefix_suffix,lexical
vibesalon3047.com,vi,0.93,prefix_suffix,lexical
victoryelectricmn.com,vi,0.93,prefix_suffix,lexical
villagepointetoyotascion.com,vi,0.93,prefix_suffix,lexical
sacredsecretsapparel.com,sac,0.93,prefix_suffix,lexical
26124310.vip,vi,0.93,prefix_suffix,lexical
virtualcasinofans.org,vi,0.93,prefix_suffix,lexical
viralworldreport.com,vi,0.93,prefix_suffix,lexical
317nn.vip,vi,0.93,prefix_suffix,lexical
vinak.net,vi,0.93,prefix_suffix,lexical
35381ccv1.pro,vi,0.93,prefix_suffix,lexical
vista-home.com,vi,0.93,prefix_suffix,lexical
vicecitywaterdistrict.com,vi,0.93,prefix_suffix,lexical
villaggioportogiardino.com,vi,0.93,prefix_suffix,lexical
vividm36.cfd,vi,0.93,prefix_suffix,lexical
sachistream.world,sac,0.93,prefix_suffix,lexical
wg-minions.vip,vi,0.93,prefix_suffix,lexical
3318a11.vip,vi,0.93,prefix_suffix,lexical
68190.vip,vi,0.93,prefix_suffix,lexical
viralrevideos.com,vi,0.93,prefix_suffix,lexical
y7124602.vip,vi,0.93,prefix_suffix,lexical
456933.vip,vi,0.93,prefix_suffix,lexical
fstpr.vip,vi,0.93,prefix_suffix,lexical
sacredattraction.com,sac,0.93,prefix_suffix,lexical
i1kug3rs.vip,vi,0.93,prefix_suffix,lexical
betixir-adresguncel.vip,vi,0.93,prefix_suffix,lexical
villa-csery-rab.com,vi,0.93,prefix_suffix,lexical
visitjungfraujoch.com,vi,0.93,prefix_suffix,lexical
cannamamaclinic.com,nic,0.93,prefix_suffix,lexical
jlqin.vip,vi,0.93,prefix_suffix,lexical
govnvi.shop,vi,0.93,prefix_suffix,lexical
vidproexec.sbs,vi,0.93,prefix_suffix,lexical
maktainha.shop,nha,0.93,prefix_suffix,lexical
dnateci.com,eci,0.93,prefix_suffix,lexical
26124339.vip,vi,0.93,prefix_suffix,lexical
navi-drones.com,vi,0.93,prefix_suffix,lexical
vlengineer.com,vi,0.93,prefix_suffix,lexical
vibepinx.com,vi,0.93,prefix_suffix,lexical
vimontpet.com,vi,0.93,prefix_suffix,lexical
violentx.com,vi,0.93,prefix_suffix,lexical
amfbk.vip,vi,0.93,prefix_suffix,lexical
sofof.vip,vi,0.93,prefix_suffix,lexical
vinheta.pro,vi,0.93,prefix_suffix,lexical
bailety73.vip,vi,0.93,prefix_suffix,lexical
vitali-ty.com,vi,0.93,prefix_suffix,lexical
vwqrk.vip,vi,0.93,prefix_suffix,lexical
nic-boehm.com,nic,0.98,exact_label,lexical
iuwsy843.vip,vi,0.93,prefix_suffix,lexical
treasuretheusvi.com,vi,0.93,prefix_suffix,lexical
viewopenhouse.com,vi,0.93,prefix_suffix,lexical
vistyx.com,vi,0.93,prefix_suffix,lexical
colorivi.com,vi,0.93,prefix_suffix,lexical
com-eliteh.vip,vi,0.93,prefix_suffix,lexical
74795.vip,vi,0.93,prefix_suffix,lexical
y7124405.vip,vi,0.93,prefix_suffix,lexical
iihvi.forsale,vi,0.93,prefix_suffix,lexical
vixaxai.com,vi,0.93,prefix_suffix,lexical
y7124329.vip,vi,0.93,prefix_suffix,lexical
bobatoto5jju.site,bob,0.93,prefix_suffix,lexical
eclipsenet.community,eci,0.93,prefix_suffix,lexical
mts-annic.com,nic,0.93,prefix_suffix,lexical
yd91218.vip,vi,0.93,prefix_suffix,lexical
eclassictrucks.com,eci,0.93,prefix_suffix,lexical
vip-bwin.com,vi,0.93,prefix_suffix,lexical
68srpq.vip,vi,0.93,prefix_suffix,lexical
zunlong8.vip,vi,0.93,prefix_suffix,lexical
fhofs.vip,vi,0.93,prefix_suffix,lexical
elecktronic.com,nic,0.93,prefix_suffix,lexical
zdsac.com,sac,0.93,prefix_suffix,lexical
380vipvyx5tp.vip,vi,0.93,prefix_suffix,lexical
demonic-con.com,nic,0.93,prefix_suffix,lexical
eigenaxis.shop,axis,0.93,prefix_suffix,lexical
vignettetoll.online,vi,0.93,prefix_suffix,lexical
viragoband.com,vi,0.93,prefix_suffix,lexical
vitalhealthwestpalm.com,vi,0.93,prefix_suffix,lexical
99966a.vip,vi,0.93,prefix_suffix,lexical
kbbet79.vip,vi,0.93,prefix_suffix,lexical
melbet-v4fg3vi.cam,vi,0.93,prefix_suffix,lexical
vibhuruh.com,vi,0.93,prefix_suffix,lexical
alicebob.us,bob,0.93,prefix_suffix,lexical
gopfz.vip,vi,0.93,prefix_suffix,lexical
huwd66.vip,vi,0.93,prefix_suffix,lexical
vistabankplc.com,vi,0.93,prefix_suffix,lexical
08021.vip,vi,0.93,prefix_suffix,lexical
viajesparabuceadores.com,vi,0.93,prefix_suffix,lexical
virtualcarshopping.com,vi,0.93,prefix_suffix,lexical
nicholaspetrich.com,nic,0.93,prefix_suffix,lexical
visrussia.com,vi,0.93,prefix_suffix,lexical
bobot.tech,bob,0.93,prefix_suffix,lexical
vigildetect.com,vi,0.93,prefix_suffix,lexical
virtualescapetheroom.com,vi,0.93,prefix_suffix,lexical
52dz.vip,vi,0.93,prefix_suffix,lexical
vialigners.com,vi,0.93,prefix_suffix,lexical
abhayandabhiexport.com,nha,0.93,prefix_suffix,lexical
ys33.vip,vi,0.93,prefix_suffix,lexical
viralposta.com,vi,0.93,prefix_suffix,lexical
581rt.top,sbi,0.93,prefix_suffix,lexical
matbet-orjinal-girisi.vip,vi,0.93,prefix_suffix,lexical
jiohcu.sbs,jio,0.93,prefix_suffix,lexical
betvn55.vip,vi,0.93,prefix_suffix,lexical
tr-vaycasino.vip,vi,0.93,prefix_suffix,lexical
agentllegalnow.vip,vi,0.93,prefix_suffix,lexical
electronic-lock-145687739.click,nic,0.93,prefix_suffix,lexical
6a93m9.vip,vi,0.93,prefix_suffix,lexical
virtual360jobsite.com,vi,0.93,prefix_suffix,lexical
jzlejvl.cn,vi,0.93,prefix_suffix,lexical
y7124547.vip,vi,0.93,prefix_suffix,lexical
vito88-bet.online,vi,0.93,prefix_suffix,lexical
kupamieci.com,eci,0.93,prefix_suffix,lexical
btccontract1.vip,vi,0.93,prefix_suffix,lexical
vimoturvilla.com,vi,0.93,prefix_suffix,lexical
vitalwisepb.com,vi,0.93,prefix_suffix,lexical
viewcardata.com,vi,0.93,prefix_suffix,lexical
suivi-mondial-distribution.com,vi,0.93,prefix_suffix,lexical
visitmillersferrymarina.com,vi,0.93,prefix_suffix,lexical
visinop.com.br,vi,0.93,prefix_suffix,lexical
mavona.vip,vi,0.93,prefix_suffix,lexical
vipmassagethai.com,vi,0.93,prefix_suffix,lexical
hwspwb.vip,vi,0.93,prefix_suffix,lexical
qyc29.vip,vi,0.93,prefix_suffix,lexical
npost.vip,vi,0.93,prefix_suffix,lexical
virginiamugshots.com,vi,0.93,prefix_suffix,lexical
villainousvideo.store,vi,0.93,prefix_suffix,lexical
viktoriadaneva.com,vi,0.93,prefix_suffix,lexical
737yc.vip,vi,0.93,prefix_suffix,lexical
ougei.vip,vi,0.93,prefix_suffix,lexical
antrijp.vip,vi,0.93,prefix_suffix,lexical
hm5684.vip,vi,0.93,prefix_suffix,lexical
visitanteambulo.com,vi,0.93,prefix_suffix,lexical
virtualko.net,vi,0.93,prefix_suffix,lexical
vitalitycarehubs.com,vi,0.93,prefix_suffix,lexical
virtualzone.us,vi,0.93,prefix_suffix,lexical
videoreap.com,vi,0.93,prefix_suffix,lexical
rbinspecta.app,rbi,0.93,prefix_suffix,lexical
sachistream.info,sac,0.93,prefix_suffix,lexical
vininfo.pro,vi,0.93,prefix_suffix,lexical
vine-racks.com,vi,0.93,prefix_suffix,lexical
sblivo.com,sbi,0.93,prefix_suffix,lexical
vinogrowth.agency,vi,0.93,prefix_suffix,lexical
organic.network,nic,0.93,prefix_suffix,lexical
9999tb.vip,vi,0.93,prefix_suffix,lexical
vintagehighways.com,vi,0.93,prefix_suffix,lexical
gifzkq393.vip,vi,0.93,prefix_suffix,lexical
virginiaroofingcontractors.com,vi,0.93,prefix_suffix,lexical
psychedelicclinic.org,nic,0.93,prefix_suffix,lexical
vibepaper.com,vi,0.93,prefix_suffix,lexical
aasvi.com,vi,0.93,prefix_suffix,lexical
victoria-residence.com,vi,0.93,prefix_suffix,lexical
reservebankofart.com,rbi,0.93,prefix_suffix,lexical
victoryacetrack.com,vi,0.93,prefix_suffix,lexical
jokerbet2026hizli.vip,vi,0.93,prefix_suffix,lexical
vivens.us,vi,0.93,prefix_suffix,lexical
bobbyindustriesltd.com,bob,0.93,prefix_suffix,lexical
luckysia77.vip,vi,0.93,prefix_suffix,lexical
1xbet-bd.vip,vi,0.93,prefix_suffix,lexical
vibesfriendly.xyz,vi,0.93,prefix_suffix,lexical
lh784543.vip,vi,0.93,prefix_suffix,lexical
meaco.vip,vi,0.93,prefix_suffix,lexical
vip-xingkong-yule.com,vi,0.93,prefix_suffix,lexical
victorynebraska.com,vi,0.93,prefix_suffix,lexical
540514.vip,vi,0.93,prefix_suffix,lexical
videoslots-norge.com,vi,0.93,prefix_suffix,lexical
growcapital.vip,vi,0.93,prefix_suffix,lexical
petkovi.com,vi,0.93,prefix_suffix,lexical
viste.life,vi,0.93,prefix_suffix,lexical
bobo-print.com,bob,0.93,prefix_suffix,lexical
3637a4.vip,vi,0.93,prefix_suffix,lexical
nickspizzaroastbeefandsubs.com,nic,0.93,prefix_suffix,lexical
512xg.vip,vi,0.93,prefix_suffix,lexical
infinitiofpeoriasucks.com,icici,0.93,prefix_suffix,lexical
ixytw.vip,vi,0.93,prefix_suffix,lexical
46416.vip,vi,0.93,prefix_suffix,lexical
camshop.store,cams,0.93,prefix_suffix,lexical
nksbn.vip,vi,0.93,prefix_suffix,lexical
betvn9.vip,vi,0.93,prefix_suffix,lexical
mmsne.vip,vi,0.93,prefix_suffix,lexical
www5a.vip,vi,0.93,prefix_suffix,lexical
03656.vip,vi,0.93,prefix_suffix,lexical
zahnarztpraxis-mahlke.com,axis,0.93,prefix_suffix,lexical
h45bl.top,sbi,0.93,prefix_suffix,lexical
infiniti-a.com,icici,0.98,exact_label,lexical
viurystyle.com,vi,0.93,prefix_suffix,lexical
72842.vip,vi,0.93,prefix_suffix,lexical
vilassanes.cat,vi,0.93,prefix_suffix,lexical
victorymedia.tech,vi,0.93,prefix_suffix,lexical
medicsclinic.cloud,nic,0.93,prefix_suffix,lexical
vizyonavukatlik.online,vi,0.93,prefix_suffix,lexical
vishwakarmafabrication.com,vi,0.93,prefix_suffix,lexical
vieparisienne.com,vi,0.93,prefix_suffix,lexical
vincomprogram.com,vi,0.93,prefix_suffix,lexical
nhakhoahatinh.net,nha,0.93,prefix_suffix,lexical
h92vl.top,vi,0.93,prefix_suffix,lexical
sacred-sky-roofing.com,sac,0.93,prefix_suffix,lexical
h39vl.top,vi,0.93,prefix_suffix,lexical
sacredhartadventures.com,sac,0.93,prefix_suffix,lexical
villalagloriette.com,vi,0.93,prefix_suffix,lexical
bailety48.vip,vi,0.93,prefix_suffix,lexical
rbi.mom,rbi,0.98,exact_label,lexical
nicoletlaursen.com,nic,0.93,prefix_suffix,lexical
jordanyjeanhomeloans.store,sbi,0.93,prefix_suffix,lexical
26124361.vip,vi,0.93,prefix_suffix,lexical
vine-society.fr,vi,0.93,prefix_suffix,lexical
privacydonotpanic.com,nic,0.93,prefix_suffix,lexical
vibranium.us,vi,0.93,prefix_suffix,lexical
pnclognmj.vip,vi,0.93,prefix_suffix,lexical
byy1.vip,vi,0.93,prefix_suffix,lexical
phycr.vip,vi,0.93,prefix_suffix,lexical
vinylvulture.com,vi,0.93,prefix_suffix,lexical
eiraclinic.com.br,nic,0.93,prefix_suffix,lexical
visualsbyken.com,vi,0.93,prefix_suffix,lexical
26124437.vip,vi,0.93,prefix_suffix,lexical
hmdvfvst96.vip,vi,0.93,prefix_suffix,lexical
meaningfulthingz.vip,vi,0.93,prefix_suffix,lexical
bsupolyclinic.online,nic,0.93,prefix_suffix,lexical
bmzz.vip,vi,0.93,prefix_suffix,lexical
yokkk1122.vip,vi,0.93,prefix_suffix,lexical
38431.vip,vi,0.93,prefix_suffix,lexical
r81clg.top,rbi,0.93,prefix_suffix,lexical
wzxkx.vip,vi,0.93,prefix_suffix,lexical
vibrantbeauty.net,vi,0.93,prefix_suffix,lexical
butterflyvip.vip,vi,0.93,prefix_suffix,lexical
vitrosec.com,vi,0.93,prefix_suffix,lexical
htlei.vip,vi,0.93,prefix_suffix,lexical
vibrantdealgrove.shop,vi,0.93,prefix_suffix,lexical
34649.vip,vi,0.93,prefix_suffix,lexical
vibegol.com.ar,vi,0.93,prefix_suffix,lexical
evrirx.vip,vi,0.93,prefix_suffix,lexical
vlu885.com,vi,0.93,prefix_suffix,lexical
76522.vip,vi,0.93,prefix_suffix,lexical
sertranic.com,nic,0.93,prefix_suffix,lexical
lifting-visage-paris.com,vi,0.93,prefix_suffix,lexical
flosansac.com,sac,0.93,prefix_suffix,lexical
viulux.com,vi,0.93,prefix_suffix,lexical
visdjfm01.shop,vi,0.93,prefix_suffix,lexical
nrwia.vip,vi,0.93,prefix_suffix,lexical
17156.vip,vi,0.93,prefix_suffix,lexical
26124408.vip,vi,0.93,prefix_suffix,lexical
fakepixel.vip,vi,0.93,prefix_suffix,lexical
viverlevefit.shop,vi,0.93,prefix_suffix,lexical
matbetegir.vip,vi,0.93,prefix_suffix,lexical
dyj887cp888992facai88.vip,vi,0.93,prefix_suffix,lexical
vilwanathannoolagam.com,vi,0.93,prefix_suffix,lexical
ccick.vip,vi,0.93,prefix_suffix,lexical
villevest.com,vi,0.93,prefix_suffix,lexical
389rr.vip,vi,0.93,prefix_suffix,lexical
oy526.vip,vi,0.93,prefix_suffix,lexical
yzwpg.vip,vi,0.93,prefix_suffix,lexical
808808808808.xyz,bob,0.93,prefix_suffix,lexical
videodate.us,vi,0.93,prefix_suffix,lexical
eclassprofits.com,eci,0.93,prefix_suffix,lexical
didi51-t0370.vip,vi,0.93,prefix_suffix,lexical
vic2026.online,vi,0.93,prefix_suffix,lexical
virtualintelligences.com,vi,0.93,prefix_suffix,lexical
581hh.top,sbi,0.93,prefix_suffix,lexical
viralstores.shop,vi,0.93,prefix_suffix,lexical
59368.vip,vi,0.93,prefix_suffix,lexical
pop2m8x3v1.com,vi,0.93,prefix_suffix,lexical
77299w.vip,vi,0.93,prefix_suffix,lexical
ht6xz716.vip,vi,0.93,prefix_suffix,lexical
visitovalbeach.com,vi,0.93,prefix_suffix,lexical
y7124390.vip,vi,0.93,prefix_suffix,lexical
vignettetauto.online,vi,0.93,prefix_suffix,lexical
sacredsites.africa,sac,0.93,prefix_suffix,lexical
victy.com,vi,0.93,prefix_suffix,lexical
visionlawnspa.com,vi,0.93,prefix_suffix,lexical
46487.vip,vi,0.93,prefix_suffix,lexical
visionnodeworks.click,vi,0.93,prefix_suffix,lexical
vinroad.click,vi,0.93,prefix_suffix,lexical
sacerdosh3x.dev,sac,0.93,prefix_suffix,lexical
nicolymateus.site,nic,0.93,prefix_suffix,lexical
ztu22.vip,vi,0.93,prefix_suffix,lexical
vigatrans.shop,vi,0.93,prefix_suffix,lexical
vitrasau.online,vi,0.93,prefix_suffix,lexical
engineer-career-navi.com,vi,0.93,prefix_suffix,lexical
btcbob.xyz,bob,0.93,prefix_suffix,lexical
868xz7.vip,vi,0.93,prefix_suffix,lexical
199666.vip,vi,0.93,prefix_suffix,lexical
sacrifusion.com,sac,0.93,prefix_suffix,lexical
mnyzy.vip,vi,0.93,prefix_suffix,lexical
vintageporscheparts.com,vi,0.93,prefix_suffix,lexical
visionshealths.com,vi,0.93,prefix_suffix,lexical
788500.vip,vi,0.93,prefix_suffix,lexical
vim-tm.online,vi,0.93,prefix_suffix,lexical
xnpgu.vip,vi,0.93,prefix_suffix,lexical
vintixco.com,vi,0.93,prefix_suffix,lexical
onlyorganic.us,nic,0.93,prefix_suffix,lexical
mboom168.vip,vi,0.93,prefix_suffix,lexical
visagismo.pro,vi,0.93,prefix_suffix,lexical
nicheloanadvisor.com,nic,0.93,prefix_suffix,lexical
vivimoda.store,vi,0.93,prefix_suffix,lexical
viajayvuela.mx,vi,0.93,prefix_suffix,lexical
26124534.vip,vi,0.93,prefix_suffix,lexical
trajusac.org,sac,0.93,prefix_suffix,lexical
sbinetworks.sbs,sbi,0.93,prefix_suffix,lexical
vivianhicks.shop,vi,0.93,prefix_suffix,lexical
virtual-office-now.com,vi,0.93,prefix_suffix,lexical
betvn99.vip,vi,0.93,prefix_suffix,lexical
hibaji.vip,vi,0.93,prefix_suffix,lexical
vingetteautobahn.site,vi,0.93,prefix_suffix,lexical
8087.casino,bob,0.93,prefix_suffix,lexical
bailety2.vip,vi,0.93,prefix_suffix,lexical
nicksolari.net,nic,0.93,prefix_suffix,lexical
xn----8080-3nfdfhvmb9b1a5cd9g9dwch.xn--p1ai,bob,0.93,prefix_suffix,lexical
viampay.com,vi,0.93,prefix_suffix,lexical
typgpg.vip,vi,0.93,prefix_suffix,lexical
diabetesfiji.clinic,nic,0.93,prefix_suffix,lexical
scbjvl.info,vi,0.93,prefix_suffix,lexical
a7ty100.vip,vi,0.93,prefix_suffix,lexical
bailety23.vip,vi,0.93,prefix_suffix,lexical
055219.vip,vi,0.93,prefix_suffix,lexical
apps-zhibo8.com,bob,0.93,prefix_suffix,lexical
stackcensus.com,census,0.93,prefix_suffix,lexical
virtualtravelagency.com,vi,0.93,prefix_suffix,lexical
49891.vip,vi,0.93,prefix_suffix,lexical
melvi.us,vi,0.93,prefix_suffix,lexical
bailety37.vip,vi,0.93,prefix_suffix,lexical
harvi.us,vi,0.93,prefix_suffix,lexical
areib.vip,vi,0.93,prefix_suffix,lexical
flexi.vip,vi,0.93,prefix_suffix,lexical
emmygetfamilyclinic.com,nic,0.93,prefix_suffix,lexical
eclatdemode.com,eci,0.93,prefix_suffix,lexical
vieon-wsp.com,vi,0.93,prefix_suffix,lexical
34688.vip,vi,0.93,prefix_suffix,lexical
vippateencepat.top,vi,0.93,prefix_suffix,lexical
vinhomeshalongxanh.net.vn,vi,0.93,prefix_suffix,lexical
vitality.systems,vi,0.93,prefix_suffix,lexical
viasete.com,vi,0.93,prefix_suffix,lexical
barama-villanueva.com,vi,0.93,prefix_suffix,lexical
mechatronic-news.com,nic,0.93,prefix_suffix,lexical
hopkintonorganic.com,nic,0.93,prefix_suffix,lexical
joate.vip,vi,0.93,prefix_suffix,lexical
roketbetplus01.vip,vi,0.93,prefix_suffix,lexical
dealcube.vip,vi,0.93,prefix_suffix,lexical
vidayum.com,vi,0.93,prefix_suffix,lexical
visionplusfurniture.com,vi,0.93,prefix_suffix,lexical
clinic-evolution.com,nic,0.93,prefix_suffix,lexical
fb-google6.vip,vi,0.93,prefix_suffix,lexical
vikingdump.com,vi,0.93,prefix_suffix,lexical
h85vl.top,vi,0.93,prefix_suffix,lexical
86142.vip,vi,0.93,prefix_suffix,lexical
viwa.work,vi,0.93,prefix_suffix,lexical
bailety83.vip,vi,0.93,prefix_suffix,lexical
wdy88.vip,vi,0.93,prefix_suffix,lexical
virtualmaps.com,vi,0.93,prefix_suffix,lexical
vignette-toll.site,vi,0.93,prefix_suffix,lexical
eclipsepadel.com,eci,0.93,prefix_suffix,lexical
victoryhydroponics.com,vi,0.93,prefix_suffix,lexical
villa-der-gesundheit.com,vi,0.93,prefix_suffix,lexical
virtualarcadexr.com,vi,0.93,prefix_suffix,lexical
lightdubai.vip,vi,0.93,prefix_suffix,lexical
simplysupersonic.com,nic,0.93,prefix_suffix,lexical
26124580.vip,vi,0.93,prefix_suffix,lexical
vitanatura-us.shop,vi,0.93,prefix_suffix,lexical
vlbook365.org,vi,0.93,prefix_suffix,lexical
808token.fun,bob,0.93,prefix_suffix,lexical
visitingseoul.com,vi,0.93,prefix_suffix,lexical
nhatvycao.com,nha,0.93,prefix_suffix,lexical
virginiaworkerscompattorneys.com,vi,0.93,prefix_suffix,lexical
vineyardfranks.com,vi,0.93,prefix_suffix,lexical
wood.villas,vi,0.93,prefix_suffix,lexical
bhoomiorganic.shop,nic,0.93,prefix_suffix,lexical
atendimento-digital-emprdsa.vip,vi,0.93,prefix_suffix,lexical
jiongshow.com,jio,0.93,prefix_suffix,lexical
kennyskarklinic.com,nic,0.93,prefix_suffix,lexical
viasgph.xyz,vi,0.93,prefix_suffix,lexical
virtuallizard.com,vi,0.93,prefix_suffix,lexical
clitm.vip,vi,0.93,prefix_suffix,lexical
yt48.vip,vi,0.93,prefix_suffix,lexical
anti-viral-meds.com,vi,0.93,prefix_suffix,lexical
icici.financial,icici,0.98,exact_label,lexical
laaybsac.com,sac,0.93,prefix_suffix,lexical
vicas.us,vi,0.93,prefix_suffix,lexical
visible4ai.ch,vi,0.93,prefix_suffix,lexical
nhamtrieu.io.vn,nha,0.93,prefix_suffix,lexical
rockatronic.com,nic,0.93,prefix_suffix,lexical
eclrp.com,eci,0.93,prefix_suffix,lexical
vistageworldlearning.net,vi,0.93,prefix_suffix,lexical
vidapazyjusticia.org,vi,0.93,prefix_suffix,lexical
y7124577.vip,vi,0.93,prefix_suffix,lexical
vimainteligence.info,vi,0.93,prefix_suffix,lexical
h58vl.top,vi,0.93,prefix_suffix,lexical
virecreports.com,vi,0.93,prefix_suffix,lexical
vinerals.com,vi,0.93,prefix_suffix,lexical
visitlancashire.com,vi,0.93,prefix_suffix,lexical
vip-cwc2026.com,vi,0.93,prefix_suffix,lexical
1z248dm.cyou,nha,0.93,prefix_suffix,lexical
nanotinha.com.br,nha,0.93,prefix_suffix,lexical
vicissitudey.shop,vi,0.93,prefix_suffix,lexical
vibesstart.xyz,vi,0.93,prefix_suffix,lexical
eclairbears.com,eci,0.93,prefix_suffix,lexical
22834.vip,vi,0.93,prefix_suffix,lexical
xn--bob-dma.com,bob,0.98,exact_label,lexical
amicaleprayssac.com,sac,0.93,prefix_suffix,lexical
z4a2kv.vip,vi,0.93,prefix_suffix,lexical
pusulabetlivebahis.vip,vi,0.93,prefix_suffix,lexical
vltr-ltd.pro,vi,0.93,prefix_suffix,lexical
viavao.org,vi,0.93,prefix_suffix,lexical
tangqiuzhibo8.com,bob,0.93,prefix_suffix,lexical
throttlentonic.com,nic,0.93,prefix_suffix,lexical
luck-number-581745.com,sbi,0.93,prefix_suffix,lexical
y7124546.vip,vi,0.93,prefix_suffix,lexical
hxgfp.vip,vi,0.93,prefix_suffix,lexical
xy37.vip,vi,0.93,prefix_suffix,lexical
base-exchange.vip,vi,0.93,prefix_suffix,lexical
cannabislawclinic.com,nic,0.93,prefix_suffix,lexical
hpcyq.vip,vi,0.93,prefix_suffix,lexical
anti-virus-best.click,vi,0.93,prefix_suffix,lexical
vikeiessence.com,vi,0.93,prefix_suffix,lexical
983cl.top,eci,0.93,prefix_suffix,lexical
betjeli.vip,vi,0.93,prefix_suffix,lexical
filesonic.com,nic,0.93,prefix_suffix,lexical
vilerywatches.com,vi,0.93,prefix_suffix,lexical
vivo-brasil.shop,vi,0.93,prefix_suffix,lexical
adblsxiaolaohumin.vip,vi,0.93,prefix_suffix,lexical
vitamelo.lt,vi,0.93,prefix_suffix,lexical
visitcabopino.com,vi,0.93,prefix_suffix,lexical
7kcasino7.vip,vi,0.93,prefix_suffix,lexical
y7124519.vip,vi,0.93,prefix_suffix,lexical
viktormarosi.com,vi,0.93,prefix_suffix,lexical
vidracariafozdoiguacu.com.br,vi,0.93,prefix_suffix,lexical
ecloziaproduction.com,eci,0.93,prefix_suffix,lexical
bobbyshop.store,bob,0.93,prefix_suffix,lexical
clinic-zakhm.com,nic,0.93,prefix_suffix,lexical
h99vl.top,vi,0.93,prefix_suffix,lexical
victorspaintingnj.com,vi,0.93,prefix_suffix,lexical
cefavi.com.br,vi,0.93,prefix_suffix,lexical
viralzoon.xyz,vi,0.93,prefix_suffix,lexical
vitiminshoppe.com,vi,0.93,prefix_suffix,lexical
ac14.vip,vi,0.93,prefix_suffix,lexical
87mjogos.vip,vi,0.93,prefix_suffix,lexical
vikingsmokedsalt.com,vi,0.93,prefix_suffix,lexical
sacredtheoryofeverything.com,sac,0.93,prefix_suffix,lexical
hpqms.vip,vi,0.93,prefix_suffix,lexical
swisse-vip.top,vi,0.93,prefix_suffix,lexical
ouzlz.vip,vi,0.93,prefix_suffix,lexical
uzbya.vip,vi,0.93,prefix_suffix,lexical
nutra-vida.com,vi,0.93,prefix_suffix,lexical
avl-auto.ru,vi,0.93,prefix_suffix,lexical
c756.vip,vi,0.93,prefix_suffix,lexical
drnabavi.ca,vi,0.93,prefix_suffix,lexical
avl-avto.ru,vi,0.93,prefix_suffix,lexical
xy54.vip,vi,0.93,prefix_suffix,lexical
vinaphonevinhlong.vn,vi,0.93,prefix_suffix,lexical
rikvip.organic,nic,0.93,prefix_suffix,lexical
vikenig.ru,vi,0.93,prefix_suffix,lexical
tapvl.cyou,vi,0.93,prefix_suffix,lexical
nicoleme.site,nic,0.93,prefix_suffix,lexical
hn581.com,sbi,0.93,prefix_suffix,lexical
videonorganic.online,nic,0.93,prefix_suffix,lexical
vigisp.com,vi,0.93,prefix_suffix,lexical
devi-mm.com,vi,0.93,prefix_suffix,lexical
raiffeisen-vorteil.vip,vi,0.93,prefix_suffix,lexical
viveasorte.shop,vi,0.93,prefix_suffix,lexical
45261.vip,vi,0.93,prefix_suffix,lexical
myvirginiaauctions.com,vi,0.93,prefix_suffix,lexical
meboon363v1.com,vi,0.93,prefix_suffix,lexical
aspenlaserclinic.com,nic,0.93,prefix_suffix,lexical
al-furjan-27-villa.com,vi,0.93,prefix_suffix,lexical
agentivebionic.xyz,nic,0.93,prefix_suffix,lexical
didi51-t0389.vip,vi,0.93,prefix_suffix,lexical
xgwnx.vip,vi,0.93,prefix_suffix,lexical
kamylinha.fun,nha,0.93,prefix_suffix,lexical
artsy-vibe.cfd,vi,0.93,prefix_suffix,lexical
jamtq20.vip,vi,0.93,prefix_suffix,lexical
visitkotzebue.com,vi,0.93,prefix_suffix,lexical
treasury-virtuals.app,vi,0.93,prefix_suffix,lexical
thehumblemechanic.com,nic,0.93,prefix_suffix,lexical
l2581.cyou,sbi,0.93,prefix_suffix,lexical
hpyay.vip,vi,0.93,prefix_suffix,lexical
y7124421.vip,vi,0.93,prefix_suffix,lexical
lnjnp.vip,vi,0.93,prefix_suffix,lexical
vip333jtr.shop,vi,0.93,prefix_suffix,lexical
betvn20.vip,vi,0.93,prefix_suffix,lexical
onoplus-vip.org,vi,0.93,prefix_suffix,lexical
vip-manguansports.com,vi,0.93,prefix_suffix,lexical
bobdonaldsonbroker.com,bob,0.93,prefix_suffix,lexical
bailety18.vip,vi,0.93,prefix_suffix,lexical
nicobakker.com,nic,0.93,prefix_suffix,lexical
virtualdb.io,vi,0.93,prefix_suffix,lexical
bicicibank.ci,icici,0.93,prefix_suffix,lexical
winxbetklasplus.vip,vi,0.93,prefix_suffix,lexical
vividexam.com,vi,0.93,prefix_suffix,lexical
villacamel.fr,vi,0.93,prefix_suffix,lexical
vilaburger.com,vi,0.93,prefix_suffix,lexical
videokommunikation.com,vi,0.93,prefix_suffix,lexical
nicowolo.com,nic,0.93,prefix_suffix,lexical
fyvcd.vip,vi,0.93,prefix_suffix,lexical
pessanha.group,nha,0.93,prefix_suffix,lexical
drsajandubeyclinic.com,nic,0.93,prefix_suffix,lexical
jiofashion.com,jio,0.93,prefix_suffix,lexical
beamsvilledentureclinic.com,nic,0.93,prefix_suffix,lexical
nichemail.com,nic,0.93,prefix_suffix,lexical
villamaria.us,vi,0.93,prefix_suffix,lexical
virtual-hiroshima.com,vi,0.93,prefix_suffix,lexical
vitalkor.shop,vi,0.93,prefix_suffix,lexical
interbahis-orjinal-site.vip,vi,0.93,prefix_suffix,lexical
acoxinha.com,nha,0.93,prefix_suffix,lexical
fotnn.vip,vi,0.93,prefix_suffix,lexical
bahiscasino2026girisadresi.vip,vi,0.93,prefix_suffix,lexical
a133cp.vip,vi,0.93,prefix_suffix,lexical
victimtovictor.com,vi,0.93,prefix_suffix,lexical
gzxjo.vip,vi,0.93,prefix_suffix,lexical
krjvl.life,vi,0.93,prefix_suffix,lexical
7xx04.vip,vi,0.93,prefix_suffix,lexical
datamarketingoptimization.vip,vi,0.93,prefix_suffix,lexical
tqwakg.vip,vi,0.93,prefix_suffix,lexical
mncddt.vip,vi,0.93,prefix_suffix,lexical
sacredaureco.com,sac,0.93,prefix_suffix,lexical
visitnias.com,vi,0.93,prefix_suffix,lexical
vighnahartastudy.com,vi,0.93,prefix_suffix,lexical
jainelectronic.site,nic,0.93,prefix_suffix,lexical
vimn.us,vi,0.93,prefix_suffix,lexical
64165.vip,vi,0.93,prefix_suffix,lexical
kwlq1115.vip,vi,0.93,prefix_suffix,lexical
nickolives.com,nic,0.93,prefix_suffix,lexical
vipbeautyoffer.com,vi,0.93,prefix_suffix,lexical
jeean.vip,vi,0.93,prefix_suffix,lexical
khkh15.vip,vi,0.93,prefix_suffix,lexical
visproduction.com,vi,0.93,prefix_suffix,lexical
vitiv.shop,vi,0.93,prefix_suffix,lexical
y7124483.vip,vi,0.93,prefix_suffix,lexical
victoryoverpsoriasis.com,vi,0.93,prefix_suffix,lexical
gaywebcams.biz,cams,0.93,prefix_suffix,lexical
t7riv1.sbs,vi,0.93,prefix_suffix,lexical
usofb.vip,vi,0.93,prefix_suffix,lexical
cerberus21.vip,vi,0.93,prefix_suffix,lexical
axispeptideslab.org,axis,0.93,prefix_suffix,lexical
videoindebouw.nl,vi,0.93,prefix_suffix,lexical
hay88i.vip,vi,0.93,prefix_suffix,lexical
victorycollectivehub.com,vi,0.93,prefix_suffix,lexical
blessvetclinic.com,nic,0.93,prefix_suffix,lexical
holiganbetozel-oran2026.vip,vi,0.93,prefix_suffix,lexical
vipsroomkr3123.net,vi,0.93,prefix_suffix,lexical
viascriptura.com,vi,0.93,prefix_suffix,lexical
shadetreemechanic.net,nic,0.93,prefix_suffix,lexical
viltrumjoiner.com,vi,0.93,prefix_suffix,lexical
84384.vip,vi,0.93,prefix_suffix,lexical
rvl-pharma.com,vi,0.93,prefix_suffix,lexical
u4eawear.vip,vi,0.93,prefix_suffix,lexical
vibesbroker.xyz,vi,0.93,prefix_suffix,lexical
viuvanegramotors.com.br,vi,0.93,prefix_suffix,lexical
eng-visiocore.com,vi,0.93,prefix_suffix,lexical
virtisinfusion.net,vi,0.93,prefix_suffix,lexical
visitcostacalida.com,vi,0.93,prefix_suffix,lexical
myvip-vips.makeup,vi,0.93,prefix_suffix,lexical
y7124586.vip,vi,0.93,prefix_suffix,lexical
violet.bio,vi,0.93,prefix_suffix,lexical
visionwearshop.com,vi,0.93,prefix_suffix,lexical
jetbahiszur.vip,vi,0.93,prefix_suffix,lexical
ene-visuals.com,vi,0.93,prefix_suffix,lexical
nicercars.com,nic,0.93,prefix_suffix,lexical
jio22bik.shop,jio,0.93,prefix_suffix,lexical
vitaltrades.online,vi,0.93,prefix_suffix,lexical
efhjlo.top,jio,0.93,prefix_suffix,lexical
59790.vip,vi,0.93,prefix_suffix,lexical
8535win.win,bse,0.93,prefix_suffix,lexical
jayp808.com,bob,0.93,prefix_suffix,lexical
virsaclothings.com,vi,0.93,prefix_suffix,lexical
sacshomeappliances.com,sac,0.93,prefix_suffix,lexical
vital-happiness.com,vi,0.93,prefix_suffix,lexical
sacredcompanion.online,sac,0.93,prefix_suffix,lexical
09567.vip,vi,0.93,prefix_suffix,lexical
avdec.vip,vi,0.93,prefix_suffix,lexical
major189.vip,vi,0.93,prefix_suffix,lexical
vip8m.info,vi,0.93,prefix_suffix,lexical
849bb577.vip,vi,0.93,prefix_suffix,lexical
villacat.com,vi,0.93,prefix_suffix,lexical
udyogsarathi.com,parivahan,0.93,prefix_suffix,lexical
vibeagenciainmobiliaria.xyz,vi,0.93,prefix_suffix,lexical
vidanio.fun,vi,0.93,prefix_suffix,lexical
virtualpersonal.ai,vi,0.93,prefix_suffix,lexical
h95vl.top,vi,0.93,prefix_suffix,lexical
28bet-vi.com,vi,0.98,exact_label,lexical
60391.vip,vi,0.93,prefix_suffix,lexical
vipkuh.net,vi,0.93,prefix_suffix,lexical
vital-lifeinsurance.com,vi,0.93,prefix_suffix,lexical
y7124437.vip,vi,0.93,prefix_suffix,lexical
pinitannic.com,nic,0.93,prefix_suffix,lexical
sayeevelanclinic.com,nic,0.93,prefix_suffix,lexical
advdividends.vip,vi,0.93,prefix_suffix,lexical
jojo-yenigiristr.vip,vi,0.93,prefix_suffix,lexical
tuotuoyun.vip,vi,0.93,prefix_suffix,lexical
axis-eg.com,axis,0.98,exact_label,lexical
jupiteraxis.com,axis,0.93,prefix_suffix,lexical
kolntech.com,kfintech,0.85,typo,lexical
vipoker88.com,vi,0.93,prefix_suffix,lexical
fatih-otoyol.vip,vi,0.93,prefix_suffix,lexical
vizun-quest.com,vi,0.93,prefix_suffix,lexical
arrivl.ai,vi,0.93,prefix_suffix,lexical
pnclognqwq.vip,vi,0.93,prefix_suffix,lexical
sonbahis-guncel-sitesi.vip,vi,0.93,prefix_suffix,lexical
preapprovrdrevvi.com,vi,0.93,prefix_suffix,lexical
xn--pbtu2e1ztyui.vip,vi,0.93,prefix_suffix,lexical
niuniu222.vip,vi,0.93,prefix_suffix,lexical
techchronic.com,nic,0.93,prefix_suffix,lexical
virelotech.lol,vi,0.93,prefix_suffix,lexical
farmtoclinic.com,nic,0.93,prefix_suffix,lexical
vistarateknologi.com,vi,0.93,prefix_suffix,lexical
yourpointofview.vip,vi,0.93,prefix_suffix,lexical
vibescasino.org,vi,0.93,prefix_suffix,lexical
vivomech.tech,vi,0.93,prefix_suffix,lexical
vikingsteamlebanon.com,vi,0.93,prefix_suffix,lexical
carigata-vitcoanh.com,vi,0.93,prefix_suffix,lexical
nicestoregarasi.click,nic,0.93,prefix_suffix,lexical
h75bl.top,sbi,0.93,prefix_suffix,lexical
vitalshops.living,vi,0.93,prefix_suffix,lexical
videovarietystore.com,vi,0.93,prefix_suffix,lexical
vitelis.club,vi,0.93,prefix_suffix,lexical
goodtimetonic.com,nic,0.93,prefix_suffix,lexical
vincularsolutions.com.br,vi,0.93,prefix_suffix,lexical
fortuprize.vip,vi,0.93,prefix_suffix,lexical
vitalityresidenzen.com,vi,0.93,prefix_suffix,lexical
buckingbuckpokiesauos.vip,vi,0.93,prefix_suffix,lexical
2026-holiganbetinadresi.vip,vi,0.93,prefix_suffix,lexical
vibetelevision.com,vi,0.93,prefix_suffix,lexical
bobandcheryl.com,bob,0.93,prefix_suffix,lexical
prediksichina.vip,vi,0.93,prefix_suffix,lexical
vibecoding.inc,vi,0.93,prefix_suffix,lexical
7xx02.vip,vi,0.93,prefix_suffix,lexical
56544.vip,vi,0.93,prefix_suffix,lexical
vintaxsporting.store,vi,0.93,prefix_suffix,lexical
vinnafitness.com,vi,0.93,prefix_suffix,lexical
54590.vip,vi,0.93,prefix_suffix,lexical
taraftarium24-inat34.vip,vi,0.93,prefix_suffix,lexical
111bo73.vip,vi,0.93,prefix_suffix,lexical
ydyl88.vip,vi,0.93,prefix_suffix,lexical
virginiacrossings.com,vi,0.93,prefix_suffix,lexical
y7124433.vip,vi,0.93,prefix_suffix,lexical
hovi.us,vi,0.93,prefix_suffix,lexical
visitzippo.com,vi,0.93,prefix_suffix,lexical
cbvxgj.vip,vi,0.93,prefix_suffix,lexical
pn8mqw.cfd,pnb,0.93,prefix_suffix,lexical
vijit-5sezon.sbs,vi,0.93,prefix_suffix,lexical
nbjsbl.com,sbi,0.93,prefix_suffix,lexical
esdcb.vip,vi,0.93,prefix_suffix,lexical
ddevgyd.vip,vi,0.93,prefix_suffix,lexical
8525966.vip,vi,0.93,prefix_suffix,lexical
859607.vip,vi,0.93,prefix_suffix,lexical
vlrivvlxtdtke.online,vi,0.93,prefix_suffix,lexical
myhba.vip,vi,0.93,prefix_suffix,lexical
com-posindonesia.vip,vi,0.93,prefix_suffix,lexical
vindicationgroup.com,vi,0.93,prefix_suffix,lexical
panic-status-board.info,nic,0.93,prefix_suffix,lexical
projet-vigilentia.com,vi,0.93,prefix_suffix,lexical
vlazecr.com,vi,0.93,prefix_suffix,lexical
getbrv1.com,vi,0.93,prefix_suffix,lexical
zvi-meitar-institute.org,vi,0.93,prefix_suffix,lexical
bobw82.garden,bob,0.93,prefix_suffix,lexical
akynha.com,nha,0.93,prefix_suffix,lexical
vintageengineeringmuseum.com,vi,0.93,prefix_suffix,lexical
vilekol.sbs,vi,0.93,prefix_suffix,lexical
imajbet-adrestr.vip,vi,0.93,prefix_suffix,lexical
h13cl.top,eci,0.93,prefix_suffix,lexical
ultrabionic.xyz,nic,0.93,prefix_suffix,lexical
eliteaxis.online,axis,0.93,prefix_suffix,lexical
visitfujiyama.com,vi,0.93,prefix_suffix,lexical
hawdc.vip,vi,0.93,prefix_suffix,lexical
vidiaworkshop.co.kr,vi,0.93,prefix_suffix,lexical
royaleskinclinic.com,nic,0.93,prefix_suffix,lexical
95000e.vip,vi,0.93,prefix_suffix,lexical
viernesco.app,vi,0.93,prefix_suffix,lexical
virtualitybrokers.com,vi,0.93,prefix_suffix,lexical
vidmuse.help,vi,0.93,prefix_suffix,lexical
suivi-paquets.com,vi,0.93,prefix_suffix,lexical
viewmysite.net,vi,0.93,prefix_suffix,lexical
vinylallstars.com,vi,0.93,prefix_suffix,lexical
y7124439.vip,vi,0.93,prefix_suffix,lexical
virtualreality.ink,vi,0.93,prefix_suffix,lexical
senegalorganic.org,nic,0.93,prefix_suffix,lexical
vilag.org,vi,0.93,prefix_suffix,lexical
xhggj888.vip,vi,0.93,prefix_suffix,lexical
vlbook777.online,vi,0.93,prefix_suffix,lexical
vibesenses.com,vi,0.93,prefix_suffix,lexical
apple-yaroslavl-service.ru,vi,0.93,prefix_suffix,lexical
villaaroeira.com,vi,0.93,prefix_suffix,lexical
virustemizleme.com,vi,0.93,prefix_suffix,lexical
199667.vip,vi,0.93,prefix_suffix,lexical
bettzula-dogrudur.vip,vi,0.93,prefix_suffix,lexical
sac55a.top,sac,0.93,prefix_suffix,lexical
nichegurucoaching.com,nic,0.93,prefix_suffix,lexical
vivenciashouse.store,vi,0.93,prefix_suffix,lexical
20892.vip,vi,0.93,prefix_suffix,lexical
vitaleafvegan.com,vi,0.93,prefix_suffix,lexical
vinzinthekitchen.com,vi,0.93,prefix_suffix,lexical
visiontechsecuritysolutions.com,vi,0.93,prefix_suffix,lexical
villabaltic.com,vi,0.93,prefix_suffix,lexical
vitalacentrodebienestar.com,vi,0.93,prefix_suffix,lexical
vebo8.run,bob,0.93,prefix_suffix,lexical
arkiteknic.com,nic,0.93,prefix_suffix,lexical
artel-design.net,airtel,0.85,typo,lexical
bobandbradoutlets.com,bob,0.93,prefix_suffix,lexical
t-visionclassaction.com,vi,0.93,prefix_suffix,lexical
ooemm.vip,vi,0.93,prefix_suffix,lexical
68751.vip,vi,0.93,prefix_suffix,lexical
villainousvideo.org,vi,0.93,prefix_suffix,lexical
kingsveterinaryclinic.top,nic,0.93,prefix_suffix,lexical
eclipsecomunicacion.com,eci,0.93,prefix_suffix,lexical
videogamesleague.com,vi,0.93,prefix_suffix,lexical
eh80.vip,vi,0.93,prefix_suffix,lexical
oglok.vip,vi,0.93,prefix_suffix,lexical
h76vl.top,vi,0.93,prefix_suffix,lexical
vipwinwins.com,vi,0.93,prefix_suffix,lexical
victorhub.com.br,vi,0.93,prefix_suffix,lexical
ultrasonic.fyi,nic,0.93,prefix_suffix,lexical
virtual360inspection.com,vi,0.93,prefix_suffix,lexical
isophonic.com,nic,0.93,prefix_suffix,lexical
vicbets.com,vi,0.93,prefix_suffix,lexical
zynivo.vip,vi,0.93,prefix_suffix,lexical
sacrebijou.com,sac,0.93,prefix_suffix,lexical
y7124539.vip,vi,0.93,prefix_suffix,lexical
cabrinha.us,nha,0.93,prefix_suffix,lexical
thecommoncensus.com,census,0.93,prefix_suffix,lexical
63949.vip,vi,0.93,prefix_suffix,lexical
livinavi-invest.store,vi,0.93,prefix_suffix,lexical
collappdl.vip,vi,0.93,prefix_suffix,lexical
vite.digital,vi,0.93,prefix_suffix,lexical
vibessecret.com,vi,0.93,prefix_suffix,lexical
nicegl.com,nic,0.93,prefix_suffix,lexical
vip58885.com,vi,0.93,prefix_suffix,lexical
nicolaspenalaw.com,nic,0.93,prefix_suffix,lexical
cnnaxis.com,axis,0.93,prefix_suffix,lexical
sacredfungi.com,sac,0.93,prefix_suffix,lexical
vigoelectro.com,vi,0.93,prefix_suffix,lexical
60482.vip,vi,0.93,prefix_suffix,lexical
jqoq6.vip,vi,0.93,prefix_suffix,lexical
bailety10.vip,vi,0.93,prefix_suffix,lexical
visitbelmar.com,vi,0.93,prefix_suffix,lexical
fethiye-vibes.xyz,vi,0.93,prefix_suffix,lexical
vikingluck.org.pl,vi,0.93,prefix_suffix,lexical
808legends.info,bob,0.93,prefix_suffix,lexical
lihongyu.vip,vi,0.93,prefix_suffix,lexical
550888.vip,vi,0.93,prefix_suffix,lexical
kocob.vip,vi,0.93,prefix_suffix,lexical
vitawellarg.com,vi,0.93,prefix_suffix,lexical
sacrravoting.com,sac,0.93,prefix_suffix,lexical
cavi-shop.com,vi,0.93,prefix_suffix,lexical
vintageslides.com,vi,0.93,prefix_suffix,lexical
visionprotection.com,vi,0.93,prefix_suffix,lexical
y7124371.vip,vi,0.93,prefix_suffix,lexical
teotia-vibora.com,vi,0.93,prefix_suffix,lexical
h65vl.top,vi,0.93,prefix_suffix,lexical
viveconsonido.info,vi,0.93,prefix_suffix,lexical
60395.vip,vi,0.93,prefix_suffix,lexical
vistavuepartnerships.com,vi,0.93,prefix_suffix,lexical
casinonic-casino.online,nic,0.93,prefix_suffix,lexical
vioai.group,vi,0.93,prefix_suffix,lexical
808b5d9278ffccbe.com,bob,0.93,prefix_suffix,lexical
visualpolitics.com,vi,0.93,prefix_suffix,lexical
78446581.xyz,sbi,0.93,prefix_suffix,lexical
voyastar.vip,vi,0.93,prefix_suffix,lexical
via-avignette.garden,vi,0.93,prefix_suffix,lexical
cegcr.vip,vi,0.93,prefix_suffix,lexical
ultrasonic-marine-antifouling.com,nic,0.93,prefix_suffix,lexical
sacredserpenttattoo.shop,sac,0.93,prefix_suffix,lexical
98yl239.vip,vi,0.93,prefix_suffix,lexical
eclipseidn.com,eci,0.93,prefix_suffix,lexical
vietnamtuan123.com,vi,0.93,prefix_suffix,lexical
yktxu.vip,vi,0.93,prefix_suffix,lexical
bobbiesgoods.shop,bob,0.93,prefix_suffix,lexical
92863.vip,vi,0.93,prefix_suffix,lexical
vindemalvi.shop,vi,0.93,prefix_suffix,lexical
videoshell.com,vi,0.93,prefix_suffix,lexical
989vip888.vip,vi,0.93,prefix_suffix,lexical
iuojk.vip,vi,0.93,prefix_suffix,lexical
vicelaboratories.com,vi,0.93,prefix_suffix,lexical
origonic.com,nic,0.93,prefix_suffix,lexical
jupiterbahisyeniadresi.vip,vi,0.93,prefix_suffix,lexical
vitalre.top,vi,0.93,prefix_suffix,lexical
hkhkm.vip,vi,0.93,prefix_suffix,lexical
visakinkapp.com,vi,0.93,prefix_suffix,lexical
videos-jrszb.com,vi,0.93,prefix_suffix,lexical
kulisbet-dogrudur.vip,vi,0.93,prefix_suffix,lexical
vip-mibo.com,vi,0.93,prefix_suffix,lexical
vlrmobile.com,vi,0.93,prefix_suffix,lexical
visitpizzeria.com,vi,0.93,prefix_suffix,lexical
dch2rr.vip,vi,0.93,prefix_suffix,lexical
849tt366.vip,vi,0.93,prefix_suffix,lexical
vipbraslots5.com,vi,0.93,prefix_suffix,lexical
ramlaganic.com,nic,0.93,prefix_suffix,lexical
dersaneci.com,eci,0.93,prefix_suffix,lexical
omtne.vip,vi,0.93,prefix_suffix,lexical
9191888.vip,vi,0.93,prefix_suffix,lexical
virgocourierllc.com,vi,0.93,prefix_suffix,lexical
visorintelligencehq.com,vi,0.93,prefix_suffix,lexical
healyouphysiotherapyclinic.com,nic,0.93,prefix_suffix,lexical
vic.singles,vi,0.93,prefix_suffix,lexical
niculab.com,nic,0.93,prefix_suffix,lexical
klnamg302.vip,vi,0.93,prefix_suffix,lexical
nicole-boehm.com,nic,0.93,prefix_suffix,lexical
mbsfv.vip,vi,0.93,prefix_suffix,lexical
ltdamsac.ru,sac,0.93,prefix_suffix,lexical
859618.vip,vi,0.93,prefix_suffix,lexical
85008.vip,vi,0.93,prefix_suffix,lexical
myvideochatroom.com,vi,0.93,prefix_suffix,lexical
visionsportsclub.in,vi,0.93,prefix_suffix,lexical
849mm369.vip,vi,0.93,prefix_suffix,lexical
viajero.us,vi,0.93,prefix_suffix,lexical
aussieplay.vip,vi,0.93,prefix_suffix,lexical
vikinggutterguards.com,vi,0.93,prefix_suffix,lexical
viewontop.com,vi,0.93,prefix_suffix,lexical
vine-rack.com,vi,0.93,prefix_suffix,lexical
bobatoto101.com,bob,0.93,prefix_suffix,lexical
girl.clinic,nic,0.93,prefix_suffix,lexical
vielmancleaningservicescom.net,vi,0.93,prefix_suffix,lexical
bobbibrowns.us,bob,0.93,prefix_suffix,lexical
nicely.us,nic,0.93,prefix_suffix,lexical
videorealpro.sbs,vi,0.93,prefix_suffix,lexical
vidhaangatistores.com,vi,0.93,prefix_suffix,lexical
808799.com,bob,0.93,prefix_suffix,lexical
vizfarmer.com,vi,0.93,prefix_suffix,lexical
viktoriekafka.com,vi,0.93,prefix_suffix,lexical
mallsofamericashop.vip,vi,0.93,prefix_suffix,lexical
visios.in,vi,0.93,prefix_suffix,lexical
vidvatta.com,vi,0.93,prefix_suffix,lexical
mitolyn-vitacoreusa.store,vi,0.93,prefix_suffix,lexical
axistides.com,axis,0.93,prefix_suffix,lexical
h44vl.top,vi,0.93,prefix_suffix,lexical
vidqai.com,vi,0.93,prefix_suffix,lexical
velarnexorzavi.digital,vi,0.93,prefix_suffix,lexical
vipchat.us,vi,0.93,prefix_suffix,lexical
98yl114.vip,vi,0.93,prefix_suffix,lexical
vimfront.com,vi,0.93,prefix_suffix,lexical
vistule.com,vi,0.93,prefix_suffix,lexical
animeparadise.vip,vi,0.93,prefix_suffix,lexical
shopraavi.com,vi,0.93,prefix_suffix,lexical
vine.solutions,vi,0.93,prefix_suffix,lexical
bd777-vip.net,vi,0.93,prefix_suffix,lexical
vivadasorte.fun,vi,0.93,prefix_suffix,lexical
vitoosante.com,vi,0.93,prefix_suffix,lexical
play-to-vip-apps.com,vi,0.93,prefix_suffix,lexical
vinbet365.xyz,vi,0.93,prefix_suffix,lexical
54221.vip,vi,0.93,prefix_suffix,lexical
nhaknu.top,nha,0.93,prefix_suffix,lexical
bobsplumbingandheatingonline.com,bob,0.93,prefix_suffix,lexical
trovi.us,vi,0.93,prefix_suffix,lexical
viniciusleite.shop,vi,0.93,prefix_suffix,lexical
villagelitigation.com,vi,0.93,prefix_suffix,lexical
victoriafield.com,vi,0.93,prefix_suffix,lexical
vitalitascomqh.info,vi,0.93,prefix_suffix,lexical
vio.casino,vi,0.93,prefix_suffix,lexical
vlipv.com,vi,0.93,prefix_suffix,lexical
90485.vip,vi,0.93,prefix_suffix,lexical
42817.vip,vi,0.93,prefix_suffix,lexical
ioclebanon.com,iocl,0.93,prefix_suffix,lexical
26124521.vip,vi,0.93,prefix_suffix,lexical
virginiahousemanagement.com,vi,0.93,prefix_suffix,lexical
nicodjx.com,nic,0.93,prefix_suffix,lexical
666o.vip,vi,0.93,prefix_suffix,lexical
vitanovamotherdaughtercoaching.net,vi,0.93,prefix_suffix,lexical
virandmail.com,vi,0.93,prefix_suffix,lexical
eazru.vip,vi,0.93,prefix_suffix,lexical
videoxo.com,vi,0.93,prefix_suffix,lexical
nicewearstory.com,nic,0.93,prefix_suffix,lexical
sthelensdermatologyclinic.com,nic,0.93,prefix_suffix,lexical
vintalyclub.com,vi,0.93,prefix_suffix,lexical
virtualrealityservicescompany.com,vi,0.93,prefix_suffix,lexical
nolrb.vip,vi,0.93,prefix_suffix,lexical
optika-visus.com,vi,0.93,prefix_suffix,lexical
kfinjector.com,kfintech,0.93,prefix_suffix,lexical
c744.vip,vi,0.93,prefix_suffix,lexical
vilaart.com,vi,0.93,prefix_suffix,lexical
corebit.xyz,rebit,0.93,prefix_suffix,lexical
nicestneighborhoods.com,nic,0.93,prefix_suffix,lexical
lowestratehomeloans.com,sbi,0.93,prefix_suffix,lexical
vickiebrennancpa.com,vi,0.93,prefix_suffix,lexical
siliveev1.ru,vi,0.93,prefix_suffix,lexical
neptunic.com,nic,0.93,prefix_suffix,lexical
bsearch.us,bse,0.93,prefix_suffix,lexical
helena-vitalityarchitecture.com,vi,0.93,prefix_suffix,lexical
semil.vip,vi,0.93,prefix_suffix,lexical
bobbycarworldrecords.com,bob,0.93,prefix_suffix,lexical
viberdm999.com,vi,0.93,prefix_suffix,lexical
vippng.com,vi,0.93,prefix_suffix,lexical
bobbronow.com,bob,0.93,prefix_suffix,lexical
sports-bob.com,bob,0.98,exact_label,lexical
vitorcriatto.site,vi,0.93,prefix_suffix,lexical
r81hl.top,rbi,0.93,prefix_suffix,lexical
3c16si488a.com,eci,0.93,prefix_suffix,lexical
villa-newcairo.com,vi,0.93,prefix_suffix,lexical
guwuu.vip,vi,0.93,prefix_suffix,lexical
violentwaytour.com,vi,0.93,prefix_suffix,lexical
luxury-villas-greece.click,vi,0.93,prefix_suffix,lexical
jgjvb.vip,vi,0.93,prefix_suffix,lexical
2345nb.vip,vi,0.93,prefix_suffix,lexical
treasurethevi.org,vi,0.93,prefix_suffix,lexical
virtualifyer.com,vi,0.93,prefix_suffix,lexical
sendyxejio.sbs,jio,0.93,prefix_suffix,lexical
vinasiambank.com,vi,0.93,prefix_suffix,lexical
vincentzaalberg.com,vi,0.93,prefix_suffix,lexical
tangxin-vlog.net,vi,0.93,prefix_suffix,lexical
vivagig.com,vi,0.93,prefix_suffix,lexical
448691.vip,vi,0.93,prefix_suffix,lexical
vlt-nerk.one,vi,0.93,prefix_suffix,lexical
ehiwivi.info,vi,0.93,prefix_suffix,lexical
playmvm.vip,vi,0.93,prefix_suffix,lexical
vincportali.com,vi,0.93,prefix_suffix,lexical
pxyoq.vip,vi,0.93,prefix_suffix,lexical
videyclips.site,vi,0.93,prefix_suffix,lexical
visioninbox.com,vi,0.93,prefix_suffix,lexical
myvip-points.hair,vi,0.93,prefix_suffix,lexical
kaishun.vip,vi,0.93,prefix_suffix,lexical
joya9-vip.app,vi,0.93,prefix_suffix,lexical
26124403.vip,vi,0.93,prefix_suffix,lexical
vintagemuseclothing.com,vi,0.93,prefix_suffix,lexical
bcrpvf.vip,vi,0.93,prefix_suffix,lexical
vistasnaps.com,vi,0.93,prefix_suffix,lexical
hltnbhs.vip,vi,0.93,prefix_suffix,lexical
ibqcz.vip,vi,0.93,prefix_suffix,lexical
0055a7.vip,vi,0.93,prefix_suffix,lexical
visibilityarchitecture.ai,vi,0.93,prefix_suffix,lexical
ngvcs05.vip,vi,0.93,prefix_suffix,lexical
849mm799.vip,vi,0.93,prefix_suffix,lexical
06369.vip,vi,0.93,prefix_suffix,lexical
vloungesavannah.org,vi,0.93,prefix_suffix,lexical
vitalshop.living,vi,0.93,prefix_suffix,lexical
80952.vip,vi,0.93,prefix_suffix,lexical
ptogq.vip,vi,0.93,prefix_suffix,lexical
688bet1.vip,vi,0.93,prefix_suffix,lexical
xwhvb.vip,vi,0.93,prefix_suffix,lexical
nicebreath.com,nic,0.93,prefix_suffix,lexical
eclipsemp.org,eci,0.93,prefix_suffix,lexical
viewers7.online,vi,0.93,prefix_suffix,lexical
vibrantagingessentials.com,vi,0.93,prefix_suffix,lexical
lslyv.vip,vi,0.93,prefix_suffix,lexical
nickdiangelo.com,nic,0.93,prefix_suffix,lexical
dywtip376.vip,vi,0.93,prefix_suffix,lexical
sermonic.app,nic,0.93,prefix_suffix,lexical
visitbeverlyhouse.com,vi,0.93,prefix_suffix,lexical
vinwin.studio,vi,0.93,prefix_suffix,lexical
eowap.vip,vi,0.93,prefix_suffix,lexical
villinodelladuchessa.com,vi,0.93,prefix_suffix,lexical
thegoldlab.vip,vi,0.93,prefix_suffix,lexical
taksimbet-guvenligirisim.vip,vi,0.93,prefix_suffix,lexical
legacybuilders81.online,sbi,0.93,prefix_suffix,lexical
eclipsecounseling.com,eci,0.93,prefix_suffix,lexical
b318.vip,vi,0.93,prefix_suffix,lexical
365288.vip,vi,0.93,prefix_suffix,lexical
onlinebet188.vip,vi,0.93,prefix_suffix,lexical
viettelretail.com,vi,0.93,prefix_suffix,lexical
viaclinic.site,nic,0.93,prefix_suffix,lexical
bttrkeygunceladres.vip,vi,0.93,prefix_suffix,lexical
ht28789.vip,vi,0.93,prefix_suffix,lexical
zupa-sv-vida-vrbovec.com,vi,0.93,prefix_suffix,lexical
xjkevl.cn,vi,0.93,prefix_suffix,lexical
vidanovaseguros.site,vi,0.93,prefix_suffix,lexical
zsnic.com,nic,0.93,prefix_suffix,lexical
cgactivationpr.com,nic,0.93,prefix_suffix,lexical
vibewp.pro,vi,0.93,prefix_suffix,lexical
vipertechcr.online,vi,0.93,prefix_suffix,lexical
oqx8jv.vip,vi,0.93,prefix_suffix,lexical
victoryconey.shop,vi,0.93,prefix_suffix,lexical
vin68infobet.com,vi,0.93,prefix_suffix,lexical
wpobd.vip,vi,0.93,prefix_suffix,lexical
vighnesha.com,vi,0.93,prefix_suffix,lexical
h10vl.top,vi,0.93,prefix_suffix,lexical
villakya.com,vi,0.93,prefix_suffix,lexical
vinogradsok.ru,vi,0.93,prefix_suffix,lexical
pgzeedavav1.net,vi,0.93,prefix_suffix,lexical
y7123885.vip,vi,0.93,prefix_suffix,lexical
y7124487.vip,vi,0.93,prefix_suffix,lexical
vilca.online,vi,0.93,prefix_suffix,lexical
videotickets.app,vi,0.93,prefix_suffix,lexical
nuvi.online,vi,0.93,prefix_suffix,lexical
swedishwebcams.com,cams,0.93,prefix_suffix,lexical
curbclinic.com,nic,0.93,prefix_suffix,lexical
cerberus16.vip,vi,0.93,prefix_suffix,lexical
sacbefilms.com,sac,0.93,prefix_suffix,lexical
e7ul3.vip,vi,0.93,prefix_suffix,lexical
nhaye.top,nha,0.93,prefix_suffix,lexical
virtualnotarizations.net,vi,0.93,prefix_suffix,lexical
vistahome.us,vi,0.93,prefix_suffix,lexical
ac21.vip,vi,0.93,prefix_suffix,lexical
bahislion-giris-sitesi.vip,vi,0.93,prefix_suffix,lexical
azstateincometax.com,incometax,0.95,combined,lexical
i-entclinic.com,nic,0.93,prefix_suffix,lexical
vincent-bernier.com,vi,0.93,prefix_suffix,lexical
viraprocess.com,vi,0.93,prefix_suffix,lexical
96415.vip,vi,0.93,prefix_suffix,lexical
abolitionists-moronic.click,nic,0.93,prefix_suffix,lexical
sinqscams.com,cams,0.93,prefix_suffix,lexical
vitella.health,vi,0.93,prefix_suffix,lexical
71322.vip,vi,0.93,prefix_suffix,lexical
yjconsumption.vip,vi,0.93,prefix_suffix,lexical
portobet-vipgiris.com,vi,0.93,prefix_suffix,lexical
betvn04.vip,vi,0.93,prefix_suffix,lexical
virtualhealth365.com,vi,0.93,prefix_suffix,lexical
zidane.vip,vi,0.93,prefix_suffix,lexical
visitsunsetdunes.org,vi,0.93,prefix_suffix,lexical
becorsac.com,sac,0.93,prefix_suffix,lexical
musenovi.com,vi,0.93,prefix_suffix,lexical
foodclinic.online,nic,0.93,prefix_suffix,lexical
51438.vip,vi,0.93,prefix_suffix,lexical
fox9bd.vip,vi,0.93,prefix_suffix,lexical
vidyanandlabspvtltd.com,vi,0.93,prefix_suffix,lexical
t-visionfranchises.com,vi,0.93,prefix_suffix,lexical
eng-en-vitalrize.com,vi,0.93,prefix_suffix,lexical
bailety14.vip,vi,0.93,prefix_suffix,lexical
qyc26.vip,vi,0.93,prefix_suffix,lexical
sbiishikawa.com,sbi,0.93,prefix_suffix,lexical
vclinic.us,nic,0.93,prefix_suffix,lexical
kkkdx.vip,vi,0.93,prefix_suffix,lexical
vistacay.com,vi,0.93,prefix_suffix,lexical
vidmover.com,vi,0.93,prefix_suffix,lexical
y7124362.vip,vi,0.93,prefix_suffix,lexical
colegiosedavi.com,vi,0.93,prefix_suffix,lexical
nichomaster.store,nic,0.93,prefix_suffix,lexical
88888sat.vip,vi,0.93,prefix_suffix,lexical
jngj523102.vip,vi,0.93,prefix_suffix,lexical
visiopresent.com,vi,0.93,prefix_suffix,lexical
76356.vip,vi,0.93,prefix_suffix,lexical
alobet-orjinal-site.vip,vi,0.93,prefix_suffix,lexical
90902.vip,vi,0.93,prefix_suffix,lexical
vickyshoe.store,vi,0.93,prefix_suffix,lexical
nlvyb.vip,vi,0.93,prefix_suffix,lexical
niceguanjia.com,nic,0.93,prefix_suffix,lexical
vintagepaper.store,vi,0.93,prefix_suffix,lexical
v17r0u.sbs,vi,0.93,prefix_suffix,lexical
vlaams.com,vi,0.93,prefix_suffix,lexical
jerichoavl.com,vi,0.93,prefix_suffix,lexical
whats-zos.vip,vi,0.93,prefix_suffix,lexical
b2935.vip,vi,0.93,prefix_suffix,lexical
v1m4j.top,vi,0.93,prefix_suffix,lexical
vigbwuc.com,vi,0.93,prefix_suffix,lexical
posao-vize-nemacka.com,vi,0.93,prefix_suffix,lexical
hoffman.vip,vi,0.93,prefix_suffix,lexical
vivahellas.com,vi,0.93,prefix_suffix,lexical
vibecheck.club,vi,0.93,prefix_suffix,lexical
ggz88v1.link,vi,0.93,prefix_suffix,lexical
viajarconximena.com,vi,0.93,prefix_suffix,lexical
nskdk15.vip,vi,0.93,prefix_suffix,lexical
videomatting.com,vi,0.93,prefix_suffix,lexical
viktoresadze.com,vi,0.93,prefix_suffix,lexical
f-16878-vip.xyz,vi,0.93,prefix_suffix,lexical
vibestyles.shop,vi,0.93,prefix_suffix,lexical
vivecoders.com,vi,0.93,prefix_suffix,lexical
vitalminn.com,vi,0.93,prefix_suffix,lexical
vitaphysicaltherapy.com,vi,0.93,prefix_suffix,lexical
vlczeeil.xyz,vi,0.93,prefix_suffix,lexical
victormachinonline.com,vi,0.93,prefix_suffix,lexical
vikaza.com,vi,0.93,prefix_suffix,lexical
hot-tubs-581.bond,sbi,0.98,exact_label,lexical
didi51-t0318.vip,vi,0.93,prefix_suffix,lexical
vitanutrientecz.info,vi,0.93,prefix_suffix,lexical
astar77png.vip,vi,0.93,prefix_suffix,lexical
numerodieci.com,eci,0.93,prefix_suffix,lexical
viralert.com,vi,0.93,prefix_suffix,lexical
mechanic-positions-afr-01.sbs,nic,0.93,prefix_suffix,lexical
pt-bsni.com,bsnl,0.98,exact_label,lexical
hm-s-jlddecl.top,eci,0.93,prefix_suffix,lexical
bailety8.vip,vi,0.93,prefix_suffix,lexical
necessitatibus-vitae.site,vi,0.93,prefix_suffix,lexical
vivy.store,vi,0.93,prefix_suffix,lexical
v1fnvz.garden,vi,0.93,prefix_suffix,lexical
villadesmimosas.com,vi,0.93,prefix_suffix,lexical
vindex.systems,vi,0.93,prefix_suffix,lexical
id-5812.bond,sbi,0.93,prefix_suffix,lexical
nicolas-guiliani.info,nic,0.93,prefix_suffix,lexical
28743.vip,vi,0.93,prefix_suffix,lexical
hughesac.com,sac,0.93,prefix_suffix,lexical
mierdentalclinic.com,nic,0.93,prefix_suffix,lexical
61148.vip,vi,0.93,prefix_suffix,lexical
mb2fnf.vip,vi,0.93,prefix_suffix,lexical
smidp.vip,vi,0.93,prefix_suffix,lexical
via313-pizzas.rest,vi,0.93,prefix_suffix,lexical
robertsonic.com,nic,0.93,prefix_suffix,lexical
63853.xyz,bse,0.93,prefix_suffix,lexical
shkolaboksavvi.ru,vi,0.93,prefix_suffix,lexical
secgenic.com,nic,0.93,prefix_suffix,lexical
axispeptideslab.store,axis,0.93,prefix_suffix,lexical
roma1bet-hizli2026.vip,vi,0.93,prefix_suffix,lexical
viewers2.online,vi,0.93,prefix_suffix,lexical
4333416c.vip,vi,0.93,prefix_suffix,lexical
v11av2271.xyz,vi,0.93,prefix_suffix,lexical
peace-villa.com,vi,0.93,prefix_suffix,lexical
bailety65.vip,vi,0.93,prefix_suffix,lexical
yt2222808.com,bob,0.93,prefix_suffix,lexical
axiscentroodontologico.com,axis,0.93,prefix_suffix,lexical
bvl-builders.com,vi,0.93,prefix_suffix,lexical
scottsdaleinfiniti.com,icici,0.93,prefix_suffix,lexical
viltorio.com,vi,0.93,prefix_suffix,lexical
vinfo.space,vi,0.93,prefix_suffix,lexical
viplinkneko4d.top,vi,0.93,prefix_suffix,lexical
vizeislemleriniz.com,vi,0.93,prefix_suffix,lexical
40934.vip,vi,0.93,prefix_suffix,lexical
gz-victor.com,vi,0.93,prefix_suffix,lexical
css-clinic.com,nic,0.93,prefix_suffix,lexical
visitpangkor.com,vi,0.93,prefix_suffix,lexical
nicowitzig.com,nic,0.93,prefix_suffix,lexical
pension-navi.com,vi,0.93,prefix_suffix,lexical
com-faksdow.vip,vi,0.93,prefix_suffix,lexical
protonic.us,nic,0.93,prefix_suffix,lexical
72923.vip,vi,0.93,prefix_suffix,lexical
vividdreamqb.name,vi,0.93,prefix_suffix,lexical
vixi.cam,vi,0.93,prefix_suffix,lexical
677856.vip,vi,0.93,prefix_suffix,lexical
nydermclinic.com,nic,0.93,prefix_suffix,lexical
y7124582.vip,vi,0.93,prefix_suffix,lexical
tn-svi.com,vi,0.93,prefix_suffix,lexical
ville-piennes.com,vi,0.93,prefix_suffix,lexical
bailety86.vip,vi,0.93,prefix_suffix,lexical
royalbet-guncel-sitesi.vip,vi,0.93,prefix_suffix,lexical
vivo99.com,vi,0.93,prefix_suffix,lexical
asqkq.vip,vi,0.93,prefix_suffix,lexical
sbit.club,sbi,0.93,prefix_suffix,lexical
vinco.top,vi,0.93,prefix_suffix,lexical
sthy96.vip,vi,0.93,prefix_suffix,lexical
openpoker.vip,vi,0.93,prefix_suffix,lexical
nichetire.com,nic,0.93,prefix_suffix,lexical
vlbook247.org,vi,0.93,prefix_suffix,lexical
26124480.vip,vi,0.93,prefix_suffix,lexical
vipesmondesm.top,vi,0.93,prefix_suffix,lexical
vivids57.cfd,vi,0.93,prefix_suffix,lexical
wvldv1.sbs,vi,0.93,prefix_suffix,lexical
0203com0414.vip,vi,0.93,prefix_suffix,lexical
visionariezllc.com,vi,0.93,prefix_suffix,lexical
vitalessencee.info,vi,0.93,prefix_suffix,lexical
www-teleclinic.com,nic,0.93,prefix_suffix,lexical
casibom-tekxgirisadresi.vip,vi,0.93,prefix_suffix,lexical
yhy529.vip,vi,0.93,prefix_suffix,lexical
burl-vi.site,vi,0.98,exact_label,lexical
vip-kanqiutong.com,vi,0.93,prefix_suffix,lexical
vilcaria.com,vi,0.93,prefix_suffix,lexical
h15vl.top,vi,0.93,prefix_suffix,lexical
visitnorthtarrant.com,vi,0.93,prefix_suffix,lexical
vicloudix-3-soatlasi-tasparki901783.top,vi,0.93,prefix_suffix,lexical
565611.vip,vi,0.93,prefix_suffix,lexical
bailety222.vip,vi,0.93,prefix_suffix,lexical
c761.vip,vi,0.93,prefix_suffix,lexical
visionan.com,vi,0.93,prefix_suffix,lexical
nicomaria.online,nic,0.93,prefix_suffix,lexical
visiondxb.com,vi,0.93,prefix_suffix,lexical
victoriamartinanderson.com,vi,0.93,prefix_suffix,lexical
bitstampro.vip,vi,0.93,prefix_suffix,lexical
viihdejakelu.com,vi,0.93,prefix_suffix,lexical
casamanceorganic.com,nic,0.93,prefix_suffix,lexical
199vip9.vip,vi,0.93,prefix_suffix,lexical
vidburdatal.is,vi,0.93,prefix_suffix,lexical
bn-8080.com,bob,0.93,prefix_suffix,lexical
vipclout.com,vi,0.93,prefix_suffix,lexical
699667.vip,vi,0.93,prefix_suffix,lexical
26124432.vip,vi,0.93,prefix_suffix,lexical
vibeclub.us,vi,0.93,prefix_suffix,lexical
luckphv1.net,vi,0.93,prefix_suffix,lexical
ekyht.vip,vi,0.93,prefix_suffix,lexical
vireosfinancial.com,vi,0.93,prefix_suffix,lexical
vincentpaulmusic.web.id,vi,0.93,prefix_suffix,lexical
violetemperor.com,vi,0.93,prefix_suffix,lexical
146236.vip,vi,0.93,prefix_suffix,lexical
9f-trem777.vip,vi,0.93,prefix_suffix,lexical
updateclinic.com,nic,0.93,prefix_suffix,lexical
hayashi-womens-clinic.online,nic,0.93,prefix_suffix,lexical
istanbulbahis-aktifadres.vip,vi,0.93,prefix_suffix,lexical
iofig.vip,vi,0.93,prefix_suffix,lexical
viavito.us,vi,0.93,prefix_suffix,lexical
cdsbaluluxi.vip,vi,0.93,prefix_suffix,lexical
vicchistore.com,vi,0.93,prefix_suffix,lexical
didi51-t0354.vip,vi,0.93,prefix_suffix,lexical
84425.vip,vi,0.93,prefix_suffix,lexical
oymno.vip,vi,0.93,prefix_suffix,lexical
villagesseniorshootout.com,vi,0.93,prefix_suffix,lexical
timyu219.vip,vi,0.93,prefix_suffix,lexical
26124416.vip,vi,0.93,prefix_suffix,lexical
auswin.vip,vi,0.93,prefix_suffix,lexical
26124459.vip,vi,0.93,prefix_suffix,lexical
cicc-hk.vip,vi,0.93,prefix_suffix,lexical
y7124589.vip,vi,0.93,prefix_suffix,lexical
myvivmanagement.com,vi,0.93,prefix_suffix,lexical
openreservebank.com,rbi,0.93,prefix_suffix,lexical
eciejxif.sbs,eci,0.93,prefix_suffix,lexical
sachellstudio.com,sac,0.93,prefix_suffix,lexical
videononvi.media,vi,0.93,prefix_suffix,lexical
26124504.vip,vi,0.93,prefix_suffix,lexical
heritage-clinic.com,nic,0.93,prefix_suffix,lexical
24084.vip,vi,0.93,prefix_suffix,lexical
vl88win.com,vi,0.93,prefix_suffix,lexical
vicrel.com,vi,0.93,prefix_suffix,lexical
91-salsapg.vip,vi,0.93,prefix_suffix,lexical
avvabetonline01.vip,vi,0.93,prefix_suffix,lexical
nprojection.store,nic,0.93,prefix_suffix,lexical
1989x.vip,vi,0.93,prefix_suffix,lexical
26124379.vip,vi,0.93,prefix_suffix,lexical
26124439.vip,vi,0.93,prefix_suffix,lexical
rgmzo.vip,vi,0.93,prefix_suffix,lexical
videomeow.com,vi,0.93,prefix_suffix,lexical
bailety49.vip,vi,0.93,prefix_suffix,lexical
hnjjd.vip,vi,0.93,prefix_suffix,lexical
893581.xyz,sbi,0.93,prefix_suffix,lexical
81427.vip,vi,0.93,prefix_suffix,lexical
visitdenhaag.com,vi,0.93,prefix_suffix,lexical
bobobucks.com,bob,0.93,prefix_suffix,lexical
wwhqa.vip,vi,0.93,prefix_suffix,lexical
26124315.vip,vi,0.93,prefix_suffix,lexical
vipssqq.top,vi,0.93,prefix_suffix,lexical
bailety24.vip,vi,0.93,prefix_suffix,lexical
rainha-fm.com,nha,0.93,prefix_suffix,lexical
viramalife.space,vi,0.93,prefix_suffix,lexical
vitaltrue.com,vi,0.93,prefix_suffix,lexical
beetwenandme.vip,vi,0.93,prefix_suffix,lexical
vibromat.com,vi,0.93,prefix_suffix,lexical
seeptop.vip,vi,0.93,prefix_suffix,lexical
bobanu.com,bob,0.93,prefix_suffix,lexical
j6prm.vip,vi,0.93,prefix_suffix,lexical
ht43xz716.vip,vi,0.93,prefix_suffix,lexical
bobot.us,bob,0.93,prefix_suffix,lexical
uu1846.vip,vi,0.93,prefix_suffix,lexical
vilfds.cn,vi,0.93,prefix_suffix,lexical
nicolespaintescape.com,nic,0.93,prefix_suffix,lexical
cnhealthcare.vip,vi,0.93,prefix_suffix,lexical
vitallworkforce.uk,vi,0.93,prefix_suffix,lexical
vishwakarmaassociates.co.in,vi,0.93,prefix_suffix,lexical
viningsdownhill5k.com,vi,0.93,prefix_suffix,lexical
metaface.vip,vi,0.93,prefix_suffix,lexical
cwpxjp102.vip,vi,0.93,prefix_suffix,lexical
com-elitky.vip,vi,0.93,prefix_suffix,lexical
hkapsac.org,sac,0.93,prefix_suffix,lexical
vipcoming.com,vi,0.93,prefix_suffix,lexical
hema-vita.com,vi,0.93,prefix_suffix,lexical
vibrantpassport.com,vi,0.93,prefix_suffix,lexical
villalunigiana.com,vi,0.93,prefix_suffix,lexical
pnclognmx.vip,vi,0.93,prefix_suffix,lexical
artisantonic.com,nic,0.93,prefix_suffix,lexical
tikomallss.vip,vi,0.93,prefix_suffix,lexical
betperzok.vip,vi,0.93,prefix_suffix,lexical
vitaloffice.com,vi,0.93,prefix_suffix,lexical
ryanhomeloans.com,sbi,0.93,prefix_suffix,lexical
visionpalacestudio.com,vi,0.93,prefix_suffix,lexical
qjowt213.vip,vi,0.93,prefix_suffix,lexical
777346.vip,vi,0.93,prefix_suffix,lexical
axisomega.com.br,axis,0.93,prefix_suffix,lexical
sy-vip.com,vi,0.93,prefix_suffix,lexical
vrbi.online,rbi,0.93,prefix_suffix,lexical
kmajt.vip,vi,0.93,prefix_suffix,lexical
y7124319.vip,vi,0.93,prefix_suffix,lexical
visitwylietx.com,vi,0.93,prefix_suffix,lexical
6298s1.vip,vi,0.93,prefix_suffix,lexical
vitalernaehrungdeqr.info,vi,0.93,prefix_suffix,lexical
visitwoodbury.com,vi,0.93,prefix_suffix,lexical
visac.com,sac,0.93,prefix_suffix,lexical
viaticusfestival.org,vi,0.93,prefix_suffix,lexical
winxbet-yeni-giris.vip,vi,0.93,prefix_suffix,lexical
h71vl.top,vi,0.93,prefix_suffix,lexical
elkxz.vip,vi,0.93,prefix_suffix,lexical
vlogfox.com,vi,0.93,prefix_suffix,lexical
tp1688oveotheei.vip,vi,0.93,prefix_suffix,lexical
vivianswp.com,vi,0.93,prefix_suffix,lexical
m2l9iq.vip,vi,0.93,prefix_suffix,lexical
visionplacesanantonio.com,vi,0.93,prefix_suffix,lexical
kpd1.vip,vi,0.93,prefix_suffix,lexical
bobigoodsevangelicos.site,bob,0.93,prefix_suffix,lexical
vikperez.com,vi,0.93,prefix_suffix,lexical
h29vl.top,vi,0.93,prefix_suffix,lexical
giveawin.vip,vi,0.93,prefix_suffix,lexical
resmi-adresin.vip,vi,0.93,prefix_suffix,lexical
holiganbett-adresim.vip,vi,0.93,prefix_suffix,lexical
ujfec8.vip,vi,0.93,prefix_suffix,lexical
viscomp.us,vi,0.93,prefix_suffix,lexical
gov-mlvl.com,vi,0.93,prefix_suffix,lexical
villeaville.com,vi,0.93,prefix_suffix,lexical
virginiadirectional.com,vi,0.93,prefix_suffix,lexical
vitagoat.com,vi,0.93,prefix_suffix,lexical
vividv55.cfd,vi,0.93,prefix_suffix,lexical
viphoteltrichy.com,vi,0.93,prefix_suffix,lexical
magnoliamedicalclinic.link,nic,0.93,prefix_suffix,lexical
28103.vip,vi,0.93,prefix_suffix,lexical
vic.estate,vi,0.93,prefix_suffix,lexical
remnic.ai,nic,0.93,prefix_suffix,lexical
ecisn.com,eci,0.93,prefix_suffix,lexical
4pm0rj.vip,vi,0.93,prefix_suffix,lexical
tqxee.vip,vi,0.93,prefix_suffix,lexical
visionsonido.com,vi,0.93,prefix_suffix,lexical
vitalspark.us,vi,0.93,prefix_suffix,lexical
vividcomm.org,vi,0.93,prefix_suffix,lexical
vltnqpxr.shop,vi,0.93,prefix_suffix,lexical
jhnkv.vip,vi,0.93,prefix_suffix,lexical
vileadsevents.com,vi,0.93,prefix_suffix,lexical
visitdirection.com,vi,0.93,prefix_suffix,lexical
ob-vip.io,vi,0.93,prefix_suffix,lexical
c45723742.vip,vi,0.93,prefix_suffix,lexical
60245.vip,vi,0.93,prefix_suffix,lexical
hellenic-voyage.store,nic,0.93,prefix_suffix,lexical
565896.vip,vi,0.93,prefix_suffix,lexical
vitalityinsightlab.com,vi,0.93,prefix_suffix,lexical
nicodehaan.com,nic,0.93,prefix_suffix,lexical
vitalstory.net,vi,0.93,prefix_suffix,lexical
ydaig.vip,vi,0.93,prefix_suffix,lexical
viblerben.sbs,vi,0.93,prefix_suffix,lexical
drtmappolytechnic.online,nic,0.93,prefix_suffix,lexical
03957.vip,vi,0.93,prefix_suffix,lexical
exmoicoi.vip,vi,0.93,prefix_suffix,lexical
vitalia.fit,vi,0.93,prefix_suffix,lexical
jiiwn6vl.top,vi,0.93,prefix_suffix,lexical
vipmach.com,vi,0.93,prefix_suffix,lexical
vio-lana.com,vi,0.93,prefix_suffix,lexical
kinetoralaxis.info,axis,0.93,prefix_suffix,lexical
seoguruvi.xyz,vi,0.93,prefix_suffix,lexical
pnclognqww.vip,vi,0.93,prefix_suffix,lexical
02198.vip,vi,0.93,prefix_suffix,lexical
visionnaireco.com,vi,0.93,prefix_suffix,lexical
byy4.vip,vi,0.93,prefix_suffix,lexical
buohb.vip,vi,0.93,prefix_suffix,lexical
kirankumargoni.vip,vi,0.93,prefix_suffix,lexical
noemaaxis.com,axis,0.93,prefix_suffix,lexical
vireonfilms.com,vi,0.93,prefix_suffix,lexical
virusbustr.com,vi,0.93,prefix_suffix,lexical
vikash.shop,vi,0.93,prefix_suffix,lexical
hptdz.vip,vi,0.93,prefix_suffix,lexical
c743.vip,vi,0.93,prefix_suffix,lexical
ctaosiosacj.vip,vi,0.93,prefix_suffix,lexical
panic-server.top,nic,0.93,prefix_suffix,lexical
videoproductionslovenia.com,vi,0.93,prefix_suffix,lexical
vipapp.blog,vi,0.93,prefix_suffix,lexical
ez333v1.org,vi,0.93,prefix_suffix,lexical
dmvi.chat,vi,0.93,prefix_suffix,lexical
virginiaappraiser.com,vi,0.93,prefix_suffix,lexical
icicibnok.shop,icici,0.93,prefix_suffix,lexical
us-visiocore.com,vi,0.93,prefix_suffix,lexical
izmit-priv.vip,vi,0.93,prefix_suffix,lexical
teppocho-eyeclinic.com,nic,0.93,prefix_suffix,lexical
virgistan.com,vi,0.93,prefix_suffix,lexical
349333.vip,vi,0.93,prefix_suffix,lexical
buy-vietnamesse-food-10.click,vi,0.93,prefix_suffix,lexical
vipmeble.com.pl,vi,0.93,prefix_suffix,lexical
bobbyswan.com,bob,0.93,prefix_suffix,lexical
visite-vanille-reunion.com,vi,0.93,prefix_suffix,lexical
808pay111.xyz,bob,0.93,prefix_suffix,lexical
davidmausac.com,sac,0.93,prefix_suffix,lexical
vikinghot.com,vi,0.93,prefix_suffix,lexical
bbkwu371.vip,vi,0.93,prefix_suffix,lexical
vlerahome.com,vi,0.93,prefix_suffix,lexical
asparas.vip,vi,0.93,prefix_suffix,lexical
virtualmum.com,vi,0.93,prefix_suffix,lexical
eclat-praxis.com,axis,0.93,prefix_suffix,lexical
vivebrio.app,vi,0.93,prefix_suffix,lexical
vitalaa.com,vi,0.93,prefix_suffix,lexical
ashoubclinic.click,nic,0.93,prefix_suffix,lexical
vitclab.com,vi,0.93,prefix_suffix,lexical
indorehormoneclinic.com,nic,0.93,prefix_suffix,lexical
nostrum-vitae-sed.autos,vi,0.93,prefix_suffix,lexical
nhaxephuonghuy.com,nha,0.93,prefix_suffix,lexical
vicontractor.com,vi,0.93,prefix_suffix,lexical
hard-vicio.com,vi,0.93,prefix_suffix,lexical
nicos-searchfund.com,nic,0.93,prefix_suffix,lexical
921936.vip,vi,0.93,prefix_suffix,lexical
betwell.vip,vi,0.93,prefix_suffix,lexical
virginiadailymoneymanagement.com,vi,0.93,prefix_suffix,lexical
629pe.vip,vi,0.93,prefix_suffix,lexical
virandacafe.com,vi,0.93,prefix_suffix,lexical
crb4.vip,vi,0.93,prefix_suffix,lexical
8499q.vip,vi,0.93,prefix_suffix,lexical
02617.vip,vi,0.93,prefix_suffix,lexical
drbuttpolyclinic.org,nic,0.93,prefix_suffix,lexical
evik-vip.online,vi,0.93,prefix_suffix,lexical
doramadoramanavi.com,vi,0.93,prefix_suffix,lexical
zfcnw214.vip,vi,0.93,prefix_suffix,lexical
vixagon.com,vi,0.93,prefix_suffix,lexical
visioncombines.com,vi,0.93,prefix_suffix,lexical
owk66.vip,vi,0.93,prefix_suffix,lexical
woodbourneanimalclinic.com,nic,0.93,prefix_suffix,lexical
mnobn.vip,vi,0.93,prefix_suffix,lexical
tathyahomeoclinic.com,nic,0.93,prefix_suffix,lexical
virtualtesi.srl,vi,0.93,prefix_suffix,lexical
visionsbybone.studio,vi,0.93,prefix_suffix,lexical
victoragencyinc.com,vi,0.93,prefix_suffix,lexical
y690vl.com,vi,0.93,prefix_suffix,lexical
vividv19.cfd,vi,0.93,prefix_suffix,lexical
vialuminio.com,vi,0.93,prefix_suffix,lexical
4800vip222.vip,vi,0.93,prefix_suffix,lexical
vizitraniks.com,vi,0.93,prefix_suffix,lexical
pg8808.top,bob,0.93,prefix_suffix,lexical
345991.vip,vi,0.93,prefix_suffix,lexical
vividfits.org,vi,0.93,prefix_suffix,lexical
viaschina.com,vi,0.93,prefix_suffix,lexical
inginirium-vladivostok-prv.ru,vi,0.93,prefix_suffix,lexical
gcznv1.top,vi,0.93,prefix_suffix,lexical
pnclognmz.vip,vi,0.93,prefix_suffix,lexical
853686.com,bse,0.93,prefix_suffix,lexical
vintageafternoon.com,vi,0.93,prefix_suffix,lexical
virtualfurniturestore.com,vi,0.93,prefix_suffix,lexical
mhqvj.vip,vi,0.93,prefix_suffix,lexical
gasdecozinha.xyz,nha,0.93,prefix_suffix,lexical
didi51-t0356.vip,vi,0.93,prefix_suffix,lexical
mokpodisac.com,sac,0.93,prefix_suffix,lexical
lilinla.vin,vi,0.93,prefix_suffix,lexical
vllaqqal.sbs,vi,0.93,prefix_suffix,lexical
phongkhamthavi.vn,vi,0.93,prefix_suffix,lexical
vibe-relax.com,vi,0.93,prefix_suffix,lexical
nuhealthclinic.com,nic,0.93,prefix_suffix,lexical
vithalpatil.com,vi,0.93,prefix_suffix,lexical
o6i2y0.vip,vi,0.93,prefix_suffix,lexical
deachaivi.com,vi,0.93,prefix_suffix,lexical
best-virtual-meeting-apps-23300.click,vi,0.93,prefix_suffix,lexical
849mm577.vip,vi,0.93,prefix_suffix,lexical
sacredsipss.com,sac,0.93,prefix_suffix,lexical
vitonomi.app,vi,0.93,prefix_suffix,lexical
mostbet-wqv1.top,vi,0.93,prefix_suffix,lexical
vignettetial.click,vi,0.93,prefix_suffix,lexical
xn--mnq008i58i.com,sbi,0.93,prefix_suffix,lexical
virtualtalent.us,vi,0.93,prefix_suffix,lexical
erlclinic.com,nic,0.93,prefix_suffix,lexical
viparf.space,vi,0.93,prefix_suffix,lexical
vladimirkhavinson.com,vi,0.93,prefix_suffix,lexical
vilka.us,vi,0.93,prefix_suffix,lexical
74440.vip,vi,0.93,prefix_suffix,lexical
sessayelectronic.store,nic,0.93,prefix_suffix,lexical
viajeza.xyz,vi,0.93,prefix_suffix,lexical
vijayalakshmiinteriordecortors.com,vi,0.93,prefix_suffix,lexical
executclinic.com.br,nic,0.93,prefix_suffix,lexical
villassupply.com,vi,0.93,prefix_suffix,lexical
vitayaku.shop,vi,0.93,prefix_suffix,lexical
vibesbathbombs.com,vi,0.93,prefix_suffix,lexical
villagelock.com,vi,0.93,prefix_suffix,lexical
qyc38.vip,vi,0.93,prefix_suffix,lexical
veneersclinic.info,nic,0.93,prefix_suffix,lexical
07367.vip,vi,0.93,prefix_suffix,lexical
viperbat.com,vi,0.93,prefix_suffix,lexical
viajerojo.com,vi,0.93,prefix_suffix,lexical
allinthai.vip,vi,0.93,prefix_suffix,lexical
videoangels.ru,vi,0.93,prefix_suffix,lexical
vivspot.com,vi,0.93,prefix_suffix,lexical
sacral.us,sac,0.93,prefix_suffix,lexical
xrkrpv1.xyz,vi,0.93,prefix_suffix,lexical
virelaxpro.com,vi,0.93,prefix_suffix,lexical
whats-znz.vip,vi,0.93,prefix_suffix,lexical
vitalsagent.com,vi,0.93,prefix_suffix,lexical
bailety16.vip,vi,0.93,prefix_suffix,lexical
wooden.villas,vi,0.93,prefix_suffix,lexical
y7124303.vip,vi,0.93,prefix_suffix,lexical
cphomeloans.com,sbi,0.93,prefix_suffix,lexical
woovvi.com,vi,0.93,prefix_suffix,lexical
vincihiperformance.com,vi,0.93,prefix_suffix,lexical
vibefy.fun,vi,0.93,prefix_suffix,lexical
evriry.vip,vi,0.93,prefix_suffix,lexical
vitairehealthy.com,vi,0.93,prefix_suffix,lexical
drfelipecunha.com,nha,0.93,prefix_suffix,lexical
nicethingsforlife.com,nic,0.93,prefix_suffix,lexical
tradewithharmonic.online,nic,0.93,prefix_suffix,lexical
vishwasenviroindustry.com,vi,0.93,prefix_suffix,lexical
betvn08.vip,vi,0.93,prefix_suffix,lexical
tree-vitald.info,vi,0.93,prefix_suffix,lexical
ok8pg666.vip,vi,0.93,prefix_suffix,lexical
dg6688.vip,vi,0.93,prefix_suffix,lexical
vilahub.com,vi,0.93,prefix_suffix,lexical
visualvanguardsolutions.com,vi,0.93,prefix_suffix,lexical
808182a.com,bob,0.93,prefix_suffix,lexical
adult-massage-virginia-beach.top,vi,0.93,prefix_suffix,lexical
vipcncnetwork.com,vi,0.93,prefix_suffix,lexical
nicholasandcompany.com,nic,0.93,prefix_suffix,lexical
62432.vip,vi,0.93,prefix_suffix,lexical
vistasky.net,vi,0.93,prefix_suffix,lexical
us-en-visiocore.com,vi,0.93,prefix_suffix,lexical
lmbet.vip,vi,0.93,prefix_suffix,lexical
urgentmedclinic.com,nic,0.93,prefix_suffix,lexical
ux88.vip,vi,0.93,prefix_suffix,lexical
vidaconclarity.com,vi,0.93,prefix_suffix,lexical
71bb.vip,vi,0.93,prefix_suffix,lexical
vitariel.com,vi,0.93,prefix_suffix,lexical
vizzlylab.com,vi,0.93,prefix_suffix,lexical
vistasocialco.com,vi,0.93,prefix_suffix,lexical
57899.vip,vi,0.93,prefix_suffix,lexical
dlmxndo.vip,vi,0.93,prefix_suffix,lexical
78471.vip,vi,0.93,prefix_suffix,lexical
sandeepbelagavi.info,vi,0.93,prefix_suffix,lexical
dplmr393.vip,vi,0.93,prefix_suffix,lexical
vikar-el.ru,vi,0.93,prefix_suffix,lexical
villani.us,vi,0.93,prefix_suffix,lexical
881123ffd.vip,vi,0.93,prefix_suffix,lexical
pnblqm.garden,pnb,0.93,prefix_suffix,lexical
playplay.vip,vi,0.93,prefix_suffix,lexical
gonebet-orjinal-site.vip,vi,0.93,prefix_suffix,lexical
auto-mechanic-courses-18115.click,nic,0.93,prefix_suffix,lexical
virakarta.com,vi,0.93,prefix_suffix,lexical
virtualtourpr.com,vi,0.93,prefix_suffix,lexical
sacramento.broker,sac,0.93,prefix_suffix,lexical
videobestie.com,vi,0.93,prefix_suffix,lexical
viaink.com,vi,0.93,prefix_suffix,lexical
y7124521.vip,vi,0.93,prefix_suffix,lexical
bgprotocol.vip,vi,0.93,prefix_suffix,lexical
emergencyanimalclinic.net,nic,0.93,prefix_suffix,lexical
vinstara.store,vi,0.93,prefix_suffix,lexical
job51.vip,vi,0.93,prefix_suffix,lexical
vitrine-oficial.online,vi,0.93,prefix_suffix,lexical
b0bwh1.cfd,bob,0.93,prefix_suffix,lexical
vinegar.top,vi,0.93,prefix_suffix,lexical
y7124492.vip,vi,0.93,prefix_suffix,lexical
adharvanam.com,uidai,0.93,prefix_suffix,lexical
tannic.store,nic,0.93,prefix_suffix,lexical
visvim.us,vi,0.93,prefix_suffix,lexical
artemisa-sac.com,sac,0.98,exact_label,lexical
websonic.us,nic,0.93,prefix_suffix,lexical
51zkw.vip,vi,0.93,prefix_suffix,lexical
512jl.vip,vi,0.93,prefix_suffix,lexical
ogcharcoalbob.com,bob,0.93,prefix_suffix,lexical
vibecanvas.sh,vi,0.93,prefix_suffix,lexical
808dtp.com,bob,0.93,prefix_suffix,lexical
nicksullivanart.com,nic,0.93,prefix_suffix,lexical
017aa.vip,vi,0.93,prefix_suffix,lexical
victivtripod.com,vi,0.93,prefix_suffix,lexical
bailety59.vip,vi,0.93,prefix_suffix,lexical
vebo8.hair,bob,0.93,prefix_suffix,lexical
57022.vip,vi,0.93,prefix_suffix,lexical
bobty201.com,bob,0.93,prefix_suffix,lexical
postur.vip,vi,0.93,prefix_suffix,lexical
bobswebs.site,bob,0.93,prefix_suffix,lexical
unifonic.us,nic,0.93,prefix_suffix,lexical
impwb.vip,vi,0.93,prefix_suffix,lexical
26341.vip,vi,0.93,prefix_suffix,lexical
villa-cittabianca.com,vi,0.93,prefix_suffix,lexical
vqgta220.vip,vi,0.93,prefix_suffix,lexical
kk33388.vip,vi,0.93,prefix_suffix,lexical
violai.com,vi,0.93,prefix_suffix,lexical
visites-entreprises-nouvelleaquitaine.com,vi,0.93,prefix_suffix,lexical
vliebo.pro,vi,0.93,prefix_suffix,lexical
ytcvl.bid,vi,0.93,prefix_suffix,lexical
849gg577.vip,vi,0.93,prefix_suffix,lexical
yhfbqmadtvrbi.online,rbi,0.93,prefix_suffix,lexical
lrb1.sbs,rbi,0.93,prefix_suffix,lexical
tnuet4.vip,vi,0.93,prefix_suffix,lexical
vienaespoo.fi,vi,0.93,prefix_suffix,lexical
lafayetteanimalclinic.top,nic,0.93,prefix_suffix,lexical
vineyardtrip.com,vi,0.93,prefix_suffix,lexical
vitospizzact.com,vi,0.93,prefix_suffix,lexical
kyoninka-navi.jp,vi,0.93,prefix_suffix,lexical
jptt-av1.com,vi,0.93,prefix_suffix,lexical
team-nico.com,nic,0.93,prefix_suffix,lexical
98368.vip,vi,0.93,prefix_suffix,lexical
avi.games,vi,0.93,prefix_suffix,lexical
villaluxuryrocktirri.com,vi,0.93,prefix_suffix,lexical
29214.vip,vi,0.93,prefix_suffix,lexical
fanatic131.vip,vi,0.93,prefix_suffix,lexical
98yl22.vip,vi,0.93,prefix_suffix,lexical
vitallinkusa.com,vi,0.93,prefix_suffix,lexical
betra-guncel-sitesi.vip,vi,0.93,prefix_suffix,lexical
vitami.us,vi,0.93,prefix_suffix,lexical
virtueinvesting.com,vi,0.93,prefix_suffix,lexical
viajaconboti.com,vi,0.93,prefix_suffix,lexical
qyc00.vip,vi,0.93,prefix_suffix,lexical
leadmagnet.vip,vi,0.93,prefix_suffix,lexical
vipinjurylawfirm.com,vi,0.93,prefix_suffix,lexical
toptkvipeu.vip,vi,0.93,prefix_suffix,lexical
xmphame.vip,vi,0.93,prefix_suffix,lexical
visualasmr.com,vi,0.93,prefix_suffix,lexical
10853.com,bse,0.93,prefix_suffix,lexical
nicholaschard.com,nic,0.93,prefix_suffix,lexical
dhevl.garden,vi,0.93,prefix_suffix,lexical
daterrinha.com,nha,0.93,prefix_suffix,lexical
viptaki.app,vi,0.93,prefix_suffix,lexical
vinsondot.com.br,vi,0.93,prefix_suffix,lexical
alfeex.vip,vi,0.93,prefix_suffix,lexical
hxjbw.vip,vi,0.93,prefix_suffix,lexical
vinrespin.com,vi,0.93,prefix_suffix,lexical
vitacchidirtbike.com,vi,0.93,prefix_suffix,lexical
vibrateapp.com,vi,0.93,prefix_suffix,lexical
vintelyte.com,vi,0.93,prefix_suffix,lexical
t-visionstinks.com,vi,0.93,prefix_suffix,lexical
vitadietqq.com,vi,0.93,prefix_suffix,lexical
vip-matomekan.xyz,vi,0.93,prefix_suffix,lexical
depzc.vip,vi,0.93,prefix_suffix,lexical
didi51-t0304.vip,vi,0.93,prefix_suffix,lexical
42581.vip,sbi,0.93,prefix_suffix,lexical
vitosgreenock.co.uk,vi,0.93,prefix_suffix,lexical
26124456.vip,vi,0.93,prefix_suffix,lexical
victimlesssociety.com,vi,0.93,prefix_suffix,lexical
06767.vip,vi,0.93,prefix_suffix,lexical
26124528.vip,vi,0.93,prefix_suffix,lexical
castlenyhamn.vip,vi,0.93,prefix_suffix,lexical
villagerivals.com,vi,0.93,prefix_suffix,lexical
viorelzone.com,vi,0.93,prefix_suffix,lexical
vinylplushtoy.com,vi,0.93,prefix_suffix,lexical
bailety51.vip,vi,0.93,prefix_suffix,lexical
s88u.vip,vi,0.93,prefix_suffix,lexical
vibemediagrouppr.com,vi,0.93,prefix_suffix,lexical
vpsac.com,sac,0.93,prefix_suffix,lexical
videononvi.pro,vi,0.93,prefix_suffix,lexical
vividr91.cfd,vi,0.93,prefix_suffix,lexical
vigreenscript.com,vi,0.93,prefix_suffix,lexical
vincentruggiero.com,vi,0.93,prefix_suffix,lexical
34542.vip,vi,0.93,prefix_suffix,lexical
frcms.vip,vi,0.93,prefix_suffix,lexical
bravi-berlin.com,vi,0.93,prefix_suffix,lexical
880555.vip,vi,0.93,prefix_suffix,lexical
73071.vip,vi,0.93,prefix_suffix,lexical
oyunevi.net,vi,0.93,prefix_suffix,lexical
blmgm50.vip,vi,0.93,prefix_suffix,lexical
nickvivion.com,nic,0.93,prefix_suffix,lexical
ztu55.vip,vi,0.93,prefix_suffix,lexical
viyamarket.com,vi,0.93,prefix_suffix,lexical
sacredserpenttattoos.com,sac,0.93,prefix_suffix,lexical
vibecode2travel.com,vi,0.93,prefix_suffix,lexical
111bo67.vip,vi,0.93,prefix_suffix,lexical
vic.ventures,vi,0.93,prefix_suffix,lexical
vingeshop.click,vi,0.93,prefix_suffix,lexical
premiumescort.vip,vi,0.93,prefix_suffix,lexical
virtuelvenue.com,vi,0.93,prefix_suffix,lexical
nichollsmmc.com,nic,0.93,prefix_suffix,lexical
dpdliik.vip,vi,0.93,prefix_suffix,lexical
compatibilityclinic.com,nic,0.93,prefix_suffix,lexical
visitgreatlakesbeach.com,vi,0.93,prefix_suffix,lexical
hiltonbett-aktif.vip,vi,0.93,prefix_suffix,lexical
faxininha.digital,nha,0.93,prefix_suffix,lexical
01947.vip,vi,0.93,prefix_suffix,lexical
vintnerfrieght.com,vi,0.93,prefix_suffix,lexical
vivenzaterrabrasilis.com,vi,0.93,prefix_suffix,lexical
676luck.vip,vi,0.93,prefix_suffix,lexical
virtualtelecom.com,vi,0.93,prefix_suffix,lexical
fanatic133.vip,vi,0.93,prefix_suffix,lexical
virtusprogroup.com,vi,0.93,prefix_suffix,lexical
9313zz.vip,vi,0.93,prefix_suffix,lexical
80815.blog,bob,0.93,prefix_suffix,lexical
vingetasfinaservice.online,vi,0.93,prefix_suffix,lexical
vip-tikonlines.shop,vi,0.93,prefix_suffix,lexical
nhakaviation.info,nha,0.93,prefix_suffix,lexical
nickpavlovits.com,nic,0.93,prefix_suffix,lexical
vikingkort.dk,vi,0.93,prefix_suffix,lexical
trinifoundationorg1.cfd,census,0.93,prefix_suffix,lexical
vintageskincare.com,vi,0.93,prefix_suffix,lexical
26124602.vip,vi,0.93,prefix_suffix,lexical
virtualparalegalcoaching.com,vi,0.93,prefix_suffix,lexical
65719.vip,vi,0.93,prefix_suffix,lexical
theorganic.us,nic,0.93,prefix_suffix,lexical
c799.vip,vi,0.93,prefix_suffix,lexical
v19978.com,vi,0.93,prefix_suffix,lexical
praxenolavi.gifts,vi,0.93,prefix_suffix,lexical
nice7777.live,nic,0.93,prefix_suffix,lexical
6b0opz.vip,vi,0.93,prefix_suffix,lexical
26124579.vip,vi,0.93,prefix_suffix,lexical
vhbiervi.xyz,vi,0.93,prefix_suffix,lexical
mskap.vip,vi,0.93,prefix_suffix,lexical
heitao192av.vip,vi,0.93,prefix_suffix,lexical
skycorgi.net,census,0.93,prefix_suffix,lexical
radbr-sv1.site,vi,0.93,prefix_suffix,lexical
vigilantvc.com,vi,0.93,prefix_suffix,lexical
jen-vin.nl,vi,0.93,prefix_suffix,lexical
nickbehling.com,nic,0.93,prefix_suffix,lexical
pqhzjt304.vip,vi,0.93,prefix_suffix,lexical
viewers6.online,vi,0.93,prefix_suffix,lexical
vinyasayogagoa.com,vi,0.93,prefix_suffix,lexical
didi51-t0374.vip,vi,0.93,prefix_suffix,lexical
villagesofwindcrest.com,vi,0.93,prefix_suffix,lexical
leady-vip.com,vi,0.93,prefix_suffix,lexical
uloci.top,iocl,0.93,prefix_suffix,lexical
bailety62.vip,vi,0.93,prefix_suffix,lexical
asvclinic.com,nic,0.93,prefix_suffix,lexical
vibeadvise.com,vi,0.93,prefix_suffix,lexical
radiotexnic.store,nic,0.93,prefix_suffix,lexical
virtualspacelog.com,vi,0.93,prefix_suffix,lexical
vistacreativetech.com,vi,0.93,prefix_suffix,lexical
visualstidio.com,vi,0.93,prefix_suffix,lexical
vibdoiyd.top,vi,0.93,prefix_suffix,lexical
visionarylegacy.com,vi,0.93,prefix_suffix,lexical
virtualparalegalconsulting.com,vi,0.93,prefix_suffix,lexical
viridis.africa,vi,0.93,prefix_suffix,lexical
eraa.vip,vi,0.93,prefix_suffix,lexical
almaresac.com,sac,0.93,prefix_suffix,lexical
odafd.vip,vi,0.93,prefix_suffix,lexical
virtualreality2day.com,vi,0.93,prefix_suffix,lexical
nickdeng21.asia,nic,0.93,prefix_suffix,lexical
justinluskhomeloans.com,sbi,0.93,prefix_suffix,lexical
vistalagotyler.com,vi,0.93,prefix_suffix,lexical
villageranchcfs.com,vi,0.93,prefix_suffix,lexical
rtlukb.vip,vi,0.93,prefix_suffix,lexical
murati.vip,vi,0.93,prefix_suffix,lexical
mmdsac.com,sac,0.93,prefix_suffix,lexical
phdbr.vip,vi,0.93,prefix_suffix,lexical
betnano-guncelresmigiris.vip,vi,0.93,prefix_suffix,lexical
nevi-consulting.com,vi,0.93,prefix_suffix,lexical
sbit.wiki,sbi,0.93,prefix_suffix,lexical
6223dr10.vip,vi,0.93,prefix_suffix,lexical
y7124557.vip,vi,0.93,prefix_suffix,lexical
nicolemannino.com,nic,0.93,prefix_suffix,lexical
88rmc.vip,vi,0.93,prefix_suffix,lexical
vls7cz7by8.top,vi,0.93,prefix_suffix,lexical
masaki-okuoka-mamonavi.com,vi,0.93,prefix_suffix,lexical
viajesdejuani.com,vi,0.93,prefix_suffix,lexical
vitadomo.ca,vi,0.93,prefix_suffix,lexical
vip345h1.com,vi,0.93,prefix_suffix,lexical
niceswap.com,nic,0.93,prefix_suffix,lexical
qo2ofw.vip,vi,0.93,prefix_suffix,lexical
vickytech.store,vi,0.93,prefix_suffix,lexical
ab58.vip,vi,0.93,prefix_suffix,lexical
visualstore.app,vi,0.93,prefix_suffix,lexical
reshad-clinic.com,nic,0.93,prefix_suffix,lexical
570665516.vip,vi,0.93,prefix_suffix,lexical
y7124579.vip,vi,0.93,prefix_suffix,lexical
vistitylabs.com,vi,0.93,prefix_suffix,lexical
eclipseinvest.org,eci,0.93,prefix_suffix,lexical
nichorek.com,nic,0.93,prefix_suffix,lexical
57356.vip,vi,0.93,prefix_suffix,lexical
mouhy.vip,vi,0.93,prefix_suffix,lexical
vividhaven.com,vi,0.93,prefix_suffix,lexical
moneyhub-payaxis.click,axis,0.93,prefix_suffix,lexical
view2eat.store,vi,0.93,prefix_suffix,lexical
kens-clinic.com,nic,0.93,prefix_suffix,lexical
cvuee.vip,vi,0.93,prefix_suffix,lexical
808ht.top,bob,0.93,prefix_suffix,lexical
virushunterx.cc,vi,0.93,prefix_suffix,lexical
vitalsverified.com,vi,0.93,prefix_suffix,lexical
viridarium.biz,vi,0.93,prefix_suffix,lexical
starapp-vip.com,vi,0.93,prefix_suffix,lexical
videntesdeamor.com,vi,0.93,prefix_suffix,lexical
bettgar-dogru.vip,vi,0.93,prefix_suffix,lexical
fivbvi.com,vi,0.93,prefix_suffix,lexical
akruticlinic.com,nic,0.93,prefix_suffix,lexical
36258.vip,vi,0.93,prefix_suffix,lexical
sacramentoweddingplanning.com,sac,0.93,prefix_suffix,lexical
vivohome.onl,vi,0.93,prefix_suffix,lexical
plnsy.vip,vi,0.93,prefix_suffix,lexical
ritanvi.com,vi,0.93,prefix_suffix,lexical
virtual-fight.com,vi,0.93,prefix_suffix,lexical
ergotherapiepraxis-mages.com,axis,0.93,prefix_suffix,lexical
26124495.vip,vi,0.93,prefix_suffix,lexical
serenia.clinic,nic,0.93,prefix_suffix,lexical
viareachsquad.com,vi,0.93,prefix_suffix,lexical
vips-tiendamart.site,vi,0.93,prefix_suffix,lexical
vivinailslaurel.com,vi,0.93,prefix_suffix,lexical
asibom2026.vip,vi,0.93,prefix_suffix,lexical
lamii.vip,vi,0.93,prefix_suffix,lexical
c45723797.vip,vi,0.93,prefix_suffix,lexical
termetpeci.com,eci,0.93,prefix_suffix,lexical
virtualrealstate.com,vi,0.93,prefix_suffix,lexical
ecureclinic.com,nic,0.93,prefix_suffix,lexical
virx.info,vi,0.93,prefix_suffix,lexical
aibo666541.vip,vi,0.93,prefix_suffix,lexical
vistosi-onlineshop.com,vi,0.93,prefix_suffix,lexical
video2purchase.info,vi,0.93,prefix_suffix,lexical
26124450.vip,vi,0.93,prefix_suffix,lexical
quinpr.site,nic,0.93,prefix_suffix,lexical
myvip-vips.yachts,vi,0.93,prefix_suffix,lexical
betciooyenigiris.vip,vi,0.93,prefix_suffix,lexical
axis-28.com,axis,0.98,exact_label,lexical
vibgents.com,vi,0.93,prefix_suffix,lexical
exmoicoin.vip,vi,0.93,prefix_suffix,lexical
sacramentohometowninternet.com,sac,0.93,prefix_suffix,lexical
justinkan.vip,vi,0.93,prefix_suffix,lexical
viagra-delivery.com,vi,0.93,prefix_suffix,lexical
vlqxlqsg.xyz,vi,0.93,prefix_suffix,lexical
vipersecurityplus.com,vi,0.93,prefix_suffix,lexical
vibbly.site,vi,0.93,prefix_suffix,lexical
y7124578.vip,vi,0.93,prefix_suffix,lexical
vdcasinoadresc.vip,vi,0.93,prefix_suffix,lexical
vibefi.net,vi,0.93,prefix_suffix,lexical
villageofmcgraw.com,vi,0.93,prefix_suffix,lexical
b3440.vip,vi,0.93,prefix_suffix,lexical
kvsxi.vip,vi,0.93,prefix_suffix,lexical
3318a9.vip,vi,0.93,prefix_suffix,lexical
737581.xyz,sbi,0.93,prefix_suffix,lexical
videosbank.com,vi,0.93,prefix_suffix,lexical
visionxii.com,vi,0.93,prefix_suffix,lexical
cowboyridesmobilemechanic.net,nic,0.93,prefix_suffix,lexical
virginiawhalen.com,vi,0.93,prefix_suffix,lexical
kwimb.vip,vi,0.93,prefix_suffix,lexical
zsnb1.vip,vi,0.93,prefix_suffix,lexical
vilaecoimoveis.com,vi,0.93,prefix_suffix,lexical
molen.vip,vi,0.93,prefix_suffix,lexical
eclatskinclinic.online,nic,0.93,prefix_suffix,lexical
vizplayer.site,vi,0.93,prefix_suffix,lexical
vipmy18.com,vi,0.93,prefix_suffix,lexical
02876.vip,vi,0.93,prefix_suffix,lexical
vibemarketing.forum,vi,0.93,prefix_suffix,lexical
vibrantgemspulse.shop,vi,0.93,prefix_suffix,lexical
serviciosvjpsac.com,sac,0.93,prefix_suffix,lexical
61624.vip,vi,0.93,prefix_suffix,lexical
05203.vip,vi,0.93,prefix_suffix,lexical
vibepump.xyz,vi,0.93,prefix_suffix,lexical
vinpi.top,vi,0.93,prefix_suffix,lexical
nickelfreetitaniumbelts.com,nic,0.93,prefix_suffix,lexical
vincitqsv.com,vi,0.93,prefix_suffix,lexical
eclipsevibes.xyz,eci,0.93,prefix_suffix,lexical
htksp.vip,vi,0.93,prefix_suffix,lexical
ug39.vip,vi,0.93,prefix_suffix,lexical
77244.vip,vi,0.93,prefix_suffix,lexical
noordentalclinic.com,nic,0.93,prefix_suffix,lexical
vickyp.store,vi,0.93,prefix_suffix,lexical
vitalpro-en-en.us,vi,0.93,prefix_suffix,lexical
80559.vip,vi,0.93,prefix_suffix,lexical
vibedomains.xyz,vi,0.93,prefix_suffix,lexical
31670.vip,vi,0.93,prefix_suffix,lexical
t2222.vip,vi,0.93,prefix_suffix,lexical
vitalbalanceuk.co.uk,vi,0.93,prefix_suffix,lexical
visaplus.us,vi,0.93,prefix_suffix,lexical
y7124584.vip,vi,0.93,prefix_suffix,lexical
hulyazobel.vip,vi,0.93,prefix_suffix,lexical
viewwhore.com,vi,0.93,prefix_suffix,lexical
bachelorchronic.com,nic,0.93,prefix_suffix,lexical
08839.vip,vi,0.93,prefix_suffix,lexical
foungcp.vip,vi,0.93,prefix_suffix,lexical
viamedica.us,vi,0.93,prefix_suffix,lexical
vizaf.xyz,vi,0.93,prefix_suffix,lexical
nrschneider.work,nrsc,0.93,prefix_suffix,lexical
26124380.vip,vi,0.93,prefix_suffix,lexical
virginislandsbankruptcy.com,vi,0.93,prefix_suffix,lexical
huizhuan.vip,vi,0.93,prefix_suffix,lexical
camscrappiehole.com,cams,0.93,prefix_suffix,lexical
vibeslife.xyz,vi,0.93,prefix_suffix,lexical
67hf.vip,vi,0.93,prefix_suffix,lexical
crisantemo.vip,vi,0.93,prefix_suffix,lexical
xsafq.vip,vi,0.93,prefix_suffix,lexical
via-avignette.courses,vi,0.93,prefix_suffix,lexical
vizitrevue.com,vi,0.93,prefix_suffix,lexical
betplay-aktif.vip,vi,0.93,prefix_suffix,lexical
hbazi.vip,vi,0.93,prefix_suffix,lexical
vivaelegantdesign.com,vi,0.93,prefix_suffix,lexical
vitinhcu.com,vi,0.93,prefix_suffix,lexical
88546.vip,vi,0.93,prefix_suffix,lexical
fintech-consortium.com,kfintech,0.85,typo,lexical
26124586.vip,vi,0.93,prefix_suffix,lexical
avi-web.net,vi,0.93,prefix_suffix,lexical
gccshop.vip,vi,0.93,prefix_suffix,lexical
vidiviglass.com,vi,0.93,prefix_suffix,lexical
nicholfamily.com,nic,0.93,prefix_suffix,lexical
c768.vip,vi,0.93,prefix_suffix,lexical
vicsite.com,vi,0.93,prefix_suffix,lexical
333853.app,bse,0.93,prefix_suffix,lexical
uncletomorganic.com,nic,0.93,prefix_suffix,lexical
apertura-conto-online-79853.click,bse,0.93,prefix_suffix,lexical
vibrant.health,vi,0.93,prefix_suffix,lexical
vitays.com,vi,0.93,prefix_suffix,lexical
kralbetin2026adres.vip,vi,0.93,prefix_suffix,lexical
graeske-audio-visual.com,vi,0.93,prefix_suffix,lexical
ptkwe.vip,vi,0.93,prefix_suffix,lexical
myvip-vips.homes,vi,0.93,prefix_suffix,lexical
visioncreationai.com,vi,0.93,prefix_suffix,lexical
visionqv.live,vi,0.93,prefix_suffix,lexical
18441.vip,vi,0.93,prefix_suffix,lexical
bppay.vip,vi,0.93,prefix_suffix,lexical
visualstressacademy.com,vi,0.93,prefix_suffix,lexical
58169.id,sbi,0.93,prefix_suffix,lexical
betper-giris.vip,vi,0.93,prefix_suffix,lexical
vodevi.com,vi,0.93,prefix_suffix,lexical
vinfastbinhduong.top,vi,0.93,prefix_suffix,lexical
vimopic.com,vi,0.93,prefix_suffix,lexical
xn--xhq426az06ar8u.vip,vi,0.93,prefix_suffix,lexical
h25vl.top,vi,0.93,prefix_suffix,lexical
vistalingerie.com,vi,0.93,prefix_suffix,lexical
villesalentine.com,vi,0.93,prefix_suffix,lexical
p33020.vip,vi,0.93,prefix_suffix,lexical
vitrinadeletras.com,vi,0.93,prefix_suffix,lexical
parobet-guvenligiris1.vip,vi,0.93,prefix_suffix,lexical
rzwoa.vip,vi,0.93,prefix_suffix,lexical
zentronic.co.uk,nic,0.93,prefix_suffix,lexical
vitern.com,vi,0.93,prefix_suffix,lexical
hsecs.vip,vi,0.93,prefix_suffix,lexical
victorjimenez.dev,vi,0.93,prefix_suffix,lexical
vij1740728faqxufretf.top,vi,0.93,prefix_suffix,lexical
y7124315.vip,vi,0.93,prefix_suffix,lexical
zqb-vip.com,vi,0.93,prefix_suffix,lexical
visionsupportamerica.com,vi,0.93,prefix_suffix,lexical
locinex.net,iocl,0.93,prefix_suffix,lexical
v11655.com,vi,0.93,prefix_suffix,lexical
devonwaldenscams.com,cams,0.93,prefix_suffix,lexical
eclinical.us,eci,0.93,prefix_suffix,lexical
yjdistinguish.vip,vi,0.93,prefix_suffix,lexical
wq9806.vip,vi,0.93,prefix_suffix,lexical
853175.com,bse,0.93,prefix_suffix,lexical
bailety36.vip,vi,0.93,prefix_suffix,lexical
74933.vip,vi,0.93,prefix_suffix,lexical
virgilhq.com,vi,0.93,prefix_suffix,lexical
1j7bv1.makeup,vi,0.93,prefix_suffix,lexical
visitluino.com,vi,0.93,prefix_suffix,lexical
siixh.vip,vi,0.93,prefix_suffix,lexical
vitaliteitsbank.com,vi,0.93,prefix_suffix,lexical
vitalsourcegummiess.com,vi,0.93,prefix_suffix,lexical
26124423.vip,vi,0.93,prefix_suffix,lexical
mjkkhun.vip,vi,0.93,prefix_suffix,lexical
play-violin.com,vi,0.93,prefix_suffix,lexical
vinbooster.com,vi,0.93,prefix_suffix,lexical
xn--claw-kd5f627e.vip,vi,0.93,prefix_suffix,lexical
dualiteclinic.com.br,nic,0.93,prefix_suffix,lexical
mofang999.vip,vi,0.93,prefix_suffix,lexical
bobbyntoya.com,bob,0.93,prefix_suffix,lexical
vindly.app,vi,0.93,prefix_suffix,lexical
viniciusfrota.com.br,vi,0.93,prefix_suffix,lexical
yxgis.vip,vi,0.93,prefix_suffix,lexical
netizen303x26.vip,vi,0.93,prefix_suffix,lexical
virtualpressevent.com,vi,0.93,prefix_suffix,lexical
f5x21m.vip,vi,0.93,prefix_suffix,lexical
vietlifehome.shop,vi,0.93,prefix_suffix,lexical
vikramssafemoneymillionaire.com,vi,0.93,prefix_suffix,lexical
vidro.dev,vi,0.93,prefix_suffix,lexical
viesehon.com,vi,0.93,prefix_suffix,lexical
nerobetguvenilir.vip,vi,0.93,prefix_suffix,lexical
trendbt-girisadresi.vip,vi,0.93,prefix_suffix,lexical
villaggiorestaurantpizzeria.com,vi,0.93,prefix_suffix,lexical
vibrantandsain.com,vi,0.93,prefix_suffix,lexical
efrrs.vip,vi,0.93,prefix_suffix,lexical
nichelendermatch.com,nic,0.93,prefix_suffix,lexical
videntes.us,vi,0.93,prefix_suffix,lexical
amitabha.us,nha,0.93,prefix_suffix,lexical
visittuvalu.com,vi,0.93,prefix_suffix,lexical
cerberus12.vip,vi,0.93,prefix_suffix,lexical
reklamustas1i.vip,vi,0.93,prefix_suffix,lexical
vic.shopping,vi,0.93,prefix_suffix,lexical
victoryeducation.com,vi,0.93,prefix_suffix,lexical
ssujm.vip,vi,0.93,prefix_suffix,lexical
5ac96.top,sac,0.93,prefix_suffix,lexical
virtualbethub.org,vi,0.93,prefix_suffix,lexical
34384.vip,vi,0.93,prefix_suffix,lexical
mayavi.dev,vi,0.93,prefix_suffix,lexical
come-dream11.vip,vi,0.93,prefix_suffix,lexical
healthy-vitamins-rx.com,vi,0.93,prefix_suffix,lexical
vitatru.com,vi,0.93,prefix_suffix,lexical
www07365.vip,vi,0.93,prefix_suffix,lexical
vianald.store,vi,0.93,prefix_suffix,lexical
y7124553.vip,vi,0.93,prefix_suffix,lexical
reliablecarclinic.site,nic,0.93,prefix_suffix,lexical
vietnamtoidep.com,vi,0.93,prefix_suffix,lexical
bailety555.vip,vi,0.93,prefix_suffix,lexical
3c1xir.top,eci,0.93,prefix_suffix,lexical
brightfutureaxis.com,axis,0.93,prefix_suffix,lexical
vickywilliams.shop,vi,0.93,prefix_suffix,lexical
26124592.vip,vi,0.93,prefix_suffix,lexical
zhibodou.vip,vi,0.93,prefix_suffix,lexical
jonathandionmercyclinic.org,nic,0.93,prefix_suffix,lexical
abcavl.com,vi,0.93,prefix_suffix,lexical
vividtowing.com,vi,0.93,prefix_suffix,lexical
chronicandtonic.com,nic,0.93,prefix_suffix,lexical
borgovi.com,vi,0.93,prefix_suffix,lexical
buy-glucotonic.site,nic,0.93,prefix_suffix,lexical
vip88ww.com,vi,0.93,prefix_suffix,lexical
jiobaeart.com,jio,0.93,prefix_suffix,lexical
videogamedownloads.com,vi,0.93,prefix_suffix,lexical
7day11.vip,vi,0.93,prefix_suffix,lexical
rsrbi.com,rbi,0.93,prefix_suffix,lexical
nhasieudep.com,nha,0.93,prefix_suffix,lexical
gemeinschaftspraxis-baselland.ch,axis,0.93,prefix_suffix,lexical
vippgslots2.com,vi,0.93,prefix_suffix,lexical
visitvestland.com,vi,0.93,prefix_suffix,lexical
165454.vip,vi,0.93,prefix_suffix,lexical
virandoarte.com,vi,0.93,prefix_suffix,lexical
770287.vip,vi,0.93,prefix_suffix,lexical
axisoffice.com,axis,0.93,prefix_suffix,lexical
tidjai888.vip,vi,0.93,prefix_suffix,lexical
trippleh.vip,vi,0.93,prefix_suffix,lexical
tdjcu.vip,vi,0.93,prefix_suffix,lexical
vipking.app,vi,0.93,prefix_suffix,lexical
nicegift.us,nic,0.93,prefix_suffix,lexical
didi51-t0392.vip,vi,0.93,prefix_suffix,lexical
visionopale.com,vi,0.93,prefix_suffix,lexical
betwoon-gunceli.vip,vi,0.93,prefix_suffix,lexical
visualmemoryunit.com,vi,0.93,prefix_suffix,lexical
videostreams.xyz,vi,0.93,prefix_suffix,lexical
visitnewhavenmo.com,vi,0.93,prefix_suffix,lexical
6ccx.vip,vi,0.93,prefix_suffix,lexical
wlunabet-vip.com,vi,0.93,prefix_suffix,lexical
lucky88-vip1.com,vi,0.93,prefix_suffix,lexical
849zz998.vip,vi,0.93,prefix_suffix,lexical
qm666.vip,vi,0.93,prefix_suffix,lexical
vivrewellness.com,vi,0.93,prefix_suffix,lexical
vinyl-hub.com,vi,0.93,prefix_suffix,lexical
armchair.vip,vi,0.93,prefix_suffix,lexical
vibecove.shop,vi,0.93,prefix_suffix,lexical
vistememoda.com,vi,0.93,prefix_suffix,lexical
giuliameci.com,eci,0.93,prefix_suffix,lexical
hpywq.vip,vi,0.93,prefix_suffix,lexical
betgarantionline01.vip,vi,0.93,prefix_suffix,lexical
5m97nt5.vip,vi,0.93,prefix_suffix,lexical
violet-flower.com,vi,0.93,prefix_suffix,lexical
tizei.vip,vi,0.93,prefix_suffix,lexical
viksitbharathub.com,vi,0.93,prefix_suffix,lexical
barberbob.com,bob,0.93,prefix_suffix,lexical
jhckz.vip,vi,0.93,prefix_suffix,lexical
vibekr.com,vi,0.93,prefix_suffix,lexical
60509.vip,vi,0.93,prefix_suffix,lexical
perfumeclinic.com,nic,0.93,prefix_suffix,lexical
vie1wrbi01kn3931tzbd.top,vi,0.93,prefix_suffix,lexical
aresbet-resmitr.vip,vi,0.93,prefix_suffix,lexical
visamp21.shop,vi,0.93,prefix_suffix,lexical
rome789.vip,vi,0.93,prefix_suffix,lexical
578955.vip,vi,0.93,prefix_suffix,lexical
vittalumaa.com,vi,0.93,prefix_suffix,lexical
vipatex.com,vi,0.93,prefix_suffix,lexical
v1nbostwwapl.icu,vi,0.93,prefix_suffix,lexical
vireqina.com,vi,0.93,prefix_suffix,lexical
betvn999.vip,vi,0.93,prefix_suffix,lexical
5736app8.vip,vi,0.93,prefix_suffix,lexical
whats-znq.vip,vi,0.93,prefix_suffix,lexical
visuali.us,vi,0.93,prefix_suffix,lexical
ac51.vip,vi,0.93,prefix_suffix,lexical
k9cj.vip,vi,0.93,prefix_suffix,lexical
viatus.com,vi,0.93,prefix_suffix,lexical
dannyrovi.com,vi,0.93,prefix_suffix,lexical
88vnc1c2.vip,vi,0.93,prefix_suffix,lexical
vishayvakta.com,vi,0.93,prefix_suffix,lexical
h65bl.top,sbi,0.93,prefix_suffix,lexical
riywj.vip,vi,0.93,prefix_suffix,lexical
slot888wdterus81.site,sbi,0.93,prefix_suffix,lexical
vistruointeriors.com,vi,0.93,prefix_suffix,lexical
3ci8r2.beauty,eci,0.93,prefix_suffix,lexical
fqty117.vip,vi,0.93,prefix_suffix,lexical
vistavuesite.com,vi,0.93,prefix_suffix,lexical
bobei567.cc,bob,0.93,prefix_suffix,lexical
cpebusmkqu.vip,vi,0.93,prefix_suffix,lexical
8dzxgt.vip,vi,0.93,prefix_suffix,lexical
kodlgr.vip,vi,0.93,prefix_suffix,lexical
71886.vip,vi,0.93,prefix_suffix,lexical
vittoriacommunity.com,vi,0.93,prefix_suffix,lexical
hausfrauen-livecams.com,cams,0.93,prefix_suffix,lexical
98ab12.vip,vi,0.93,prefix_suffix,lexical
villeculture.com,vi,0.93,prefix_suffix,lexical
xv7n1c.top,nic,0.93,prefix_suffix,lexical
vineandveranda.com,vi,0.93,prefix_suffix,lexical
vitevineria.com.br,vi,0.93,prefix_suffix,lexical
virginiapotshops.com,vi,0.93,prefix_suffix,lexical
26124598.vip,vi,0.93,prefix_suffix,lexical
l6bv3u.vip,vi,0.93,prefix_suffix,lexical
visiongamingonline.com,vi,0.93,prefix_suffix,lexical
virtualdeliverygroup.com,vi,0.93,prefix_suffix,lexical
bobfairchild.com,bob,0.93,prefix_suffix,lexical
lanaiorganic.com,nic,0.93,prefix_suffix,lexical
viagragenr.com,vi,0.93,prefix_suffix,lexical
e2t9r.vip,vi,0.93,prefix_suffix,lexical
nicoledegeorgephoto.com,nic,0.93,prefix_suffix,lexical
vixzone.rest,vi,0.93,prefix_suffix,lexical
nicklemen.com,nic,0.93,prefix_suffix,lexical
111bo77.vip,vi,0.93,prefix_suffix,lexical
87136.vip,vi,0.93,prefix_suffix,lexical
bisonusssp.vip,vi,0.93,prefix_suffix,lexical
locis.us,iocl,0.93,prefix_suffix,lexical
vitatango.store,vi,0.93,prefix_suffix,lexical
vic.vet,vi,0.93,prefix_suffix,lexical
t-visionsucks.com,vi,0.93,prefix_suffix,lexical
didi51-t0317.vip,vi,0.93,prefix_suffix,lexical
688football.vip,vi,0.93,prefix_suffix,lexical
asklevi.law,vi,0.93,prefix_suffix,lexical
26124567.vip,vi,0.93,prefix_suffix,lexical
77777sat.vip,vi,0.93,prefix_suffix,lexical
corechip-vip.com,vi,0.93,prefix_suffix,lexical
40604.vip,vi,0.93,prefix_suffix,lexical
c784.vip,vi,0.93,prefix_suffix,lexical
vibasunstone.org,vi,0.93,prefix_suffix,lexical
0203com0418.vip,vi,0.93,prefix_suffix,lexical
virtexbim.co,vi,0.93,prefix_suffix,lexical
apkworld.vip,vi,0.93,prefix_suffix,lexical
vltecinfo.com.br,vi,0.93,prefix_suffix,lexical
videofed.com,vi,0.93,prefix_suffix,lexical
bobspond.com,bob,0.93,prefix_suffix,lexical
rdetp.vip,vi,0.93,prefix_suffix,lexical
bobsmarketing.com,bob,0.93,prefix_suffix,lexical
vlse8.com,vi,0.93,prefix_suffix,lexical
h47vl.top,vi,0.93,prefix_suffix,lexical
67006.vip,vi,0.93,prefix_suffix,lexical
cherbi.com,rbi,0.93,prefix_suffix,lexical
02212.vip,vi,0.93,prefix_suffix,lexical
revirehab.vip,vi,0.93,prefix_suffix,lexical
sonic.services,nic,0.93,prefix_suffix,lexical
vip234com.com.br,vi,0.93,prefix_suffix,lexical
963963.vip,vi,0.93,prefix_suffix,lexical
vinorosanti.com,vi,0.93,prefix_suffix,lexical
didi51-t0330.vip,vi,0.93,prefix_suffix,lexical
visitwimbledon.com,vi,0.93,prefix_suffix,lexical
vibstract.com,vi,0.93,prefix_suffix,lexical
y7124491.vip,vi,0.93,prefix_suffix,lexical
81987.vip,vi,0.93,prefix_suffix,lexical
villamonaco.info,vi,0.93,prefix_suffix,lexical
bobchat.xyz,bob,0.93,prefix_suffix,lexical
vipticket.us,vi,0.93,prefix_suffix,lexical
vitfy.store,vi,0.93,prefix_suffix,lexical
vitalwow.com,vi,0.93,prefix_suffix,lexical
guhzy.vip,vi,0.93,prefix_suffix,lexical
nicode.us,nic,0.93,prefix_suffix,lexical
victorsme.com,vi,0.93,prefix_suffix,lexical
vivalavic.com,vi,0.93,prefix_suffix,lexical
irisecoservi.com,vi,0.93,prefix_suffix,lexical
aerolife.vip,vi,0.93,prefix_suffix,lexical
visuo.us,vi,0.93,prefix_suffix,lexical
vip-king.help,vi,0.93,prefix_suffix,lexical
y7124562.vip,vi,0.93,prefix_suffix,lexical
68w0b.vip,vi,0.93,prefix_suffix,lexical
vipsolana.xyz,vi,0.93,prefix_suffix,lexical
nichednl.com,nic,0.93,prefix_suffix,lexical
lbptc.vip,vi,0.93,prefix_suffix,lexical
tm159.vip,vi,0.93,prefix_suffix,lexical
virtualbusinessworkshops.com,vi,0.93,prefix_suffix,lexical
vibendwear.com,vi,0.93,prefix_suffix,lexical
virtualrevolt.com,vi,0.93,prefix_suffix,lexical
video2purchaseai.info,vi,0.93,prefix_suffix,lexical
h63cl.top,eci,0.93,prefix_suffix,lexical
viagus.online,vi,0.93,prefix_suffix,lexical
victorvillecoachbusservice.com,vi,0.93,prefix_suffix,lexical
cuktr.vip,vi,0.93,prefix_suffix,lexical
qinlang.vip,vi,0.93,prefix_suffix,lexical
vidrayshop.com.br,vi,0.93,prefix_suffix,lexical
y7124434.vip,vi,0.93,prefix_suffix,lexical
travelprivi.com,vi,0.93,prefix_suffix,lexical
visoft.uz,vi,0.93,prefix_suffix,lexical
anhaminha.com,nha,0.93,prefix_suffix,lexical
y7123764.vip,vi,0.93,prefix_suffix,lexical
vic.credit,vi,0.93,prefix_suffix,lexical
eplew.vip,vi,0.93,prefix_suffix,lexical
videolookwalkers.com,vi,0.93,prefix_suffix,lexical
viciyama.com,vi,0.93,prefix_suffix,lexical
lufttaxis.xyz,axis,0.93,prefix_suffix,lexical
vizitdrive.com,vi,0.93,prefix_suffix,lexical
vlss.pro,vi,0.93,prefix_suffix,lexical
znews.vip,vi,0.93,prefix_suffix,lexical
videocompliance.be,vi,0.93,prefix_suffix,lexical
rdefineclinic.com,nic,0.93,prefix_suffix,lexical
viveropalmeras.com,vi,0.93,prefix_suffix,lexical
viableclang.com,vi,0.93,prefix_suffix,lexical
sachidisappeared.shop,sac,0.93,prefix_suffix,lexical
ravi-patel.ca,vi,0.93,prefix_suffix,lexical
didi51-t0384.vip,vi,0.93,prefix_suffix,lexical
fcibob.store,bob,0.93,prefix_suffix,lexical
victorjesusparrish.com,vi,0.93,prefix_suffix,lexical
bobebeauty.com,bob,0.93,prefix_suffix,lexical
china-ville.com,vi,0.93,prefix_suffix,lexical
vidioslot.net,vi,0.93,prefix_suffix,lexical
vialvault.app,vi,0.93,prefix_suffix,lexical
849cc577.vip,vi,0.93,prefix_suffix,lexical
visaneststudy.com,vi,0.93,prefix_suffix,lexical
sacramento.marketing,sac,0.93,prefix_suffix,lexical
vineylaw.com,vi,0.93,prefix_suffix,lexical
1xbet-download.vip,vi,0.93,prefix_suffix,lexical
vicryl.us,vi,0.93,prefix_suffix,lexical
fa888.vip,vi,0.93,prefix_suffix,lexical
cerberus19.vip,vi,0.93,prefix_suffix,lexical
mmj-clinic.com,nic,0.93,prefix_suffix,lexical
whats-cu.vip,vi,0.93,prefix_suffix,lexical
vlpasesoriasnorte.net,vi,0.93,prefix_suffix,lexical
goletkahvaltievi.com,vi,0.93,prefix_suffix,lexical
viraldroid.com,vi,0.93,prefix_suffix,lexical
gydnv.vip,vi,0.93,prefix_suffix,lexical
villashade.com,vi,0.93,prefix_suffix,lexical
vikingshow.com,vi,0.93,prefix_suffix,lexical
slots-vipin.com,vi,0.93,prefix_suffix,lexical
cerberus18.vip,vi,0.93,prefix_suffix,lexical
qgaas21.vip,vi,0.93,prefix_suffix,lexical
811011.vip,vi,0.93,prefix_suffix,lexical
naturalenvi.com,vi,0.93,prefix_suffix,lexical
cerberus17.vip,vi,0.93,prefix_suffix,lexical
visitnewbritain.com,vi,0.93,prefix_suffix,lexical
wuaidz7.vip,vi,0.93,prefix_suffix,lexical
irjpar.vip,vi,0.93,prefix_suffix,lexical
elmsteadmedicalclinic.com,nic,0.93,prefix_suffix,lexical
sachi508.com,sac,0.93,prefix_suffix,lexical
481552.vip,vi,0.93,prefix_suffix,lexical
u8886.vip,vi,0.93,prefix_suffix,lexical
nicolepollina.com,nic,0.93,prefix_suffix,lexical
cdalforeozo.vip,vi,0.93,prefix_suffix,lexical
vipluxury.us,vi,0.93,prefix_suffix,lexical
303nn.vip,vi,0.93,prefix_suffix,lexical
virello24.pl,vi,0.93,prefix_suffix,lexical
peristeronic.biz,nic,0.93,prefix_suffix,lexical
nicolesaenzart.net,nic,0.93,prefix_suffix,lexical
07803.vip,vi,0.93,prefix_suffix,lexical
07078.vip,vi,0.93,prefix_suffix,lexical
viborigolosa90.digital,vi,0.93,prefix_suffix,lexical
viauni.com,vi,0.93,prefix_suffix,lexical
onekey88.vip,vi,0.93,prefix_suffix,lexical
zaprq15.vip,vi,0.93,prefix_suffix,lexical
pruittswellnessclinic.com,nic,0.93,prefix_suffix,lexical
victoragencypros.com,vi,0.93,prefix_suffix,lexical
sacralfunctiontherapy.com,sac,0.93,prefix_suffix,lexical
vivint-specials.com,vi,0.93,prefix_suffix,lexical
58107.blog,sbi,0.93,prefix_suffix,lexical
playy97.vip,vi,0.93,prefix_suffix,lexical
kgccjl.vip,vi,0.93,prefix_suffix,lexical
viafinance.com,vi,0.93,prefix_suffix,lexical
videoforbusinesspromotion.com,vi,0.93,prefix_suffix,lexical
86053.vip,vi,0.93,prefix_suffix,lexical
betvn19.vip,vi,0.93,prefix_suffix,lexical
nhaofang4.top,nha,0.93,prefix_suffix,lexical
villadellequerce.com,vi,0.93,prefix_suffix,lexical
viewermh.info,vi,0.93,prefix_suffix,lexical
kaizenvirtualclinic.com,nic,0.93,prefix_suffix,lexical
vibracarenow.com,vi,0.93,prefix_suffix,lexical
zagrosclinic.com,nic,0.93,prefix_suffix,lexical
v1sh0us3.cyou,vi,0.93,prefix_suffix,lexical
dzfrvzi208.vip,vi,0.93,prefix_suffix,lexical
jivakdentalclinic.com,nic,0.93,prefix_suffix,lexical
ipbep.vip,vi,0.93,prefix_suffix,lexical
74065.vip,vi,0.93,prefix_suffix,lexical
eclatoit.com,eci,0.93,prefix_suffix,lexical
tekgirisimizburasi2026.vip,vi,0.93,prefix_suffix,lexical
h48vl.top,vi,0.93,prefix_suffix,lexical
lateliervi.com,vi,0.93,prefix_suffix,lexical
mavi-enyenigirise.icu,vi,0.93,prefix_suffix,lexical
viralrathod.com,vi,0.93,prefix_suffix,lexical
71486.vip,vi,0.93,prefix_suffix,lexical
vitalfit.us,vi,0.93,prefix_suffix,lexical
viaamarela.com,vi,0.93,prefix_suffix,lexical
flintaxis.com,axis,0.93,prefix_suffix,lexical
visiocore-co.us,vi,0.93,prefix_suffix,lexical
vintryhub.digital,vi,0.93,prefix_suffix,lexical
aisub.vip,vi,0.93,prefix_suffix,lexical
finisher-videos.com,vi,0.93,prefix_suffix,lexical
bj-baji.vip,vi,0.93,prefix_suffix,lexical
bisege.vip,vi,0.93,prefix_suffix,lexical
trade01.vip,vi,0.93,prefix_suffix,lexical
bvtzb6v1.top,vi,0.93,prefix_suffix,lexical
xtjxf.vip,vi,0.93,prefix_suffix,lexical
com-yhr.vip,vi,0.93,prefix_suffix,lexical
vibration5.co.uk,vi,0.93,prefix_suffix,lexical
vitalmovementarts.com,vi,0.93,prefix_suffix,lexical
26124323.vip,vi,0.93,prefix_suffix,lexical
76575.vip,vi,0.93,prefix_suffix,lexical
sacha-raphael.xyz,sac,0.93,prefix_suffix,lexical
11944.vip,vi,0.93,prefix_suffix,lexical
qs666.vip,vi,0.93,prefix_suffix,lexical
vitanarapo.info,vi,0.93,prefix_suffix,lexical
antikcamevi.com,vi,0.93,prefix_suffix,lexical
kanash-tv1.online,vi,0.93,prefix_suffix,lexical
namsissd.vip,vi,0.93,prefix_suffix,lexical
bobei166.vip,bob,0.93,prefix_suffix,lexical
tak-laggning-58140.click,sbi,0.93,prefix_suffix,lexical
betvn888.vip,vi,0.93,prefix_suffix,lexical
dormm.vip,vi,0.93,prefix_suffix,lexical
auz9.vip,vi,0.93,prefix_suffix,lexical
visitfloccare.xyz,vi,0.93,prefix_suffix,lexical
vietastenz.com,vi,0.93,prefix_suffix,lexical
ccc777.vip,vi,0.93,prefix_suffix,lexical
alatregiavi.cloud,vi,0.93,prefix_suffix,lexical
vidoo.net,vi,0.93,prefix_suffix,lexical
ving888-auto.com,vi,0.93,prefix_suffix,lexical
everythingspongebob.com,bob,0.93,prefix_suffix,lexical
ecilarollc.com,eci,0.93,prefix_suffix,lexical
sacenters.lat,sac,0.93,prefix_suffix,lexical
almadinamedicalclinic.icu,nic,0.93,prefix_suffix,lexical
85368842.com,bse,0.93,prefix_suffix,lexical
myvibes369.com,vi,0.93,prefix_suffix,lexical
ddys01.vip,vi,0.93,prefix_suffix,lexical
nivorentaxis.world,axis,0.93,prefix_suffix,lexical
ajudanavakinha.com,nha,0.93,prefix_suffix,lexical
visioneiz.com,vi,0.93,prefix_suffix,lexical
rachvi.click,vi,0.93,prefix_suffix,lexical
man777.vip,vi,0.93,prefix_suffix,lexical
visitmandalay.com,vi,0.93,prefix_suffix,lexical
viralvibes.us,vi,0.93,prefix_suffix,lexical
bsp8.vip,vi,0.93,prefix_suffix,lexical
videoassistant.top,vi,0.93,prefix_suffix,lexical
thetradingclub.vip,vi,0.93,prefix_suffix,lexical
gsdiu.vip,vi,0.93,prefix_suffix,lexical
nicetopbest.com,nic,0.93,prefix_suffix,lexical
vivasorte.space,vi,0.93,prefix_suffix,lexical
vivxr.com,vi,0.93,prefix_suffix,lexical
parlaksac.store,sac,0.93,prefix_suffix,lexical
vickierenee.com,vi,0.93,prefix_suffix,lexical
ecis.us,eci,0.93,prefix_suffix,lexical
call-a-mechanic.com,nic,0.93,prefix_suffix,lexical
vitilitigate.biz,vi,0.93,prefix_suffix,lexical
5736im8.vip,vi,0.93,prefix_suffix,lexical
didi51-t0355.vip,vi,0.93,prefix_suffix,lexical
sallysolarabeautyclinic.store,nic,0.93,prefix_suffix,lexical
vincecamutoshop.com,vi,0.93,prefix_suffix,lexical
26124449.vip,vi,0.93,prefix_suffix,lexical
aq999-vip.com,vi,0.93,prefix_suffix,lexical
videolayer.pro,vi,0.93,prefix_suffix,lexical
kevinbookersports.vip,vi,0.93,prefix_suffix,lexical
apksoftonic.com.pk,nic,0.93,prefix_suffix,lexical
vitalecontracting.com,vi,0.93,prefix_suffix,lexical
videofrontiers.com,vi,0.93,prefix_suffix,lexical
859550.vip,vi,0.93,prefix_suffix,lexical
67273.vip,vi,0.93,prefix_suffix,lexical
twttr.vip,vi,0.93,prefix_suffix,lexical
09144.vip,vi,0.93,prefix_suffix,lexical
homeloansmadesimple.com,sbi,0.93,prefix_suffix,lexical
849nn766.vip,vi,0.93,prefix_suffix,lexical
849bb566.vip,vi,0.93,prefix_suffix,lexical
zpihi217.vip,vi,0.93,prefix_suffix,lexical
visoract.com,vi,0.93,prefix_suffix,lexical
viewbayareahomes.com,vi,0.93,prefix_suffix,lexical
9dbetbr.vip,vi,0.93,prefix_suffix,lexical
lzwkw.vip,vi,0.93,prefix_suffix,lexical
104-01-5811871.shop,sbi,0.93,prefix_suffix,lexical
vibehome.org,vi,0.93,prefix_suffix,lexical
849uu369.vip,vi,0.93,prefix_suffix,lexical
avis-vis.com,vi,0.93,prefix_suffix,lexical
arenclinic.com,nic,0.93,prefix_suffix,lexical
visionremoteit.com,vi,0.93,prefix_suffix,lexical
12346.vip,vi,0.93,prefix_suffix,lexical
dodoh.vip,vi,0.93,prefix_suffix,lexical
qm136qw3ci.garden,eci,0.93,prefix_suffix,lexical
ztu222.vip,vi,0.93,prefix_suffix,lexical
chuanqi888.vip,vi,0.93,prefix_suffix,lexical
visitserradaestrela.com,vi,0.93,prefix_suffix,lexical
saczoofamilies.org,sac,0.93,prefix_suffix,lexical
considerablet.vip,vi,0.93,prefix_suffix,lexical
eclipse-france.com,eci,0.93,prefix_suffix,lexical
villagionailslounge.com,vi,0.93,prefix_suffix,lexical
t-visioncare.com,vi,0.93,prefix_suffix,lexical
fuawf.vip,vi,0.93,prefix_suffix,lexical
virtual-meeting-software-sdni-t2.click,vi,0.93,prefix_suffix,lexical
nicheloanburst.com,nic,0.93,prefix_suffix,lexical
royalbet-mobil.vip,vi,0.93,prefix_suffix,lexical
vlb4yk.makeup,vi,0.93,prefix_suffix,lexical
nicksdeal.com,nic,0.93,prefix_suffix,lexical
v126sg.top,vi,0.93,prefix_suffix,lexical
4stoov.vip,vi,0.93,prefix_suffix,lexical
jiopardize.com,jio,0.93,prefix_suffix,lexical
nelovpn.vip,vi,0.93,prefix_suffix,lexical
scqt99.vip,vi,0.93,prefix_suffix,lexical
capitolbet-guncelgirisimiz.vip,vi,0.93,prefix_suffix,lexical
vibeleadsai.com,vi,0.93,prefix_suffix,lexical
vllssseat.sbs,vi,0.93,prefix_suffix,lexical
nicheloanpartnerco.com,nic,0.93,prefix_suffix,lexical
vic919.xin,vi,0.93,prefix_suffix,lexical
vibin.click,vi,0.93,prefix_suffix,lexical
vintagecarhirederby.com,vi,0.93,prefix_suffix,lexical
admp3tj.vip,vi,0.93,prefix_suffix,lexical
sacramentomushrooms.com,sac,0.93,prefix_suffix,lexical
brandloom.vip,vi,0.93,prefix_suffix,lexical
byy5.vip,vi,0.93,prefix_suffix,lexical
vitaldenty.com,vi,0.93,prefix_suffix,lexical
vinculorh.com.mx,vi,0.93,prefix_suffix,lexical
carpinortesac.com,sac,0.93,prefix_suffix,lexical
vaohangtv1.com,vi,0.93,prefix_suffix,lexical
rffdhjvl.xyz,vi,0.93,prefix_suffix,lexical
web-views.com,vi,0.93,prefix_suffix,lexical
livejqbf.vip,vi,0.93,prefix_suffix,lexical
vibebtc.xyz,vi,0.93,prefix_suffix,lexical
hayakawa-s-clinic.com,nic,0.93,prefix_suffix,lexical
jd555.vip,vi,0.93,prefix_suffix,lexical
visioncrew.org,vi,0.93,prefix_suffix,lexical
vikingrepairevergreen.com,vi,0.93,prefix_suffix,lexical
victoryoverpostparumdepression.com,vi,0.93,prefix_suffix,lexical
vintesbd.com,vi,0.93,prefix_suffix,lexical
t-visionretailers.com,vi,0.93,prefix_suffix,lexical
nicolecshamilton.com,nic,0.93,prefix_suffix,lexical
virteko.com,vi,0.93,prefix_suffix,lexical
doutorzinha.com.br,nha,0.93,prefix_suffix,lexical
viewinvestments.com,vi,0.93,prefix_suffix,lexical
kuepbe.vip,vi,0.93,prefix_suffix,lexical
gbwzf.vip,vi,0.93,prefix_suffix,lexical
viniey.com,vi,0.93,prefix_suffix,lexical
vipnatu.com,vi,0.93,prefix_suffix,lexical
visual-feeling.com,vi,0.93,prefix_suffix,lexical
jom333.vip,vi,0.93,prefix_suffix,lexical
yigtu.vip,vi,0.93,prefix_suffix,lexical
vietnamviaggiarte.com,vi,0.93,prefix_suffix,lexical
vicbensecltd.com,vi,0.93,prefix_suffix,lexical
vitaminsequilibres.info,vi,0.93,prefix_suffix,lexical
activityjajvvi.sbs,vi,0.93,prefix_suffix,lexical
zero07.vip,vi,0.93,prefix_suffix,lexical
trxlf.vip,vi,0.93,prefix_suffix,lexical
visitlomboksumbawa.com,vi,0.93,prefix_suffix,lexical
virginiairishroadbowlingassociation.com,vi,0.93,prefix_suffix,lexical
vip-2026cwc-fifa.com,vi,0.93,prefix_suffix,lexical
bahiscasino-dogrudur.vip,vi,0.93,prefix_suffix,lexical
t-visionplaintiff.com,vi,0.93,prefix_suffix,lexical
videotrustcorp.cyou,vi,0.93,prefix_suffix,lexical
nicolahare.com,nic,0.93,prefix_suffix,lexical
visitinos.com,vi,0.93,prefix_suffix,lexical
lambcams.com,cams,0.93,prefix_suffix,lexical
staff-rk.vip,vi,0.93,prefix_suffix,lexical
video2cart.info,vi,0.93,prefix_suffix,lexical
5g55.vip,vi,0.93,prefix_suffix,lexical
vipluxurygold.online,vi,0.93,prefix_suffix,lexical
vibemodas.store,vi,0.93,prefix_suffix,lexical
zh-vip-fnesports.com,vi,0.93,prefix_suffix,lexical
viverlevebr.com,vi,0.93,prefix_suffix,lexical
ill42o.vip,vi,0.93,prefix_suffix,lexical
com-visiocore.com,vi,0.93,prefix_suffix,lexical
vectorhue.vip,vi,0.93,prefix_suffix,lexical
vlessnode.com,vi,0.93,prefix_suffix,lexical
bobothebear.xyz,bob,0.93,prefix_suffix,lexical
512fj.vip,vi,0.93,prefix_suffix,lexical
vingeroad.click,vi,0.93,prefix_suffix,lexical
groupcypsac.com,sac,0.93,prefix_suffix,lexical
ppxwprvl.xyz,vi,0.93,prefix_suffix,lexical
en-us-visiocore.com,vi,0.93,prefix_suffix,lexical
nickmillerinsurance.com,nic,0.93,prefix_suffix,lexical
vivsecurenet.com,vi,0.93,prefix_suffix,lexical
vignettetmotorvay.online,vi,0.93,prefix_suffix,lexical
lw889.vip,vi,0.93,prefix_suffix,lexical
akspoker.vip,vi,0.93,prefix_suffix,lexical
vitango.us,vi,0.93,prefix_suffix,lexical
visionswindowtint.com,vi,0.93,prefix_suffix,lexical
abr55.vip,vi,0.93,prefix_suffix,lexical
hfdfgdhghfjhurytytr.vip,vi,0.93,prefix_suffix,lexical
vineaplatform.com,vi,0.93,prefix_suffix,lexical
kumamoto-navi.com,vi,0.93,prefix_suffix,lexical
brandedbygvl.com,vi,0.93,prefix_suffix,lexical
29638.vip,vi,0.93,prefix_suffix,lexical
vl8q24.top,vi,0.93,prefix_suffix,lexical
dgtserf.vip,vi,0.93,prefix_suffix,lexical
vlnwlxtj.sbs,vi,0.93,prefix_suffix,lexical
t-visionplans.com,vi,0.93,prefix_suffix,lexical
vistaacrespool.com,vi,0.93,prefix_suffix,lexical
nicole-wetzel.com,nic,0.93,prefix_suffix,lexical
visibel.one,vi,0.93,prefix_suffix,lexical
runvivi.com,vi,0.93,prefix_suffix,lexical
e-vironmental.com,vi,0.93,prefix_suffix,lexical
antrv.vip,vi,0.93,prefix_suffix,lexical
velvetvoyages.vip,vi,0.93,prefix_suffix,lexical
viriflo.us,vi,0.93,prefix_suffix,lexical
vidahogar.co,vi,0.93,prefix_suffix,lexical
vilq.com,vi,0.93,prefix_suffix,lexical
visitsmolensk-amp.site,vi,0.93,prefix_suffix,lexical
viralutilidades.com,vi,0.93,prefix_suffix,lexical
y7124312.vip,vi,0.93,prefix_suffix,lexical
h2ary0.vip,vi,0.93,prefix_suffix,lexical
vippgslots6.com,vi,0.93,prefix_suffix,lexical
0507a.vip,vi,0.93,prefix_suffix,lexical
cointeamsjhvi.com,vi,0.93,prefix_suffix,lexical
proxivi.com,vi,0.93,prefix_suffix,lexical
vinelytix.com,vi,0.93,prefix_suffix,lexical
visionfixx.com,vi,0.93,prefix_suffix,lexical
casiqom-tekgirisim.vip,vi,0.93,prefix_suffix,lexical
83750.vip,vi,0.93,prefix_suffix,lexical
visitpontianak.com,vi,0.93,prefix_suffix,lexical
viaja365ve.com,vi,0.93,prefix_suffix,lexical
vireafirenze.com,vi,0.93,prefix_suffix,lexical
minceur-vital.today,vi,0.93,prefix_suffix,lexical
ykkog.vip,vi,0.93,prefix_suffix,lexical
azvzhvl.shop,vi,0.93,prefix_suffix,lexical
e-toll-bill.vip,vi,0.93,prefix_suffix,lexical
ouch.clinic,nic,0.93,prefix_suffix,lexical
vitalvent.com,vi,0.93,prefix_suffix,lexical
vip808.org,bob,0.93,prefix_suffix,lexical
narkopraxis.com,axis,0.93,prefix_suffix,lexical
vibeglam.shop,vi,0.93,prefix_suffix,lexical
82529.vip,vi,0.93,prefix_suffix,lexical
70824.vip,vi,0.93,prefix_suffix,lexical
vibesrent.xyz,vi,0.93,prefix_suffix,lexical
virtualpropertyagent.com,vi,0.93,prefix_suffix,lexical
xcfkd.vip,vi,0.93,prefix_suffix,lexical
violashemasvoiceactor.com,vi,0.93,prefix_suffix,lexical
slotblastcasheuazzs.vip,vi,0.93,prefix_suffix,lexical
queenbtkazanturkiye2026.vip,vi,0.93,prefix_suffix,lexical
invarbbv.vip,vi,0.93,prefix_suffix,lexical
luxlvl.com,vi,0.93,prefix_suffix,lexical
virusstatus.com,vi,0.93,prefix_suffix,lexical
vingeteautobahn.site,vi,0.93,prefix_suffix,lexical
byharmonic.com,nic,0.93,prefix_suffix,lexical
vivicann.com,vi,0.93,prefix_suffix,lexical
ayanaskinclinic.com,nic,0.93,prefix_suffix,lexical
fb-google2.vip,vi,0.93,prefix_suffix,lexical
26124333.vip,vi,0.93,prefix_suffix,lexical
766588.vip,vi,0.93,prefix_suffix,lexical
didi51-t0323.vip,vi,0.93,prefix_suffix,lexical
ck11.vip,vi,0.93,prefix_suffix,lexical
b236g.vip,vi,0.93,prefix_suffix,lexical
fastpaycasino.vip,vi,0.93,prefix_suffix,lexical
chameleonclinic.com,nic,0.93,prefix_suffix,lexical
omdgu.vip,vi,0.93,prefix_suffix,lexical
thaoduoctaybac20vi.click,vi,0.93,prefix_suffix,lexical
fhyl8.vip,vi,0.93,prefix_suffix,lexical
videhachemicals.com,vi,0.93,prefix_suffix,lexical
max-56t.vip,vi,0.93,prefix_suffix,lexical
y7124423.vip,vi,0.93,prefix_suffix,lexical
cggkm.vip,vi,0.93,prefix_suffix,lexical
kilomi.vip,vi,0.93,prefix_suffix,lexical
z3makl.vip,vi,0.93,prefix_suffix,lexical
drraviclinic.com,nic,0.93,prefix_suffix,lexical
vladsalad.ru,vi,0.93,prefix_suffix,lexical
openoffice.vip,vi,0.93,prefix_suffix,lexical
viratechusa.com,vi,0.93,prefix_suffix,lexical
vigor-xpro.com,vi,0.93,prefix_suffix,lexical
vip-girl.com,vi,0.93,prefix_suffix,lexical
qkfqc.vip,vi,0.93,prefix_suffix,lexical
tneyki387.vip,vi,0.93,prefix_suffix,lexical
sumatraslimsbellytonic.com,nic,0.93,prefix_suffix,lexical
s2bn-visionary.info,vi,0.93,prefix_suffix,lexical
share-village.xyz,vi,0.93,prefix_suffix,lexical
munic.us,nic,0.93,prefix_suffix,lexical
viraracrepairservices.online,vi,0.93,prefix_suffix,lexical
vitaminisesidp.life,vi,0.93,prefix_suffix,lexical
mavibett-online.vip,vi,0.93,prefix_suffix,lexical
linkt-cc.vip,vi,0.93,prefix_suffix,lexical
visione-industriale-1.online,vi,0.93,prefix_suffix,lexical
victoriacollection.com,vi,0.93,prefix_suffix,lexical
62845.vip,vi,0.93,prefix_suffix,lexical
vinnie.us,vi,0.93,prefix_suffix,lexical
authntic.vip,vi,0.93,prefix_suffix,lexical
btcbox.vip,vi,0.93,prefix_suffix,lexical
bazi-vip.app,vi,0.93,prefix_suffix,lexical
vivekanandacollege.com,vi,0.93,prefix_suffix,lexical
vicetechnology.com,vi,0.93,prefix_suffix,lexical
bobcatcomoxvalley.com,bob,0.93,prefix_suffix,lexical
i136cc.vip,vi,0.93,prefix_suffix,lexical
visualsofaadhi.in,vi,0.93,prefix_suffix,lexical
vibriaoba.store,vi,0.93,prefix_suffix,lexical
moon10.vip,vi,0.93,prefix_suffix,lexical
etnrb1.vip,rbi,0.93,prefix_suffix,lexical
viudanegra.org,vi,0.93,prefix_suffix,lexical
clt-sac.com,sac,0.98,exact_label,lexical
vitalindextoday.com,vi,0.93,prefix_suffix,lexical
sackeyinc.com,sac,0.93,prefix_suffix,lexical
nhaxenhatrangsaigon.click,nha,0.93,prefix_suffix,lexical
lordfilm-iskusstvo-lyubvi.store,vi,0.93,prefix_suffix,lexical
viastudio.com.mx,vi,0.93,prefix_suffix,lexical
vitalcaremedicalsupplies.com,vi,0.93,prefix_suffix,lexical
intrend-vip.shop,vi,0.93,prefix_suffix,lexical
visithuman.com,vi,0.93,prefix_suffix,lexical
vitalidadoido.info,vi,0.93,prefix_suffix,lexical
bailety13.vip,vi,0.93,prefix_suffix,lexical
trtjbob.xyz,bob,0.93,prefix_suffix,lexical
06481.vip,vi,0.93,prefix_suffix,lexical
viningstownhome.com,vi,0.93,prefix_suffix,lexical
matsuura-dentalclinic.com,nic,0.93,prefix_suffix,lexical
visitingeurope.com,vi,0.93,prefix_suffix,lexical
championzonecentral.vip,vi,0.93,prefix_suffix,lexical
perabet-2026girisi.vip,vi,0.93,prefix_suffix,lexical
virtualexpert.us,vi,0.93,prefix_suffix,lexical
villajones.com,vi,0.93,prefix_suffix,lexical
byy6.vip,vi,0.93,prefix_suffix,lexical
wofqg.vip,vi,0.93,prefix_suffix,lexical
ormff.vip,vi,0.93,prefix_suffix,lexical
vlmmligacoes.sbs,vi,0.93,prefix_suffix,lexical
viacangiamillavineyards.com,vi,0.93,prefix_suffix,lexical
vividshoresofbonita.com,vi,0.93,prefix_suffix,lexical
vievieboutique.shop,vi,0.93,prefix_suffix,lexical
q7hxvi.cn,vi,0.93,prefix_suffix,lexical
admxgjianianhuamin.vip,vi,0.93,prefix_suffix,lexical
849ss366.vip,vi,0.93,prefix_suffix,lexical
villarricaservicios.com,vi,0.93,prefix_suffix,lexical
myvipani.online,vi,0.93,prefix_suffix,lexical
nharmory.com,nha,0.93,prefix_suffix,lexical
vitazen.us,vi,0.93,prefix_suffix,lexical
rtpcici4d.vip,vi,0.93,prefix_suffix,lexical
vlantagging.com,vi,0.93,prefix_suffix,lexical
bigislandorganic.com,nic,0.93,prefix_suffix,lexical
10867.vip,vi,0.93,prefix_suffix,lexical
nickhauenstein.com,nic,0.93,prefix_suffix,lexical
wcnrj1.vip,vi,0.93,prefix_suffix,lexical
ai-virtual-scribe-1.click,vi,0.93,prefix_suffix,lexical
visitantioquia.com,vi,0.93,prefix_suffix,lexical
globaleshop339.vip,vi,0.93,prefix_suffix,lexical
vicelabs.com,vi,0.93,prefix_suffix,lexical
visokaskolava.org,vi,0.93,prefix_suffix,lexical
uy5n11.vip,vi,0.93,prefix_suffix,lexical
vitabella.us,vi,0.93,prefix_suffix,lexical
visitdallasrewards.com,vi,0.93,prefix_suffix,lexical
vitality-residence.com,vi,0.93,prefix_suffix,lexical
virtualintel.com,vi,0.93,prefix_suffix,lexical
justjovi.com,vi,0.93,prefix_suffix,lexical
76560.vip,vi,0.93,prefix_suffix,lexical
servi-agroforest.com,vi,0.93,prefix_suffix,lexical
joshnioramechanic.org,nic,0.93,prefix_suffix,lexical
vitamingel.com,vi,0.93,prefix_suffix,lexical
virtuallpro.tech,vi,0.93,prefix_suffix,lexical
visalilystravelagency.click,vi,0.93,prefix_suffix,lexical
jrs-zhibo8-baidu.com,bob,0.93,prefix_suffix,lexical
vimerson.top,vi,0.93,prefix_suffix,lexical
99601.vip,vi,0.93,prefix_suffix,lexical
jasminbetguncel01.vip,vi,0.93,prefix_suffix,lexical
virtualfranchiseshows.com,vi,0.93,prefix_suffix,lexical
sack-handling.com,sac,0.93,prefix_suffix,lexical
com-elitec.vip,vi,0.93,prefix_suffix,lexical
b258l.xyz,sbi,0.93,prefix_suffix,lexical
prause-sachverstand.com,sac,0.93,prefix_suffix,lexical
mavibet-13giris.vip,vi,0.93,prefix_suffix,lexical
azjia.vip,vi,0.93,prefix_suffix,lexical
victorygdu.info,vi,0.93,prefix_suffix,lexical
cumnha.sa.com,nha,0.93,prefix_suffix,lexical
algotrading24.vip,vi,0.93,prefix_suffix,lexical
visjeans.pics,vi,0.93,prefix_suffix,lexical
betvn22.vip,vi,0.93,prefix_suffix,lexical
sacatechcloud.com,sac,0.93,prefix_suffix,lexical
fxgbyecl.cc,eci,0.93,prefix_suffix,lexical
vintagenirvananecklace.store,vi,0.93,prefix_suffix,lexical
casi-resmi2026.vip,vi,0.93,prefix_suffix,lexical
viewauctionfrequency.space,vi,0.93,prefix_suffix,lexical
fgaof.vip,vi,0.93,prefix_suffix,lexical
visium-proo.us,vi,0.93,prefix_suffix,lexical
sacredheartpei.com,sac,0.93,prefix_suffix,lexical
visualimpactante.com,vi,0.93,prefix_suffix,lexical
y7124591.vip,vi,0.93,prefix_suffix,lexical
vlacm.dk,vi,0.93,prefix_suffix,lexical
zwembadreiniger-49853.click,bse,0.93,prefix_suffix,lexical
ceramcodentalclinic.com,nic,0.93,prefix_suffix,lexical
vig1f.xyz,vi,0.93,prefix_suffix,lexical
bobclubcortina.com,bob,0.93,prefix_suffix,lexical
vl7w6o.top,vi,0.93,prefix_suffix,lexical
vinhbvdev.site,vi,0.93,prefix_suffix,lexical
vipbape.com,vi,0.93,prefix_suffix,lexical
vidaspreekt.blog,vi,0.93,prefix_suffix,lexical
dosjl.vip,vi,0.93,prefix_suffix,lexical
faraday-vienna.com,vi,0.93,prefix_suffix,lexical
jmtrtp.vip,vi,0.93,prefix_suffix,lexical
bobacheehub.click,bob,0.93,prefix_suffix,lexical
axiscranegroup.com,axis,0.93,prefix_suffix,lexical
qwulg.vip,vi,0.93,prefix_suffix,lexical
jordanyjeanhomeloans.org,sbi,0.93,prefix_suffix,lexical
earij.vip,vi,0.93,prefix_suffix,lexical
16808.net,bob,0.93,prefix_suffix,lexical
vitalformacion.lat,vi,0.93,prefix_suffix,lexical
vipmax.shop,vi,0.93,prefix_suffix,lexical
marketorganic.com,nic,0.93,prefix_suffix,lexical
hongcai-vip.com,vi,0.93,prefix_suffix,lexical
eclipsetintingmaui.com,eci,0.93,prefix_suffix,lexical
vigneronnewines.com,vi,0.93,prefix_suffix,lexical
axispfp.info,axis,0.93,prefix_suffix,lexical
vidaverde506.com,vi,0.93,prefix_suffix,lexical
vivatequilabar.com,vi,0.93,prefix_suffix,lexical
cindy-ville.com,vi,0.93,prefix_suffix,lexical
betvn16.vip,vi,0.93,prefix_suffix,lexical
vintageclothing.website,vi,0.93,prefix_suffix,lexical
688u0v.vip,vi,0.93,prefix_suffix,lexical
sjbzhibo-vip.com,vi,0.93,prefix_suffix,lexical
vilna.us,vi,0.93,prefix_suffix,lexical
viimk.com,vi,0.93,prefix_suffix,lexical
casiqom-moblgiris.vip,vi,0.93,prefix_suffix,lexical
sbirdashboard.com,sbi,0.93,prefix_suffix,lexical
virtualwellbeing.com,vi,0.93,prefix_suffix,lexical
vipboxsports.life,vi,0.93,prefix_suffix,lexical
algsac.com,sac,0.93,prefix_suffix,lexical
vladimirefimovox.shop,vi,0.93,prefix_suffix,lexical
ok8pg668.vip,vi,0.93,prefix_suffix,lexical
vinea-thestudio.com,vi,0.93,prefix_suffix,lexical
vitrine-en-verre.com,vi,0.93,prefix_suffix,lexical
vicbrickpavers.com,vi,0.93,prefix_suffix,lexical
vizfi.com,vi,0.93,prefix_suffix,lexical
vidian.us,vi,0.93,prefix_suffix,lexical
eclpstore.space,eci,0.93,prefix_suffix,lexical
orglls.com,census,0.93,prefix_suffix,lexical
78365458.vip,vi,0.93,prefix_suffix,lexical
enjoybet-linkim.vip,vi,0.93,prefix_suffix,lexical
cakhia66.vip,vi,0.93,prefix_suffix,lexical
nicedesk.fr,nic,0.93,prefix_suffix,lexical
xn--4gqx85e.top,bse,0.93,prefix_suffix,lexical
viszpractice.com,vi,0.93,prefix_suffix,lexical
26124590.vip,vi,0.93,prefix_suffix,lexical
21936.vip,vi,0.93,prefix_suffix,lexical
visionspark.top,vi,0.93,prefix_suffix,lexical
minercrypjor.vip,vi,0.93,prefix_suffix,lexical
camsmowing.com,cams,0.93,prefix_suffix,lexical
cc-vibe.com,vi,0.93,prefix_suffix,lexical
guvi.us,vi,0.93,prefix_suffix,lexical
betbaji.vip,vi,0.93,prefix_suffix,lexical
adamclinic.com,nic,0.93,prefix_suffix,lexical
vitalleadershipiq.com,vi,0.93,prefix_suffix,lexical
389-0.vip,vi,0.93,prefix_suffix,lexical
virtualrenaultdealer.com,vi,0.93,prefix_suffix,lexical
80320.vip,vi,0.93,prefix_suffix,lexical
myvlessultra.ru,vi,0.93,prefix_suffix,lexical
virginhunk.com,vi,0.93,prefix_suffix,lexical
nicolekoenig.shop,nic,0.93,prefix_suffix,lexical
9313uu.vip,vi,0.93,prefix_suffix,lexical
sachindongare.live,sac,0.93,prefix_suffix,lexical
bd777-vip.app,vi,0.93,prefix_suffix,lexical
j88u.vip,vi,0.93,prefix_suffix,lexical
vialco.com.co,vi,0.93,prefix_suffix,lexical
v1wedding.net,vi,0.93,prefix_suffix,lexical
vipalexis.com,vi,0.93,prefix_suffix,lexical
126428.vip,vi,0.93,prefix_suffix,lexical
duquesa-village.xyz,vi,0.93,prefix_suffix,lexical
nichedeal.shop,nic,0.93,prefix_suffix,lexical
qm777.vip,vi,0.93,prefix_suffix,lexical
servicecentr-vivo.ru,vi,0.93,prefix_suffix,lexical
bailety444.vip,vi,0.93,prefix_suffix,lexical
v1imfn2.pro,vi,0.93,prefix_suffix,lexical
26124368.vip,vi,0.93,prefix_suffix,lexical
56710.vip,vi,0.93,prefix_suffix,lexical
vlfks3.top,vi,0.93,prefix_suffix,lexical
lpaoa.vip,vi,0.93,prefix_suffix,lexical
bobbinsandbrushesbylinda.com,bob,0.93,prefix_suffix,lexical
iuclinic.com,nic,0.93,prefix_suffix,lexical
vivogenic.com,nic,0.93,prefix_suffix,lexical
darebak.vip,vi,0.93,prefix_suffix,lexical
808jewelry.com,bob,0.93,prefix_suffix,lexical
vimochanafarms.com,vi,0.93,prefix_suffix,lexical
oqgqz.vip,vi,0.93,prefix_suffix,lexical
qflpi.vip,vi,0.93,prefix_suffix,lexical
jinxiaoxi.vip,vi,0.93,prefix_suffix,lexical
50053.vip,vi,0.93,prefix_suffix,lexical
vidchart.in,vi,0.93,prefix_suffix,lexical
rivax.vip,vi,0.93,prefix_suffix,lexical
vinylcreationbyjenn.com,vi,0.93,prefix_suffix,lexical
viertueconsultoria.com,vi,0.93,prefix_suffix,lexical
visigame.com,vi,0.93,prefix_suffix,lexical
vipkiralikmotoryatlar.com,vi,0.93,prefix_suffix,lexical
imerovi.com,vi,0.93,prefix_suffix,lexical
h5vl.top,vi,0.93,prefix_suffix,lexical
vitalcommercial.com,vi,0.93,prefix_suffix,lexical
smartai.clinic,nic,0.93,prefix_suffix,lexical
cratosroyalbetgirisadress.vip,vi,0.93,prefix_suffix,lexical
456371.vip,vi,0.93,prefix_suffix,lexical
nutruvi.store,vi,0.93,prefix_suffix,lexical
19porn.vip,vi,0.93,prefix_suffix,lexical
sudchaqiruvi.digital,vi,0.93,prefix_suffix,lexical
vitasynergycenter.com,vi,0.93,prefix_suffix,lexical
viruzzhield.com,vi,0.93,prefix_suffix,lexical
villagerbudz.com,vi,0.93,prefix_suffix,lexical
notorganic.info,nic,0.93,prefix_suffix,lexical
vinabalo.com,vi,0.93,prefix_suffix,lexical
ferdinand.vip,vi,0.93,prefix_suffix,lexical
mangotv1.shop,vi,0.93,prefix_suffix,lexical
wktrust.vip,vi,0.93,prefix_suffix,lexical
nicemytip.com,nic,0.93,prefix_suffix,lexical
hkhkc.vip,vi,0.93,prefix_suffix,lexical
vladimircolas.bio,vi,0.93,prefix_suffix,lexical
42601.vip,vi,0.93,prefix_suffix,lexical
jovianic.com,nic,0.93,prefix_suffix,lexical
26642226.vip,vi,0.93,prefix_suffix,lexical
26124584.vip,vi,0.93,prefix_suffix,lexical
mogen80.vip,vi,0.93,prefix_suffix,lexical
aesthetic-art-clinic.com,nic,0.93,prefix_suffix,lexical
iorganic.us,nic,0.93,prefix_suffix,lexical
26124599.vip,vi,0.93,prefix_suffix,lexical
vinfastgiatothn.com,vi,0.93,prefix_suffix,lexical
vitrumsoft.com,vi,0.93,prefix_suffix,lexical
hgzf7n.vip,vi,0.93,prefix_suffix,lexical
1ravva.vip,vi,0.93,prefix_suffix,lexical
vinceparco.xyz,vi,0.93,prefix_suffix,lexical
vividpetals.com,vi,0.93,prefix_suffix,lexical
eclipseartwork.com,eci,0.93,prefix_suffix,lexical
vip-drugs.com,vi,0.93,prefix_suffix,lexical
vivadesignarch.com,vi,0.93,prefix_suffix,lexical
w4o3k4b0rgi.top,census,0.93,prefix_suffix,lexical
29dbar.vip,vi,0.93,prefix_suffix,lexical
qgkff.vip,vi,0.93,prefix_suffix,lexical
brooklynhealthclinic.com,nic,0.93,prefix_suffix,lexical
josho777.vip,vi,0.93,prefix_suffix,lexical
visaturkey.ru,vi,0.93,prefix_suffix,lexical
feiliulive.vip,vi,0.93,prefix_suffix,lexical
visaliaminibuscompany.com,vi,0.93,prefix_suffix,lexical
nupxj.vip,vi,0.93,prefix_suffix,lexical
virtualshopjm.com,vi,0.93,prefix_suffix,lexical
visitonair.com,vi,0.93,prefix_suffix,lexical
smartclinic-os.com,nic,0.93,prefix_suffix,lexical
one-we.vip,vi,0.93,prefix_suffix,lexical
vibracenterbr.com,vi,0.93,prefix_suffix,lexical
640150.vip,vi,0.93,prefix_suffix,lexical
virtualxpzone.com,vi,0.93,prefix_suffix,lexical
villardbonnot.com,vi,0.93,prefix_suffix,lexical
vividtreasuresera.shop,vi,0.93,prefix_suffix,lexical
villa-888.net,vi,0.93,prefix_suffix,lexical
ampliphonic.online,nic,0.93,prefix_suffix,lexical
vija.top,vi,0.93,prefix_suffix,lexical
viviankaloxilos.com,vi,0.93,prefix_suffix,lexical
vinishaacademy.com,vi,0.93,prefix_suffix,lexical
50463.vip,vi,0.93,prefix_suffix,lexical
853874.vip,bse,0.93,prefix_suffix,lexical
ferroconnic.com,nic,0.93,prefix_suffix,lexical
vitalitymonth.com,vi,0.93,prefix_suffix,lexical
26124367.vip,vi,0.93,prefix_suffix,lexical
morrisonclinic.com,nic,0.93,prefix_suffix,lexical
vistavibestudios.com,vi,0.93,prefix_suffix,lexical
sumatratonic.space,nic,0.93,prefix_suffix,lexical
80872.com,bob,0.93,prefix_suffix,lexical
76672.vip,vi,0.93,prefix_suffix,lexical
villatente.com,vi,0.93,prefix_suffix,lexical
visstech.com,vi,0.93,prefix_suffix,lexical
hydilaovi.autos,vi,0.93,prefix_suffix,lexical
vikingluckcasino.pl,vi,0.93,prefix_suffix,lexical
nicaakdeniz.com,nic,0.93,prefix_suffix,lexical
vitacorex1.com,vi,0.93,prefix_suffix,lexical
gozlukevi.online,vi,0.93,prefix_suffix,lexical
qlyhi.vip,vi,0.93,prefix_suffix,lexical
vitapowercaps.com.br,vi,0.93,prefix_suffix,lexical
vinachemsolution.com,vi,0.93,prefix_suffix,lexical
42899.vip,vi,0.93,prefix_suffix,lexical
victor777.info,vi,0.93,prefix_suffix,lexical
viron-energy.com,vi,0.93,prefix_suffix,lexical
39245.vip,vi,0.93,prefix_suffix,lexical
vintageguitar.site,vi,0.93,prefix_suffix,lexical
wipbetgrs.vip,vi,0.93,prefix_suffix,lexical
vibehivenet.com,vi,0.93,prefix_suffix,lexical
didi51-t0377.vip,vi,0.93,prefix_suffix,lexical
vidroma.com,vi,0.93,prefix_suffix,lexical
cly44.vip,vi,0.93,prefix_suffix,lexical
escobucksist.vip,vi,0.93,prefix_suffix,lexical
dsqwm.vip,vi,0.93,prefix_suffix,lexical
bobibites.com,bob,0.93,prefix_suffix,lexical
fgrth379.vip,vi,0.93,prefix_suffix,lexical
vitaceal.com,vi,0.93,prefix_suffix,lexical
mediwellskinandkidneyclinic.info,nic,0.93,prefix_suffix,lexical
viewza.cloud,vi,0.93,prefix_suffix,lexical
homemaranha.space,nha,0.93,prefix_suffix,lexical
virtualenjoyment.com,vi,0.93,prefix_suffix,lexical
vistamotorcycletowing.com,vi,0.93,prefix_suffix,lexical
vip4kmail.com,vi,0.93,prefix_suffix,lexical
bdspin.vip,vi,0.93,prefix_suffix,lexical
vine.ventures,vi,0.93,prefix_suffix,lexical
68160.vip,vi,0.93,prefix_suffix,lexical
waspspin66.vip,vi,0.93,prefix_suffix,lexical
viralpicture.com,vi,0.93,prefix_suffix,lexical
agennjpterus.vip,vi,0.93,prefix_suffix,lexical
652263.vip,vi,0.93,prefix_suffix,lexical
sub2api.vip,vi,0.93,prefix_suffix,lexical
bob-games.com,bob,0.98,exact_label,lexical
violetta.us,vi,0.93,prefix_suffix,lexical
viaggioalsud.com,vi,0.93,prefix_suffix,lexical
virlobase.com,vi,0.93,prefix_suffix,lexical
bob-bc.com,bob,0.98,exact_label,lexical
nico-boutique.com,nic,0.93,prefix_suffix,lexical
altel.us,airtel,0.85,typo,lexical
vimaleshvasu.com,vi,0.93,prefix_suffix,lexical
yy7788.vip,vi,0.93,prefix_suffix,lexical
vipchairman.xyz,vi,0.93,prefix_suffix,lexical
95262.vip,vi,0.93,prefix_suffix,lexical
ricci-family.us,rgcci,0.85,typo,lexical
edenic.us,nic,0.93,prefix_suffix,lexical
ktenic.biz,nic,0.93,prefix_suffix,lexical
7day55.vip,vi,0.93,prefix_suffix,lexical
video47.com,vi,0.93,prefix_suffix,lexical
5736im6.vip,vi,0.93,prefix_suffix,lexical
virjeansmall.com,vi,0.93,prefix_suffix,lexical
vigliya.com,vi,0.93,prefix_suffix,lexical
50451.vip,vi,0.93,prefix_suffix,lexical
free-vibes.xyz,vi,0.93,prefix_suffix,lexical
esun-villa.com.tw,vi,0.93,prefix_suffix,lexical
seo8.vip,vi,0.93,prefix_suffix,lexical
vilne.city,vi,0.93,prefix_suffix,lexical
vinmeenmedia.co.in,vi,0.93,prefix_suffix,lexical
vivanda-versand.com,vi,0.93,prefix_suffix,lexical
jojobet-yeni-site.vip,vi,0.93,prefix_suffix,lexical
vitydalmata.online,vi,0.93,prefix_suffix,lexical
visionplan.us,vi,0.93,prefix_suffix,lexical
vidrieriagrondona.co,vi,0.93,prefix_suffix,lexical
nha96j.makeup,nha,0.93,prefix_suffix,lexical
vettronic.com,nic,0.93,prefix_suffix,lexical
faclinic.com,nic,0.93,prefix_suffix,lexical
nh808.com,bob,0.93,prefix_suffix,lexical
visitnepal.us,vi,0.93,prefix_suffix,lexical
virtuallyhiltonhead.com,vi,0.93,prefix_suffix,lexical
satorilabmind.vip,vi,0.93,prefix_suffix,lexical
vibecoderparadise.com,vi,0.93,prefix_suffix,lexical
vitaspringlu.info,vi,0.93,prefix_suffix,lexical
videopapi.com,vi,0.93,prefix_suffix,lexical
wonner88.vip,vi,0.93,prefix_suffix,lexical
vivamaderapr.com,vi,0.93,prefix_suffix,lexical
barganha.com,nha,0.93,prefix_suffix,lexical
bella-victoriabagster.com,vi,0.93,prefix_suffix,lexical
kingroyalresmi-giris.vip,vi,0.93,prefix_suffix,lexical
hotels-in-virginia-beach.com,vi,0.93,prefix_suffix,lexical
ihawaii.vip,vi,0.93,prefix_suffix,lexical
jilidd55.vip,vi,0.93,prefix_suffix,lexical
vip-smarts.shop,vi,0.93,prefix_suffix,lexical
villaca.info,vi,0.93,prefix_suffix,lexical
vinfastnhatrang.net,vi,0.93,prefix_suffix,lexical
aprofundirelcanvi.info,vi,0.93,prefix_suffix,lexical
bailety70.vip,vi,0.93,prefix_suffix,lexical
vinaphone.world,vi,0.93,prefix_suffix,lexical
villamedicifortlauderdale.com,vi,0.93,prefix_suffix,lexical
myvip-points.homes,vi,0.93,prefix_suffix,lexical
ai-visibility.co,vi,0.93,prefix_suffix,lexical
crb24.vip,vi,0.93,prefix_suffix,lexical
virals.digital,vi,0.93,prefix_suffix,lexical
evo-games.vip,vi,0.93,prefix_suffix,lexical
modimage.vip,vi,0.93,prefix_suffix,lexical
yefqc.vip,vi,0.93,prefix_suffix,lexical
didi51-t0390.vip,vi,0.93,prefix_suffix,lexical
251203.vip,vi,0.93,prefix_suffix,lexical
web9.vip,vi,0.93,prefix_suffix,lexical
vigornow.co.uk,vi,0.93,prefix_suffix,lexical
vincispin-play.com,vi,0.93,prefix_suffix,lexical
vinayavinhos.com,vi,0.93,prefix_suffix,lexical
43977.vip,vi,0.93,prefix_suffix,lexical
hanoienglish.vip,vi,0.93,prefix_suffix,lexical
823848.vip,vi,0.93,prefix_suffix,lexical
victorygardensnj.com,vi,0.93,prefix_suffix,lexical
vireeesxa.cfd,vi,0.93,prefix_suffix,lexical
bobohelados.com,bob,0.93,prefix_suffix,lexical
betcupguncel.vip,vi,0.93,prefix_suffix,lexical
oneyui.vip,vi,0.93,prefix_suffix,lexical
viennaguides.com,vi,0.93,prefix_suffix,lexical
vicegolf.us,vi,0.93,prefix_suffix,lexical
vittareempreedimentos.com.br,vi,0.93,prefix_suffix,lexical
viebetvip.com,vi,0.93,prefix_suffix,lexical
infinititv1.xyz,icici,0.93,prefix_suffix,lexical
nicenickname.com,nic,0.93,prefix_suffix,lexical
viralbold.net,vi,0.93,prefix_suffix,lexical
panqiu-vip.io,vi,0.93,prefix_suffix,lexical
nhaofang1.top,nha,0.93,prefix_suffix,lexical
ai-videocart.info,vi,0.93,prefix_suffix,lexical
africansexcams.com,cams,0.93,prefix_suffix,lexical
vintageprevail.com,vi,0.93,prefix_suffix,lexical
marksandspencerme.vip,vi,0.93,prefix_suffix,lexical
opvl.dev,vi,0.93,prefix_suffix,lexical
fujiwara-naika-clinic.com,nic,0.93,prefix_suffix,lexical
ngsportsclinic.com,nic,0.93,prefix_suffix,lexical
d88u.vip,vi,0.93,prefix_suffix,lexical
ppsports-vip.com,vi,0.93,prefix_suffix,lexical
mgs8vi.sbs,vi,0.93,prefix_suffix,lexical
yt49.vip,vi,0.93,prefix_suffix,lexical
drbaridentalclinic.com,nic,0.93,prefix_suffix,lexical
y7124595.vip,vi,0.93,prefix_suffix,lexical
vitalidadoidolo.info,vi,0.93,prefix_suffix,lexical
galabets-resmii.vip,vi,0.93,prefix_suffix,lexical
vigilux.ch,vi,0.93,prefix_suffix,lexical
74229.vip,vi,0.93,prefix_suffix,lexical
p3nc3t4k4nkpn-br1m0f3stvl.cloud,vi,0.93,prefix_suffix,lexical
eclat06.com,eci,0.93,prefix_suffix,lexical
icicleridgeproperties.com,icici,0.93,prefix_suffix,lexical
jypsac.com,sac,0.93,prefix_suffix,lexical
alnashi-rb18.ru,rbi,0.93,prefix_suffix,lexical
wnphbsu.vip,vi,0.93,prefix_suffix,lexical
vlj.lol,vi,0.93,prefix_suffix,lexical
vignete-toll.online,vi,0.93,prefix_suffix,lexical
26124326.vip,vi,0.93,prefix_suffix,lexical
vitalityresidenz.com,vi,0.93,prefix_suffix,lexical
vikos.us,vi,0.93,prefix_suffix,lexical
virtual-event-platform-eu6.click,vi,0.93,prefix_suffix,lexical
crypli.vip,vi,0.93,prefix_suffix,lexical
usa-visifloras.com,vi,0.93,prefix_suffix,lexical
6288tg.vip,vi,0.93,prefix_suffix,lexical
sacredpause1111.com,sac,0.93,prefix_suffix,lexical
qmurf.vip,vi,0.93,prefix_suffix,lexical
tophillbet-resmi10.vip,vi,0.93,prefix_suffix,lexical
vickerymeadowelectricians.com,vi,0.93,prefix_suffix,lexical
3318a1.vip,vi,0.93,prefix_suffix,lexical
oitp-vs5cv-d3r8t-vt3r-fm.top,vssc,0.93,prefix_suffix,lexical
eclatdallysya.fr,eci,0.93,prefix_suffix,lexical
virtualclaimsnow.com,vi,0.93,prefix_suffix,lexical
64848.vip,vi,0.93,prefix_suffix,lexical
videogameadvantage.com,vi,0.93,prefix_suffix,lexical
sacmaxidobrasil.com,sac,0.93,prefix_suffix,lexical
vilokit.com,vi,0.93,prefix_suffix,lexical
obkpp.vip,vi,0.93,prefix_suffix,lexical
vintyc.com,vi,0.93,prefix_suffix,lexical
videolelakiperkasa.com,vi,0.93,prefix_suffix,lexical
viisage.com,vi,0.93,prefix_suffix,lexical
h74vl.top,vi,0.93,prefix_suffix,lexical
vic.recipes,vi,0.93,prefix_suffix,lexical
vodka8s3.net,bse,0.93,prefix_suffix,lexical
villasatnagelfarms.org,vi,0.93,prefix_suffix,lexical
eclipselibrary.com,eci,0.93,prefix_suffix,lexical
vijosared.com,vi,0.93,prefix_suffix,lexical
virginorpigeon.com,vi,0.93,prefix_suffix,lexical
villapizzachef.com,vi,0.93,prefix_suffix,lexical
62497.vip,vi,0.93,prefix_suffix,lexical
selin.vip,vi,0.93,prefix_suffix,lexical
v1-ouyi.org,vi,0.98,exact_label,lexical
viadellaristorante.com,vi,0.93,prefix_suffix,lexical
hi956.vip,vi,0.93,prefix_suffix,lexical
vistaitsolutions.net,vi,0.93,prefix_suffix,lexical
prvi.com,vi,0.93,prefix_suffix,lexical
39870.vip,vi,0.93,prefix_suffix,lexical
sacredempathogenics.com,sac,0.93,prefix_suffix,lexical
41581.club,sbi,0.93,prefix_suffix,lexical
26124357.vip,vi,0.93,prefix_suffix,lexical
betticketgir2.vip,vi,0.93,prefix_suffix,lexical
2026-kavbetgir.vip,vi,0.93,prefix_suffix,lexical
vlawny.org,vi,0.93,prefix_suffix,lexical
dempraticalgamessl.vip,vi,0.93,prefix_suffix,lexical
viewtrace.cyou,vi,0.93,prefix_suffix,lexical
centboom.vip,vi,0.93,prefix_suffix,lexical
drrashmiskinhairlaserclinic.com,nic,0.93,prefix_suffix,lexical
viagrasilcitrate.com,vi,0.93,prefix_suffix,lexical
shopping-vitalite.fr,vi,0.93,prefix_suffix,lexical
solaenprotocol.vip,vi,0.93,prefix_suffix,lexical
2026-holiganbetegir4.vip,vi,0.93,prefix_suffix,lexical
42218.vip,vi,0.93,prefix_suffix,lexical
849tt799.vip,vi,0.93,prefix_suffix,lexical
y7124368.vip,vi,0.93,prefix_suffix,lexical
vignetepath.site,vi,0.93,prefix_suffix,lexical
aoa-vip.com,vi,0.93,prefix_suffix,lexical
vidastrategies.com,vi,0.93,prefix_suffix,lexical
lunarpicnic.com,nic,0.93,prefix_suffix,lexical
bobbijeansplace.com,bob,0.93,prefix_suffix,lexical
vistevia.com,vi,0.93,prefix_suffix,lexical
galinha.org,nha,0.93,prefix_suffix,lexical
virtualarcadeqexorinal.shop,vi,0.93,prefix_suffix,lexical
visibilitylab.com,vi,0.93,prefix_suffix,lexical
visionaryproamplifyysolutions.info,vi,0.93,prefix_suffix,lexical
mxvl.top,vi,0.93,prefix_suffix,lexical
team-iptronic.online,nic,0.93,prefix_suffix,lexical
lanerc.vip,vi,0.93,prefix_suffix,lexical
infinitiofarrowhead.com,icici,0.93,prefix_suffix,lexical
aggun1008.vip,vi,0.93,prefix_suffix,lexical
aovi.life,vi,0.93,prefix_suffix,lexical
vipweddingstationery.com,vi,0.93,prefix_suffix,lexical
vpry6327.vip,vi,0.93,prefix_suffix,lexical
26124542.vip,vi,0.93,prefix_suffix,lexical
incometaxcalculatorbd.com,incometax,0.95,combined,lexical
vivenciashouse.online,vi,0.93,prefix_suffix,lexical
nicolehoffmeister.com,nic,0.93,prefix_suffix,lexical
myvisitvault.app,vi,0.93,prefix_suffix,lexical
xgjianianhuaadmpro.vip,vi,0.93,prefix_suffix,lexical
weedganic.com,nic,0.93,prefix_suffix,lexical
vistirnaconstructions.com,vi,0.93,prefix_suffix,lexical
wyhfb.vip,vi,0.93,prefix_suffix,lexical
vigianovetrinista.com,vi,0.93,prefix_suffix,lexical
veteransclinic.com,nic,0.93,prefix_suffix,lexical
u20c03.vip,vi,0.93,prefix_suffix,lexical
hamadanha.sbs,nha,0.93,prefix_suffix,lexical
vietvivu.com.vn,vi,0.93,prefix_suffix,lexical
y7124514.vip,vi,0.93,prefix_suffix,lexical
859625.vip,vi,0.93,prefix_suffix,lexical
vickismithrealtor.com,vi,0.93,prefix_suffix,lexical
0009tvgl2q0k.vip,vi,0.93,prefix_suffix,lexical
vieclamkinhbac.vn,vi,0.93,prefix_suffix,lexical
alhusainyclinic.com,nic,0.93,prefix_suffix,lexical
fralovi.my.id,vi,0.93,prefix_suffix,lexical
axispointsvcs.com,axis,0.93,prefix_suffix,lexical
solarix.vip,vi,0.93,prefix_suffix,lexical
viago.help,vi,0.93,prefix_suffix,lexical
bobbimoody.com,bob,0.93,prefix_suffix,lexical
visionthingband.com,vi,0.93,prefix_suffix,lexical
viajeseguro.top,vi,0.93,prefix_suffix,lexical
virginiaguttercleaning.com,vi,0.93,prefix_suffix,lexical
nicoledwheadon.com,nic,0.93,prefix_suffix,lexical
wellclinic.shop,nic,0.93,prefix_suffix,lexical
raiffeisen-geschenk.vip,vi,0.93,prefix_suffix,lexical
bedronic.store,nic,0.93,prefix_suffix,lexical
04621.vip,vi,0.93,prefix_suffix,lexical
viralai.app,vi,0.93,prefix_suffix,lexical
g4ju9y.vip,vi,0.93,prefix_suffix,lexical
videoamadores.com,vi,0.93,prefix_suffix,lexical
kxlea.vip,vi,0.93,prefix_suffix,lexical
whynexabdm.com,nha,0.93,prefix_suffix,lexical
billionairese777.vip,vi,0.93,prefix_suffix,lexical
vlp.ma,vi,0.93,prefix_suffix,lexical
virtualofficewebsite.com,vi,0.93,prefix_suffix,lexical
vildlife.com,vi,0.93,prefix_suffix,lexical
com-viasdb.xin,vi,0.93,prefix_suffix,lexical
681x4a.vip,vi,0.93,prefix_suffix,lexical
vintagewearprints.com,vi,0.93,prefix_suffix,lexical
trovepaw.vip,vi,0.93,prefix_suffix,lexical
viewofnature.xyz,vi,0.93,prefix_suffix,lexical
vintagebydesignevents.com,vi,0.93,prefix_suffix,lexical
jgnlahboy.vip,vi,0.93,prefix_suffix,lexical
betticket-resmiadresimiz.vip,vi,0.93,prefix_suffix,lexical
vilaplanaltocorretora.site,vi,0.93,prefix_suffix,lexical
bobbysviralfriends.com,bob,0.93,prefix_suffix,lexical
8709o.vip,vi,0.93,prefix_suffix,lexical
basaksehir-gardas.vip,vi,0.93,prefix_suffix,lexical
vlove.us,vi,0.93,prefix_suffix,lexical
vivalavidaaccessories.com,vi,0.93,prefix_suffix,lexical
gglfr.vip,vi,0.93,prefix_suffix,lexical
vipfunny.com,vi,0.93,prefix_suffix,lexical
vizta.com.mx,vi,0.93,prefix_suffix,lexical
vibrationalhealthinstitute.com,vi,0.93,prefix_suffix,lexical
visitbridgetown.com,vi,0.93,prefix_suffix,lexical
viktours.com,vi,0.93,prefix_suffix,lexical
grizzleesbarbershop.vip,vi,0.93,prefix_suffix,lexical
ng66k.vip,vi,0.93,prefix_suffix,lexical
vielfalt.us,vi,0.93,prefix_suffix,lexical
interbahismobil2026.vip,vi,0.93,prefix_suffix,lexical
vitaprizmaguide.com,vi,0.93,prefix_suffix,lexical
getaxis.com,axis,0.93,prefix_suffix,lexical
altamontconstructionavl.net,vi,0.93,prefix_suffix,lexical
vital-cbd.com,vi,0.93,prefix_suffix,lexical
victaphone.com,vi,0.93,prefix_suffix,lexical
vivodog.com,vi,0.93,prefix_suffix,lexical
oilkingorganic.com,nic,0.93,prefix_suffix,lexical
25566.vip,vi,0.93,prefix_suffix,lexical
didi51-t0319.vip,vi,0.93,prefix_suffix,lexical
trbet-gir.vip,vi,0.93,prefix_suffix,lexical
859601.vip,vi,0.93,prefix_suffix,lexical
vimax.us,vi,0.93,prefix_suffix,lexical
nhakaviation.xyz,nha,0.93,prefix_suffix,lexical
virenneeyewear.co.uk,vi,0.93,prefix_suffix,lexical
sbio.space,sbi,0.93,prefix_suffix,lexical
vibeplanet.com,vi,0.93,prefix_suffix,lexical
vilaredrose.com,vi,0.93,prefix_suffix,lexical
58157.com,sbi,0.93,prefix_suffix,lexical
vividanchlo.com,vi,0.93,prefix_suffix,lexical
vikendovepobyty.com,vi,0.93,prefix_suffix,lexical
83871.vip,vi,0.93,prefix_suffix,lexical
h5bl.top,sbi,0.93,prefix_suffix,lexical
fanatic136.vip,vi,0.93,prefix_suffix,lexical
ss7332i.vip,vi,0.93,prefix_suffix,lexical
vidardahl.com,vi,0.93,prefix_suffix,lexical
95071a.vip,vi,0.93,prefix_suffix,lexical
c750.vip,vi,0.93,prefix_suffix,lexical
viggoslots-casino-norge.com,vi,0.93,prefix_suffix,lexical
laurensurovi.com,vi,0.93,prefix_suffix,lexical
avedis.vip,vi,0.93,prefix_suffix,lexical
vintagegamesph.com,vi,0.93,prefix_suffix,lexical
brcs-vl.org,vi,0.98,exact_label,lexical
virtuesconsulting.com,vi,0.93,prefix_suffix,lexical
vizmuvekhu.com,vi,0.93,prefix_suffix,lexical
vintage42.com,vi,0.93,prefix_suffix,lexical
i3ybo4.vip,vi,0.93,prefix_suffix,lexical
vibewithamit.com,vi,0.93,prefix_suffix,lexical
nicheloanblitz.com,nic,0.93,prefix_suffix,lexical
niceaudiohanoi.vn,nic,0.93,prefix_suffix,lexical
viewings.net,vi,0.93,prefix_suffix,lexical
5967tz52.vip,vi,0.93,prefix_suffix,lexical
78260.vip,vi,0.93,prefix_suffix,lexical
robotaxis.world,axis,0.93,prefix_suffix,lexical
vitalharvestqo.info,vi,0.93,prefix_suffix,lexical
ibizabet-aff.vip,vi,0.93,prefix_suffix,lexical
visionsexpress.com,vi,0.93,prefix_suffix,lexical
dataonic.com,nic,0.93,prefix_suffix,lexical
viridian.design,vi,0.93,prefix_suffix,lexical
bsp7.vip,vi,0.93,prefix_suffix,lexical
399t.vip,vi,0.93,prefix_suffix,lexical
vishwakannadanaadi.com,vi,0.93,prefix_suffix,lexical
virtual-meeting-software-sdni-t1.click,vi,0.93,prefix_suffix,lexical
viole.us,vi,0.93,prefix_suffix,lexical
nicee.us,nic,0.93,prefix_suffix,lexical
y7124601.vip,vi,0.93,prefix_suffix,lexical
visualhamster.com,vi,0.93,prefix_suffix,lexical
enddtcaiims.com,aiims,0.93,prefix_suffix,lexical
vin777a.jp.net,vi,0.93,prefix_suffix,lexical
vinandr.dev,vi,0.93,prefix_suffix,lexical
cerberus20.vip,vi,0.93,prefix_suffix,lexical
4xq9mw.vip,vi,0.93,prefix_suffix,lexical
nhatnguyenbamboo.com,nha,0.93,prefix_suffix,lexical
17529.vip,vi,0.93,prefix_suffix,lexical
vlsru8.click,vi,0.93,prefix_suffix,lexical
videoarm.com,vi,0.93,prefix_suffix,lexical
vintagepcs.com,vi,0.93,prefix_suffix,lexical
vikalpwars.org,vi,0.93,prefix_suffix,lexical
violabarhod.com,vi,0.93,prefix_suffix,lexical
vipzgsz.com,vi,0.93,prefix_suffix,lexical
viewspace360.com,vi,0.93,prefix_suffix,lexical
dla-dzieci.biz,eci,0.93,prefix_suffix,lexical
krglj.vip,vi,0.93,prefix_suffix,lexical
versonaclinic.com,nic,0.93,prefix_suffix,lexical
21160.vip,vi,0.93,prefix_suffix,lexical
bobjewels.com,bob,0.93,prefix_suffix,lexical
vidcms.com,vi,0.93,prefix_suffix,lexical
en-lymphtonic.us,nic,0.93,prefix_suffix,lexical
26124382.vip,vi,0.93,prefix_suffix,lexical
sacalaia.com,sac,0.93,prefix_suffix,lexical
mk-myrmk.vip,vi,0.93,prefix_suffix,lexical
imwon.vip,vi,0.93,prefix_suffix,lexical
virec-network.com,vi,0.93,prefix_suffix,lexical
viervierhundert.com,vi,0.93,prefix_suffix,lexical
vion-arena.com,vi,0.93,prefix_suffix,lexical
6298s4.vip,vi,0.93,prefix_suffix,lexical
visionsneakers.net,vi,0.93,prefix_suffix,lexical
videoplumbers.com,vi,0.93,prefix_suffix,lexical
viphope.org,vi,0.93,prefix_suffix,lexical
gr-health-clinic-solutions-12.online,nic,0.93,prefix_suffix,lexical
cbaji-vip.net,vi,0.93,prefix_suffix,lexical
videowallkiralama.com,vi,0.93,prefix_suffix,lexical
pfxlc.vip,vi,0.93,prefix_suffix,lexical
hplqc.vip,vi,0.93,prefix_suffix,lexical
pinupcasino-online.vip,vi,0.93,prefix_suffix,lexical
bsp11.vip,vi,0.93,prefix_suffix,lexical
menovi.com,vi,0.93,prefix_suffix,lexical
90712.vip,vi,0.93,prefix_suffix,lexical
45950.vip,vi,0.93,prefix_suffix,lexical
dash0axis.com,axis,0.93,prefix_suffix,lexical
procilsac.com,sac,0.93,prefix_suffix,lexical
viraltrendz.ca,vi,0.93,prefix_suffix,lexical
111bo70.vip,vi,0.93,prefix_suffix,lexical
vlorecircle.com,vi,0.93,prefix_suffix,lexical
aime-ta-ville.com,vi,0.93,prefix_suffix,lexical
villagesleepdentistry.com,vi,0.93,prefix_suffix,lexical
96826.vip,vi,0.93,prefix_suffix,lexical
vivids54.cfd,vi,0.93,prefix_suffix,lexical
virtualcasino.org,vi,0.93,prefix_suffix,lexical
nicosiasexshop.com,nic,0.93,prefix_suffix,lexical
virtuallyurs.com,vi,0.93,prefix_suffix,lexical
visualconsulting.xyz,vi,0.93,prefix_suffix,lexical
nichollmcguiremedia.com,nic,0.93,prefix_suffix,lexical
26124453.vip,vi,0.93,prefix_suffix,lexical
ersenevi.jp.net,vi,0.93,prefix_suffix,lexical
14958.vip,vi,0.93,prefix_suffix,lexical
victoriale.com,vi,0.93,prefix_suffix,lexical
nicanor.com,nic,0.93,prefix_suffix,lexical
t-visioncourtactions.com,vi,0.93,prefix_suffix,lexical
apjbq.vip,vi,0.93,prefix_suffix,lexical
vivant-counseling.com,vi,0.93,prefix_suffix,lexical
nicotvs.com,nic,0.93,prefix_suffix,lexical
vivatech.us,vi,0.93,prefix_suffix,lexical
808389.com,bob,0.93,prefix_suffix,lexical
cerberus15.vip,vi,0.93,prefix_suffix,lexical
npurd.vip,vi,0.93,prefix_suffix,lexical
visionarygrowthcapital.com,vi,0.93,prefix_suffix,lexical
vida-natural1.online,vi,0.93,prefix_suffix,lexical
vitaminox.com,vi,0.93,prefix_suffix,lexical
viplawclarksville.com,vi,0.93,prefix_suffix,lexical
26124334.vip,vi,0.93,prefix_suffix,lexical
chronic.team,nic,0.93,prefix_suffix,lexical
cbayioqisu.vip,vi,0.93,prefix_suffix,lexical
mapclinic.com,nic,0.93,prefix_suffix,lexical
royannic.online,nic,0.93,prefix_suffix,lexical
dyj823643.vip,vi,0.93,prefix_suffix,lexical
hy-s-nlctzhh.top,nic,0.93,prefix_suffix,lexical
nimaihomoeoclinic.com,nic,0.93,prefix_suffix,lexical
victorlosacco.online,vi,0.93,prefix_suffix,lexical
76533.vip,vi,0.93,prefix_suffix,lexical
cwesisirryu.vip,vi,0.93,prefix_suffix,lexical
66051.vip,vi,0.93,prefix_suffix,lexical
betcup-ampmarka.vip,vi,0.93,prefix_suffix,lexical
bailety88.vip,vi,0.93,prefix_suffix,lexical
the-devi.com,vi,0.93,prefix_suffix,lexical
dajsdadsaa912.vip,vi,0.93,prefix_suffix,lexical
myvital-life.com,vi,0.93,prefix_suffix,lexical
visionbuild.us,vi,0.93,prefix_suffix,lexical
viral-b.com,vi,0.93,prefix_suffix,lexical
vilmarco.com,vi,0.93,prefix_suffix,lexical
villashambalaseminyak.com,vi,0.93,prefix_suffix,lexical
villaforyou.us,vi,0.93,prefix_suffix,lexical
nktbz.vip,vi,0.93,prefix_suffix,lexical
glndzv371.vip,vi,0.93,prefix_suffix,lexical
jvl-tour.com,vi,0.93,prefix_suffix,lexical
a7ty28.vip,vi,0.93,prefix_suffix,lexical
niceandcleancarpetcleaning.com,nic,0.93,prefix_suffix,lexical
viralwithhamza.com,vi,0.93,prefix_suffix,lexical
ysarg6.vip,vi,0.93,prefix_suffix,lexical
vision40logistics.com,vi,0.93,prefix_suffix,lexical
cwin808.site,bob,0.93,prefix_suffix,lexical
vintagerockstar.com,vi,0.93,prefix_suffix,lexical
ezcashbdv1.com,vi,0.93,prefix_suffix,lexical
axisglobalempreendimentos.online,axis,0.93,prefix_suffix,lexical
jibunavi.com,vi,0.93,prefix_suffix,lexical
playfirewallpanic.com,nic,0.93,prefix_suffix,lexical
nicebydaytours.com,nic,0.93,prefix_suffix,lexical
villagestack.net,vi,0.93,prefix_suffix,lexical
v16995.com,vi,0.93,prefix_suffix,lexical
vibetaster.com,vi,0.93,prefix_suffix,lexical
2tzmby.vip,vi,0.93,prefix_suffix,lexical
bitfincoin.vip,vi,0.93,prefix_suffix,lexical
nicheloancap.com,nic,0.93,prefix_suffix,lexical
785413a.vip,vi,0.93,prefix_suffix,lexical
plnvq.vip,vi,0.93,prefix_suffix,lexical
67706.vip,vi,0.93,prefix_suffix,lexical
videosnu.com,vi,0.93,prefix_suffix,lexical
28ty.vip,vi,0.93,prefix_suffix,lexical
virtuemart.us,vi,0.93,prefix_suffix,lexical
oabsl.vip,vi,0.93,prefix_suffix,lexical
91805.vip,vi,0.93,prefix_suffix,lexical
73923.vip,vi,0.93,prefix_suffix,lexical
nickmayerhyundaikia.com,nic,0.93,prefix_suffix,lexical
samecvl.com,vi,0.93,prefix_suffix,lexical
slon2---at.vip,vi,0.93,prefix_suffix,lexical
viabungalowsbatumi.com,vi,0.93,prefix_suffix,lexical
ab64.vip,vi,0.93,prefix_suffix,lexical
merit-hizliguncelgir2026.vip,vi,0.93,prefix_suffix,lexical
nprany.org,nic,0.93,prefix_suffix,lexical
korolyokmoejlyubvi.online,vi,0.93,prefix_suffix,lexical
vipinhomecareservices.llc,vi,0.93,prefix_suffix,lexical
vckwfn.vip,vi,0.93,prefix_suffix,lexical
y7124474.vip,vi,0.93,prefix_suffix,lexical
vici-bet.com.pl,vi,0.93,prefix_suffix,lexical
bailety46.vip,vi,0.93,prefix_suffix,lexical
app-solayer.vip,vi,0.93,prefix_suffix,lexical
victoria4re.com,vi,0.93,prefix_suffix,lexical
mushroompg.vip,vi,0.93,prefix_suffix,lexical
bobbyjoescaraudio.com,bob,0.93,prefix_suffix,lexical
com-nsyu.vip,vi,0.93,prefix_suffix,lexical
488808.xyz,bob,0.93,prefix_suffix,lexical
agde-ville.com,vi,0.93,prefix_suffix,lexical
tlmqn.vip,vi,0.93,prefix_suffix,lexical
bobbbbb.com,bob,0.93,prefix_suffix,lexical
vibesexchange.xyz,vi,0.93,prefix_suffix,lexical
2026-restbetegiris.vip,vi,0.93,prefix_suffix,lexical
viacontroll.com.br,vi,0.93,prefix_suffix,lexical
77299h.vip,vi,0.93,prefix_suffix,lexical
paynsy.vip,vi,0.93,prefix_suffix,lexical
jiobrain.cloud,jio,0.93,prefix_suffix,lexical
bhrhk425.vip,vi,0.93,prefix_suffix,lexical
fargoketamineclinic.com,nic,0.93,prefix_suffix,lexical
boostmart.vip,vi,0.93,prefix_suffix,lexical
elexbetguncel01.vip,vi,0.93,prefix_suffix,lexical
bougk.vip,vi,0.93,prefix_suffix,lexical
qopmc.vip,vi,0.93,prefix_suffix,lexical
26124557.vip,vi,0.93,prefix_suffix,lexical
winvibe.vip,vi,0.93,prefix_suffix,lexical
vip-hw.com,vi,0.93,prefix_suffix,lexical
visitchulilla.com,vi,0.93,prefix_suffix,lexical
017dd.vip,vi,0.93,prefix_suffix,lexical
viktoriavettu.com,vi,0.93,prefix_suffix,lexical
nicoleescherxo.com,nic,0.93,prefix_suffix,lexical
vitallay.com,vi,0.93,prefix_suffix,lexical
viveglasses.com,vi,0.93,prefix_suffix,lexical
vivaverse.club,vi,0.93,prefix_suffix,lexical
nicoleisaweso.online,nic,0.93,prefix_suffix,lexical
y7124529.vip,vi,0.93,prefix_suffix,lexical
v1hrwl.top,vi,0.93,prefix_suffix,lexical
victoriacounsellingcollective.com,vi,0.93,prefix_suffix,lexical
vitalsid.com,vi,0.93,prefix_suffix,lexical
81bet-vip.com,vi,0.93,prefix_suffix,lexical
9313vv.vip,vi,0.93,prefix_suffix,lexical
12952.vip,vi,0.93,prefix_suffix,lexical
90420.vip,vi,0.93,prefix_suffix,lexical
ckkem.vip,vi,0.93,prefix_suffix,lexical
vigka.in,vi,0.93,prefix_suffix,lexical
sacred-entrepreneur.com,sac,0.93,prefix_suffix,lexical
v3r6l.vip,vi,0.93,prefix_suffix,lexical
visibilitysparkle.com,vi,0.93,prefix_suffix,lexical
virtuesocial.com,vi,0.93,prefix_suffix,lexical
villadestemaintenancecorp.com,vi,0.93,prefix_suffix,lexical
bcens.vip,vi,0.93,prefix_suffix,lexical
vip-fun88.com,vi,0.93,prefix_suffix,lexical
vibetory.com,vi,0.93,prefix_suffix,lexical
estuarynpr.com,nic,0.93,prefix_suffix,lexical
65069.vip,vi,0.93,prefix_suffix,lexical
virtualshindig.com,vi,0.93,prefix_suffix,lexical
vigka.com,vi,0.93,prefix_suffix,lexical
26124523.vip,vi,0.93,prefix_suffix,lexical
championzonenation.vip,vi,0.93,prefix_suffix,lexical
viralvital.com,vi,0.93,prefix_suffix,lexical
diamondstarcams.com,cams,0.93,prefix_suffix,lexical
nerv1.top,vi,0.93,prefix_suffix,lexical
vitaloo.life,vi,0.93,prefix_suffix,lexical
praxis-muthesius.com,axis,0.93,prefix_suffix,lexical
yandexotzivi.online,vi,0.93,prefix_suffix,lexical
serenoluxe.vip,vi,0.93,prefix_suffix,lexical
viveconsonidoac.info,vi,0.93,prefix_suffix,lexical
hkjinhua.vip,vi,0.93,prefix_suffix,lexical
nbchhxdfrt.vip,vi,0.93,prefix_suffix,lexical
viniciusmotagnassa.com,vi,0.93,prefix_suffix,lexical
35381ldv1.pro,vi,0.93,prefix_suffix,lexical
vinospeppi.com,vi,0.93,prefix_suffix,lexical
my-vodafone.life,vi,0.98,exact_label,lexical
41619.vip,vi,0.93,prefix_suffix,lexical
vip789.gold,vi,0.93,prefix_suffix,lexical
vidanjortr.com,vi,0.93,prefix_suffix,lexical
vitaway.com,vi,0.93,prefix_suffix,lexical
zeetben777.vip,vi,0.93,prefix_suffix,lexical
vlippaw.com,vi,0.93,prefix_suffix,lexical
starlevelonic.com,nic,0.93,prefix_suffix,lexical
621rr.vip,vi,0.93,prefix_suffix,lexical
betberry.vip,vi,0.93,prefix_suffix,lexical
visionaryvolvo.com,vi,0.93,prefix_suffix,lexical
bbasd.vip,vi,0.93,prefix_suffix,lexical
793vl.top,vi,0.93,prefix_suffix,lexical
mqodw433.vip,vi,0.93,prefix_suffix,lexical
camscrusher.com,cams,0.93,prefix_suffix,lexical
rangerelectronic.store,nic,0.93,prefix_suffix,lexical
7xx03.vip,vi,0.93,prefix_suffix,lexical
clinic-iran.com,nic,0.93,prefix_suffix,lexical
vipzinonetherlands.nl,vi,0.93,prefix_suffix,lexical
virelira.cfd,vi,0.93,prefix_suffix,lexical
villahestia.org,vi,0.93,prefix_suffix,lexical
virtualcosmic.com,vi,0.93,prefix_suffix,lexical
sugarcorefuture.vip,vi,0.93,prefix_suffix,lexical
vlotepanel99.shop,vi,0.93,prefix_suffix,lexical
nice7.pics,nic,0.93,prefix_suffix,lexical
0888b.vip,vi,0.93,prefix_suffix,lexical
vivohahebey.com,vi,0.93,prefix_suffix,lexical
virtualinsurancegroup.com,vi,0.93,prefix_suffix,lexical
vividbizyelp.com,vi,0.93,prefix_suffix,lexical
wind-vip.app,vi,0.93,prefix_suffix,lexical
nhacaisc88.com,nha,0.93,prefix_suffix,lexical
villasnepal.com,vi,0.93,prefix_suffix,lexical
jobhero.vip,vi,0.93,prefix_suffix,lexical
vlix.us,vi,0.93,prefix_suffix,lexical
ev-toltaxis.xyz,axis,0.93,prefix_suffix,lexical
vital128.org,vi,0.93,prefix_suffix,lexical
111bo66.vip,vi,0.93,prefix_suffix,lexical
wvntu.vip,vi,0.93,prefix_suffix,lexical
swimming-pool-renovation-near-me-74808.click,bob,0.93,prefix_suffix,lexical
mskfv.vip,vi,0.93,prefix_suffix,lexical
kirala.vip,vi,0.93,prefix_suffix,lexical
vichy-brasill.com,vi,0.93,prefix_suffix,lexical
virtualnoc.com,vi,0.93,prefix_suffix,lexical
villaruz-print-shop-and-general-merchandise.shop,vi,0.93,prefix_suffix,lexical
namavi.com,vi,0.93,prefix_suffix,lexical
complete-colonic-systems.com,nic,0.93,prefix_suffix,lexical
eclicksoft.info,eci,0.93,prefix_suffix,lexical
betcioorginal2026.vip,vi,0.93,prefix_suffix,lexical
70292.vip,vi,0.93,prefix_suffix,lexical
viu-viu.nl,vi,0.93,prefix_suffix,lexical
26124578.vip,vi,0.93,prefix_suffix,lexical
tactonic.org,nic,0.93,prefix_suffix,lexical
mcw18.vip,vi,0.93,prefix_suffix,lexical
tempflowpro.vip,vi,0.93,prefix_suffix,lexical
mrbft.vip,vi,0.93,prefix_suffix,lexical
osivi.store,vi,0.93,prefix_suffix,lexical
visanu.com,vi,0.93,prefix_suffix,lexical
h33cl.top,eci,0.93,prefix_suffix,lexical
riceclinic.com,nic,0.93,prefix_suffix,lexical
viantiranexa.pro,vi,0.93,prefix_suffix,lexical
vidaqueinspira.org,vi,0.93,prefix_suffix,lexical
sbidov.top,sbi,0.93,prefix_suffix,lexical
shoresofloci.com,iocl,0.93,prefix_suffix,lexical
xn--wbs37ho9bs8l.xn--6frz82g,sbi,0.93,prefix_suffix,lexical
vibrantvisionseryu.pro,vi,0.93,prefix_suffix,lexical
vida.run,vi,0.93,prefix_suffix,lexical
visamehr.com,vi,0.93,prefix_suffix,lexical
vloggertech.com,vi,0.93,prefix_suffix,lexical
nicolebabcock.com,nic,0.93,prefix_suffix,lexical
ilanbarlavi.com,vi,0.93,prefix_suffix,lexical
kalebet-girisadresim.vip,vi,0.93,prefix_suffix,lexical
viabalkan.net,vi,0.93,prefix_suffix,lexical
vixel.us,vi,0.93,prefix_suffix,lexical
com-faksdjm.vip,vi,0.93,prefix_suffix,lexical
849aa899.vip,vi,0.93,prefix_suffix,lexical
849tt369.vip,vi,0.93,prefix_suffix,lexical
villalobosphotography.com,vi,0.93,prefix_suffix,lexical
newjerseytrtclinic.com,nic,0.93,prefix_suffix,lexical
leoyn.vip,vi,0.93,prefix_suffix,lexical
viareachgroup.com,vi,0.93,prefix_suffix,lexical
axispropertiesil.com,axis,0.93,prefix_suffix,lexical
exodus66.vip,vi,0.93,prefix_suffix,lexical
qczb53.com,bse,0.93,prefix_suffix,lexical
nicobikeexperience360.com,nic,0.93,prefix_suffix,lexical
vipbet.lat,vi,0.93,prefix_suffix,lexical
bivon.vip,vi,0.93,prefix_suffix,lexical
bicker-electronic.com,nic,0.93,prefix_suffix,lexical
06045.vip,vi,0.93,prefix_suffix,lexical
ecliptika.store,eci,0.93,prefix_suffix,lexical
camsports88.fit,cams,0.93,prefix_suffix,lexical
bailety35.vip,vi,0.93,prefix_suffix,lexical
vistasociallabs.com,vi,0.93,prefix_suffix,lexical
awesomebob.info,bob,0.93,prefix_suffix,lexical
meybet-guncel-sitesi.vip,vi,0.93,prefix_suffix,lexical
villa-gift.com,vi,0.93,prefix_suffix,lexical
foutr.vip,vi,0.93,prefix_suffix,lexical
lulucloud.vip,vi,0.93,prefix_suffix,lexical
jeetbaaz.vip,vi,0.93,prefix_suffix,lexical
91203.vip,vi,0.93,prefix_suffix,lexical
thjhmkr808.top,bob,0.93,prefix_suffix,lexical
849kk577.vip,vi,0.93,prefix_suffix,lexical
visions2impact.com,vi,0.93,prefix_suffix,lexical
vivermaismetodo.com,vi,0.93,prefix_suffix,lexical
vivobarefootoutlet.com.de,vi,0.93,prefix_suffix,lexical
cc1usvi.com,vi,0.93,prefix_suffix,lexical
vli9ba.sbs,vi,0.93,prefix_suffix,lexical
picnic-life.com,nic,0.93,prefix_suffix,lexical
proper-fintech.com,kfintech,0.85,typo,lexical
betvn18.vip,vi,0.93,prefix_suffix,lexical
viarentacar.com,vi,0.93,prefix_suffix,lexical
t-visionactions.com,vi,0.93,prefix_suffix,lexical
viveremadrid.com,vi,0.93,prefix_suffix,lexical
03612.vip,vi,0.93,prefix_suffix,lexical
r17rvi.cfd,vi,0.93,prefix_suffix,lexical
visionactualidado.com,vi,0.93,prefix_suffix,lexical
claudevl.me,vi,0.93,prefix_suffix,lexical
t-viison.com,vi,0.93,prefix_suffix,lexical
bzkup.vip,vi,0.93,prefix_suffix,lexical
salelinemckinneypro.vip,vi,0.93,prefix_suffix,lexical
849rr577.vip,vi,0.93,prefix_suffix,lexical
bobbygulati.com,bob,0.93,prefix_suffix,lexical
swj10.com,jio,0.93,prefix_suffix,lexical
1karjw.vip,vi,0.93,prefix_suffix,lexical
nicolas.yoga,nic,0.93,prefix_suffix,lexical
educationconnectionclinic.org,nic,0.93,prefix_suffix,lexical
vitadreamgotas.com.br,vi,0.93,prefix_suffix,lexical
vi-stem.com,vi,0.98,exact_label,lexical
axis8.xyz,axis,0.93,prefix_suffix,lexical
jsvl.click,vi,0.93,prefix_suffix,lexical
y7124510.vip,vi,0.93,prefix_suffix,lexical
849vv366.vip,vi,0.93,prefix_suffix,lexical
vipservicealliance.com,vi,0.93,prefix_suffix,lexical
viradinda.my.id,vi,0.93,prefix_suffix,lexical
jiuhang.vip,vi,0.93,prefix_suffix,lexical
2b585e.shop,bse,0.93,prefix_suffix,lexical
videogence.com,vi,0.93,prefix_suffix,lexical
vitrier.us,vi,0.93,prefix_suffix,lexical
vippassport.vip,vi,0.93,prefix_suffix,lexical
vintagecomicarchivebase.com,vi,0.93,prefix_suffix,lexical
vita-verde.com,vi,0.93,prefix_suffix,lexical
gitpub.vip,vi,0.93,prefix_suffix,lexical
coinsmartexhot.vip,vi,0.93,prefix_suffix,lexical
vizforvets.com,vi,0.93,prefix_suffix,lexical
y7124567.vip,vi,0.93,prefix_suffix,lexical
videosheetmusicforum.com,vi,0.93,prefix_suffix,lexical
visaexpertinfo.com,vi,0.93,prefix_suffix,lexical
vietnamtopstudents.com,vi,0.93,prefix_suffix,lexical
bajji.vip,vi,0.93,prefix_suffix,lexical
visiocore-com.com,vi,0.93,prefix_suffix,lexical
58063.vip,vi,0.93,prefix_suffix,lexical
203058.vip,vi,0.93,prefix_suffix,lexical
vingrtte-pass.click,vi,0.93,prefix_suffix,lexical
ecl1pse.sbs,eci,0.93,prefix_suffix,lexical
casitoros81.com,sbi,0.93,prefix_suffix,lexical
58cpapp.vip,vi,0.93,prefix_suffix,lexical
hvzbc6.vip,vi,0.93,prefix_suffix,lexical
baidu88168.vip,vi,0.93,prefix_suffix,lexical
viralbet88arena.xyz,vi,0.93,prefix_suffix,lexical
viphiok.vip,vi,0.93,prefix_suffix,lexical
sacredviceretreats.com,sac,0.93,prefix_suffix,lexical
vlxinhmup.net,vi,0.93,prefix_suffix,lexical
s2kgame.vip,vi,0.93,prefix_suffix,lexical
26124492.vip,vi,0.93,prefix_suffix,lexical
nickmilleragency.com,nic,0.93,prefix_suffix,lexical
visaregalo.top,vi,0.93,prefix_suffix,lexical
vincomarketing-evolve.com,vi,0.93,prefix_suffix,lexical
betvn07.vip,vi,0.93,prefix_suffix,lexical
marksandspencermes.vip,vi,0.93,prefix_suffix,lexical
lecavi.store,vi,0.93,prefix_suffix,lexical
vipvibes.xyz,vi,0.93,prefix_suffix,lexical
26124522.vip,vi,0.93,prefix_suffix,lexical
terminalpanic.com,nic,0.93,prefix_suffix,lexical
visamin.com,vi,0.93,prefix_suffix,lexical
vietnamway.ru,vi,0.93,prefix_suffix,lexical
guccioshop.vip,vi,0.93,prefix_suffix,lexical
villasatquarryridge.com,vi,0.93,prefix_suffix,lexical
viciarestaurant.com,vi,0.93,prefix_suffix,lexical
331802.vip,vi,0.93,prefix_suffix,lexical
vipline.us,vi,0.93,prefix_suffix,lexical
betvn5.vip,vi,0.93,prefix_suffix,lexical
459581.xyz,sbi,0.93,prefix_suffix,lexical
13ifvi.top,vi,0.93,prefix_suffix,lexical
violetjelly.com,vi,0.93,prefix_suffix,lexical
y969.vip,vi,0.93,prefix_suffix,lexical
videnstein.com,vi,0.93,prefix_suffix,lexical
traveltvhost.vip,vi,0.93,prefix_suffix,lexical
noyans-vip-travel.com,vi,0.93,prefix_suffix,lexical
praxis-knowledge-graph.app,axis,0.93,prefix_suffix,lexical
ht11xz716.vip,vi,0.93,prefix_suffix,lexical
11rs77.sbs,iirs,0.93,prefix_suffix,lexical
vin99.app,vi,0.93,prefix_suffix,lexical
headtoheelphysiotherapyclinic.com,nic,0.93,prefix_suffix,lexical
vkwbse.today,bse,0.93,prefix_suffix,lexical
cdlvi.biz,vi,0.93,prefix_suffix,lexical
visitkonitsa.site,vi,0.93,prefix_suffix,lexical
vintageclothing.casa,vi,0.93,prefix_suffix,lexical
bu-auto-vlg.ru,vi,0.93,prefix_suffix,lexical
vllcmjywgh.christmas,vi,0.93,prefix_suffix,lexical
viviri.site,vi,0.93,prefix_suffix,lexical
vipbet96.net,vi,0.93,prefix_suffix,lexical
vigilantplc.com,vi,0.93,prefix_suffix,lexical
vitarealestate.online,vi,0.93,prefix_suffix,lexical
vibe-promo.icu,vi,0.93,prefix_suffix,lexical
77384.vip,vi,0.93,prefix_suffix,lexical
jyzkp.vip,vi,0.93,prefix_suffix,lexical
ecityurbanmining.com,eci,0.93,prefix_suffix,lexical
vimareal.com,vi,0.93,prefix_suffix,lexical
32604.vip,vi,0.93,prefix_suffix,lexical
859604.vip,vi,0.93,prefix_suffix,lexical
vinner.us,vi,0.93,prefix_suffix,lexical
78979.vip,vi,0.93,prefix_suffix,lexical
vipshop-in.site,vi,0.93,prefix_suffix,lexical
bailety30.vip,vi,0.93,prefix_suffix,lexical
citavi.us,vi,0.93,prefix_suffix,lexical
viaplancinque.com,vi,0.93,prefix_suffix,lexical
jiomart-special.shop,jio,0.93,prefix_suffix,lexical
y7124361.vip,vi,0.93,prefix_suffix,lexical
kclinic-matsuyama.com,nic,0.93,prefix_suffix,lexical
visionswing.com,vi,0.93,prefix_suffix,lexical
vipsbags.com,vi,0.93,prefix_suffix,lexical
bajilive999.vip,vi,0.93,prefix_suffix,lexical
lzmdz.vip,vi,0.93,prefix_suffix,lexical
viralstation.com,vi,0.93,prefix_suffix,lexical
26124487.vip,vi,0.93,prefix_suffix,lexical
jmleqi.vip,vi,0.93,prefix_suffix,lexical
vipsecurity.top,vi,0.93,prefix_suffix,lexical
visitrainbowbeach.com,vi,0.93,prefix_suffix,lexical
vip-tk88.com,vi,0.93,prefix_suffix,lexical
visitnorthernengland.com,vi,0.93,prefix_suffix,lexical
dbxip.vip,vi,0.93,prefix_suffix,lexical
x6tlfp.vip,vi,0.93,prefix_suffix,lexical
eclinic-japan.com,nic,0.93,prefix_suffix,lexical
vitalitysafetysac.com,sac,0.93,prefix_suffix,lexical
vitalitnutrition.com,vi,0.93,prefix_suffix,lexical
berkdomanic.com,nic,0.93,prefix_suffix,lexical
nicoletteraysoftball.com,nic,0.93,prefix_suffix,lexical
vickshomes.net,vi,0.93,prefix_suffix,lexical
520yd.vip,vi,0.93,prefix_suffix,lexical
ultrabet-adresorjinal.vip,vi,0.93,prefix_suffix,lexical
vidyasetuconsultancy.org,vi,0.93,prefix_suffix,lexical
vitalsmachines.com,vi,0.93,prefix_suffix,lexical
swimshorts.vip,vi,0.93,prefix_suffix,lexical
cameo.vip,vi,0.93,prefix_suffix,lexical
carrentalhercegnovi.com,vi,0.93,prefix_suffix,lexical
1crnnn1c.com,nic,0.93,prefix_suffix,lexical
violincase.com,vi,0.93,prefix_suffix,lexical
xy60.vip,vi,0.93,prefix_suffix,lexical
visotronics.com,vi,0.93,prefix_suffix,lexical
clinic-aios.com,nic,0.93,prefix_suffix,lexical
europe.clinic,nic,0.93,prefix_suffix,lexical
niceman.sbs,nic,0.93,prefix_suffix,lexical
jojo-betplay.vip,vi,0.93,prefix_suffix,lexical
com-elitqb.vip,vi,0.93,prefix_suffix,lexical
111bo80.vip,vi,0.93,prefix_suffix,lexical
imtokew.vip,vi,0.93,prefix_suffix,lexical
criccbet99.vip,vi,0.93,prefix_suffix,lexical
stannclinic.com,nic,0.93,prefix_suffix,lexical
cohealthclinic.com,nic,0.93,prefix_suffix,lexical
vivadvo.com,vi,0.93,prefix_suffix,lexical
y7123856.vip,vi,0.93,prefix_suffix,lexical
sacredactiv.com.de,sac,0.93,prefix_suffix,lexical
abhar.store,nha,0.93,prefix_suffix,lexical
codagenic.com,nic,0.93,prefix_suffix,lexical
eclatprestige34.fr,eci,0.93,prefix_suffix,lexical
royalbet-orjinal-site.vip,vi,0.93,prefix_suffix,lexical
httpsnaeemelectronic.com,nic,0.93,prefix_suffix,lexical
shengzan.vip,vi,0.93,prefix_suffix,lexical
bailety38.vip,vi,0.93,prefix_suffix,lexical
violinplayer.online,vi,0.93,prefix_suffix,lexical
xinwen410.vip,vi,0.93,prefix_suffix,lexical
niccaatlanta.org,nic,0.93,prefix_suffix,lexical
vibrantneon.com,vi,0.93,prefix_suffix,lexical
gothamgal.vip,vi,0.93,prefix_suffix,lexical
vibeblessings.com,vi,0.93,prefix_suffix,lexical
vitoparts.com,vi,0.93,prefix_suffix,lexical
cestazdravi.info,vi,0.93,prefix_suffix,lexical
26124444.vip,vi,0.93,prefix_suffix,lexical
vibehouse.us,vi,0.93,prefix_suffix,lexical
theoakviewnpr.com,nic,0.93,prefix_suffix,lexical
viwt.com,vi,0.93,prefix_suffix,lexical
nlcai.qpon,nic,0.93,prefix_suffix,lexical
victoriabps.com,vi,0.93,prefix_suffix,lexical
vici-bet.nl,vi,0.93,prefix_suffix,lexical
com-elited.vip,vi,0.93,prefix_suffix,lexical
bobachain.com,bob,0.93,prefix_suffix,lexical
vipdeluxe.com,vi,0.93,prefix_suffix,lexical
vianyxgroup.store,vi,0.93,prefix_suffix,lexical
4seasonsac.in,sac,0.93,prefix_suffix,lexical
locorea-6-cozenus-viphaseon287654.top,vi,0.93,prefix_suffix,lexical
vitazel.com,vi,0.93,prefix_suffix,lexical
vivoworkspace.com,vi,0.93,prefix_suffix,lexical
visionaryoptometric.com,vi,0.93,prefix_suffix,lexical
viveheadset.com,vi,0.93,prefix_suffix,lexical
massa-max.vip,vi,0.93,prefix_suffix,lexical
ntcgk.vip,vi,0.93,prefix_suffix,lexical
vividventures.pro,vi,0.93,prefix_suffix,lexical
kidsapparelorganic-online.shop,nic,0.93,prefix_suffix,lexical
betgarantiguncel01.vip,vi,0.93,prefix_suffix,lexical
cinic-bunker.com,nic,0.93,prefix_suffix,lexical
vinos.pro,vi,0.93,prefix_suffix,lexical
eternal-bc.vip,vi,0.93,prefix_suffix,lexical
vidadigitalmarketing.com,vi,0.93,prefix_suffix,lexical
156rr.vip,vi,0.93,prefix_suffix,lexical
hpiuk.vip,vi,0.93,prefix_suffix,lexical
30808.me,bob,0.93,prefix_suffix,lexical
villabursztyn.pl,vi,0.93,prefix_suffix,lexical
cadentalclinic.com,nic,0.93,prefix_suffix,lexical
vivenmerida.com,vi,0.93,prefix_suffix,lexical
vibrantlodging.com,vi,0.93,prefix_suffix,lexical
vijykljde.shop,vi,0.93,prefix_suffix,lexical
vizient.my.id,vi,0.93,prefix_suffix,lexical
84315.vip,vi,0.93,prefix_suffix,lexical
betgar-app01.vip,vi,0.93,prefix_suffix,lexical
th723.vip,vi,0.93,prefix_suffix,lexical
vistacoliving.com,vi,0.93,prefix_suffix,lexical
videoescaperoom.com,vi,0.93,prefix_suffix,lexical
visitrancapitalsllc.net,vi,0.93,prefix_suffix,lexical
eclasulein.com,eci,0.93,prefix_suffix,lexical
41978.vip,vi,0.93,prefix_suffix,lexical
vivaperto.com,vi,0.93,prefix_suffix,lexical
vip78455.com,vi,0.93,prefix_suffix,lexical
vividgemterritory.shop,vi,0.93,prefix_suffix,lexical
rockmechanic.com,nic,0.93,prefix_suffix,lexical
rbkye.vip,vi,0.93,prefix_suffix,lexical
vinehall.info,vi,0.93,prefix_suffix,lexical
nickyyy.top,nic,0.93,prefix_suffix,lexical
sacredamber.life,sac,0.93,prefix_suffix,lexical
849ww566.vip,vi,0.93,prefix_suffix,lexical
1uphdfcergo.com,hdfc,0.93,prefix_suffix,lexical
vidionode.top,vi,0.93,prefix_suffix,lexical
vibewaygames.com,vi,0.93,prefix_suffix,lexical
82349.vip,vi,0.93,prefix_suffix,lexical
myvitalsurveyhub.com,vi,0.93,prefix_suffix,lexical
eventaxis.ru,axis,0.93,prefix_suffix,lexical
y7124489.vip,vi,0.93,prefix_suffix,lexical
vidmedix.com,vi,0.93,prefix_suffix,lexical
vitalpuan.com,vi,0.93,prefix_suffix,lexical
perpacicekevi.com,vi,0.93,prefix_suffix,lexical
uhjam.vip,vi,0.93,prefix_suffix,lexical
y7124468.vip,vi,0.93,prefix_suffix,lexical
vlcipher.com,vi,0.93,prefix_suffix,lexical
vivachargestation.com,vi,0.93,prefix_suffix,lexical
vidmuse.asia,vi,0.93,prefix_suffix,lexical
vicariuh.click,vi,0.93,prefix_suffix,lexical
jdq9pb.vip,vi,0.93,prefix_suffix,lexical
vividand.store,vi,0.93,prefix_suffix,lexical
we-whitingpg.vip,vi,0.93,prefix_suffix,lexical
bivi.us,vi,0.93,prefix_suffix,lexical
sacredsleeprx.com,sac,0.93,prefix_suffix,lexical
199qp.vip,vi,0.93,prefix_suffix,lexical
vietnamtravelgo.com,vi,0.93,prefix_suffix,lexical
wearevivi.com,vi,0.93,prefix_suffix,lexical
velox-axis.com,axis,0.98,exact_label,lexical
ravi.reviews,vi,0.93,prefix_suffix,lexical
30258.vip,vi,0.93,prefix_suffix,lexical
h41vl.top,vi,0.93,prefix_suffix,lexical
vizehabergazetesi.com,vi,0.93,prefix_suffix,lexical
sachverstaendige-k-zimmermann.com,sac,0.93,prefix_suffix,lexical
biyinfog-vip.io,vi,0.93,prefix_suffix,lexical
temp-eclair.com,eci,0.93,prefix_suffix,lexical
exeapp.vip,vi,0.93,prefix_suffix,lexical
nhattech.org,nha,0.93,prefix_suffix,lexical
jwqid.vip,vi,0.93,prefix_suffix,lexical
vipieopool.com,vi,0.93,prefix_suffix,lexical
hpuis.vip,vi,0.93,prefix_suffix,lexical
vladenza.agency,vi,0.93,prefix_suffix,lexical
3city.fun,eci,0.93,prefix_suffix,lexical
vik-p.com,vi,0.93,prefix_suffix,lexical
billionairesb777.vip,vi,0.93,prefix_suffix,lexical
vietfinancehub.com,vi,0.93,prefix_suffix,lexical
paletronic.com,nic,0.93,prefix_suffix,lexical
bailety75.vip,vi,0.93,prefix_suffix,lexical
visitalor.com,vi,0.93,prefix_suffix,lexical
gg168betv1.com,vi,0.93,prefix_suffix,lexical
thera-vista.com,vi,0.93,prefix_suffix,lexical
clarityearclinic.com,nic,0.93,prefix_suffix,lexical
galabet-resmigirisimiz.vip,vi,0.93,prefix_suffix,lexical
jmcomica.vip,vi,0.93,prefix_suffix,lexical
9cmbva.vip,vi,0.93,prefix_suffix,lexical
vintagecatalogues.com,vi,0.93,prefix_suffix,lexical
vip1661166.top,vi,0.93,prefix_suffix,lexical
zn85e.top,bse,0.93,prefix_suffix,lexical
sacredsite.org,sac,0.93,prefix_suffix,lexical
vicelam.asia,vi,0.93,prefix_suffix,lexical
virgion.us,vi,0.93,prefix_suffix,lexical
vicrobiz.com,vi,0.93,prefix_suffix,lexical
vinuu.com,vi,0.93,prefix_suffix,lexical
25810.vip,vi,0.93,prefix_suffix,lexical
sicario.vip,vi,0.93,prefix_suffix,lexical
vingetasfina-service.online,vi,0.93,prefix_suffix,lexical
5s6y0n5.vip,vi,0.93,prefix_suffix,lexical
videmart.com,vi,0.93,prefix_suffix,lexical
sbin.us,sbi,0.93,prefix_suffix,lexical
vipking.us,vi,0.93,prefix_suffix,lexical
vidhivrudhiindustries.com,vi,0.93,prefix_suffix,lexical
bobbleaward.xyz,bob,0.93,prefix_suffix,lexical
tl5977.vip,vi,0.93,prefix_suffix,lexical
moreiravip.vip,vi,0.93,prefix_suffix,lexical
7889ldyy.vip,vi,0.93,prefix_suffix,lexical
dkgz6659.vip,vi,0.93,prefix_suffix,lexical
nicelocal.us,nic,0.93,prefix_suffix,lexical
virellanqostra.com,vi,0.93,prefix_suffix,lexical
676561.vip,vi,0.93,prefix_suffix,lexical
bnileaders.vip,vi,0.93,prefix_suffix,lexical
vignettemotto.click,vi,0.93,prefix_suffix,lexical
iociohk.info,iocl,0.93,prefix_suffix,lexical
clickzonehub808.quest,bob,0.93,prefix_suffix,lexical
bob4kids.com,bob,0.93,prefix_suffix,lexical
vinken.site,vi,0.93,prefix_suffix,lexical
bobty2010.com,bob,0.93,prefix_suffix,lexical
msmoneymechanic.com,nic,0.93,prefix_suffix,lexical
bailety45.vip,vi,0.93,prefix_suffix,lexical
gymshark-vip.store,vi,0.93,prefix_suffix,lexical
com-dntr.vip,vi,0.93,prefix_suffix,lexical
fisher.vip,vi,0.93,prefix_suffix,lexical
ztu666.vip,vi,0.93,prefix_suffix,lexical
mostplay365.vip,vi,0.93,prefix_suffix,lexical
vitalityvideopro.digital,vi,0.93,prefix_suffix,lexical
betnanomgirisi.vip,vi,0.93,prefix_suffix,lexical
visioninck.com,vi,0.93,prefix_suffix,lexical
sacredserve.com,sac,0.93,prefix_suffix,lexical
vloranexora.store,vi,0.93,prefix_suffix,lexical
tiklhtks.vip,vi,0.93,prefix_suffix,lexical
37118.vip,vi,0.93,prefix_suffix,lexical
colicclinic.com,nic,0.93,prefix_suffix,lexical
slottbarsites.vip,vi,0.93,prefix_suffix,lexical
y7124545.vip,vi,0.93,prefix_suffix,lexical
vvxstlvbsnl.top,bsnl,0.93,prefix_suffix,lexical
crb16.vip,vi,0.93,prefix_suffix,lexical
sac-online.website,sac,0.98,exact_label,lexical
308630.vip,vi,0.93,prefix_suffix,lexical
gv3a.vip,vi,0.93,prefix_suffix,lexical
y7124505.vip,vi,0.93,prefix_suffix,lexical
visart.us,vi,0.93,prefix_suffix,lexical
vibafudgechocolat.com,vi,0.93,prefix_suffix,lexical
vieirafitness.store,vi,0.93,prefix_suffix,lexical
niceraccoon.homes,nic,0.93,prefix_suffix,lexical
viewtrics.cloud,vi,0.93,prefix_suffix,lexical
vikingautosales.com,vi,0.93,prefix_suffix,lexical
26124517.vip,vi,0.93,prefix_suffix,lexical
betvoleresmiadresi1.vip,vi,0.93,prefix_suffix,lexical
vighnahartamulti.com,vi,0.93,prefix_suffix,lexical
victoryhillsproperties.com,vi,0.93,prefix_suffix,lexical
vibesflow.website,vi,0.93,prefix_suffix,lexical
nickniatexport.com,nic,0.93,prefix_suffix,lexical
viobts.com,vi,0.93,prefix_suffix,lexical
vibeannapolis.com,vi,0.93,prefix_suffix,lexical
vidscout.app,vi,0.93,prefix_suffix,lexical
49173.vip,vi,0.93,prefix_suffix,lexical
4bcen9.vip,vi,0.93,prefix_suffix,lexical
vivanticollection.com,vi,0.93,prefix_suffix,lexical
grandpashabet-orginalgiris.com,census,0.93,prefix_suffix,lexical
viral-scout.com,vi,0.93,prefix_suffix,lexical
peakshift.vip,vi,0.93,prefix_suffix,lexical
inivdror.vip,vi,0.93,prefix_suffix,lexical
naturamedicinclinic.online,nic,0.93,prefix_suffix,lexical
t-visionaccount.com,vi,0.93,prefix_suffix,lexical
gg88id.vip,vi,0.93,prefix_suffix,lexical
vita-face-scan.com,vi,0.93,prefix_suffix,lexical
villaannacastrocielo.com,vi,0.93,prefix_suffix,lexical
myvillage360.com,vi,0.93,prefix_suffix,lexical
viag01pills.com,vi,0.93,prefix_suffix,lexical
synoviaclinic.info,nic,0.93,prefix_suffix,lexical
ucla-interdisciplinary-conference-gun-violence-reduction.com,vi,0.93,prefix_suffix,lexical
vistahomeservices.com,vi,0.93,prefix_suffix,lexical
visitthedreamers.com,vi,0.93,prefix_suffix,lexical
mining-core.vip,vi,0.93,prefix_suffix,lexical
italeri-vip.shop,vi,0.93,prefix_suffix,lexical
vieveproteinwater.com,vi,0.93,prefix_suffix,lexical
marsbahis-girisadresim.vip,vi,0.93,prefix_suffix,lexical
via-avignette.beer,vi,0.93,prefix_suffix,lexical
jennyonline.vip,vi,0.93,prefix_suffix,lexical
37041.vip,vi,0.93,prefix_suffix,lexical
victorypups.com,vi,0.93,prefix_suffix,lexical
16790.vip,vi,0.93,prefix_suffix,lexical
y7124600.vip,vi,0.93,prefix_suffix,lexical
bykermasonic.org,nic,0.93,prefix_suffix,lexical
bobikcs.com,bob,0.93,prefix_suffix,lexical
visionairvideos.com,vi,0.93,prefix_suffix,lexical
vinylcash.com,vi,0.93,prefix_suffix,lexical
koxzxsu808.top,bob,0.93,prefix_suffix,lexical
pjnpy.vip,vi,0.93,prefix_suffix,lexical
goldenmine.vip,vi,0.93,prefix_suffix,lexical
76619.vip,vi,0.93,prefix_suffix,lexical
846vl.top,vi,0.93,prefix_suffix,lexical
viajes-anita.com,vi,0.93,prefix_suffix,lexical
homesweethome.vip,vi,0.93,prefix_suffix,lexical
arnoux-vins.com,vi,0.93,prefix_suffix,lexical
la-vid.com,vi,0.93,prefix_suffix,lexical
vitalitylifeessence.com,vi,0.93,prefix_suffix,lexical
jlgj581.top,sbi,0.93,prefix_suffix,lexical
spiritualclub.vip,vi,0.93,prefix_suffix,lexical
admincraft.vip,vi,0.93,prefix_suffix,lexical
morgans-vip.com,vi,0.93,prefix_suffix,lexical
26124442.vip,vi,0.93,prefix_suffix,lexical
cloudbotpro.vip,vi,0.93,prefix_suffix,lexical
vineamontis.com,vi,0.93,prefix_suffix,lexical
nmbbw.vip,vi,0.93,prefix_suffix,lexical
vivachickencoop.com,vi,0.93,prefix_suffix,lexical
viloet.baby,vi,0.93,prefix_suffix,lexical
css-viewer.com,vi,0.93,prefix_suffix,lexical
vluuz.com,vi,0.93,prefix_suffix,lexical
hkgolevi.com,vi,0.93,prefix_suffix,lexical
villacorradoavola.com,vi,0.93,prefix_suffix,lexical
viegasterapiaglobalpremium.com,vi,0.93,prefix_suffix,lexical
rd905.vip,vi,0.93,prefix_suffix,lexical
btc9977.vip,vi,0.93,prefix_suffix,lexical
vinoenvy.com,vi,0.93,prefix_suffix,lexical
nta-nic.site,nic,0.98,exact_label,lexical
victoris.us,vi,0.93,prefix_suffix,lexical
v13gq0.garden,vi,0.93,prefix_suffix,lexical
vijaysule.com,vi,0.93,prefix_suffix,lexical
pramsoftware.vip,vi,0.93,prefix_suffix,lexical
sacred-outlaw.com,sac,0.93,prefix_suffix,lexical
vienyduoctuetinh.com,vi,0.93,prefix_suffix,lexical
vintagerentalsdenver.com,vi,0.93,prefix_suffix,lexical
visanow.today,vi,0.93,prefix_suffix,lexical
orykbqvi.sbs,vi,0.93,prefix_suffix,lexical
3k-vlp.app,vi,0.93,prefix_suffix,lexical
sloughtravelclinic.com,nic,0.93,prefix_suffix,lexical
eu-arena-vip.store,vi,0.93,prefix_suffix,lexical
viettravel.us,vi,0.93,prefix_suffix,lexical
vivekmethod.com,vi,0.93,prefix_suffix,lexical
5555007.vip,vi,0.93,prefix_suffix,lexical
omonic.ru,nic,0.93,prefix_suffix,lexical
sikezuqiu-vip.com,vi,0.93,prefix_suffix,lexical
nicaraguasundayschool.com,nic,0.93,prefix_suffix,lexical
bob-orci.com,bob,0.98,exact_label,lexical
koruxe.vip,vi,0.93,prefix_suffix,lexical
vladannych.online,vi,0.93,prefix_suffix,lexical
vinylfx.space,vi,0.93,prefix_suffix,lexical
68ras.vip,vi,0.93,prefix_suffix,lexical
vigorlead.com,vi,0.93,prefix_suffix,lexical
apicks.vip,vi,0.93,prefix_suffix,lexical
zupki.vip,vi,0.93,prefix_suffix,lexical
117b6.vip,vi,0.93,prefix_suffix,lexical
victucz.top,vi,0.93,prefix_suffix,lexical
sace.us,sac,0.93,prefix_suffix,lexical
vibranttrendera.shop,vi,0.93,prefix_suffix,lexical
magic365.vip,vi,0.93,prefix_suffix,lexical
94410.vip,vi,0.93,prefix_suffix,lexical
vikahytteforening.com,vi,0.93,prefix_suffix,lexical
vikingiclub.com,vi,0.93,prefix_suffix,lexical
visibleimagings.com,vi,0.93,prefix_suffix,lexical
crb23.vip,vi,0.93,prefix_suffix,lexical
43812.vip,vi,0.93,prefix_suffix,lexical
eccadmin.vip,vi,0.93,prefix_suffix,lexical
lachrymogenic.biz,nic,0.93,prefix_suffix,lexical
849xx332.vip,vi,0.93,prefix_suffix,lexical
vieweed.com,vi,0.93,prefix_suffix,lexical
vibecode.click,vi,0.93,prefix_suffix,lexical
vip-apps.app,vi,0.93,prefix_suffix,lexical
bba67n.vip,vi,0.93,prefix_suffix,lexical
nicdum.com,nic,0.93,prefix_suffix,lexical
vi11.top,vi,0.93,prefix_suffix,lexical
sensexgtvi.sbs,vi,0.93,prefix_suffix,lexical
villa-antonina.com,vi,0.93,prefix_suffix,lexical
viptools.us,vi,0.93,prefix_suffix,lexical
vibrantbuysland.shop,vi,0.93,prefix_suffix,lexical
rblqyn.com,rbi,0.93,prefix_suffix,lexical
smartbob.us,bob,0.93,prefix_suffix,lexical
sachsesound.com,sac,0.93,prefix_suffix,lexical
bailety66.vip,vi,0.93,prefix_suffix,lexical
visionarycredit.com,vi,0.93,prefix_suffix,lexical
8sevi.xyz,bse,0.93,prefix_suffix,lexical
26124391.vip,vi,0.93,prefix_suffix,lexical
pentatechaxis.com,axis,0.93,prefix_suffix,lexical
raedharbi.xyz,rbi,0.93,prefix_suffix,lexical
awdfvl.cn,vi,0.93,prefix_suffix,lexical
vicrehab.com,vi,0.93,prefix_suffix,lexical
vivantgallery.com,vi,0.93,prefix_suffix,lexical
orgillintl.net,census,0.93,prefix_suffix,lexical
vixero.pl,vi,0.93,prefix_suffix,lexical
vitality-residenz-innsbruck.com,vi,0.93,prefix_suffix,lexical
vipbraslots6.com,vi,0.93,prefix_suffix,lexical
wealthquest.vip,vi,0.93,prefix_suffix,lexical
huohu-vip.com,vi,0.93,prefix_suffix,lexical
csqwn.vip,vi,0.93,prefix_suffix,lexical
vn779.vip,vi,0.93,prefix_suffix,lexical
t-visionpay.com,vi,0.93,prefix_suffix,lexical
vitalitatemasculina.online,vi,0.93,prefix_suffix,lexical
rabft.vip,vi,0.93,prefix_suffix,lexical
vibor.us,vi,0.93,prefix_suffix,lexical
sizjr.vip,vi,0.93,prefix_suffix,lexical
violetwashere.com,vi,0.93,prefix_suffix,lexical
regenic.energy,nic,0.93,prefix_suffix,lexical
pj7285b1.xyz,sbi,0.93,prefix_suffix,lexical
perimaison.vip,vi,0.93,prefix_suffix,lexical
vic.doctor,vi,0.93,prefix_suffix,lexical
lottoscams.com,cams,0.93,prefix_suffix,lexical
sexlove.vip,vi,0.93,prefix_suffix,lexical
58224.vip,vi,0.93,prefix_suffix,lexical
vinnies.us,vi,0.93,prefix_suffix,lexical
brainstormksa.vip,vi,0.93,prefix_suffix,lexical
pnclognml.vip,vi,0.93,prefix_suffix,lexical
victoryletters.com,vi,0.93,prefix_suffix,lexical
viqmemy.com,vi,0.93,prefix_suffix,lexical
virtualibro.com,vi,0.93,prefix_suffix,lexical
qz9fty.vip,vi,0.93,prefix_suffix,lexical
viployalty.club,vi,0.93,prefix_suffix,lexical
vistaminibuscompany.com,vi,0.93,prefix_suffix,lexical
studio-vizion.com,vi,0.93,prefix_suffix,lexical
y7124540.vip,vi,0.93,prefix_suffix,lexical
kwqj1y.vip,vi,0.93,prefix_suffix,lexical
leadfusion.vip,vi,0.93,prefix_suffix,lexical
cwaclinic.com,nic,0.93,prefix_suffix,lexical
v88u.vip,vi,0.93,prefix_suffix,lexical
vizoras.my.id,vi,0.93,prefix_suffix,lexical
virtue-signal.com,vi,0.93,prefix_suffix,lexical
novavi.com,vi,0.93,prefix_suffix,lexical
matylda.vip,vi,0.93,prefix_suffix,lexical
vibememe.com,vi,0.93,prefix_suffix,lexical
nicolegarciaart.com,nic,0.93,prefix_suffix,lexical
istanbulrap.vip,vi,0.93,prefix_suffix,lexical
willnxtlvl.com,vi,0.93,prefix_suffix,lexical
nhatvechai.click,nha,0.93,prefix_suffix,lexical
scurbi.com,rbi,0.93,prefix_suffix,lexical
qdruz.vip,vi,0.93,prefix_suffix,lexical
vikilove.com,vi,0.93,prefix_suffix,lexical
skintransformationclinic.com,nic,0.93,prefix_suffix,lexical
hiltonbet-saglam2026.vip,vi,0.93,prefix_suffix,lexical
bobboiko.com,bob,0.93,prefix_suffix,lexical
radiosbi.com,sbi,0.93,prefix_suffix,lexical
villi.us,vi,0.93,prefix_suffix,lexical
huiof.vip,vi,0.93,prefix_suffix,lexical
easytier.vip,vi,0.93,prefix_suffix,lexical
nabngbvi.xyz,vi,0.93,prefix_suffix,lexical
smtpoutnlc.net,nic,0.93,prefix_suffix,lexical
lcaelectioncommission.org,eci,0.93,prefix_suffix,lexical
vibeforge.us,vi,0.93,prefix_suffix,lexical
natalianijlo.com,jio,0.93,prefix_suffix,lexical
nickbuyssandiego.com,nic,0.93,prefix_suffix,lexical
vip-bajie.com,vi,0.93,prefix_suffix,lexical
viettin24h.com,vi,0.93,prefix_suffix,lexical
vivavida.us,vi,0.93,prefix_suffix,lexical
joya9vip.vip,vi,0.93,prefix_suffix,lexical
sbti.vip,vi,0.93,prefix_suffix,lexical
ec178.com,eci,0.93,prefix_suffix,lexical
66bh.vip,vi,0.93,prefix_suffix,lexical
vi3k5d.top,vi,0.93,prefix_suffix,lexical
viplaserclinicmedspa.com,vi,0.93,prefix_suffix,lexical
viplatalar.top,vi,0.93,prefix_suffix,lexical
vivibackt.com,vi,0.93,prefix_suffix,lexical
nice42.cfd,nic,0.93,prefix_suffix,lexical
niche.foundation,nic,0.93,prefix_suffix,lexical
jl065k.sbs,jio,0.93,prefix_suffix,lexical
makingtonic.com,nic,0.93,prefix_suffix,lexical
t-visiontechsupport.com,vi,0.93,prefix_suffix,lexical
cvc66.vip,vi,0.93,prefix_suffix,lexical
autoescolasantaterezinha.com,nha,0.93,prefix_suffix,lexical
nickelcitydigital.com,nic,0.93,prefix_suffix,lexical
visitscyprus.com,vi,0.93,prefix_suffix,lexical
jeiyk7045.vip,vi,0.93,prefix_suffix,lexical
vinovashop.com,vi,0.93,prefix_suffix,lexical
vighnsolutionservices.com,vi,0.93,prefix_suffix,lexical
vftyh652.vip,vi,0.93,prefix_suffix,lexical
sacmagroup-india.com,sac,0.93,prefix_suffix,lexical
wegasonic.com,nic,0.93,prefix_suffix,lexical
jabandgoclinic.com,nic,0.93,prefix_suffix,lexical
viewpatch.com,vi,0.93,prefix_suffix,lexical
vitalmaxxing.com,vi,0.93,prefix_suffix,lexical
vidyalaya.digital,vi,0.93,prefix_suffix,lexical
qfbehab.vip,vi,0.93,prefix_suffix,lexical
xveia.vip,vi,0.93,prefix_suffix,lexical
vinelandcharterbus.com,vi,0.93,prefix_suffix,lexical
victoryoverspinabifida.com,vi,0.93,prefix_suffix,lexical
vitadent-clinic.com,nic,0.93,prefix_suffix,lexical
bsp3.vip,vi,0.93,prefix_suffix,lexical
vitalityhub.us,vi,0.93,prefix_suffix,lexical
royalgg.vip,vi,0.93,prefix_suffix,lexical
h25bl.top,sbi,0.93,prefix_suffix,lexical
859626.vip,vi,0.93,prefix_suffix,lexical
heart-vitality.online,vi,0.93,prefix_suffix,lexical
tiger8.vip,vi,0.93,prefix_suffix,lexical
vieiraconsultare.com,vi,0.93,prefix_suffix,lexical
jaishreeravi.com,vi,0.93,prefix_suffix,lexical
tongwin.vip,vi,0.93,prefix_suffix,lexical
gopicnic.app,nic,0.93,prefix_suffix,lexical
viplounge.one,vi,0.93,prefix_suffix,lexical
videoibm.com,vi,0.93,prefix_suffix,lexical
uyysddsd10.vip,vi,0.93,prefix_suffix,lexical
vikings3.com,vi,0.93,prefix_suffix,lexical
jisuzhibo.vip,vi,0.93,prefix_suffix,lexical
voyabot.vip,vi,0.93,prefix_suffix,lexical
jardimdanezinha.com.br,nha,0.93,prefix_suffix,lexical
vikaselectronics.com,vi,0.93,prefix_suffix,lexical
visitnortheasttarrant.com,vi,0.93,prefix_suffix,lexical
pastigacor.vip,vi,0.93,prefix_suffix,lexical
viviansaudia.com,vi,0.93,prefix_suffix,lexical
tttjl.vip,vi,0.93,prefix_suffix,lexical
deianisac.com,sac,0.93,prefix_suffix,lexical
mgm999888.vip,vi,0.93,prefix_suffix,lexical
07597.vip,vi,0.93,prefix_suffix,lexical
jagrutiorganic.com,nic,0.93,prefix_suffix,lexical
bets10-yenigiris.vip,vi,0.93,prefix_suffix,lexical
crosstrainingnavi.com,vi,0.93,prefix_suffix,lexical
bobbyhardaelawn.com,bob,0.93,prefix_suffix,lexical
vibemodafitness.com,vi,0.93,prefix_suffix,lexical
vipbr.top,vi,0.93,prefix_suffix,lexical
vipspraygrounoeu-online.shop,vi,0.93,prefix_suffix,lexical
jtpvb.vip,vi,0.93,prefix_suffix,lexical
nicp5z.sbs,nic,0.93,prefix_suffix,lexical
vibecamp64.online,vi,0.93,prefix_suffix,lexical
vintagedoctor.com,vi,0.93,prefix_suffix,lexical
vikata.co.in,vi,0.93,prefix_suffix,lexical
jerry147.vip,vi,0.93,prefix_suffix,lexical
vitae-nemo-hic.top,vi,0.93,prefix_suffix,lexical
xy32.vip,vi,0.93,prefix_suffix,lexical
26124422.vip,vi,0.93,prefix_suffix,lexical
bserway.com,bse,0.93,prefix_suffix,lexical
oiccv.vip,vi,0.93,prefix_suffix,lexical
vietcannew.com,vi,0.93,prefix_suffix,lexical
mwbas.vip,vi,0.93,prefix_suffix,lexical
victoriamcgraw.net,vi,0.93,prefix_suffix,lexical
wwwbets10446.vip,vi,0.93,prefix_suffix,lexical
infinitivecloud.net,icici,0.93,prefix_suffix,lexical
h81vl.top,vi,0.93,prefix_suffix,lexical
vibora.studio,vi,0.93,prefix_suffix,lexical
vlpradio.com.ar,vi,0.93,prefix_suffix,lexical
vitechjsc.net,vi,0.93,prefix_suffix,lexical
lherw.vip,vi,0.93,prefix_suffix,lexical
granic.shop,nic,0.93,prefix_suffix,lexical
nickandlexiephotofilm.com,nic,0.93,prefix_suffix,lexical
y7124534.vip,vi,0.93,prefix_suffix,lexical
h56vl.top,vi,0.93,prefix_suffix,lexical
ijhvz.vip,vi,0.93,prefix_suffix,lexical
sacrariodafe.com.br,sac,0.93,prefix_suffix,lexical
bailety82.vip,vi,0.93,prefix_suffix,lexical
vibenthrive.net,vi,0.93,prefix_suffix,lexical
vilaythong.us,vi,0.93,prefix_suffix,lexical
nanoganic.com,nic,0.93,prefix_suffix,lexical
schweb.vip,vi,0.93,prefix_suffix,lexical
50180.vip,vi,0.93,prefix_suffix,lexical
87906.vip,vi,0.93,prefix_suffix,lexical
aggkz13.vip,vi,0.93,prefix_suffix,lexical
vieelitehouston.com,vi,0.93,prefix_suffix,lexical
10410.vip,vi,0.93,prefix_suffix,lexical
95081.vip,vi,0.93,prefix_suffix,lexical
vloey.com,vi,0.93,prefix_suffix,lexical
vladannych.com,vi,0.93,prefix_suffix,lexical
vicmob.com,vi,0.93,prefix_suffix,lexical
9418x.vip,vi,0.93,prefix_suffix,lexical
vipad.net,vi,0.93,prefix_suffix,lexical
vindiesel.bio,vi,0.93,prefix_suffix,lexical
villaaurora.us,vi,0.93,prefix_suffix,lexical
rejeneraterecoveryclinic.uk,nic,0.93,prefix_suffix,lexical
vidriossangerardo.com,vi,0.93,prefix_suffix,lexical
playstormclick581.quest,sbi,0.93,prefix_suffix,lexical
hlmmbcz.vip,vi,0.93,prefix_suffix,lexical
fondation-villars.org,vi,0.93,prefix_suffix,lexical
40091.vip,vi,0.93,prefix_suffix,lexical
vizyonacademypanel.com.tr,vi,0.93,prefix_suffix,lexical
ss7332j.vip,vi,0.93,prefix_suffix,lexical
betzula-aktif.vip,vi,0.93,prefix_suffix,lexical
bobstarneygrading.com,bob,0.93,prefix_suffix,lexical
nhaofang5.top,nha,0.93,prefix_suffix,lexical
fanatic130.vip,vi,0.93,prefix_suffix,lexical
virtuallifecoaches.com,vi,0.93,prefix_suffix,lexical
hypersonic.tech,nic,0.93,prefix_suffix,lexical
niuniu333.vip,vi,0.93,prefix_suffix,lexical
s8lhzl.sbs,sbi,0.93,prefix_suffix,lexical
deripsaweopapvi.click,vi,0.93,prefix_suffix,lexical
vitalharvestqy.info,vi,0.93,prefix_suffix,lexical
vibealight.com,vi,0.93,prefix_suffix,lexical
virtuoz.us,vi,0.93,prefix_suffix,lexical
viospin.com,vi,0.93,prefix_suffix,lexical
violetsautospa.com,vi,0.93,prefix_suffix,lexical
viveluma.com,vi,0.93,prefix_suffix,lexical
02853.blog,bse,0.93,prefix_suffix,lexical
nicheloanquick.com,nic,0.93,prefix_suffix,lexical
nicolamelluso.com,nic,0.93,prefix_suffix,lexical
viaumechanical.com,vi,0.93,prefix_suffix,lexical
sandra-villinger.com,vi,0.93,prefix_suffix,lexical
nicmesh.com,nic,0.93,prefix_suffix,lexical
vloon.com,vi,0.93,prefix_suffix,lexical
co-asia.vip,vi,0.93,prefix_suffix,lexical
canseure.vip,vi,0.93,prefix_suffix,lexical
visionworldopticalparkchester.com,vi,0.93,prefix_suffix,lexical
vinomystica.com,vi,0.93,prefix_suffix,lexical
payt-visionbill.com,vi,0.93,prefix_suffix,lexical
vivijaxarete.com,vi,0.93,prefix_suffix,lexical
bxclinic.com,nic,0.93,prefix_suffix,lexical
m158i.xyz,sbi,0.93,prefix_suffix,lexical
vintagehut.com,vi,0.93,prefix_suffix,lexical
thenutritionclinic.dk,nic,0.93,prefix_suffix,lexical
c729.vip,vi,0.93,prefix_suffix,lexical
nickersonholdingsllc.com,nic,0.93,prefix_suffix,lexical
56wm.vip,vi,0.93,prefix_suffix,lexical
viadigltalpass.online,vi,0.93,prefix_suffix,lexical
y7124592.vip,vi,0.93,prefix_suffix,lexical
axisone.info,axis,0.93,prefix_suffix,lexical
vipzhcn.com,vi,0.93,prefix_suffix,lexical
vidchart.app,vi,0.93,prefix_suffix,lexical
vizitassign.com,vi,0.93,prefix_suffix,lexical
workwithaxis.com,axis,0.93,prefix_suffix,lexical
26124594.vip,vi,0.93,prefix_suffix,lexical
yellolo.vip,vi,0.93,prefix_suffix,lexical
alobet-guncel-sitesi.vip,vi,0.93,prefix_suffix,lexical
mehermaethnic.com,nic,0.93,prefix_suffix,lexical
z-videoai.com,vi,0.93,prefix_suffix,lexical
nhaofang3.top,nha,0.93,prefix_suffix,lexical
zfadhhg.vip,vi,0.93,prefix_suffix,lexical
visasocks.com,vi,0.93,prefix_suffix,lexical
virginiataxis.com,axis,0.93,prefix_suffix,lexical
eclecticshopping.com,eci,0.93,prefix_suffix,lexical
vimahomes.com,vi,0.93,prefix_suffix,lexical
brysonic.shop,nic,0.93,prefix_suffix,lexical
plazvi.world,vi,0.93,prefix_suffix,lexical
ikimisli-girisiniz.vip,vi,0.93,prefix_suffix,lexical
ngsbahis-orjinal-site.vip,vi,0.93,prefix_suffix,lexical
viva356.pro,vi,0.93,prefix_suffix,lexical
vitaldtx.com,vi,0.93,prefix_suffix,lexical
79270.vip,vi,0.93,prefix_suffix,lexical
shiyin.vip,vi,0.93,prefix_suffix,lexical
tonic-designstudio.com,nic,0.93,prefix_suffix,lexical
vientosur-charter.com,vi,0.93,prefix_suffix,lexical
sofiebosnic.com,nic,0.93,prefix_suffix,lexical
ruisu.vip,vi,0.93,prefix_suffix,lexical
hatesatanic.org,nic,0.93,prefix_suffix,lexical
visitsaintbarthelemy.com,vi,0.93,prefix_suffix,lexical
67371.vip,vi,0.93,prefix_suffix,lexical
villagesofeastridge.com,vi,0.93,prefix_suffix,lexical
c773.vip,vi,0.93,prefix_suffix,lexical
vividb32.cfd,vi,0.93,prefix_suffix,lexical
vipzl.com,vi,0.93,prefix_suffix,lexical
sacsaposter.com,sac,0.93,prefix_suffix,lexical
76255.vip,vi,0.93,prefix_suffix,lexical
swty808.com,bob,0.93,prefix_suffix,lexical
healthohaven.vip,vi,0.93,prefix_suffix,lexical
3318a5.vip,vi,0.93,prefix_suffix,lexical
peptidesorganic.com,nic,0.93,prefix_suffix,lexical
z88u.vip,vi,0.93,prefix_suffix,lexical
09zx.vip,vi,0.93,prefix_suffix,lexical
60729.vip,vi,0.93,prefix_suffix,lexical
visitcheboygan.com,vi,0.93,prefix_suffix,lexical
mrkworld.vip,vi,0.93,prefix_suffix,lexical
niceonesex.com,nic,0.93,prefix_suffix,lexical
vilniusprepaidcard.com,vi,0.93,prefix_suffix,lexical
dh679.vip,vi,0.93,prefix_suffix,lexical
31830.vip,vi,0.93,prefix_suffix,lexical
viperfrostafterdark.pro,vi,0.93,prefix_suffix,lexical
bobty2016.com,bob,0.93,prefix_suffix,lexical
virtualparalegalconsultant.com,vi,0.93,prefix_suffix,lexical
progressbi.pl,sbi,0.93,prefix_suffix,lexical
camslaw.online,cams,0.93,prefix_suffix,lexical
57039.vip,vi,0.93,prefix_suffix,lexical
43919.vip,vi,0.93,prefix_suffix,lexical
vicksquickdelivery.com,vi,0.93,prefix_suffix,lexical
vision10.com.br,vi,0.93,prefix_suffix,lexical
vivastori.com,vi,0.93,prefix_suffix,lexical
roselake.vip,vi,0.93,prefix_suffix,lexical
techllawmax.vip,vi,0.93,prefix_suffix,lexical
banger-casino.vip,vi,0.93,prefix_suffix,lexical
novi.org.il,vi,0.93,prefix_suffix,lexical
g2gneko-vip.com,vi,0.93,prefix_suffix,lexical
saccentral.site,sac,0.93,prefix_suffix,lexical
ydvwl.vip,vi,0.93,prefix_suffix,lexical
xy62.vip,vi,0.93,prefix_suffix,lexical
camsung.click,cams,0.93,prefix_suffix,lexical
hh199.vip,vi,0.93,prefix_suffix,lexical
39644.vip,vi,0.93,prefix_suffix,lexical
goldenvoice.vip,vi,0.93,prefix_suffix,lexical
vita-zynorxt.shop,vi,0.93,prefix_suffix,lexical
vieuxdesign.com,vi,0.93,prefix_suffix,lexical
vivucinemsa.com,vi,0.93,prefix_suffix,lexical
615888.vip,vi,0.93,prefix_suffix,lexical
vitalchoicez.info,vi,0.93,prefix_suffix,lexical
vin99.asia,vi,0.93,prefix_suffix,lexical
sacadevision.com,sac,0.93,prefix_suffix,lexical
vidsotok.pp.ua,vi,0.93,prefix_suffix,lexical
48162.vip,vi,0.93,prefix_suffix,lexical
analizesportive.vip,vi,0.93,prefix_suffix,lexical
vixenvids.com,vi,0.93,prefix_suffix,lexical
visionexpresoptica.com,vi,0.93,prefix_suffix,lexical
virtualguy.com,vi,0.93,prefix_suffix,lexical
victortrey.com,vi,0.93,prefix_suffix,lexical
lztv1.com,vi,0.93,prefix_suffix,lexical
vlasek.online,vi,0.93,prefix_suffix,lexical
hanjhejvaxv1.com,vi,0.93,prefix_suffix,lexical
taraftarium24-zeus89.vip,vi,0.93,prefix_suffix,lexical
victoriacassar.com,vi,0.93,prefix_suffix,lexical
vigaindustries.com,vi,0.93,prefix_suffix,lexical
virginialoans.biz,vi,0.93,prefix_suffix,lexical
vithcentury.sbs,vi,0.93,prefix_suffix,lexical
ebk2w4.vip,vi,0.93,prefix_suffix,lexical
849kk599.vip,vi,0.93,prefix_suffix,lexical
nickdominguez.com,nic,0.93,prefix_suffix,lexical
baroda.doctor,bob,0.98,exact_label,lexical
viktorsvetlana.ru,vi,0.93,prefix_suffix,lexical
visionnetwork.biz,vi,0.93,prefix_suffix,lexical
vietaproperty.com,vi,0.93,prefix_suffix,lexical
vinergy.us,vi,0.93,prefix_suffix,lexical
vlx.space,vi,0.93,prefix_suffix,lexical
casinowon-tekgiris.vip,vi,0.93,prefix_suffix,lexical
vintagedeptde.shop,vi,0.93,prefix_suffix,lexical
visiontechfiresolutions.com,vi,0.93,prefix_suffix,lexical
jiopardise.com,jio,0.93,prefix_suffix,lexical
niclausvankamp.com,nic,0.93,prefix_suffix,lexical
91v01.vip,vi,0.93,prefix_suffix,lexical
harbin168v1.net,vi,0.93,prefix_suffix,lexical
questionnic.com,nic,0.93,prefix_suffix,lexical
junkai.vip,vi,0.93,prefix_suffix,lexical
wokingtravelclinic.com,nic,0.93,prefix_suffix,lexical
vodafone-up-top.xyz,vi,0.98,exact_label,lexical
fdy83x.vip,vi,0.93,prefix_suffix,lexical
didi51-t0337.vip,vi,0.93,prefix_suffix,lexical
v18998.com,vi,0.93,prefix_suffix,lexical
visionboards.us,vi,0.93,prefix_suffix,lexical
studioalavi.com,vi,0.93,prefix_suffix,lexical
viajesadosruedas.com,vi,0.93,prefix_suffix,lexical
vitadailylife.com,vi,0.93,prefix_suffix,lexical
avqlh.vip,vi,0.93,prefix_suffix,lexical
ekeruvi.info,vi,0.93,prefix_suffix,lexical
deedhubhome.vip,vi,0.93,prefix_suffix,lexical
didi51-t0346.vip,vi,0.93,prefix_suffix,lexical
niclosa.com,nic,0.93,prefix_suffix,lexical
8vi.info,vi,0.93,prefix_suffix,lexical
vacynm384.vip,vi,0.93,prefix_suffix,lexical
vitocards.space,vi,0.93,prefix_suffix,lexical
6298s5.vip,vi,0.93,prefix_suffix,lexical
vitajersey.top,vi,0.93,prefix_suffix,lexical
mtmgk.vip,vi,0.93,prefix_suffix,lexical
vip138bro.com,vi,0.93,prefix_suffix,lexical
24773.vip,vi,0.93,prefix_suffix,lexical
ebytp.vip,vi,0.93,prefix_suffix,lexical
dbbbf.vip,vi,0.93,prefix_suffix,lexical
villaarvo.com,vi,0.93,prefix_suffix,lexical
vi-sunwin.pro,vi,0.98,exact_label,lexical
ebtedge.vip,vi,0.93,prefix_suffix,lexical
owvky.vip,vi,0.93,prefix_suffix,lexical
samselectronic.click,nic,0.93,prefix_suffix,lexical
sacketcore.click,sac,0.93,prefix_suffix,lexical
vicbi.com,vi,0.93,prefix_suffix,lexical
readingmarijuana.clinic,nic,0.93,prefix_suffix,lexical
hoki33.vip,vi,0.93,prefix_suffix,lexical
dcs81.top,sbi,0.93,prefix_suffix,lexical
vibesnation.xyz,vi,0.93,prefix_suffix,lexical
512gd.vip,vi,0.93,prefix_suffix,lexical
upmotionpr.com,nic,0.93,prefix_suffix,lexical
sqxonf.vip,vi,0.93,prefix_suffix,lexical
nhamtrieu.shop,nha,0.93,prefix_suffix,lexical
victornwafor.xyz,vi,0.93,prefix_suffix,lexical
veltrionaxis.ru,axis,0.93,prefix_suffix,lexical
vivernoseua.com,vi,0.93,prefix_suffix,lexical
victoriatarot.com,vi,0.93,prefix_suffix,lexical
hnceq.vip,vi,0.93,prefix_suffix,lexical
678vip.vip,vi,0.93,prefix_suffix,lexical
viet-link.net,vi,0.93,prefix_suffix,lexical
dr-abbasclinic.online,nic,0.93,prefix_suffix,lexical
hightowercrew.vip,vi,0.93,prefix_suffix,lexical
hiltonbet-dogrudur.vip,vi,0.93,prefix_suffix,lexical
jacostasarimevi.com,vi,0.93,prefix_suffix,lexical
violinbh.com,vi,0.93,prefix_suffix,lexical
sirajio.com,jio,0.93,prefix_suffix,lexical
pnydkjl.vip,vi,0.93,prefix_suffix,lexical
naturheilpraxis-ute-grams.com,axis,0.93,prefix_suffix,lexical
cashpkv1.com,vi,0.93,prefix_suffix,lexical
supersonic-fm.com,nic,0.93,prefix_suffix,lexical
myvitapad.com,vi,0.93,prefix_suffix,lexical
holigangunceladresii.vip,vi,0.93,prefix_suffix,lexical
gtyhn691.vip,vi,0.93,prefix_suffix,lexical
o88u.vip,vi,0.93,prefix_suffix,lexical
virus365daftar.com,vi,0.93,prefix_suffix,lexical
y7124341.vip,vi,0.93,prefix_suffix,lexical
q7xl2k.vip,vi,0.93,prefix_suffix,lexical
gfvl.com,vi,0.93,prefix_suffix,lexical
victoriamueller.online,vi,0.93,prefix_suffix,lexical
annez.vip,vi,0.93,prefix_suffix,lexical
vi-zeucarros.site,vi,0.98,exact_label,lexical
villapujols.com,vi,0.93,prefix_suffix,lexical
m2qoxr.vip,vi,0.93,prefix_suffix,lexical
casi-gnclgirisler.vip,vi,0.93,prefix_suffix,lexical
vigorprimevn.info,vi,0.93,prefix_suffix,lexical
damafelsac.com,sac,0.93,prefix_suffix,lexical
viitrafoxin.shop,vi,0.93,prefix_suffix,lexical
a7ty29.vip,vi,0.93,prefix_suffix,lexical
pplay97.vip,vi,0.93,prefix_suffix,lexical
vierlande.com,vi,0.93,prefix_suffix,lexical
interiernamiru-truhlarstvi.cz,vi,0.93,prefix_suffix,lexical
yaxis.us,axis,0.93,prefix_suffix,lexical
vintagey.online,vi,0.93,prefix_suffix,lexical
wudfj.vip,vi,0.93,prefix_suffix,lexical
casibomgirisiniz.vip,vi,0.93,prefix_suffix,lexical
bayviewmallmedclinic.com,nic,0.93,prefix_suffix,lexical
evriip.vip,vi,0.93,prefix_suffix,lexical
vip-zapchast.online,vi,0.93,prefix_suffix,lexical
victoriaslumiflora.com,vi,0.93,prefix_suffix,lexical
sacramentoweddingplanners.com,sac,0.93,prefix_suffix,lexical
vixenscript.com,vi,0.93,prefix_suffix,lexical
26124337.vip,vi,0.93,prefix_suffix,lexical
runamsd.vip,vi,0.93,prefix_suffix,lexical
vincentperrotimmo.com,vi,0.93,prefix_suffix,lexical
vlogurl.com,vi,0.93,prefix_suffix,lexical
vitalbymeidao.com,vi,0.93,prefix_suffix,lexical
wh-app.vip,vi,0.93,prefix_suffix,lexical
vivamoda.com,vi,0.93,prefix_suffix,lexical
vinschampagne.com,vi,0.93,prefix_suffix,lexical
villagertechnologies.com,vi,0.93,prefix_suffix,lexical
dss-vichakarn.com,vi,0.93,prefix_suffix,lexical
visuathlete.com,vi,0.93,prefix_suffix,lexical
rcvia.vip,vi,0.93,prefix_suffix,lexical
sheinha.com,nha,0.93,prefix_suffix,lexical
rbign.com,rbi,0.93,prefix_suffix,lexical
07485.vip,vi,0.93,prefix_suffix,lexical
vipking.pics,vi,0.93,prefix_suffix,lexical
atmbahis-orjinal-site.vip,vi,0.93,prefix_suffix,lexical
miguelpaintchanic.com,nic,0.93,prefix_suffix,lexical
222558ldv1.com,vi,0.93,prefix_suffix,lexical
vibechemist.xyz,vi,0.93,prefix_suffix,lexical
vibe-scan.dev,vi,0.93,prefix_suffix,lexical
vicsatwestpark.com,vi,0.93,prefix_suffix,lexical
vibepick.online,vi,0.93,prefix_suffix,lexical
vistefutbol.com,vi,0.93,prefix_suffix,lexical
viinnovation.com,vi,0.93,prefix_suffix,lexical
xn--village-sant-meb.com,vi,0.93,prefix_suffix,lexical
viablevibes.xyz,vi,0.93,prefix_suffix,lexical
vitazenmale.info,vi,0.93,prefix_suffix,lexical
gbraa.vip,vi,0.93,prefix_suffix,lexical
bg-virtual-health-services-7.online,vi,0.93,prefix_suffix,lexical
chloelinks.vip,vi,0.93,prefix_suffix,lexical
virtualteamsguide.com,vi,0.93,prefix_suffix,lexical
xt05.vip,vi,0.93,prefix_suffix,lexical
fv8euh.vip,vi,0.93,prefix_suffix,lexical
camsyandco.com,cams,0.93,prefix_suffix,lexical
vishandelbos.nl,vi,0.93,prefix_suffix,lexical
dhlpost.vip,vi,0.93,prefix_suffix,lexical
portman.vip,vi,0.93,prefix_suffix,lexical
vilvuwanaz.garden,vi,0.93,prefix_suffix,lexical
xpj-vip.com,vi,0.93,prefix_suffix,lexical
top6868.vip,vi,0.93,prefix_suffix,lexical
nicollarenee.com,nic,0.93,prefix_suffix,lexical
8507l.vip,vi,0.93,prefix_suffix,lexical
healthcare-village.com,vi,0.93,prefix_suffix,lexical
yhxnx.vip,vi,0.93,prefix_suffix,lexical
71583.vip,vi,0.93,prefix_suffix,lexical
virtualphysioclinic.com,nic,0.93,prefix_suffix,lexical
sgilb.vip,vi,0.93,prefix_suffix,lexical
taraftarium24-derbi.vip,rbi,0.93,prefix_suffix,lexical
09196.vip,vi,0.93,prefix_suffix,lexical
nicetta.com,nic,0.93,prefix_suffix,lexical
aresbet2026girisleri.vip,vi,0.93,prefix_suffix,lexical
hrairindia.com,airindia,0.95,combined,lexical
vlrt6.space,vi,0.93,prefix_suffix,lexical
vietnameseinterpreterflorida.com,vi,0.93,prefix_suffix,lexical
peakinjuryclinic.com,nic,0.93,prefix_suffix,lexical
whats-sv.vip,vi,0.93,prefix_suffix,lexical
vipluckapp.com,vi,0.93,prefix_suffix,lexical
01624.vip,vi,0.93,prefix_suffix,lexical
vigilex.ru,vi,0.93,prefix_suffix,lexical
406996z38v1.com,vi,0.93,prefix_suffix,lexical
videoboothonline.com,vi,0.93,prefix_suffix,lexical
fintech.farm,kfintech,0.85,typo,lexical
kalebet-orjinal-site.vip,vi,0.93,prefix_suffix,lexical
344p.vip,vi,0.93,prefix_suffix,lexical
vivenciahomes.com,vi,0.93,prefix_suffix,lexical
vivianekimhopefoundation.org,vi,0.93,prefix_suffix,lexical
panphonic.net,nic,0.93,prefix_suffix,lexical
26124344.vip,vi,0.93,prefix_suffix,lexical
visionscampus.com,vi,0.93,prefix_suffix,lexical
getrexy.vip,vi,0.93,prefix_suffix,lexical
12095.vip,vi,0.93,prefix_suffix,lexical
anantcbse.com,bse,0.93,prefix_suffix,lexical
vincomarketinggrowth.com,vi,0.93,prefix_suffix,lexical
567kh6.vip,vi,0.93,prefix_suffix,lexical
vic.sex,vi,0.93,prefix_suffix,lexical
nice13.eu.cc,nic,0.93,prefix_suffix,lexical
zfcbr.vip,vi,0.93,prefix_suffix,lexical
rds9527.vip,vi,0.93,prefix_suffix,lexical
htlew.vip,vi,0.93,prefix_suffix,lexical
vibranthitsvista.shop,vi,0.93,prefix_suffix,lexical
shellovi.com,vi,0.93,prefix_suffix,lexical
viralvignettes.com,vi,0.93,prefix_suffix,lexical
512tw.vip,vi,0.93,prefix_suffix,lexical
nicoelsocio.com,nic,0.93,prefix_suffix,lexical
390402.vip,vi,0.93,prefix_suffix,lexical
m-lunabet853.com,bse,0.93,prefix_suffix,lexical
twtgx.vip,vi,0.93,prefix_suffix,lexical
lvxingzhe.vip,vi,0.93,prefix_suffix,lexical
7day99.vip,vi,0.93,prefix_suffix,lexical
pgxkw.vip,vi,0.93,prefix_suffix,lexical
vika-cmakova.online,vi,0.93,prefix_suffix,lexical
859619.vip,vi,0.93,prefix_suffix,lexical
assess4successclinic.com,nic,0.93,prefix_suffix,lexical
chbhghudfuyffg.vip,vi,0.93,prefix_suffix,lexical
visitjerseycity.com,vi,0.93,prefix_suffix,lexical
evrill.vip,vi,0.93,prefix_suffix,lexical
visi-watt.com,vi,0.93,prefix_suffix,lexical
tollgov.vip,vi,0.93,prefix_suffix,lexical
849zz577.vip,vi,0.93,prefix_suffix,lexical
ztu999.vip,vi,0.93,prefix_suffix,lexical
vitachi.site,vi,0.93,prefix_suffix,lexical
vipvanassociationthailand.com,vi,0.93,prefix_suffix,lexical
l2g17c.vip,vi,0.93,prefix_suffix,lexical
sacredstormofficial.com,sac,0.93,prefix_suffix,lexical
ac61.vip,vi,0.93,prefix_suffix,lexical
vindev.site,vi,0.93,prefix_suffix,lexical
viperhosting.us,vi,0.93,prefix_suffix,lexical
cerberus25.vip,vi,0.93,prefix_suffix,lexical
nrsc.store,nrsc,0.98,exact_label,lexical
vlcak.me,vi,0.93,prefix_suffix,lexical
28854.vip,vi,0.93,prefix_suffix,lexical
saccacademy.net,sac,0.93,prefix_suffix,lexical
26124348.vip,vi,0.93,prefix_suffix,lexical
betvn0.vip,vi,0.93,prefix_suffix,lexical
37519.vip,vi,0.93,prefix_suffix,lexical
sgojq.vip,vi,0.93,prefix_suffix,lexical
viagrapillsrx.com,vi,0.93,prefix_suffix,lexical
vindicate-albert.com,vi,0.93,prefix_suffix,lexical
viennava.info,vi,0.93,prefix_suffix,lexical
vivadigitalstudio.com,vi,0.93,prefix_suffix,lexical
vlhabhost.com,vi,0.93,prefix_suffix,lexical
vigorosocloud.click,vi,0.93,prefix_suffix,lexical
theruqyahclinic.com,nic,0.93,prefix_suffix,lexical
vishwakarma.us,vi,0.93,prefix_suffix,lexical
visitacodazzi.com,vi,0.93,prefix_suffix,lexical
mauriciosmobilemechanic.com,nic,0.93,prefix_suffix,lexical
visramco.com,vi,0.93,prefix_suffix,lexical
viewdomain.com,vi,0.93,prefix_suffix,lexical
pazarlamavizyon.vip,vi,0.93,prefix_suffix,lexical
sellenic.com,nic,0.93,prefix_suffix,lexical
buwua.vip,vi,0.93,prefix_suffix,lexical
vlad.cafe,vi,0.93,prefix_suffix,lexical
oy530.vip,vi,0.93,prefix_suffix,lexical
vaycasino-app26.vip,vi,0.93,prefix_suffix,lexical
oahuorganic.com,nic,0.93,prefix_suffix,lexical
vianya.com,vi,0.93,prefix_suffix,lexical
parobetguncel.vip,vi,0.93,prefix_suffix,lexical
vintageclothes4u.com,vi,0.93,prefix_suffix,lexical
96d5vl.top,vi,0.93,prefix_suffix,lexical
packaging-design-sacramento.com,sac,0.93,prefix_suffix,lexical
vianyxgroup.online,vi,0.93,prefix_suffix,lexical
vizin.us,vi,0.93,prefix_suffix,lexical
glyvu.vip,vi,0.93,prefix_suffix,lexical
vladlab.ru,vi,0.93,prefix_suffix,lexical
viktorstartsev.ru,vi,0.93,prefix_suffix,lexical
crb18.vip,vi,0.93,prefix_suffix,lexical
vicuc.net,vi,0.93,prefix_suffix,lexical
v17j.xyz,vi,0.93,prefix_suffix,lexical
bestyui.vip,vi,0.93,prefix_suffix,lexical
agennputar.vip,vi,0.93,prefix_suffix,lexical
nicolejames.net,nic,0.93,prefix_suffix,lexical
vicalabs.com,vi,0.93,prefix_suffix,lexical
bobo88.club,bob,0.93,prefix_suffix,lexical
vietnailpro.com,vi,0.93,prefix_suffix,lexical
visa2cambodia.com,vi,0.93,prefix_suffix,lexical
vingeshop.online,vi,0.93,prefix_suffix,lexical
rmkko215.vip,vi,0.93,prefix_suffix,lexical
viniciusbarbizani.com,vi,0.93,prefix_suffix,lexical
visaliacoachbusservice.com,vi,0.93,prefix_suffix,lexical
visasortd.com,vi,0.93,prefix_suffix,lexical
dermaclinic.us,nic,0.93,prefix_suffix,lexical
camsoft.live,cams,0.93,prefix_suffix,lexical
155bl.com,sbi,0.93,prefix_suffix,lexical
viziar.com,vi,0.93,prefix_suffix,lexical
vietnguyento.com,vi,0.93,prefix_suffix,lexical
vikawoodsia.space,vi,0.93,prefix_suffix,lexical
nw66.vip,vi,0.93,prefix_suffix,lexical
vietexport.net,vi,0.93,prefix_suffix,lexical
videoviewpoint.com,vi,0.93,prefix_suffix,lexical
visiweb.us,vi,0.93,prefix_suffix,lexical
vivereaicaraibi.com,vi,0.93,prefix_suffix,lexical
makrobetresmiadresi1.vip,vi,0.93,prefix_suffix,lexical
hallmarksclinic.life,nic,0.93,prefix_suffix,lexical
crb9.vip,vi,0.93,prefix_suffix,lexical
villagepointetoyotasucks.com,vi,0.93,prefix_suffix,lexical
47853.fi,bse,0.93,prefix_suffix,lexical
vitonanutrition.com,vi,0.93,prefix_suffix,lexical
tunai777sukses.vip,vi,0.93,prefix_suffix,lexical
viscoreacademy.net,vi,0.93,prefix_suffix,lexical
siemens-heaithlneers.vip,vi,0.93,prefix_suffix,lexical
matvi.click,vi,0.93,prefix_suffix,lexical
y7124555.vip,vi,0.93,prefix_suffix,lexical
lywyf.vip,vi,0.93,prefix_suffix,lexical
y7124502.vip,vi,0.93,prefix_suffix,lexical
sacredsistersboutique.com,sac,0.93,prefix_suffix,lexical
gpsbacq512.vip,vi,0.93,prefix_suffix,lexical
vizconsult.com,vi,0.93,prefix_suffix,lexical
viprime.com,vi,0.93,prefix_suffix,lexical
tambet-tr90.vip,vi,0.93,prefix_suffix,lexical
76340.vip,vi,0.93,prefix_suffix,lexical
04097.vip,vi,0.93,prefix_suffix,lexical
camsex-live-sexcam.com,cams,0.93,prefix_suffix,lexical
taraftarium24-zeus93.vip,vi,0.93,prefix_suffix,lexical
xclinic.app,nic,0.93,prefix_suffix,lexical
98974.vip,vi,0.93,prefix_suffix,lexical
640149.vip,vi,0.93,prefix_suffix,lexical
nhatoi102.com,nha,0.93,prefix_suffix,lexical
playsavvi.com,vi,0.93,prefix_suffix,lexical
visionshop.us,vi,0.93,prefix_suffix,lexical
nhaxevietanh.com,nha,0.93,prefix_suffix,lexical
viatgesnepal.com,vi,0.93,prefix_suffix,lexical
vibratingvagina.com,vi,0.93,prefix_suffix,lexical
nhanduz.com,nha,0.93,prefix_suffix,lexical
betcioguncelgrsler.vip,vi,0.93,prefix_suffix,lexical
vip-jnh.com,vi,0.93,prefix_suffix,lexical
hpzxl.vip,vi,0.93,prefix_suffix,lexical
981030.vip,vi,0.93,prefix_suffix,lexical
com-elitmh.vip,vi,0.93,prefix_suffix,lexical
viloap.online,vi,0.93,prefix_suffix,lexical
vior-tokyo.com,vi,0.93,prefix_suffix,lexical
dsmsanalysis.vip,vi,0.93,prefix_suffix,lexical
vivallarta.com,vi,0.93,prefix_suffix,lexical
111bo69.vip,vi,0.93,prefix_suffix,lexical
virtualworkathon.com,vi,0.93,prefix_suffix,lexical
vitalharvest.vip,vi,0.93,prefix_suffix,lexical
victoriaandsotiri2023.com,vi,0.93,prefix_suffix,lexical
axiscoreai.com,axis,0.93,prefix_suffix,lexical
nhakhoe365.com,nha,0.93,prefix_suffix,lexical
julisac.com,sac,0.93,prefix_suffix,lexical
ylhg81100.vip,vi,0.93,prefix_suffix,lexical
louisskinclinic.com,nic,0.93,prefix_suffix,lexical
849xx566.vip,vi,0.93,prefix_suffix,lexical
visitworthingtonohio.com,vi,0.93,prefix_suffix,lexical
visrogallery2015.com,vi,0.93,prefix_suffix,lexical
viettutor.vn,vi,0.93,prefix_suffix,lexical
christianmusiclovers.vip,vi,0.93,prefix_suffix,lexical
vivanindustry.com,vi,0.93,prefix_suffix,lexical
riattmunic.pro,nic,0.93,prefix_suffix,lexical
vimat-ignifugats.com,vi,0.93,prefix_suffix,lexical
trubiologixclinic.com,nic,0.93,prefix_suffix,lexical
vibecritic.info,vi,0.93,prefix_suffix,lexical
demoscreen01.vip,vi,0.93,prefix_suffix,lexical
visivus.com,vi,0.93,prefix_suffix,lexical
violetlichtenstein.com,vi,0.93,prefix_suffix,lexical
matbetgiris01.vip,vi,0.93,prefix_suffix,lexical
com-elitkk.vip,vi,0.93,prefix_suffix,lexical
vitrano.click,vi,0.93,prefix_suffix,lexical
vibescaleadvisory.com,vi,0.93,prefix_suffix,lexical
vibescents.shop,vi,0.93,prefix_suffix,lexical
visionallaprima.com,vi,0.93,prefix_suffix,lexical
94424.vip,vi,0.93,prefix_suffix,lexical
40500.vip,vi,0.93,prefix_suffix,lexical
bemeec.vip,vi,0.93,prefix_suffix,lexical
neuroclinic.us,nic,0.93,prefix_suffix,lexical
viagensbutao.com,vi,0.93,prefix_suffix,lexical
visdijital.xyz,vi,0.93,prefix_suffix,lexical
055217.vip,vi,0.93,prefix_suffix,lexical
h3vl.top,vi,0.93,prefix_suffix,lexical
vitalhealthguide.shop,vi,0.93,prefix_suffix,lexical
praxis-mail.org,axis,0.93,prefix_suffix,lexical
sacradworksio.digital,sac,0.93,prefix_suffix,lexical
vibegamestudios.com,vi,0.93,prefix_suffix,lexical
juygame1.vip,vi,0.93,prefix_suffix,lexical
lightinlc.sbs,nic,0.93,prefix_suffix,lexical
nickyjamz.com,nic,0.93,prefix_suffix,lexical
videopromaker.com,vi,0.93,prefix_suffix,lexical
victoriamotorsonline.com,vi,0.93,prefix_suffix,lexical
vitatuahealth.com,vi,0.93,prefix_suffix,lexical
viranox-validade.click,vi,0.93,prefix_suffix,lexical
txctt.vip,vi,0.93,prefix_suffix,lexical
visitationlaw.com,vi,0.93,prefix_suffix,lexical
prenic.xyz,nic,0.93,prefix_suffix,lexical
wmx-vlan.top,vi,0.93,prefix_suffix,lexical
victorialamyk.com,vi,0.93,prefix_suffix,lexical
3637a5.vip,vi,0.93,prefix_suffix,lexical
67686.vip,vi,0.93,prefix_suffix,lexical
24931.vip,vi,0.93,prefix_suffix,lexical
512xj.vip,vi,0.93,prefix_suffix,lexical
vitaminaja.site,vi,0.93,prefix_suffix,lexical
nishiandmanu.vip,vi,0.93,prefix_suffix,lexical
jojobete-gir2026.vip,vi,0.93,prefix_suffix,lexical
cerberus9.vip,vi,0.93,prefix_suffix,lexical
villainware.com,vi,0.93,prefix_suffix,lexical
vitok.tech,vi,0.93,prefix_suffix,lexical
joyi8-vip.org,vi,0.93,prefix_suffix,lexical
visionaryteamalliance.info,vi,0.93,prefix_suffix,lexical
visitmolokini.com,vi,0.93,prefix_suffix,lexical
italtronic.com,nic,0.93,prefix_suffix,lexical
swflmechanic.com,nic,0.93,prefix_suffix,lexical
cryonic-origin.ch,nic,0.93,prefix_suffix,lexical
driftonelaxis.info,axis,0.93,prefix_suffix,lexical
nickbalsters.com,nic,0.93,prefix_suffix,lexical
18469176.vip,vi,0.93,prefix_suffix,lexical
65517.vip,vi,0.93,prefix_suffix,lexical
vlaxhzswxatwugcmtmruoovft.com,vi,0.93,prefix_suffix,lexical
nprohosting.net,nic,0.93,prefix_suffix,lexical
ab25.vip,vi,0.93,prefix_suffix,lexical
bobgiris.com,bob,0.93,prefix_suffix,lexical
29169.vip,vi,0.93,prefix_suffix,lexical
esperanto.vlaanderen,vi,0.93,prefix_suffix,lexical
msnrl.vip,vi,0.93,prefix_suffix,lexical
vivegold.com,vi,0.93,prefix_suffix,lexical
nicolasfuentes.com,nic,0.93,prefix_suffix,lexical
visualvortexcomics.com,vi,0.93,prefix_suffix,lexical
sacredearthworks.com,sac,0.93,prefix_suffix,lexical
199665.vip,vi,0.93,prefix_suffix,lexical
nino-skinclinic.be,nic,0.93,prefix_suffix,lexical
vinaya.xyz,vi,0.93,prefix_suffix,lexical
vidnotify.com,vi,0.93,prefix_suffix,lexical
giris-2026holiganbet.vip,vi,0.93,prefix_suffix,lexical
h4vl.top,vi,0.93,prefix_suffix,lexical
y7124498.vip,vi,0.93,prefix_suffix,lexical
visitflowapp.com,vi,0.93,prefix_suffix,lexical
villeychair.com,vi,0.93,prefix_suffix,lexical
vippreferredonline.com,vi,0.93,prefix_suffix,lexical
avelonpr.com,nic,0.93,prefix_suffix,lexical
tfnyvl.info,vi,0.93,prefix_suffix,lexical
vikavierra.com,vi,0.93,prefix_suffix,lexical
sngmu.vip,vi,0.93,prefix_suffix,lexical
indrasinha.com,nha,0.93,prefix_suffix,lexical
vinwik.com,vi,0.93,prefix_suffix,lexical
h33vl.top,vi,0.93,prefix_suffix,lexical
viobratostudio.com,vi,0.93,prefix_suffix,lexical
mlm-victorious.com,vi,0.93,prefix_suffix,lexical
vip-rodeoslot.biz,vi,0.93,prefix_suffix,lexical
h25apr554c.top,sac,0.93,prefix_suffix,lexical
uu7797.vip,vi,0.93,prefix_suffix,lexical
byy2.vip,vi,0.93,prefix_suffix,lexical
y7124380.vip,vi,0.93,prefix_suffix,lexical
alumrocktaxis.com,axis,0.93,prefix_suffix,lexical
80302.vip,vi,0.93,prefix_suffix,lexical
klv225.vip,vi,0.93,prefix_suffix,lexical
korolyok-moey-lyubvi.online,vi,0.93,prefix_suffix,lexical
hy29564.vip,vi,0.93,prefix_suffix,lexical
vinylpunks.com,vi,0.93,prefix_suffix,lexical
visitanttalentagency.com,vi,0.93,prefix_suffix,lexical
myvips-points.homes,vi,0.93,prefix_suffix,lexical
888game8.vip,vi,0.93,prefix_suffix,lexical
tnvaw.vip,vi,0.93,prefix_suffix,lexical
baofu2026.vip,vi,0.93,prefix_suffix,lexical
lxezl.vip,vi,0.93,prefix_suffix,lexical
eriize-clinic.com,nic,0.93,prefix_suffix,lexical
vinawatchstraps.com,vi,0.93,prefix_suffix,lexical
wosoj.vip,vi,0.93,prefix_suffix,lexical
nicotinamusic.com,nic,0.93,prefix_suffix,lexical
viaclub-site.com,vi,0.93,prefix_suffix,lexical
virginiaboring.com,vi,0.93,prefix_suffix,lexical
n1carspa.com,nic,0.93,prefix_suffix,lexical
visionpaintinginc.com,vi,0.93,prefix_suffix,lexical
luxoradubai.vip,vi,0.93,prefix_suffix,lexical
superdank.vip,vi,0.93,prefix_suffix,lexical
26124470.vip,vi,0.93,prefix_suffix,lexical
vixxr.com,vi,0.93,prefix_suffix,lexical
aznredem2025i.vip,vi,0.93,prefix_suffix,lexical
fqty115.vip,vi,0.93,prefix_suffix,lexical
dbkal.vip,vi,0.93,prefix_suffix,lexical
visagemax.app,vi,0.93,prefix_suffix,lexical
vindza.com,vi,0.93,prefix_suffix,lexical
387888.vip,vi,0.93,prefix_suffix,lexical
vibecodinglibrary.com,vi,0.93,prefix_suffix,lexical
vibesplanet.xyz,vi,0.93,prefix_suffix,lexical
95942.vip,vi,0.93,prefix_suffix,lexical
zeetbuzz.vip,vi,0.93,prefix_suffix,lexical
vitalinguist.com,vi,0.93,prefix_suffix,lexical
trendbet-dogrudur.vip,vi,0.93,prefix_suffix,lexical
vipluck.uk.com,vi,0.93,prefix_suffix,lexical
8798a.vip,vi,0.93,prefix_suffix,lexical
vibehomely.com,vi,0.93,prefix_suffix,lexical
bobtrevelyan.com,bob,0.93,prefix_suffix,lexical
vibeconnect.buzz,vi,0.93,prefix_suffix,lexical
jsio1.vip,vi,0.93,prefix_suffix,lexical
sandhalclinic.com,nic,0.93,prefix_suffix,lexical
totallifeclinic.com,nic,0.93,prefix_suffix,lexical
didi51-t0320.vip,vi,0.93,prefix_suffix,lexical
h51vl.top,vi,0.93,prefix_suffix,lexical
stakewiseai.vip,vi,0.93,prefix_suffix,lexical
vipsva.com,vi,0.93,prefix_suffix,lexical
t-visiondistrictcourtactions.com,vi,0.93,prefix_suffix,lexical
visanurse.com,vi,0.93,prefix_suffix,lexical
virgo188.com,vi,0.93,prefix_suffix,lexical
vijayawadapestcontrol.in,vi,0.93,prefix_suffix,lexical
beyoungerclinic.store,nic,0.93,prefix_suffix,lexical
31812.vip,vi,0.93,prefix_suffix,lexical
vlbook365.info,vi,0.93,prefix_suffix,lexical
artecl.com,eci,0.93,prefix_suffix,lexical
visitante.com,vi,0.93,prefix_suffix,lexical
24zhibo8.vip,bob,0.93,prefix_suffix,lexical
vistouscire.com,vi,0.93,prefix_suffix,lexical
30838.vip,vi,0.93,prefix_suffix,lexical
trb1.cyou,rbi,0.93,prefix_suffix,lexical
jheci.com,eci,0.93,prefix_suffix,lexical
visionvirtuepartnership.com,vi,0.93,prefix_suffix,lexical
kjdkg.vip,vi,0.93,prefix_suffix,lexical
orgimagetan.org,census,0.93,prefix_suffix,lexical
78983.vip,vi,0.93,prefix_suffix,lexical
visitmashpee.com,vi,0.93,prefix_suffix,lexical
vincard.co,vi,0.93,prefix_suffix,lexical
26124583.vip,vi,0.93,prefix_suffix,lexical
310nn.vip,vi,0.93,prefix_suffix,lexical
uuly2029.vip,vi,0.93,prefix_suffix,lexical
988win.vip,vi,0.93,prefix_suffix,lexical
bobbisue.com,bob,0.93,prefix_suffix,lexical
vlrt6.fun,vi,0.93,prefix_suffix,lexical
vvxnv.vip,vi,0.93,prefix_suffix,lexical
yf578.vip,vi,0.93,prefix_suffix,lexical
g88u.vip,vi,0.93,prefix_suffix,lexical
viadigltalpass.site,vi,0.93,prefix_suffix,lexical
bqobu.vip,vi,0.93,prefix_suffix,lexical
68183.vip,vi,0.93,prefix_suffix,lexical
buyumeustasi.vip,vi,0.93,prefix_suffix,lexical
vivereconillipedema.com,vi,0.93,prefix_suffix,lexical
viridemassage.com,vi,0.93,prefix_suffix,lexical
bobmoya.com,bob,0.93,prefix_suffix,lexical
9lppdv.vip,vi,0.93,prefix_suffix,lexical
myvip-vips.quest,vi,0.93,prefix_suffix,lexical
vigroup.us,vi,0.93,prefix_suffix,lexical
eliob.vip,vi,0.93,prefix_suffix,lexical
26124369.vip,vi,0.93,prefix_suffix,lexical
vivosalus.com,vi,0.93,prefix_suffix,lexical
rushav1.xyz,vi,0.93,prefix_suffix,lexical
bopngacams.com,cams,0.93,prefix_suffix,lexical
elkhalij.vip,vi,0.93,prefix_suffix,lexical
atasehir-evli.vip,vi,0.93,prefix_suffix,lexical
levi-turns-13.online,vi,0.93,prefix_suffix,lexical
olalm.vip,vi,0.93,prefix_suffix,lexical
fontenotveterinaryclinic.top,nic,0.93,prefix_suffix,lexical
vip-aoa.com,vi,0.93,prefix_suffix,lexical
57468.vip,vi,0.93,prefix_suffix,lexical
wxjww.vip,vi,0.93,prefix_suffix,lexical
qctgv.vip,vi,0.93,prefix_suffix,lexical
wvl-telegrams.org,vi,0.93,prefix_suffix,lexical
26124312.vip,vi,0.93,prefix_suffix,lexical
altium-viewer.com,vi,0.93,prefix_suffix,lexical
villagetek.online,vi,0.93,prefix_suffix,lexical
vidiayalthisai.net,vi,0.93,prefix_suffix,lexical
aq999-vip.net,vi,0.93,prefix_suffix,lexical
lucky88vi.com,vi,0.93,prefix_suffix,lexical
ewubo.vip,vi,0.93,prefix_suffix,lexical
sacredwaysfoundation.fund,sac,0.93,prefix_suffix,lexical
vibecompendium.com,vi,0.93,prefix_suffix,lexical
0009tvkv0sbz.vip,vi,0.93,prefix_suffix,lexical
ad17.vip,vi,0.93,prefix_suffix,lexical
thechevinclinic.com,nic,0.93,prefix_suffix,lexical
camstar.us,cams,0.93,prefix_suffix,lexical
t3lutf.vip,vi,0.93,prefix_suffix,lexical
stickwih.vip,vi,0.93,prefix_suffix,lexical
hforganic.com,nic,0.93,prefix_suffix,lexical
29d29d.vip,vi,0.93,prefix_suffix,lexical
drsaad-clinic.com,nic,0.93,prefix_suffix,lexical
videoswallpaper.com,vi,0.93,prefix_suffix,lexical
vielm.com,vi,0.93,prefix_suffix,lexical
dwrna.vip,vi,0.93,prefix_suffix,lexical
takabat.vip,vi,0.93,prefix_suffix,lexical
viewnetposthub.digital,vi,0.93,prefix_suffix,lexical
vitalwpmaintenance.com,vi,0.93,prefix_suffix,lexical
vipercode.xyz,vi,0.93,prefix_suffix,lexical
vynoraselvi.world,vi,0.93,prefix_suffix,lexical
virumap.com,vi,0.93,prefix_suffix,lexical
villanews.co.kr,vi,0.93,prefix_suffix,lexical
virtualremotenotary.com,vi,0.93,prefix_suffix,lexical
viajuegos.com,vi,0.93,prefix_suffix,lexical
vip-myball.com,vi,0.93,prefix_suffix,lexical
vipsrealty.com,vi,0.93,prefix_suffix,lexical
interbahis-linkim.vip,vi,0.93,prefix_suffix,lexical
hamarisabha.in,nha,0.93,prefix_suffix,lexical
vic.kitchen,vi,0.93,prefix_suffix,lexical
dabudueletronic.com,nic,0.93,prefix_suffix,lexical
vipcitycenteresenyurt.com,vi,0.93,prefix_suffix,lexical
villaguidance.com,vi,0.93,prefix_suffix,lexical
vic996.com,vi,0.93,prefix_suffix,lexical
bob-casino-danmark.com,bob,0.98,exact_label,lexical
69robin69batman.vip,vi,0.93,prefix_suffix,lexical
whats-zmf.vip,vi,0.93,prefix_suffix,lexical
vior777gacor28.com,vi,0.93,prefix_suffix,lexical
abhal.biz,nha,0.93,prefix_suffix,lexical
02849.vip,vi,0.93,prefix_suffix,lexical
inmobiliaria-visionreal.com,vi,0.93,prefix_suffix,lexical
sacredwildcenter.com,sac,0.93,prefix_suffix,lexical
vijanatz.com,vi,0.93,prefix_suffix,lexical
visitelbow.com,vi,0.93,prefix_suffix,lexical
hj0808.cc,bob,0.93,prefix_suffix,lexical
pddyp.vip,vi,0.93,prefix_suffix,lexical
9588win.vip,vi,0.93,prefix_suffix,lexical
738yc.vip,vi,0.93,prefix_suffix,lexical
vilmachristensen.com,vi,0.93,prefix_suffix,lexical
dont-panic.mom,nic,0.93,prefix_suffix,lexical
vicuna.us,vi,0.93,prefix_suffix,lexical
niccologastaldi.com,nic,0.93,prefix_suffix,lexical
fivon.vip,vi,0.93,prefix_suffix,lexical
nhagonganbinh.vn,nha,0.93,prefix_suffix,lexical
39051.vip,vi,0.93,prefix_suffix,lexical
viralmusic.app,vi,0.93,prefix_suffix,lexical
vibeescribe.com,vi,0.93,prefix_suffix,lexical
vidaemcristo.digital,vi,0.93,prefix_suffix,lexical
visahandbook.org,vi,0.93,prefix_suffix,lexical
haobaobao.vip,vi,0.93,prefix_suffix,lexical
virtuspress.org,vi,0.93,prefix_suffix,lexical
peruoceanjourneys.vip,vi,0.93,prefix_suffix,lexical
pdubp.vip,vi,0.93,prefix_suffix,lexical
ofvbk.vip,vi,0.93,prefix_suffix,lexical
fanatic138.vip,vi,0.93,prefix_suffix,lexical
gbyyx.vip,vi,0.93,prefix_suffix,lexical
dfqe56.vip,vi,0.93,prefix_suffix,lexical
viezd-elektrika.ru,vi,0.93,prefix_suffix,lexical
wiosna-2026-3349bv1.sbs,vi,0.93,prefix_suffix,lexical
6288888.vip,vi,0.93,prefix_suffix,lexical
aircon-cleannavi.com,vi,0.93,prefix_suffix,lexical
8sector.ru,bse,0.93,prefix_suffix,lexical
vitalleadershiftnow.com,vi,0.93,prefix_suffix,lexical
26124564.vip,vi,0.93,prefix_suffix,lexical
40294.vip,vi,0.93,prefix_suffix,lexical
bobbisbread.com,bob,0.93,prefix_suffix,lexical
vlekvrij.com,vi,0.93,prefix_suffix,lexical
kavbet-giris-orjinal.vip,vi,0.93,prefix_suffix,lexical
etclinic.com,nic,0.93,prefix_suffix,lexical
veil-clavi-rappe.top,vi,0.93,prefix_suffix,lexical
98yl012.vip,vi,0.93,prefix_suffix,lexical
unlockvi.com,vi,0.93,prefix_suffix,lexical
visionllm.org,vi,0.93,prefix_suffix,lexical
y7124515.vip,vi,0.93,prefix_suffix,lexical
th379.vip,vi,0.93,prefix_suffix,lexical
mecorganic.com,nic,0.93,prefix_suffix,lexical
visitoscoda.com,vi,0.93,prefix_suffix,lexical
03843.vip,vi,0.93,prefix_suffix,lexical
jya9.vip,vi,0.93,prefix_suffix,lexical
26124356.vip,vi,0.93,prefix_suffix,lexical
kumamoto-navi.net,vi,0.93,prefix_suffix,lexical
vipcnki.com,vi,0.93,prefix_suffix,lexical
planos-vivo-prepago.click,vi,0.93,prefix_suffix,lexical
bobeiiqjj.top,bob,0.93,prefix_suffix,lexical
vitacongusto.com,vi,0.93,prefix_suffix,lexical
metastudysvl.click,vi,0.93,prefix_suffix,lexical
hbjee.vip,vi,0.93,prefix_suffix,lexical
vickycollectionindia.com,vi,0.93,prefix_suffix,lexical
mgm8853.com,bse,0.93,prefix_suffix,lexical
nicerai.org,nic,0.93,prefix_suffix,lexical
visionarycircle.online,vi,0.93,prefix_suffix,lexical
vibezinhadiferente.online,vi,0.93,prefix_suffix,lexical
betosalvi.com,vi,0.93,prefix_suffix,lexical
nicereally.com,nic,0.93,prefix_suffix,lexical
sacredfood.com,sac,0.93,prefix_suffix,lexical
nicholasc.shop,nic,0.93,prefix_suffix,lexical
villa-crazy.com,vi,0.93,prefix_suffix,lexical
vixenvaporfashion.shop,vi,0.93,prefix_suffix,lexical
representdhgjvl.sbs,vi,0.93,prefix_suffix,lexical
visionprabha.com,nha,0.93,prefix_suffix,lexical
alphasig.vip,vi,0.93,prefix_suffix,lexical
vincitore.us,vi,0.93,prefix_suffix,lexical
virticol.com,vi,0.93,prefix_suffix,lexical
nicheloanpros.com,nic,0.93,prefix_suffix,lexical
dcock.vip,vi,0.93,prefix_suffix,lexical
vic88.red,vi,0.93,prefix_suffix,lexical
nicolagerety.shop,nic,0.93,prefix_suffix,lexical
vitriumestudioinmobiliario.com,vi,0.93,prefix_suffix,lexical
50109.vip,vi,0.93,prefix_suffix,lexical
vlivvt.sbs,vi,0.93,prefix_suffix,lexical
virtualbook.us,vi,0.93,prefix_suffix,lexical
nicxy.qpon,nic,0.93,prefix_suffix,lexical
huntsvillechiropracticclinic.com,nic,0.93,prefix_suffix,lexical
nfiwt.vip,vi,0.93,prefix_suffix,lexical
vibesgrove.com,vi,0.93,prefix_suffix,lexical
bobodobo.com,bob,0.93,prefix_suffix,lexical
y7123964.vip,vi,0.93,prefix_suffix,lexical
raja888bb.vip,vi,0.93,prefix_suffix,lexical
73046.vip,vi,0.93,prefix_suffix,lexical
didi51-t0382.vip,vi,0.93,prefix_suffix,lexical
capitalgroupplc.villas,vi,0.93,prefix_suffix,lexical
visionocracy.com,vi,0.93,prefix_suffix,lexical
hc49.vip,vi,0.93,prefix_suffix,lexical
vivoservis.ru,vi,0.93,prefix_suffix,lexical
violetasparami.com,vi,0.93,prefix_suffix,lexical
vivianmore.xyz,vi,0.93,prefix_suffix,lexical
mee-onlineclinic.com,nic,0.93,prefix_suffix,lexical
fitcozinha.com,nha,0.93,prefix_suffix,lexical
visitcalatino.com,vi,0.93,prefix_suffix,lexical
hfiac.vip,vi,0.93,prefix_suffix,lexical
vickybeyond.me,vi,0.93,prefix_suffix,lexical
vicandhankspooppatrol.com,vi,0.93,prefix_suffix,lexical
iconic-tanning.com,nic,0.93,prefix_suffix,lexical
crbzb.vip,vi,0.93,prefix_suffix,lexical
axisagents.dev,axis,0.93,prefix_suffix,lexical
35853.blog,bse,0.93,prefix_suffix,lexical
bobbcoin.com,bob,0.93,prefix_suffix,lexical
111bo74.vip,vi,0.93,prefix_suffix,lexical
vigneshwaran.dev,vi,0.93,prefix_suffix,lexical
videoxxx.online,vi,0.93,prefix_suffix,lexical
808legends.online,bob,0.93,prefix_suffix,lexical
sparkl.vip,vi,0.93,prefix_suffix,lexical
vignons.com,vi,0.93,prefix_suffix,lexical
vidupit.com,vi,0.93,prefix_suffix,lexical
83354.vip,vi,0.93,prefix_suffix,lexical
xcpku.vip,vi,0.93,prefix_suffix,lexical
26124512.vip,vi,0.93,prefix_suffix,lexical
perabet-2026resmi-guncelgiris.vip,vi,0.93,prefix_suffix,lexical
munich-clinic.com,nic,0.93,prefix_suffix,lexical
vintageboutiqueuk.com,vi,0.93,prefix_suffix,lexical
vientremezcal.com,vi,0.93,prefix_suffix,lexical
signinic.icu,nic,0.93,prefix_suffix,lexical
niceselfieshop.com,nic,0.93,prefix_suffix,lexical
59430.vip,vi,0.93,prefix_suffix,lexical
vip-app.net,vi,0.93,prefix_suffix,lexical
betaworks.vip,vi,0.93,prefix_suffix,lexical
702rr.vip,vi,0.93,prefix_suffix,lexical
pi5j1o.top,jio,0.93,prefix_suffix,lexical
zh-vip-biweisports.com,vi,0.93,prefix_suffix,lexical
valentina-ricci.com,rgcci,0.85,typo,lexical
57031.vip,vi,0.93,prefix_suffix,lexical
nicetowork.org,nic,0.93,prefix_suffix,lexical
superbetinresmisayfa.vip,vi,0.93,prefix_suffix,lexical
virildiumnw.info,vi,0.93,prefix_suffix,lexical
aishaorganic.com,nic,0.93,prefix_suffix,lexical
viranibyamy.com,vi,0.93,prefix_suffix,lexical
nicksweymouth.com,nic,0.93,prefix_suffix,lexical
nicholasgardner.com,nic,0.93,prefix_suffix,lexical
vibrantskiestravel.com,vi,0.93,prefix_suffix,lexical
26124529.vip,vi,0.93,prefix_suffix,lexical
vinothelectricals.com,vi,0.93,prefix_suffix,lexical
victoriaspace-saverpettable.com,vi,0.93,prefix_suffix,lexical
nicholas-galitzine.com,nic,0.93,prefix_suffix,lexical
vimd2llww3ryp1.icu,vi,0.93,prefix_suffix,lexical
jjytz.vip,vi,0.93,prefix_suffix,lexical
winbetvi.com,vi,0.93,prefix_suffix,lexical
sachs5thauction.com,sac,0.93,prefix_suffix,lexical
vizoltrade.com,vi,0.93,prefix_suffix,lexical
violetanddaisyfilm.com,vi,0.93,prefix_suffix,lexical
hgfcm.vip,vi,0.93,prefix_suffix,lexical
zh-vip-jnhsports.com,vi,0.93,prefix_suffix,lexical
elonreevemusk.vip,vi,0.93,prefix_suffix,lexical
dsk.vin,vi,0.93,prefix_suffix,lexical
vivekjagtap.com,vi,0.93,prefix_suffix,lexical
sripranavi.com,vi,0.93,prefix_suffix,lexical
vipgora.com,vi,0.93,prefix_suffix,lexical
khyavi.com,vi,0.93,prefix_suffix,lexical
vitriersaussetlespins.org,vi,0.93,prefix_suffix,lexical
vineandvarnish.com,vi,0.93,prefix_suffix,lexical
visualparanormal.com,vi,0.93,prefix_suffix,lexical
30854.vip,vi,0.93,prefix_suffix,lexical
vx-vlv.surf,vi,0.93,prefix_suffix,lexical
vitalchargerx.com,vi,0.93,prefix_suffix,lexical
97595.vip,vi,0.93,prefix_suffix,lexical
grand-wagoneer-808614825.click,bob,0.93,prefix_suffix,lexical
vivahakathalu.com,vi,0.93,prefix_suffix,lexical
t6b5.vip,vi,0.93,prefix_suffix,lexical
vitalktherapy.com,vi,0.93,prefix_suffix,lexical
clustertrd.vip,vi,0.93,prefix_suffix,lexical
wfwvi.city,vi,0.93,prefix_suffix,lexical
drmanidentalclinic.com,nic,0.93,prefix_suffix,lexical
viewpulsecentral.com,vi,0.93,prefix_suffix,lexical
tornic.dev,nic,0.93,prefix_suffix,lexical
9659teeda.vip,vi,0.93,prefix_suffix,lexical
v1phurap3kal0ngan.click,vi,0.93,prefix_suffix,lexical
9313yy.vip,vi,0.93,prefix_suffix,lexical
67832.vip,vi,0.93,prefix_suffix,lexical
teenpattilive-vip.com,vi,0.93,prefix_suffix,lexical
vibrantvalley.info,vi,0.93,prefix_suffix,lexical
visioecosystem.com,vi,0.93,prefix_suffix,lexical
vimaterial.com,vi,0.93,prefix_suffix,lexical
sac-a-dos-urbain.com,sac,0.98,exact_label,lexical
viptenerifeescorts.com,vi,0.93,prefix_suffix,lexical
26124305.vip,vi,0.93,prefix_suffix,lexical
vitaminhost.com,vi,0.93,prefix_suffix,lexical
30906.vip,vi,0.93,prefix_suffix,lexical
vincentheritageresort.com,vi,0.93,prefix_suffix,lexical
southvet-vlora.com,vi,0.93,prefix_suffix,lexical
npromarketing.com,nic,0.93,prefix_suffix,lexical
h84vl.top,vi,0.93,prefix_suffix,lexical
vinelsker.com,vi,0.93,prefix_suffix,lexical
lindale-viz.com,vi,0.93,prefix_suffix,lexical
yogakshemasabha.com,nha,0.93,prefix_suffix,lexical
indusindnipponlifes.com,indusind,0.95,combined,lexical
vietnamprivatetours.com,vi,0.93,prefix_suffix,lexical
starlevelonic.space,nic,0.93,prefix_suffix,lexical
vitobenz.com,vi,0.93,prefix_suffix,lexical
vikingint.com,vi,0.93,prefix_suffix,lexical
calgaryemergencydentalclinic.com,nic,0.93,prefix_suffix,lexical
videos-france.xyz,vi,0.93,prefix_suffix,lexical
betvn06.vip,vi,0.93,prefix_suffix,lexical
viralband.com,vi,0.93,prefix_suffix,lexical
novasonic.com,nic,0.93,prefix_suffix,lexical
vinreportshub.com,vi,0.93,prefix_suffix,lexical
visualgrid.io,vi,0.93,prefix_suffix,lexical
dlj86.vip,vi,0.93,prefix_suffix,lexical
visiprimaenergi.com,vi,0.93,prefix_suffix,lexical
visionwarp.com,vi,0.93,prefix_suffix,lexical
myvirtualzone.com,vi,0.93,prefix_suffix,lexical
svi-prosis.com,vi,0.93,prefix_suffix,lexical
18526.vip,vi,0.93,prefix_suffix,lexical
vistasocialpro.com,vi,0.93,prefix_suffix,lexical
vignettpath.online,vi,0.93,prefix_suffix,lexical
vincomarketingworkflow.com,vi,0.93,prefix_suffix,lexical
9436511.vip,vi,0.93,prefix_suffix,lexical
45597.vip,vi,0.93,prefix_suffix,lexical
meizuo.vip,vi,0.93,prefix_suffix,lexical
novi.care,vi,0.93,prefix_suffix,lexical
freepanic.com,nic,0.93,prefix_suffix,lexical
vivunhanh.com,vi,0.93,prefix_suffix,lexical
videocoder.com,vi,0.93,prefix_suffix,lexical
cc-bob.com,bob,0.98,exact_label,lexical
ab33099.vip,vi,0.93,prefix_suffix,lexical
vlmtrk.com,vi,0.93,prefix_suffix,lexical
ouw2gd.vip,vi,0.93,prefix_suffix,lexical
majui.vip,vi,0.93,prefix_suffix,lexical
jetween.vip,vi,0.93,prefix_suffix,lexical
bailety67.vip,vi,0.93,prefix_suffix,lexical
iconic-toy.com,nic,0.93,prefix_suffix,lexical
bahiscasinomobiladres.vip,vi,0.93,prefix_suffix,lexical
fitforlife-clinic.com,nic,0.93,prefix_suffix,lexical
pdews7036.vip,vi,0.93,prefix_suffix,lexical
v1243ssrsr5.xyz,vi,0.93,prefix_suffix,lexical
vibeboatrental.com,vi,0.93,prefix_suffix,lexical
vietnamcoconut.net,vi,0.93,prefix_suffix,lexical
bxsmt.vip,vi,0.93,prefix_suffix,lexical
visiondy.com,vi,0.93,prefix_suffix,lexical
cerberus30.vip,vi,0.93,prefix_suffix,lexical
849vv577.vip,vi,0.93,prefix_suffix,lexical
superbahisimgiris.vip,vi,0.93,prefix_suffix,lexical
hgoqp.vip,vi,0.93,prefix_suffix,lexical
visionary-webtoon.com,vi,0.93,prefix_suffix,lexical
blog-viaggi.com,vi,0.93,prefix_suffix,lexical
geire.vip,vi,0.93,prefix_suffix,lexical
bobbysdailyword.com,bob,0.93,prefix_suffix,lexical
26124558.vip,vi,0.93,prefix_suffix,lexical
y7124542.vip,vi,0.93,prefix_suffix,lexical
yaoqianshu111.vip,vi,0.93,prefix_suffix,lexical
vidzz.ai,vi,0.93,prefix_suffix,lexical
77299y.vip,vi,0.93,prefix_suffix,lexical
modulartaxis.com,axis,0.93,prefix_suffix,lexical
77299x.vip,vi,0.93,prefix_suffix,lexical
vinyl-city.ru,vi,0.93,prefix_suffix,lexical
omed-vital.com,vi,0.93,prefix_suffix,lexical
baji9999.vip,vi,0.93,prefix_suffix,lexical
62684.vip,vi,0.93,prefix_suffix,lexical
silhouette-vital.today,vi,0.93,prefix_suffix,lexical
viasjewellery.com,vi,0.93,prefix_suffix,lexical
com-elitqn.vip,vi,0.93,prefix_suffix,lexical
36546.vip,vi,0.93,prefix_suffix,lexical
starleader.vip,vi,0.93,prefix_suffix,lexical
circumstances.vip,vi,0.93,prefix_suffix,lexical
vlespodrova.online,vi,0.93,prefix_suffix,lexical
vitvision.com,vi,0.93,prefix_suffix,lexical
casibom-girisadresim.vip,vi,0.93,prefix_suffix,lexical
bobishvil.shop,bob,0.93,prefix_suffix,lexical
villagepointcars.com,vi,0.93,prefix_suffix,lexical
com-org.vip,vi,0.93,prefix_suffix,lexical
vipshop.top,vi,0.93,prefix_suffix,lexical
besparkon-8-cocloude-visolarus909089.top,vi,0.93,prefix_suffix,lexical
581682.com,sbi,0.93,prefix_suffix,lexical
mlbbf401.vip,vi,0.93,prefix_suffix,lexical
virilfusionforge.com,vi,0.93,prefix_suffix,lexical
villa.technology,vi,0.93,prefix_suffix,lexical
nic-net.online,nic,0.98,exact_label,lexical
vinc.online,vi,0.93,prefix_suffix,lexical
76615.vip,vi,0.93,prefix_suffix,lexical
vigju4-hyj4.vip,vi,0.93,prefix_suffix,lexical
1688889.vip,vi,0.93,prefix_suffix,lexical
vlyfbayf.sbs,vi,0.93,prefix_suffix,lexical
vipmmpp.com,vi,0.93,prefix_suffix,lexical
skylin.vip,vi,0.93,prefix_suffix,lexical
visitniagaraparks.com,vi,0.93,prefix_suffix,lexical
vladiseban.live,vi,0.93,prefix_suffix,lexical
didi51-t0385.vip,vi,0.93,prefix_suffix,lexical
virginiabusinessk12.org,vi,0.93,prefix_suffix,lexical
vimontiq.com,vi,0.93,prefix_suffix,lexical
cwxdv.vip,vi,0.93,prefix_suffix,lexical
villa-giuliana.com,vi,0.93,prefix_suffix,lexical
xaey2d.vip,vi,0.93,prefix_suffix,lexical
boby7.com,bob,0.93,prefix_suffix,lexical
vleadsrealestate.com,vi,0.93,prefix_suffix,lexical
ab887773241.vip,vi,0.93,prefix_suffix,lexical
vireloro.cfd,vi,0.93,prefix_suffix,lexical
vignetteauto-pass.site,vi,0.93,prefix_suffix,lexical
vibracio.com,vi,0.93,prefix_suffix,lexical
vipbac.com,vi,0.93,prefix_suffix,lexical
vieon.top,vi,0.93,prefix_suffix,lexical
vijaywadettiwar.com,vi,0.93,prefix_suffix,lexical
am0853.com,bse,0.93,prefix_suffix,lexical
3999bd.vip,vi,0.93,prefix_suffix,lexical
agentiveelectronic.xyz,nic,0.93,prefix_suffix,lexical
vibes.boutique,vi,0.93,prefix_suffix,lexical
eclectic-music-jazz.com,eci,0.93,prefix_suffix,lexical
vinesnvistas.ca,vi,0.93,prefix_suffix,lexical
visaodefuturo.app.br,vi,0.93,prefix_suffix,lexical
93808.com,bob,0.93,prefix_suffix,lexical
yuner.vip,vi,0.93,prefix_suffix,lexical
thearizonamedicalclinic.com,nic,0.93,prefix_suffix,lexical
vimamu.com,vi,0.93,prefix_suffix,lexical
vioglow.org,vi,0.93,prefix_suffix,lexical
wap69.vip,vi,0.93,prefix_suffix,lexical
vippgslots3.com,vi,0.93,prefix_suffix,lexical
fashion7777.vip,vi,0.93,prefix_suffix,lexical
phbdt.vip,vi,0.93,prefix_suffix,lexical
visage360.com,vi,0.93,prefix_suffix,lexical
9300175.vip,vi,0.93,prefix_suffix,lexical
nicolemarie.site,nic,0.93,prefix_suffix,lexical
saccus.com,sac,0.93,prefix_suffix,lexical
vibecloning.ai,vi,0.93,prefix_suffix,lexical
setrabetklasplus1.vip,vi,0.93,prefix_suffix,lexical
vipburger-docentro.store,vi,0.93,prefix_suffix,lexical
arts.vin,vi,0.93,prefix_suffix,lexical
myvip-vip.skin,vi,0.93,prefix_suffix,lexical
vivaverso.com,vi,0.93,prefix_suffix,lexical
vibrantmindscounselling.com,vi,0.93,prefix_suffix,lexical
c764.vip,vi,0.93,prefix_suffix,lexical
yjconsultant.vip,vi,0.93,prefix_suffix,lexical
perkbotanic.com,nic,0.93,prefix_suffix,lexical
vippgslots1.com,vi,0.93,prefix_suffix,lexical
hoki333.vip,vi,0.93,prefix_suffix,lexical
autos-ville.net,vi,0.93,prefix_suffix,lexical
vigorboostforgepro.com,vi,0.93,prefix_suffix,lexical
vipercircle.com,vi,0.93,prefix_suffix,lexical
vipss.sbs,vi,0.93,prefix_suffix,lexical
odkjewvl.sbs,vi,0.93,prefix_suffix,lexical
vitaminboostserum.com,vi,0.93,prefix_suffix,lexical
myvip-vip.autos,vi,0.93,prefix_suffix,lexical
auto-grup.vip,vi,0.93,prefix_suffix,lexical
dsxle371.vip,vi,0.93,prefix_suffix,lexical
vippark701.com,vi,0.93,prefix_suffix,lexical
425494.vip,vi,0.93,prefix_suffix,lexical
ztrobx.vip,vi,0.93,prefix_suffix,lexical
bobbydazzlerdrinks.com,bob,0.93,prefix_suffix,lexical
macmac.vip,vi,0.93,prefix_suffix,lexical
c780.vip,vi,0.93,prefix_suffix,lexical
h42vl.top,vi,0.93,prefix_suffix,lexical
vlockblonak.click,vi,0.93,prefix_suffix,lexical
aneubeginning.clinic,nic,0.93,prefix_suffix,lexical
visualinfo.net,vi,0.93,prefix_suffix,lexical
qkys1.vip,vi,0.93,prefix_suffix,lexical
vishlistpodarki.online,vi,0.93,prefix_suffix,lexical
vitalseduction.com,vi,0.93,prefix_suffix,lexical
65753.vip,vi,0.93,prefix_suffix,lexical
y7124424.vip,vi,0.93,prefix_suffix,lexical
iciclevalleyphotography.com,icici,0.93,prefix_suffix,lexical
vixenrush.com,vi,0.93,prefix_suffix,lexical
vivariumtropicals.com,vi,0.93,prefix_suffix,lexical
futuru.vip,vi,0.93,prefix_suffix,lexical
t84gv1.sbs,vi,0.93,prefix_suffix,lexical
65058.vip,vi,0.93,prefix_suffix,lexical
vipbetvips.com,vi,0.93,prefix_suffix,lexical
vibesnode.xyz,vi,0.93,prefix_suffix,lexical
derivi.com,vi,0.93,prefix_suffix,lexical
11740.vip,vi,0.93,prefix_suffix,lexical
isebexs.vip,vi,0.93,prefix_suffix,lexical
mobnavi.com,vi,0.93,prefix_suffix,lexical
i-card.vip,vi,0.93,prefix_suffix,lexical
kalebet-guncel-sitesi.vip,vi,0.93,prefix_suffix,lexical
evolution-clinic.com,nic,0.93,prefix_suffix,lexical
32049.vip,vi,0.93,prefix_suffix,lexical
mtxentertainment.vip,vi,0.93,prefix_suffix,lexical
tworldgraxis.xyz,axis,0.93,prefix_suffix,lexical
theworldofhevi.fun,vi,0.93,prefix_suffix,lexical
67280.vip,vi,0.93,prefix_suffix,lexical
isroart.com,isro,0.93,prefix_suffix,lexical
bobbinapparels.com,bob,0.93,prefix_suffix,lexical
visualpathway.us,vi,0.93,prefix_suffix,lexical
vitamines.us,vi,0.93,prefix_suffix,lexical
ricci-family.online,rgcci,0.85,typo,lexical
partovi.us,vi,0.93,prefix_suffix,lexical
condomino.vip,vi,0.93,prefix_suffix,lexical
agdisac.com,sac,0.93,prefix_suffix,lexical
kionaskinclinic.com,nic,0.93,prefix_suffix,lexical
fglcr432.vip,vi,0.93,prefix_suffix,lexical
vikingbyjd.com,vi,0.93,prefix_suffix,lexical
zonaplay.vip,vi,0.93,prefix_suffix,lexical
vizesizulkeler.com,vi,0.93,prefix_suffix,lexical
bridgend-taxis.com,axis,0.93,prefix_suffix,lexical
casinoloots.vip,vi,0.93,prefix_suffix,lexical
859523.vip,vi,0.93,prefix_suffix,lexical
wsdgo.vip,vi,0.93,prefix_suffix,lexical
ha80b.top,bob,0.93,prefix_suffix,lexical
vitalitymgmt.com,vi,0.93,prefix_suffix,lexical
live-casino.vip,vi,0.93,prefix_suffix,lexical
vijayyoga.com,vi,0.93,prefix_suffix,lexical
bjj999.vip,vi,0.93,prefix_suffix,lexical
visiblerealty.com,vi,0.93,prefix_suffix,lexical
magic-villa.com,vi,0.93,prefix_suffix,lexical
vitaeglo.online,vi,0.93,prefix_suffix,lexical
vgivyo.vip,vi,0.93,prefix_suffix,lexical
approximately.vip,vi,0.93,prefix_suffix,lexical
pnclognqqh.vip,vi,0.93,prefix_suffix,lexical
vienaro.store,vi,0.93,prefix_suffix,lexical
viewcartoon.com,vi,0.93,prefix_suffix,lexical
lv-realestate.vip,vi,0.93,prefix_suffix,lexical
vier4000.com,vi,0.93,prefix_suffix,lexical
rtpsuper808.com,bob,0.93,prefix_suffix,lexical
dcgxd.vip,vi,0.93,prefix_suffix,lexical
c724.vip,vi,0.93,prefix_suffix,lexical
26124600.vip,vi,0.93,prefix_suffix,lexical
vibesautomation.com,vi,0.93,prefix_suffix,lexical
villuks.com,vi,0.93,prefix_suffix,lexical
axis-sandbox.com,axis,0.98,exact_label,lexical
yes69v1.org,vi,0.93,prefix_suffix,lexical
817271.vip,vi,0.93,prefix_suffix,lexical
dltcvi.info,vi,0.93,prefix_suffix,lexical
vitaleaerospace.com,vi,0.93,prefix_suffix,lexical
898221.vip,vi,0.93,prefix_suffix,lexical
vineline.wine,vi,0.93,prefix_suffix,lexical
vldio.com,vi,0.93,prefix_suffix,lexical
ht12xz716.vip,vi,0.93,prefix_suffix,lexical
ricci-lab.com,rgcci,0.85,typo,lexical
v1graphicsdesign.com,vi,0.93,prefix_suffix,lexical
ckzvt-s57jd-vlnoso.work,vi,0.93,prefix_suffix,lexical
ffyin.vip,vi,0.93,prefix_suffix,lexical
sacikids.com,sac,0.93,prefix_suffix,lexical
villagehallsalme.top,vi,0.93,prefix_suffix,lexical
bonnevi.com,vi,0.93,prefix_suffix,lexical
boolkim-vis.sbs,vi,0.93,prefix_suffix,lexical
femaxyvi.pro,vi,0.93,prefix_suffix,lexical
kiriya.vip,vi,0.93,prefix_suffix,lexical
859620.vip,vi,0.93,prefix_suffix,lexical
casibom-girislerxadresim.vip,vi,0.93,prefix_suffix,lexical
atlas-vitality.com,vi,0.93,prefix_suffix,lexical
heatpathai.vip,vi,0.93,prefix_suffix,lexical
nlncv.vip,vi,0.93,prefix_suffix,lexical
vipsportsuniforms.com,vi,0.93,prefix_suffix,lexical
26124329.vip,vi,0.93,prefix_suffix,lexical
bienic.com,nic,0.93,prefix_suffix,lexical
sacairelectric.com,sac,0.93,prefix_suffix,lexical
5achvxm.com,sac,0.93,prefix_suffix,lexical
vlvonex.help,vi,0.93,prefix_suffix,lexical
78445853.xyz,bse,0.93,prefix_suffix,lexical
vibehypefun.com,vi,0.93,prefix_suffix,lexical
40786.vip,vi,0.93,prefix_suffix,lexical
v19979.com,vi,0.93,prefix_suffix,lexical
viewsoanews.com,vi,0.93,prefix_suffix,lexical
9811bb.vip,vi,0.93,prefix_suffix,lexical
jeetbazz.vip,vi,0.93,prefix_suffix,lexical
vebo8.bar,bob,0.93,prefix_suffix,lexical
sgscavi.com,vi,0.93,prefix_suffix,lexical
visa247.io.vn,vi,0.93,prefix_suffix,lexical
vitamindata.com,vi,0.93,prefix_suffix,lexical
dodov.vip,vi,0.93,prefix_suffix,lexical
viktor-stroeff.ru,vi,0.93,prefix_suffix,lexical
robanh.vip,vi,0.93,prefix_suffix,lexical
villa-4u.com,vi,0.93,prefix_suffix,lexical
53549668.vip,vi,0.93,prefix_suffix,lexical
sacredempressalitash.com,sac,0.93,prefix_suffix,lexical
vinelanworld.cz,vi,0.93,prefix_suffix,lexical
vigilfiregroup.com,vi,0.93,prefix_suffix,lexical
900581.sbs,sbi,0.93,prefix_suffix,lexical
vik59.site,vi,0.93,prefix_suffix,lexical
vicionario.com,vi,0.93,prefix_suffix,lexical
42710.vip,vi,0.93,prefix_suffix,lexical
daivi.com,vi,0.93,prefix_suffix,lexical
qivena.vip,vi,0.93,prefix_suffix,lexical
53954.vip,vi,0.93,prefix_suffix,lexical
acfvg.vip,vi,0.93,prefix_suffix,lexical
58578.vip,vi,0.93,prefix_suffix,lexical
000085.vip,vi,0.93,prefix_suffix,lexical
coinopclinic.com,nic,0.93,prefix_suffix,lexical
virtualbowler.com,vi,0.93,prefix_suffix,lexical
h36vl.top,vi,0.93,prefix_suffix,lexical
visionhealthsecret.com,vi,0.93,prefix_suffix,lexical
71069.vip,vi,0.93,prefix_suffix,lexical
maxwin288-vip.shop,vi,0.93,prefix_suffix,lexical
sacbigbag.com,sac,0.93,prefix_suffix,lexical
380vip0axtql.vip,vi,0.93,prefix_suffix,lexical
detraanpr.shop,nic,0.93,prefix_suffix,lexical
fwvzq.vip,vi,0.93,prefix_suffix,lexical
victorpattersonspeaks.com,vi,0.93,prefix_suffix,lexical
solnevi.com,vi,0.93,prefix_suffix,lexical
t-visionlitigation.com,vi,0.93,prefix_suffix,lexical
ecl-koksport.com,eci,0.98,exact_label,lexical
cz0we7.vip,vi,0.93,prefix_suffix,lexical
laghsk320.vip,vi,0.93,prefix_suffix,lexical
shervin.vip,vi,0.93,prefix_suffix,lexical
viltrix.co,vi,0.93,prefix_suffix,lexical
keros.vip,vi,0.93,prefix_suffix,lexical
viewspro.biz.id,vi,0.93,prefix_suffix,lexical
didi51-t0353.vip,vi,0.93,prefix_suffix,lexical
bictu.vip,vi,0.93,prefix_suffix,lexical
slon--2cc.vip,vi,0.93,prefix_suffix,lexical
7659dd.vip,vi,0.93,prefix_suffix,lexical
eufzg.vip,vi,0.93,prefix_suffix,lexical
1xbet-vlj.top,vi,0.93,prefix_suffix,lexical
xfjpk-4hs8i-xbuzgh.work,sbi,0.93,prefix_suffix,lexical
vibespeople.xyz,vi,0.93,prefix_suffix,lexical
th386.vip,vi,0.93,prefix_suffix,lexical
tqaln.vip,vi,0.93,prefix_suffix,lexical
ucqrq.vip,vi,0.93,prefix_suffix,lexical
vibesboost.xyz,vi,0.93,prefix_suffix,lexical
26124421.vip,vi,0.93,prefix_suffix,lexical
vlbook247.info,vi,0.93,prefix_suffix,lexical
byy3.vip,vi,0.93,prefix_suffix,lexical
whoopiesharkfin.com,kfintech,0.93,prefix_suffix,lexical
viationx.store,vi,0.93,prefix_suffix,lexical
viewsmkt.com,vi,0.93,prefix_suffix,lexical
viphome.us,vi,0.93,prefix_suffix,lexical
kyonic.com,nic,0.93,prefix_suffix,lexical
vinodecambados.com,vi,0.93,prefix_suffix,lexical
sacramentocbdoil.com,sac,0.93,prefix_suffix,lexical
julialynn.vip,vi,0.93,prefix_suffix,lexical
lnabv.vip,vi,0.93,prefix_suffix,lexical
k1kr0ohj.vip,vi,0.93,prefix_suffix,lexical
b5391.lol,bse,0.93,prefix_suffix,lexical
vierpfotensatt.com,vi,0.93,prefix_suffix,lexical
visionarynaturalhealth.com,vi,0.93,prefix_suffix,lexical
vipjd.shop,vi,0.93,prefix_suffix,lexical
perfectionedit.vip,vi,0.93,prefix_suffix,lexical
imbhp.vip,vi,0.93,prefix_suffix,lexical
viktortsoi.com,vi,0.93,prefix_suffix,lexical
75853.blog,bse,0.93,prefix_suffix,lexical
kvoqb.vip,vi,0.93,prefix_suffix,lexical
6298dh18.vip,vi,0.93,prefix_suffix,lexical
dp2ee-s1hn3-vlydua.work,vi,0.93,prefix_suffix,lexical
crb17.vip,vi,0.93,prefix_suffix,lexical
bselitedetail.com,bse,0.93,prefix_suffix,lexical
sacaplan.com,sac,0.93,prefix_suffix,lexical
83499.vip,vi,0.93,prefix_suffix,lexical
y7124544.vip,vi,0.93,prefix_suffix,lexical
vibesjobs.xyz,vi,0.93,prefix_suffix,lexical
c757.vip,vi,0.93,prefix_suffix,lexical
thabet24.vip,vi,0.93,prefix_suffix,lexical
ccdi-asbl.org,sbi,0.93,prefix_suffix,lexical
happydayvacay.vip,vi,0.93,prefix_suffix,lexical
dh558.vip,vi,0.93,prefix_suffix,lexical
lryqf.vip,vi,0.93,prefix_suffix,lexical
vitallworkforce.co.uk,vi,0.93,prefix_suffix,lexical
yechsb.vip,vi,0.93,prefix_suffix,lexical
videochat360.online,vi,0.93,prefix_suffix,lexical
viptech.us,vi,0.93,prefix_suffix,lexical
virtualkelly.uk,vi,0.93,prefix_suffix,lexical
vladspetsgruz.ru,vi,0.93,prefix_suffix,lexical
vleesthuis.com,vi,0.93,prefix_suffix,lexical
3659006.vip,vi,0.93,prefix_suffix,lexical
myvi.us,vi,0.98,exact_label,lexical
vip-shaadi.top,vi,0.93,prefix_suffix,lexical
schmidt-visbek.com,vi,0.93,prefix_suffix,lexical
visaexpert.net,vi,0.93,prefix_suffix,lexical
victoria.support,vi,0.93,prefix_suffix,lexical
ntbvo.vip,vi,0.93,prefix_suffix,lexical
pgutw.vip,vi,0.93,prefix_suffix,lexical
cubanbob.com,bob,0.93,prefix_suffix,lexical
toolz.vip,vi,0.93,prefix_suffix,lexical
nhqpg.vip,vi,0.93,prefix_suffix,lexical
vip-albawaba.com,vi,0.93,prefix_suffix,lexical
coldwallethub.vip,vi,0.93,prefix_suffix,lexical
y7124388.vip,vi,0.93,prefix_suffix,lexical
pop2m8z4v1.com,vi,0.93,prefix_suffix,lexical
orgikarangasem.org,census,0.93,prefix_suffix,lexical
9418i.vip,vi,0.93,prefix_suffix,lexical
kkxmf.vip,vi,0.93,prefix_suffix,lexical
17chigua.vip,vi,0.93,prefix_suffix,lexical
virasoftech.com,vi,0.93,prefix_suffix,lexical
visiontalent.com,vi,0.93,prefix_suffix,lexical
quantifi.vip,vi,0.93,prefix_suffix,lexical
vrkv2218.vip,vi,0.93,prefix_suffix,lexical
sacredhrt.org,sac,0.93,prefix_suffix,lexical
visugalgen.com,vi,0.93,prefix_suffix,lexical
aafclinic.com,nic,0.93,prefix_suffix,lexical
infinititoday.com,icici,0.93,prefix_suffix,lexical
newjerseyclinic.biz,nic,0.93,prefix_suffix,lexical
sjaxis.com,axis,0.93,prefix_suffix,lexical
sacredmysticaltravels.com,sac,0.93,prefix_suffix,lexical
viajavuelavive.com,vi,0.93,prefix_suffix,lexical
visitsouthiceland.com,vi,0.93,prefix_suffix,lexical
victoryletter.com,vi,0.93,prefix_suffix,lexical
avcilar-ucuz.vip,vi,0.93,prefix_suffix,lexical
sacramentocommercial.space,sac,0.93,prefix_suffix,lexical
sachimassage.com,sac,0.93,prefix_suffix,lexical
42599.vip,vi,0.93,prefix_suffix,lexical
rtzz.vip,vi,0.93,prefix_suffix,lexical
eb-vip.online,vi,0.93,prefix_suffix,lexical
com-payyun.vip,vi,0.93,prefix_suffix,lexical
vlrt6.icu,vi,0.93,prefix_suffix,lexical
19083.vip,vi,0.93,prefix_suffix,lexical
mimo-praxis.com,axis,0.93,prefix_suffix,lexical
vimalsreal.com,vi,0.93,prefix_suffix,lexical
visitrockhampton.com,vi,0.93,prefix_suffix,lexical
bobcatofcomoxvalley.com,bob,0.93,prefix_suffix,lexical
eladgil.vip,vi,0.93,prefix_suffix,lexical
26124328.vip,vi,0.93,prefix_suffix,lexical
arlingtonclinic.org,nic,0.93,prefix_suffix,lexical
vivichat.ru,vi,0.93,prefix_suffix,lexical
support-vilogia.xyz,vi,0.93,prefix_suffix,lexical
23794.vip,vi,0.93,prefix_suffix,lexical
slotblastcasheuos.vip,vi,0.93,prefix_suffix,lexical
villstad.com,vi,0.93,prefix_suffix,lexical
abacusbvi.com,vi,0.93,prefix_suffix,lexical
mibo-vip.com,vi,0.93,prefix_suffix,lexical
26124320.vip,vi,0.93,prefix_suffix,lexical
maison-eclat.shop,eci,0.93,prefix_suffix,lexical
visione.online,vi,0.93,prefix_suffix,lexical
buckingbuckpokiesauoazs.vip,vi,0.93,prefix_suffix,lexical
40261.vip,vi,0.93,prefix_suffix,lexical
y7124560.vip,vi,0.93,prefix_suffix,lexical
niche.ltd,nic,0.93,prefix_suffix,lexical
czdsalsabe.vip,vi,0.93,prefix_suffix,lexical
jordanyjeanhomeloans.com,sbi,0.93,prefix_suffix,lexical
praxis-konfigurator.com,axis,0.93,prefix_suffix,lexical
cryptoleo.vip,vi,0.93,prefix_suffix,lexical
louzk14.vip,vi,0.93,prefix_suffix,lexical
kks4808.top,bob,0.93,prefix_suffix,lexical
ottoboosting.vip,vi,0.93,prefix_suffix,lexical
vivriviascq.online,vi,0.93,prefix_suffix,lexical
50547.vip,vi,0.93,prefix_suffix,lexical
y7124358.vip,vi,0.93,prefix_suffix,lexical
kskmtz.vip,vi,0.93,prefix_suffix,lexical
indiaadhar.xyz,uidai,0.93,prefix_suffix,lexical
bxczz.vip,vi,0.93,prefix_suffix,lexical
ku9app.vip,vi,0.93,prefix_suffix,lexical
onekey999.vip,vi,0.93,prefix_suffix,lexical
trip-champion-vibes.click,vi,0.93,prefix_suffix,lexical
1678a.vip,vi,0.93,prefix_suffix,lexical
visahjelp.com,vi,0.93,prefix_suffix,lexical
79371.vip,vi,0.93,prefix_suffix,lexical
vlviox.com,vi,0.93,prefix_suffix,lexical
vinebio.com,vi,0.93,prefix_suffix,lexical
uwx53-vip.com,vi,0.93,prefix_suffix,lexical
11926.vip,vi,0.93,prefix_suffix,lexical
85770.vip,vi,0.93,prefix_suffix,lexical
visionst4r.net,vi,0.93,prefix_suffix,lexical
eclairerlessentiel.com,eci,0.93,prefix_suffix,lexical
vinplanetupullit.com,vi,0.93,prefix_suffix,lexical
villainlabs.store,vi,0.93,prefix_suffix,lexical
email-vistaar.com,vi,0.93,prefix_suffix,lexical
bedronic.shop,nic,0.93,prefix_suffix,lexical
vikabhval.xyz,vi,0.93,prefix_suffix,lexical
vip-betf88.com,vi,0.93,prefix_suffix,lexical
lpblu.vip,vi,0.93,prefix_suffix,lexical
sharabha.com,nha,0.93,prefix_suffix,lexical
stellarorganic.com,nic,0.93,prefix_suffix,lexical
kjyif.vip,vi,0.93,prefix_suffix,lexical
nickg.us,nic,0.93,prefix_suffix,lexical
vibecodingmml.com,vi,0.93,prefix_suffix,lexical
vinonoir757.com,vi,0.93,prefix_suffix,lexical
01895.vip,vi,0.93,prefix_suffix,lexical
nicolewrites.blog,nic,0.93,prefix_suffix,lexical
avrupa1betyolu.vip,vi,0.93,prefix_suffix,lexical
vigorlong.site,vi,0.93,prefix_suffix,lexical
visav.eu.cc,vi,0.93,prefix_suffix,lexical
myvibetravel.com,vi,0.93,prefix_suffix,lexical
nicole-snyder.com,nic,0.93,prefix_suffix,lexical
virtustock.com,vi,0.93,prefix_suffix,lexical
nicsnailzbb.com,nic,0.93,prefix_suffix,lexical
acn78.vip,vi,0.93,prefix_suffix,lexical
vivalalita.com,vi,0.93,prefix_suffix,lexical
nicolasmartinezescritor.blog,nic,0.93,prefix_suffix,lexical
keridamdentalclinic.com,nic,0.93,prefix_suffix,lexical
ic-medical-clinic-ikebukuro.com,nic,0.93,prefix_suffix,lexical
referralb80808.online,bob,0.93,prefix_suffix,lexical
cellhealth.clinic,nic,0.93,prefix_suffix,lexical
villariccilucca.com,vi,0.93,prefix_suffix,lexical
vitalityhubd.info,vi,0.93,prefix_suffix,lexical
vizetrezerv.com,vi,0.93,prefix_suffix,lexical
vivaici.com,vi,0.93,prefix_suffix,lexical
65170.vip,vi,0.93,prefix_suffix,lexical
integrity.vin,vi,0.93,prefix_suffix,lexical
vistacahomesforsale.com,vi,0.93,prefix_suffix,lexical
segredos.vip,vi,0.93,prefix_suffix,lexical
vipdetailingmontreal.com,vi,0.93,prefix_suffix,lexical
www3569.vip,vi,0.93,prefix_suffix,lexical
41790.vip,vi,0.93,prefix_suffix,lexical
18yj43.vip,vi,0.93,prefix_suffix,lexical
54182.vip,vi,0.93,prefix_suffix,lexical
viajeshm.com,vi,0.93,prefix_suffix,lexical
37476.vip,vi,0.93,prefix_suffix,lexical
yield808.xyz,bob,0.93,prefix_suffix,lexical
ohtaw.vip,vi,0.93,prefix_suffix,lexical
26124508.vip,vi,0.93,prefix_suffix,lexical
vigbit.com,vi,0.93,prefix_suffix,lexical
rolinsasac.com,sac,0.93,prefix_suffix,lexical
vikrealtyone.com,vi,0.93,prefix_suffix,lexical
zaz4uv.vip,vi,0.93,prefix_suffix,lexical
vivtek.ai,vi,0.93,prefix_suffix,lexical
aikan-vip.com,vi,0.93,prefix_suffix,lexical
viarubie.com,vi,0.93,prefix_suffix,lexical
visualfoundry.in,vi,0.93,prefix_suffix,lexical
vidlinker.net,vi,0.93,prefix_suffix,lexical
sc88h.vip,vi,0.93,prefix_suffix,lexical
vi-studio.by,vi,0.98,exact_label,lexical
331805.vip,vi,0.93,prefix_suffix,lexical
vilou.com,vi,0.93,prefix_suffix,lexical
slots016.vip,vi,0.93,prefix_suffix,lexical
vlxdcodehihi.top,vi,0.93,prefix_suffix,lexical
vibecode.foo,vi,0.93,prefix_suffix,lexical
viz.com.pl,vi,0.93,prefix_suffix,lexical
goodtian-tw.vip,vi,0.93,prefix_suffix,lexical
paynsz.vip,vi,0.93,prefix_suffix,lexical
turctecnic.xyz,nic,0.93,prefix_suffix,lexical
morvexa.vip,vi,0.93,prefix_suffix,lexical
1vahvistus-etuovi.com,vi,0.93,prefix_suffix,lexical
milemunic.com,nic,0.93,prefix_suffix,lexical
59492.vip,vi,0.93,prefix_suffix,lexical
easylivi.com,vi,0.93,prefix_suffix,lexical
padisahbetresmigiris1.vip,vi,0.93,prefix_suffix,lexical
betboo724.vip,vi,0.93,prefix_suffix,lexical
vigil-one.com,vi,0.93,prefix_suffix,lexical
87xy.vip,vi,0.93,prefix_suffix,lexical
tophillbetgirisler2026.vip,vi,0.93,prefix_suffix,lexical
ei6fe.vip,vi,0.93,prefix_suffix,lexical
usa-visiocore.com,vi,0.93,prefix_suffix,lexical
betlua11.vip,vi,0.93,prefix_suffix,lexical
visitpinewoodculturalpark.com,vi,0.93,prefix_suffix,lexical
jjserzvl.xyz,vi,0.93,prefix_suffix,lexical
scdfg.vip,vi,0.93,prefix_suffix,lexical
vivea.us,vi,0.93,prefix_suffix,lexical
conavi.vip,vi,0.93,prefix_suffix,lexical
qpods.vip,vi,0.93,prefix_suffix,lexical
axistoto.top,axis,0.93,prefix_suffix,lexical
s7xk62.vip,vi,0.93,prefix_suffix,lexical
sbotz.vip,vi,0.93,prefix_suffix,lexical
realestatematching24-vi.cyou,vi,0.98,exact_label,lexical
crb1.vip,rbi,0.93,prefix_suffix,lexical
meuinvestimento.vip,vi,0.93,prefix_suffix,lexical
younei.vip,vi,0.93,prefix_suffix,lexical
violencethroughpeace.com,vi,0.93,prefix_suffix,lexical
iydtw.vip,vi,0.93,prefix_suffix,lexical
videoonboarding.be,vi,0.93,prefix_suffix,lexical
villagenews.skin,vi,0.93,prefix_suffix,lexical
vibpup.com,vi,0.93,prefix_suffix,lexical
vipneotv.xyz,vi,0.93,prefix_suffix,lexical
vldqp.ren,vi,0.93,prefix_suffix,lexical
emmerichsac.com,sac,0.93,prefix_suffix,lexical
adharshsaseendran.com,uidai,0.93,prefix_suffix,lexical
eclicktechnologies.com,eci,0.93,prefix_suffix,lexical
videoclones.net,vi,0.93,prefix_suffix,lexical
gestaltpraxis-dortmund.com,axis,0.93,prefix_suffix,lexical
t6mz.vip,vi,0.93,prefix_suffix,lexical
y7124412.vip,vi,0.93,prefix_suffix,lexical
vidiumapp.com,vi,0.93,prefix_suffix,lexical
healthresetclinic.com,nic,0.93,prefix_suffix,lexical
babyspeci.com,eci,0.93,prefix_suffix,lexical
didi51-t0344.vip,vi,0.93,prefix_suffix,lexical
virtuavendashub.com,vi,0.93,prefix_suffix,lexical
nickymarino.com,nic,0.93,prefix_suffix,lexical
habashy.vip,vi,0.93,prefix_suffix,lexical
nlccggdn.click,nic,0.93,prefix_suffix,lexical
eoumn220.vip,vi,0.93,prefix_suffix,lexical
vips7.top,vi,0.93,prefix_suffix,lexical
videounderstanding.com,vi,0.93,prefix_suffix,lexical
fwdks.vip,vi,0.93,prefix_suffix,lexical
viajescesars.site,vi,0.93,prefix_suffix,lexical
vksscv389.vip,vi,0.93,prefix_suffix,lexical
viral-flow-ai.com,vi,0.93,prefix_suffix,lexical
khojio.com,jio,0.93,prefix_suffix,lexical
viralpowerkit.com,vi,0.93,prefix_suffix,lexical
vipbet889.com,vi,0.93,prefix_suffix,lexical
facturacionvodafone.com,vi,0.93,prefix_suffix,lexical
viscuspossimusmail.com,vi,0.93,prefix_suffix,lexical
amgbahis2-zeusseo.vip,vi,0.93,prefix_suffix,lexical
suplementacjadzieci.pl,eci,0.93,prefix_suffix,lexical
vjpserviciossac.com,sac,0.93,prefix_suffix,lexical
remevi.store,vi,0.93,prefix_suffix,lexical
violentfuck.com,vi,0.93,prefix_suffix,lexical
vividh74.cfd,vi,0.93,prefix_suffix,lexical
nicholastraupe.com,nic,0.93,prefix_suffix,lexical
viebwl.top,vi,0.93,prefix_suffix,lexical
isqahlpvst.vip,vi,0.93,prefix_suffix,lexical
welcome-bonus81.store,sbi,0.93,prefix_suffix,lexical
89539.vip,vi,0.93,prefix_suffix,lexical
pccloud.vip,vi,0.93,prefix_suffix,lexical
vivaott.us,vi,0.93,prefix_suffix,lexical
victoriaelectrohogar.com,vi,0.93,prefix_suffix,lexical
greenkeyhomeloans.com,sbi,0.93,prefix_suffix,lexical
vlohit.com,vi,0.93,prefix_suffix,lexical
visithvimax.site,vi,0.93,prefix_suffix,lexical
horinha.app,nha,0.93,prefix_suffix,lexical
nichecoins.com,nic,0.93,prefix_suffix,lexical
vibesempire.com,vi,0.93,prefix_suffix,lexical
bob189.net,bob,0.93,prefix_suffix,lexical
infinitispringfieldnews.com,icici,0.93,prefix_suffix,lexical
733yc.vip,vi,0.93,prefix_suffix,lexical
sudchaqiruvi.help,vi,0.93,prefix_suffix,lexical
viable.health,vi,0.93,prefix_suffix,lexical
athmeyapolyclinic.com,nic,0.93,prefix_suffix,lexical
rfgwefgwfggwp.vip,vi,0.93,prefix_suffix,lexical
vipcard.info,vi,0.93,prefix_suffix,lexical
vifzvwx.xyz,vi,0.93,prefix_suffix,lexical
atpmg.vip,vi,0.93,prefix_suffix,lexical
vitalitydesigns.com,vi,0.93,prefix_suffix,lexical
t-visionmerch.com,vi,0.93,prefix_suffix,lexical
imaxis.space,axis,0.93,prefix_suffix,lexical
bahislion-orjinal-site.vip,vi,0.93,prefix_suffix,lexical
vizahomes.com,vi,0.93,prefix_suffix,lexical
26124393.vip,vi,0.93,prefix_suffix,lexical
vlxemr.sbs,vi,0.93,prefix_suffix,lexical
play-nohu.vip,vi,0.93,prefix_suffix,lexical
q5q1xw2.vip,vi,0.93,prefix_suffix,lexical
reapirclinic.com,nic,0.93,prefix_suffix,lexical
roninvi.com,vi,0.93,prefix_suffix,lexical
vignaankosh.com,vi,0.93,prefix_suffix,lexical
villasbonanza.com,vi,0.93,prefix_suffix,lexical
y7124406.vip,vi,0.93,prefix_suffix,lexical
villalpardo.com,vi,0.93,prefix_suffix,lexical
philadelphiamarijuana.clinic,nic,0.93,prefix_suffix,lexical
wrestle-fitness-vicky.com,vi,0.93,prefix_suffix,lexical
suivi-bv.com,vi,0.93,prefix_suffix,lexical
suote.vip,vi,0.93,prefix_suffix,lexical
vivamods.com,vi,0.93,prefix_suffix,lexical
305911.vip,vi,0.93,prefix_suffix,lexical
telegrampptpp.vip,vi,0.93,prefix_suffix,lexical
lxrok.vip,vi,0.93,prefix_suffix,lexical
villa-vista-ishigaki.com,vi,0.93,prefix_suffix,lexical
d23ti2dmu20an8s3.click,bse,0.93,prefix_suffix,lexical
artaxis.xyz,axis,0.93,prefix_suffix,lexical
viaformat.com,vi,0.93,prefix_suffix,lexical
eedhx.vip,vi,0.93,prefix_suffix,lexical
vitalydesignsn.shop,vi,0.93,prefix_suffix,lexical
virtuesecurities.com,vi,0.93,prefix_suffix,lexical
viahabsburg.com,vi,0.93,prefix_suffix,lexical
jehu-ca.vip,vi,0.93,prefix_suffix,lexical
49196.vip,vi,0.93,prefix_suffix,lexical
viedevideaste.com,vi,0.93,prefix_suffix,lexical
regentstreetclinic.com,nic,0.93,prefix_suffix,lexical
06303.vip,vi,0.93,prefix_suffix,lexical
yhgadmin.vip,vi,0.93,prefix_suffix,lexical
visionvalleyrealtors.com,vi,0.93,prefix_suffix,lexical
qilon.vip,vi,0.93,prefix_suffix,lexical
777bd-vip.org,vi,0.93,prefix_suffix,lexical
concretaservizicostruttivi.com,vi,0.93,prefix_suffix,lexical
vividtrustmart943.com,vi,0.93,prefix_suffix,lexical
26124308.vip,vi,0.93,prefix_suffix,lexical
vivakpope.shop,vi,0.93,prefix_suffix,lexical
vibrantwomanacademy.com,vi,0.93,prefix_suffix,lexical
betvn17.vip,vi,0.93,prefix_suffix,lexical
visicom.us,vi,0.93,prefix_suffix,lexical
vibelokal.com,vi,0.93,prefix_suffix,lexical
76633.vip,vi,0.93,prefix_suffix,lexical
violin-tales.com,vi,0.93,prefix_suffix,lexical
26124395.vip,vi,0.93,prefix_suffix,lexical
bob-bet.com,bob,0.98,exact_label,lexical
bettzulaguncelgiris-2026.vip,vi,0.93,prefix_suffix,lexical
sacocc.com,sac,0.93,prefix_suffix,lexical
betvn88.vip,vi,0.93,prefix_suffix,lexical
virtualaccountantsusa.com,vi,0.93,prefix_suffix,lexical
7k-bonus3.vip,vi,0.93,prefix_suffix,lexical
roelof.vip,vi,0.93,prefix_suffix,lexical
officeaxis.shop,axis,0.93,prefix_suffix,lexical
eclecticservers.com,eci,0.93,prefix_suffix,lexical
bob-888.com,bob,0.98,exact_label,lexical
vinaholding.com,vi,0.93,prefix_suffix,lexical
dawenha.net,nha,0.93,prefix_suffix,lexical
vistavuescreenhub.com,vi,0.93,prefix_suffix,lexical
ugyos.vip,vi,0.93,prefix_suffix,lexical
vibeorbit.xyz,vi,0.93,prefix_suffix,lexical
viloratech.com,vi,0.93,prefix_suffix,lexical
26124591.vip,vi,0.93,prefix_suffix,lexical
vikastelecom.com,vi,0.93,prefix_suffix,lexical
vistaheap.com,vi,0.93,prefix_suffix,lexical
h24vl.top,vi,0.93,prefix_suffix,lexical
violetkey.com,vi,0.93,prefix_suffix,lexical
sportsneuropsychologyclinic.com,nic,0.93,prefix_suffix,lexical
sayhentai.vip,vi,0.93,prefix_suffix,lexical
luckysia99.vip,vi,0.93,prefix_suffix,lexical
vibedgn.site,vi,0.93,prefix_suffix,lexical
betf88-vip.com,vi,0.93,prefix_suffix,lexical
briqnic.com,nic,0.93,prefix_suffix,lexical
jdzq.vip,vi,0.93,prefix_suffix,lexical
virelaskin.com,vi,0.93,prefix_suffix,lexical
nicoleloveclub.com,nic,0.93,prefix_suffix,lexical
villaalbaboutiquehotel.com,vi,0.93,prefix_suffix,lexical
y7124360.vip,vi,0.93,prefix_suffix,lexical
wgmsa.vip,vi,0.93,prefix_suffix,lexical
853444.com,bse,0.93,prefix_suffix,lexical
virtualchiroclinic.com,nic,0.93,prefix_suffix,lexical
villagewomencle.com,vi,0.93,prefix_suffix,lexical
vibecode.show,vi,0.93,prefix_suffix,lexical
trendbet-kazancinadresi.vip,vi,0.93,prefix_suffix,lexical
abgcf.vip,vi,0.93,prefix_suffix,lexical
mlngjnvi.com,vi,0.93,prefix_suffix,lexical
vitalityinsiders.com,vi,0.93,prefix_suffix,lexical
jpkmi.vip,vi,0.93,prefix_suffix,lexical
83256.vip,vi,0.93,prefix_suffix,lexical
assessforsuccessclinic.com,nic,0.93,prefix_suffix,lexical
yimifbvi.xyz,vi,0.93,prefix_suffix,lexical
agricolasovi.com,vi,0.93,prefix_suffix,lexical
videoto3dgs.link,vi,0.93,prefix_suffix,lexical
servpgcobse.com,bse,0.93,prefix_suffix,lexical
zahnarztpraxis.us,axis,0.93,prefix_suffix,lexical
galabet-orjgirisin.vip,vi,0.93,prefix_suffix,lexical
toothmakerclinic.com,nic,0.93,prefix_suffix,lexical
virtexbimteam.co,vi,0.93,prefix_suffix,lexical
videoinsuranceagent.com,vi,0.93,prefix_suffix,lexical
y7124463.vip,vi,0.93,prefix_suffix,lexical
vivanovaessence.com,vi,0.93,prefix_suffix,lexical
victoryoversarcoma.com,vi,0.93,prefix_suffix,lexical
tv-jinqiuzhibob.com,bob,0.93,prefix_suffix,lexical
vitalmanclinic.site,nic,0.93,prefix_suffix,lexical
34526.vip,vi,0.93,prefix_suffix,lexical
9eydai.vip,vi,0.93,prefix_suffix,lexical
didi51-t0379.vip,vi,0.93,prefix_suffix,lexical
68402.vip,vi,0.93,prefix_suffix,lexical
redthreadorganic.com,nic,0.93,prefix_suffix,lexical
26124545.vip,vi,0.93,prefix_suffix,lexical
viphealth.us,vi,0.93,prefix_suffix,lexical
vidkitpro.com,vi,0.93,prefix_suffix,lexical
546777.vip,vi,0.93,prefix_suffix,lexical
xkccvi.store,vi,0.93,prefix_suffix,lexical
fintech.expert,kfintech,0.85,typo,lexical
512ah.vip,vi,0.93,prefix_suffix,lexical
vivliagiapaidia.site,vi,0.93,prefix_suffix,lexical
virtualstatussolutions.com,vi,0.93,prefix_suffix,lexical
vigoes.com,vi,0.93,prefix_suffix,lexical
cliphotvl.org,vi,0.93,prefix_suffix,lexical
26124359.vip,vi,0.93,prefix_suffix,lexical
vipstats.com,vi,0.93,prefix_suffix,lexical
vip-game.vip,vi,0.93,prefix_suffix,lexical
nhaofang2.top,nha,0.93,prefix_suffix,lexical
kfaho.vip,vi,0.93,prefix_suffix,lexical
groupenorthaxis.com,axis,0.93,prefix_suffix,lexical
vistaluxe.fun,vi,0.93,prefix_suffix,lexical
h66vl.top,vi,0.93,prefix_suffix,lexical
vibessecurity.xyz,vi,0.93,prefix_suffix,lexical
05268.vip,vi,0.93,prefix_suffix,lexical
camslegal.org,cams,0.93,prefix_suffix,lexical
vignetteoesterreich.online,vi,0.93,prefix_suffix,lexical
nkpuim303.vip,vi,0.93,prefix_suffix,lexical
88n1.vip,vi,0.93,prefix_suffix,lexical
tonic.today,nic,0.93,prefix_suffix,lexical
lady-nicole-devil.com,nic,0.93,prefix_suffix,lexical
bailety60.vip,vi,0.93,prefix_suffix,lexical
terapiacomtiagocunha.com,nha,0.93,prefix_suffix,lexical
meritkinqgiris2026.vip,vi,0.93,prefix_suffix,lexical
snvl.ink,vi,0.93,prefix_suffix,lexical
elm8.vip,vi,0.93,prefix_suffix,lexical
uxjsro.vip,vi,0.93,prefix_suffix,lexical
vicarihealth.com,vi,0.93,prefix_suffix,lexical
hg58l.top,sbi,0.93,prefix_suffix,lexical
vito88-bet.site,vi,0.93,prefix_suffix,lexical
com-eou.vip,vi,0.93,prefix_suffix,lexical
nicotinarrd.com,nic,0.93,prefix_suffix,lexical
sacaton-energy.com,sac,0.93,prefix_suffix,lexical
privatetelegram.vip,vi,0.93,prefix_suffix,lexical
visittemples.com,vi,0.93,prefix_suffix,lexical
chnaa.vip,vi,0.93,prefix_suffix,lexical
nickelslawfirm.com,nic,0.93,prefix_suffix,lexical
visai.us,vi,0.93,prefix_suffix,lexical
visualsmartdigital.com,vi,0.93,prefix_suffix,lexical
24hravi.net,vi,0.93,prefix_suffix,lexical
sachacreation.fr,sac,0.93,prefix_suffix,lexical
vipyasmina.link,vi,0.93,prefix_suffix,lexical
videolaringoscope.com,vi,0.93,prefix_suffix,lexical
26124502.vip,vi,0.93,prefix_suffix,lexical
agneshomeloans.com,sbi,0.93,prefix_suffix,lexical
32nds8.vip,vi,0.93,prefix_suffix,lexical
myvirtualwallet.xyz,vi,0.93,prefix_suffix,lexical
vinylbookshopuk.com,vi,0.93,prefix_suffix,lexical
devi-production.com,vi,0.93,prefix_suffix,lexical
86071.vip,vi,0.93,prefix_suffix,lexical
spl9n2.vip,vi,0.93,prefix_suffix,lexical
sumatratonic-get.shop,nic,0.93,prefix_suffix,lexical
vientosdecambio.org,vi,0.93,prefix_suffix,lexical
jj67atendimentoonline.vip,vi,0.93,prefix_suffix,lexical
vijayanuclearscans.com,vi,0.93,prefix_suffix,lexical
viewcollegeteams.net,vi,0.93,prefix_suffix,lexical
violetroseshop.com,vi,0.93,prefix_suffix,lexical
nicetishstack.click,nic,0.93,prefix_suffix,lexical
xzdxgu322.vip,vi,0.93,prefix_suffix,lexical
vipcoach.us,vi,0.93,prefix_suffix,lexical
pnclognmk.vip,vi,0.93,prefix_suffix,lexical
visionconnect.us,vi,0.93,prefix_suffix,lexical
virginiehavelange.be,vi,0.93,prefix_suffix,lexical
koreaaesthetic.clinic,nic,0.93,prefix_suffix,lexical
vidmuse.studio,vi,0.93,prefix_suffix,lexical
terrabee.vip,vi,0.93,prefix_suffix,lexical
bobei123.cc,bob,0.93,prefix_suffix,lexical
fansclothes.vip,vi,0.93,prefix_suffix,lexical
erinmehler.vip,vi,0.93,prefix_suffix,lexical
vintagetourbus.com,vi,0.93,prefix_suffix,lexical
zlvic.vip,vi,0.93,prefix_suffix,lexical
crb22.vip,vi,0.93,prefix_suffix,lexical
vivekranade.com,vi,0.93,prefix_suffix,lexical
vintageclothingco.website,vi,0.93,prefix_suffix,lexical
visacollective.com,vi,0.93,prefix_suffix,lexical
vibro.club,vi,0.93,prefix_suffix,lexical
livi-bear.com,vi,0.93,prefix_suffix,lexical
vs-navi.online,vi,0.93,prefix_suffix,lexical
viwigroup.com,vi,0.93,prefix_suffix,lexical
vitaliaradiante.com,vi,0.93,prefix_suffix,lexical
agora.vin,vi,0.93,prefix_suffix,lexical
lobet2026.vip,vi,0.93,prefix_suffix,lexical
softbotanic.shop,nic,0.93,prefix_suffix,lexical
royalbet-giris13.vip,vi,0.93,prefix_suffix,lexical
viewflixx.com,vi,0.93,prefix_suffix,lexical
vipwellnessaustin.com,vi,0.93,prefix_suffix,lexical
vivaoffertas.com,vi,0.93,prefix_suffix,lexical
vinyasayogshala.com,vi,0.93,prefix_suffix,lexical
hxdgx.vip,vi,0.93,prefix_suffix,lexical
viski.us,vi,0.93,prefix_suffix,lexical
vincomarketinguser.work,vi,0.93,prefix_suffix,lexical
yp7heg.vip,vi,0.93,prefix_suffix,lexical
849hh577.vip,vi,0.93,prefix_suffix,lexical
luvianic.top,nic,0.93,prefix_suffix,lexical
truhlarstvi-pavel-juranek.cz,vi,0.93,prefix_suffix,lexical
btronic.top,nic,0.93,prefix_suffix,lexical
viniciusgois.com.br,vi,0.93,prefix_suffix,lexical
cooperclinic.co.il,nic,0.93,prefix_suffix,lexical
pmbr1yfd6fkhbpv1.click,vi,0.93,prefix_suffix,lexical
victoriamacdonald.shop,vi,0.93,prefix_suffix,lexical
meybet-giris-sitesi.vip,vi,0.93,prefix_suffix,lexical
qmhhf.vip,vi,0.93,prefix_suffix,lexical
vinwin.capital,vi,0.93,prefix_suffix,lexical
com-elitfn.vip,vi,0.93,prefix_suffix,lexical
vityatv.hu,vi,0.93,prefix_suffix,lexical
villagepointoyotascion.com,vi,0.93,prefix_suffix,lexical
hugclinic.net,nic,0.93,prefix_suffix,lexical
virtualcargarage.com,vi,0.93,prefix_suffix,lexical
nickienonstop.com,nic,0.93,prefix_suffix,lexical
380zb.vip,vi,0.93,prefix_suffix,lexical
viecore.net,vi,0.93,prefix_suffix,lexical
vio177.com,vi,0.93,prefix_suffix,lexical
bobcs.com,bob,0.93,prefix_suffix,lexical
sincapevi.xyz,vi,0.93,prefix_suffix,lexical
vipertools.vip,vi,0.93,prefix_suffix,lexical
39610.vip,vi,0.93,prefix_suffix,lexical
66pure.vip,vi,0.93,prefix_suffix,lexical
vincentdefazio.com,vi,0.93,prefix_suffix,lexical
victorystaffing.com,vi,0.93,prefix_suffix,lexical
ds0088.vip,vi,0.93,prefix_suffix,lexical
roxoraxis.com,axis,0.93,prefix_suffix,lexical
vibestyledecor.com,vi,0.93,prefix_suffix,lexical
vibesxclusive.com,vi,0.93,prefix_suffix,lexical
kfinance.us,kfintech,0.93,prefix_suffix,lexical
nicky-ds.shop,nic,0.93,prefix_suffix,lexical
y7124449.vip,vi,0.93,prefix_suffix,lexical
v11av3017.cc,vi,0.93,prefix_suffix,lexical
bs34dw.biz,bse,0.93,prefix_suffix,lexical
78991.vip,vi,0.93,prefix_suffix,lexical
sacredanatomy.com,sac,0.93,prefix_suffix,lexical
vividi08.cfd,vi,0.93,prefix_suffix,lexical
vidmuse.fun,vi,0.93,prefix_suffix,lexical
y7124525.vip,vi,0.93,prefix_suffix,lexical
vivavita.us,vi,0.93,prefix_suffix,lexical
mdrplay.vip,vi,0.93,prefix_suffix,lexical
nicm.us,nic,0.93,prefix_suffix,lexical
virtusrobotics.com,vi,0.93,prefix_suffix,lexical
vitalpathwayco.com,vi,0.93,prefix_suffix,lexical
vilooapp.com,vi,0.93,prefix_suffix,lexical
nicdemore.com,nic,0.93,prefix_suffix,lexical
myt-visionlogin.com,vi,0.93,prefix_suffix,lexical
y7124554.vip,vi,0.93,prefix_suffix,lexical
villasaltaona.com,vi,0.93,prefix_suffix,lexical
villagepizzawethersfield.com,vi,0.93,prefix_suffix,lexical
caip808.com,bob,0.93,prefix_suffix,lexical
altspin581.com,sbi,0.93,prefix_suffix,lexical
eos-electronic.com,nic,0.93,prefix_suffix,lexical
dhbyf.vip,vi,0.93,prefix_suffix,lexical
vipwangke.com,vi,0.93,prefix_suffix,lexical
actstat.vip,vi,0.93,prefix_suffix,lexical
cwaf5953.vip,vi,0.93,prefix_suffix,lexical
sachcugiadinh.com,sac,0.93,prefix_suffix,lexical
orvi.us,vi,0.93,prefix_suffix,lexical
vitalityself.com,vi,0.93,prefix_suffix,lexical
37620.vip,vi,0.93,prefix_suffix,lexical
videoakademi.com,vi,0.93,prefix_suffix,lexical
xn--80andidneb0b.xn--p1ai,bob,0.93,prefix_suffix,lexical
vipmints.xyz,vi,0.93,prefix_suffix,lexical
vipzhongzhou.com,vi,0.93,prefix_suffix,lexical
vip-karllagerfeld.shop,vi,0.93,prefix_suffix,lexical
ascdg.vip,vi,0.93,prefix_suffix,lexical
859603.vip,vi,0.93,prefix_suffix,lexical
virtualsolaruniversity.app,vi,0.93,prefix_suffix,lexical
nichehunt.co,nic,0.93,prefix_suffix,lexical
947999808.xyz,bob,0.93,prefix_suffix,lexical
ymara.vip,vi,0.93,prefix_suffix,lexical
kenmegharbi.shop,rbi,0.93,prefix_suffix,lexical
nhathuocanthinh.com,nha,0.93,prefix_suffix,lexical
vitruvianart.com,vi,0.93,prefix_suffix,lexical
vibecode.inc,vi,0.93,prefix_suffix,lexical
vitifa.com,vi,0.93,prefix_suffix,lexical
bjlma.vip,vi,0.93,prefix_suffix,lexical
644777.vip,vi,0.93,prefix_suffix,lexical
infinitiofscottsdalesucks.com,icici,0.93,prefix_suffix,lexical
t789-vip.asia,vi,0.93,prefix_suffix,lexical
visionfxsniper.com,vi,0.93,prefix_suffix,lexical
fromsdvl.sbs,vi,0.93,prefix_suffix,lexical
139rr.vip,vi,0.93,prefix_suffix,lexical
vicemania.com,vi,0.93,prefix_suffix,lexical
apkmf.vip,vi,0.93,prefix_suffix,lexical
14753.vip,vi,0.93,prefix_suffix,lexical
26124570.vip,vi,0.93,prefix_suffix,lexical
nhacai-sc88.com,nha,0.93,prefix_suffix,lexical
via1click2gobank.com,vi,0.93,prefix_suffix,lexical
c720.vip,vi,0.93,prefix_suffix,lexical
26124574.vip,vi,0.93,prefix_suffix,lexical
vikasatech.com,vi,0.93,prefix_suffix,lexical
26124469.vip,vi,0.93,prefix_suffix,lexical
vizzkartglobal.com,vi,0.93,prefix_suffix,lexical
babypepesol.vip,vi,0.93,prefix_suffix,lexical
mamaeordenha.com.br,nha,0.93,prefix_suffix,lexical
disavi-meb.ru,vi,0.93,prefix_suffix,lexical
rbxapple.vip,vi,0.93,prefix_suffix,lexical
vibrary.dev,vi,0.93,prefix_suffix,lexical
53fokh.vip,vi,0.93,prefix_suffix,lexical
ouyyunvl.sbs,vi,0.93,prefix_suffix,lexical
vip66662.com,vi,0.93,prefix_suffix,lexical
moviservsac.com,sac,0.93,prefix_suffix,lexical
tnesoe385.vip,vi,0.93,prefix_suffix,lexical
67850.vip,vi,0.93,prefix_suffix,lexical
ac17.vip,vi,0.93,prefix_suffix,lexical
26124568.vip,vi,0.93,prefix_suffix,lexical
nichi-tag.info,nic,0.93,prefix_suffix,lexical
849qq577.vip,vi,0.93,prefix_suffix,lexical
vipworldcupbet.com,vi,0.93,prefix_suffix,lexical
haohan-vip.com,vi,0.93,prefix_suffix,lexical
camsoar.com,cams,0.93,prefix_suffix,lexical
virgohomesng.com,vi,0.93,prefix_suffix,lexical
virilitysrl.blog,vi,0.93,prefix_suffix,lexical
vibeseshapp.com,vi,0.93,prefix_suffix,lexical
bailety58.vip,vi,0.93,prefix_suffix,lexical
vittaensino.com.br,vi,0.93,prefix_suffix,lexical
232028.vip,vi,0.93,prefix_suffix,lexical
buckingbuckpokiesauoss.vip,vi,0.93,prefix_suffix,lexical
thechurnclinic.com,nic,0.93,prefix_suffix,lexical
c792.vip,vi,0.93,prefix_suffix,lexical
jargonic.biz,nic,0.93,prefix_suffix,lexical
bobtahmin.com,bob,0.93,prefix_suffix,lexical
villageatwestvalley.com,vi,0.93,prefix_suffix,lexical
elitewellness.vip,vi,0.93,prefix_suffix,lexical
betcio-yeni-site.vip,vi,0.93,prefix_suffix,lexical
visitsterlingheights.com,vi,0.93,prefix_suffix,lexical
neosonic.store,nic,0.93,prefix_suffix,lexical
mkfvi.info,vi,0.93,prefix_suffix,lexical
26124346.vip,vi,0.93,prefix_suffix,lexical
vital-gesund-leben.com,vi,0.93,prefix_suffix,lexical
88r83.vip,vi,0.93,prefix_suffix,lexical
vigorjs.space,vi,0.93,prefix_suffix,lexical
virginiapotstores.com,vi,0.93,prefix_suffix,lexical
07104.vip,vi,0.93,prefix_suffix,lexical
98547a.vip,vi,0.93,prefix_suffix,lexical
cerberus8.vip,vi,0.93,prefix_suffix,lexical
th18.vip,vi,0.93,prefix_suffix,lexical
ops81.app,sbi,0.93,prefix_suffix,lexical
parcevj.vip,vi,0.93,prefix_suffix,lexical
okwct.vip,vi,0.93,prefix_suffix,lexical
vibesilk.shop,vi,0.93,prefix_suffix,lexical
africateleclinic.com,nic,0.93,prefix_suffix,lexical
nhaofang.top,nha,0.93,prefix_suffix,lexical
vieirascustoms.com,vi,0.93,prefix_suffix,lexical
infinitipartsmart.com,icici,0.93,prefix_suffix,lexical
virginiajewelsexclusive.com,vi,0.93,prefix_suffix,lexical
vingetteautobahn.online,vi,0.93,prefix_suffix,lexical
talentaxis.uk,axis,0.93,prefix_suffix,lexical
5678909.vip,vi,0.93,prefix_suffix,lexical
26124427.vip,vi,0.93,prefix_suffix,lexical
mdwbk.vip,vi,0.93,prefix_suffix,lexical
vibesworkshop.xyz,vi,0.93,prefix_suffix,lexical
cams-tci.com,cams,0.98,exact_label,lexical
royalincometaxi.com,incometax,0.95,combined,lexical
t-visionstore.com,vi,0.93,prefix_suffix,lexical
axis32.com,axis,0.93,prefix_suffix,lexical
76756.vip,vi,0.93,prefix_suffix,lexical
visualvibedecor.com,vi,0.93,prefix_suffix,lexical
viewingcards.com,vi,0.93,prefix_suffix,lexical
phyxing.clinic,nic,0.93,prefix_suffix,lexical
haus808.com,bob,0.93,prefix_suffix,lexical
pnclognqqf.vip,vi,0.93,prefix_suffix,lexical
visionarypostnews.com,vi,0.93,prefix_suffix,lexical
meshnic.com,nic,0.93,prefix_suffix,lexical
econic.us,nic,0.93,prefix_suffix,lexical
xt06.vip,vi,0.93,prefix_suffix,lexical
tyc653gy.vip,vi,0.93,prefix_suffix,lexical
axisinpections.com,axis,0.93,prefix_suffix,lexical
vitalintegral.life,vi,0.93,prefix_suffix,lexical
coachhubpro.vip,vi,0.93,prefix_suffix,lexical
luminestmedical.vip,vi,0.93,prefix_suffix,lexical
vilwon.com,vi,0.93,prefix_suffix,lexical
469622.vip,vi,0.93,prefix_suffix,lexical
vidhi.us,vi,0.93,prefix_suffix,lexical
axismashup.com,axis,0.93,prefix_suffix,lexical
14546.vip,vi,0.93,prefix_suffix,lexical
groupeboreaxis.ca,axis,0.93,prefix_suffix,lexical
y7124523.vip,vi,0.93,prefix_suffix,lexical
privi.club,vi,0.93,prefix_suffix,lexical
tenshoku-antennanavi.com,vi,0.93,prefix_suffix,lexical
h3cl.top,eci,0.93,prefix_suffix,lexical
bvchxgcrertrtrt.vip,vi,0.93,prefix_suffix,lexical
vikibet.net,vi,0.93,prefix_suffix,lexical
m558568.vip,vi,0.93,prefix_suffix,lexical
vivahumanitas.com,vi,0.93,prefix_suffix,lexical
greenworkstools-vip.shop,vi,0.93,prefix_suffix,lexical
rtjff1015.vip,vi,0.93,prefix_suffix,lexical
vipmotoryatkiralama.com,vi,0.93,prefix_suffix,lexical
bobty7.com,bob,0.93,prefix_suffix,lexical
vivirporlapatriaesvivir.com,vi,0.93,prefix_suffix,lexical
marketingfuncionalia.vip,vi,0.93,prefix_suffix,lexical
whats-xss.vip,vi,0.93,prefix_suffix,lexical
vineyardcollective.net,vi,0.93,prefix_suffix,lexical
ytxed.vip,vi,0.93,prefix_suffix,lexical
5736im10.vip,vi,0.93,prefix_suffix,lexical
villagepointecars.com,vi,0.93,prefix_suffix,lexical
yjcontinued.vip,vi,0.93,prefix_suffix,lexical
viswapadma.com,vi,0.93,prefix_suffix,lexical
vicibet.fi,vi,0.93,prefix_suffix,lexical
savoyresmigiris.vip,vi,0.93,prefix_suffix,lexical
nzrby.vip,vi,0.93,prefix_suffix,lexical
violetscanscomics.net,vi,0.93,prefix_suffix,lexical
omguk.vip,vi,0.93,prefix_suffix,lexical
prev1.ca,vi,0.93,prefix_suffix,lexical
virus99daftar.com,vi,0.93,prefix_suffix,lexical
spycams.us,cams,0.93,prefix_suffix,lexical
axisclinicalsol.com,axis,0.93,prefix_suffix,lexical
limanbet.vip,vi,0.93,prefix_suffix,lexical
vibevector.ru,vi,0.93,prefix_suffix,lexical
visitroadtown.com,vi,0.93,prefix_suffix,lexical
09799.vip,vi,0.93,prefix_suffix,lexical
videohost2.online,vi,0.93,prefix_suffix,lexical
vipgirls.us,vi,0.93,prefix_suffix,lexical
victoria-huber.com,vi,0.93,prefix_suffix,lexical
sonbahis-2026.vip,vi,0.93,prefix_suffix,lexical
vividsunsets.com,vi,0.93,prefix_suffix,lexical
victordan.online,vi,0.93,prefix_suffix,lexical
hiltonbet-mobil2026.vip,vi,0.93,prefix_suffix,lexical
0w1kjv4514.vip,vi,0.93,prefix_suffix,lexical
vianravokilvani.digital,vi,0.93,prefix_suffix,lexical
viralio.app,vi,0.93,prefix_suffix,lexical
cerberus2.vip,vi,0.93,prefix_suffix,lexical
vietbooking.com,vi,0.93,prefix_suffix,lexical
23840.vip,vi,0.93,prefix_suffix,lexical
eclipsegl.com,eci,0.93,prefix_suffix,lexical
y7124469.vip,vi,0.93,prefix_suffix,lexical
sbintegrity.com,sbi,0.93,prefix_suffix,lexical
virtualfd.com,vi,0.93,prefix_suffix,lexical
tech--visionaries.com,vi,0.93,prefix_suffix,lexical
tokogame.vip,vi,0.93,prefix_suffix,lexical
wipaclinic.xyz,nic,0.93,prefix_suffix,lexical
nicole-ycp.com,nic,0.93,prefix_suffix,lexical
h35bl.top,sbi,0.93,prefix_suffix,lexical
vladsimon.dev,vi,0.93,prefix_suffix,lexical
videobasedcommercehub.info,vi,0.93,prefix_suffix,lexical
77happy.vip,vi,0.93,prefix_suffix,lexical
vinyaas.com,vi,0.93,prefix_suffix,lexical
palpitesamarelinha.com,nha,0.93,prefix_suffix,lexical
y7124494.vip,vi,0.93,prefix_suffix,lexical
visionme.com,vi,0.93,prefix_suffix,lexical
vbiarnic.com,nic,0.93,prefix_suffix,lexical
98yl119.vip,vi,0.93,prefix_suffix,lexical
vibest.org,vi,0.93,prefix_suffix,lexical
vietgreenglobal.com,vi,0.93,prefix_suffix,lexical
999cx.vip,vi,0.93,prefix_suffix,lexical
nicolas5.xyz,nic,0.93,prefix_suffix,lexical
viaafrica-cable.com,vi,0.93,prefix_suffix,lexical
fintech.love,kfintech,0.85,typo,lexical
visioncarriers.org,vi,0.93,prefix_suffix,lexical
vitechnoschool.com,vi,0.93,prefix_suffix,lexical
visioner-living.com,vi,0.93,prefix_suffix,lexical
violentlyfondpeacock.lifestyle,vi,0.93,prefix_suffix,lexical
visionfundcapital.com,vi,0.93,prefix_suffix,lexical
gebotnpr.buzz,nic,0.93,prefix_suffix,lexical
nicomelectric.com,nic,0.93,prefix_suffix,lexical
25926.vip,vi,0.93,prefix_suffix,lexical
izonegame.vip,vi,0.93,prefix_suffix,lexical
vx-vlr.surf,vi,0.93,prefix_suffix,lexical
malbat.vip,vi,0.93,prefix_suffix,lexical
y7124340.vip,vi,0.93,prefix_suffix,lexical
vizyon-tekstil.com,vi,0.93,prefix_suffix,lexical
xibyqayvi.autos,vi,0.93,prefix_suffix,lexical
usakcicekevi.com,vi,0.93,prefix_suffix,lexical
vitales.us,vi,0.93,prefix_suffix,lexical
vinarobles.com,vi,0.93,prefix_suffix,lexical
cerberus23.vip,vi,0.93,prefix_suffix,lexical
cosypornic.com,nic,0.93,prefix_suffix,lexical
162055.vip,vi,0.93,prefix_suffix,lexical
n1688.vip,vi,0.93,prefix_suffix,lexical
joyi8-vip.asia,vi,0.93,prefix_suffix,lexical
89bed.vip,vi,0.93,prefix_suffix,lexical
1997aa.vip,vi,0.93,prefix_suffix,lexical
niccolovonci.com,nic,0.93,prefix_suffix,lexical
qsvag.vip,vi,0.93,prefix_suffix,lexical
strongestclinic.com,nic,0.93,prefix_suffix,lexical
vlca.net,vi,0.93,prefix_suffix,lexical
shono-dentalclinic-testsite.com,nic,0.93,prefix_suffix,lexical
vismayaagencies.com,vi,0.93,prefix_suffix,lexical
hi729.vip,vi,0.93,prefix_suffix,lexical
piecebdvi.sbs,vi,0.93,prefix_suffix,lexical
vietnamadmissionsguide.com,vi,0.93,prefix_suffix,lexical
lynxpg.vip,vi,0.93,prefix_suffix,lexical
virtual-meeting-software-sdni-t3.click,vi,0.93,prefix_suffix,lexical
visualdoctors.com,vi,0.93,prefix_suffix,lexical
t6rt.vip,vi,0.93,prefix_suffix,lexical
vidroapp.com.br,vi,0.93,prefix_suffix,lexical
82613.vip,vi,0.93,prefix_suffix,lexical
txp1688oveothmb.vip,vi,0.93,prefix_suffix,lexical
vis-education.com,vi,0.93,prefix_suffix,lexical
vladislav-kristina-28-08.ru,vi,0.93,prefix_suffix,lexical
vigi-sky.fr,vi,0.93,prefix_suffix,lexical
1111bd9.vip,vi,0.93,prefix_suffix,lexical
asociatiadepsihologiepatristicapraxis.click,axis,0.93,prefix_suffix,lexical
eclipseprecision.pro,eci,0.93,prefix_suffix,lexical
vigils.app,vi,0.93,prefix_suffix,lexical
vibgyors.in,vi,0.93,prefix_suffix,lexical
i-rct.com,irctc,0.95,combined,lexical
esalepeci.site,eci,0.93,prefix_suffix,lexical
vilhtech.com,vi,0.93,prefix_suffix,lexical
07305.vip,vi,0.93,prefix_suffix,lexical
vibrantfindpulse.shop,vi,0.93,prefix_suffix,lexical
hlily.vip,vi,0.93,prefix_suffix,lexical
y7124513.vip,vi,0.93,prefix_suffix,lexical
viewer.live,vi,0.93,prefix_suffix,lexical
t-visiondistrictcourt.com,vi,0.93,prefix_suffix,lexical
infoemmanuelleshem.vip,vi,0.93,prefix_suffix,lexical
paylinkt.vip,vi,0.93,prefix_suffix,lexical
vitalmove.us,vi,0.93,prefix_suffix,lexical
vietnamgeek.com,vi,0.93,prefix_suffix,lexical
nicodeisenberger.com,nic,0.93,prefix_suffix,lexical
lovecalculator.vip,vi,0.93,prefix_suffix,lexical
kayraorganic.xyz,nic,0.93,prefix_suffix,lexical
26024343.vip,vi,0.93,prefix_suffix,lexical
4800vip777.vip,vi,0.93,prefix_suffix,lexical
axisstreet.store,axis,0.93,prefix_suffix,lexical
vijwhla846.top,vi,0.93,prefix_suffix,lexical
r8lp3kz.com,rbi,0.93,prefix_suffix,lexical
xx3853.com,bse,0.93,prefix_suffix,lexical
sacha.pics,sac,0.93,prefix_suffix,lexical
808xb.com,bob,0.93,prefix_suffix,lexical
viktor-i-ya.ru,vi,0.93,prefix_suffix,lexical
iconic.rocks,nic,0.93,prefix_suffix,lexical
via-digitalpass.online,vi,0.93,prefix_suffix,lexical
eliolinen.vip,vi,0.93,prefix_suffix,lexical
t-visiondistribution.com,vi,0.93,prefix_suffix,lexical
tpdeo.vip,vi,0.93,prefix_suffix,lexical
answeraxis.com,axis,0.93,prefix_suffix,lexical
photonic.run,nic,0.93,prefix_suffix,lexical
bobmonnigindustries.com,bob,0.93,prefix_suffix,lexical
cqlsisabapc.vip,vi,0.93,prefix_suffix,lexical
c758.vip,vi,0.93,prefix_suffix,lexical
betcio-onliinetek.vip,vi,0.93,prefix_suffix,lexical
nicolemillerrally.com,nic,0.93,prefix_suffix,lexical
vitalharness.com,vi,0.93,prefix_suffix,lexical
41780.vip,vi,0.93,prefix_suffix,lexical
zenseclinic.net,nic,0.93,prefix_suffix,lexical
nickjamesauthor.com,nic,0.93,prefix_suffix,lexical
viewaligners.com,vi,0.93,prefix_suffix,lexical
vinhphatquynhon.com,vi,0.93,prefix_suffix,lexical
virtueafrica.org,vi,0.93,prefix_suffix,lexical
josfond.vip,vi,0.93,prefix_suffix,lexical
vittalesabores.com.br,vi,0.93,prefix_suffix,lexical
infinitiko.online,icici,0.93,prefix_suffix,lexical
389-6.vip,vi,0.93,prefix_suffix,lexical
bybitchat.vip,vi,0.93,prefix_suffix,lexical
visionworksamplifyysolutions.info,vi,0.93,prefix_suffix,lexical
victoriazederfineart.com,vi,0.93,prefix_suffix,lexical
11kkyy.vip,vi,0.93,prefix_suffix,lexical
victoragencyllc.com,vi,0.93,prefix_suffix,lexical
virtual2js.com,vi,0.93,prefix_suffix,lexical
hfyy402.vip,vi,0.93,prefix_suffix,lexical
zosac.org,sac,0.93,prefix_suffix,lexical
searchmy.vin,vi,0.93,prefix_suffix,lexical
ht8xz716.vip,vi,0.93,prefix_suffix,lexical
x1h8q3.vip,vi,0.93,prefix_suffix,lexical
my-vodafone.live,vi,0.98,exact_label,lexical
76653.vip,vi,0.93,prefix_suffix,lexical
vivobarefoot-ch.com,vi,0.93,prefix_suffix,lexical
virtualfiance.com,vi,0.93,prefix_suffix,lexical
rud-nicoly.online,nic,0.93,prefix_suffix,lexical
sustenta-vida.com,vi,0.93,prefix_suffix,lexical
eylqy.vip,vi,0.93,prefix_suffix,lexical
turbo-cazino-vip.hair,vi,0.93,prefix_suffix,lexical
bobtelson.com,bob,0.93,prefix_suffix,lexical
vi316.click,vi,0.93,prefix_suffix,lexical
vivianmore.shop,vi,0.93,prefix_suffix,lexical
vintoc.app,vi,0.93,prefix_suffix,lexical
theholistichealthclinic.com,nic,0.93,prefix_suffix,lexical
vieweb.vn,vi,0.93,prefix_suffix,lexical
didi51-t0345.vip,vi,0.93,prefix_suffix,lexical
aircon-cleannavi.site,vi,0.93,prefix_suffix,lexical
visionagi.com,vi,0.93,prefix_suffix,lexical
26124462.vip,vi,0.93,prefix_suffix,lexical
a7ty36.vip,vi,0.93,prefix_suffix,lexical
bvl-tokei.site,vi,0.93,prefix_suffix,lexical
h67vl.top,vi,0.93,prefix_suffix,lexical
vivresalumiere.com,vi,0.93,prefix_suffix,lexical
istanbulaxis.click,axis,0.93,prefix_suffix,lexical
nicklawler.bio,nic,0.93,prefix_suffix,lexical
26124466.vip,vi,0.93,prefix_suffix,lexical
apphubbiz.vip,vi,0.93,prefix_suffix,lexical
virtualhealthassistant.com,vi,0.93,prefix_suffix,lexical
vinexaoverseas.com,vi,0.93,prefix_suffix,lexical
oljubavi.com,vi,0.93,prefix_suffix,lexical
nhacuahat.store,nha,0.93,prefix_suffix,lexical
vigoshop-mk.com,vi,0.93,prefix_suffix,lexical
zelmivoran.vip,vi,0.93,prefix_suffix,lexical
myvip-vip.yachts,vi,0.93,prefix_suffix,lexical
madereiralevi.top,vi,0.93,prefix_suffix,lexical
vic.markets,vi,0.93,prefix_suffix,lexical
victorexpress-platinum.com,vi,0.93,prefix_suffix,lexical
bobbypincraig.com,bob,0.93,prefix_suffix,lexical
maxwinbr.vip,vi,0.93,prefix_suffix,lexical
virtualcc.net,vi,0.93,prefix_suffix,lexical
animatronic-dinosaur.com,nic,0.93,prefix_suffix,lexical
vinodomo.com,vi,0.93,prefix_suffix,lexical
nottodaycovi.info,vi,0.93,prefix_suffix,lexical
visualadvantagestudio.com,vi,0.93,prefix_suffix,lexical
vitality-recovery365.org,vi,0.93,prefix_suffix,lexical
29706.vip,vi,0.93,prefix_suffix,lexical
chess81.org,sbi,0.93,prefix_suffix,lexical
849zz332.vip,vi,0.93,prefix_suffix,lexical
b6o8s7.vip,vi,0.93,prefix_suffix,lexical
2bpwa9.vip,vi,0.93,prefix_suffix,lexical
virtualvoice.ai,vi,0.93,prefix_suffix,lexical
nicolelyerlaphotography.com,nic,0.93,prefix_suffix,lexical
01067.vip,vi,0.93,prefix_suffix,lexical
vitupsuplementos.com,vi,0.93,prefix_suffix,lexical
tomballmedicalclinic.com,nic,0.93,prefix_suffix,lexical
amordecasaecozinha.shop,nha,0.93,prefix_suffix,lexical
dominic-test102.com,nic,0.93,prefix_suffix,lexical
jmvvm.vip,vi,0.93,prefix_suffix,lexical
veedclinic.com,nic,0.93,prefix_suffix,lexical
91526.vip,vi,0.93,prefix_suffix,lexical
vitapiss.com,vi,0.93,prefix_suffix,lexical
verkoopswaartvl.com,vi,0.93,prefix_suffix,lexical
e-organic.com,nic,0.93,prefix_suffix,lexical
vipdentalimplantcenter.com,vi,0.93,prefix_suffix,lexical
eclecticvinyl.net,eci,0.93,prefix_suffix,lexical
virtueinpartnership.com,vi,0.93,prefix_suffix,lexical
vip-od.com,vi,0.93,prefix_suffix,lexical
victorialeads.com,vi,0.93,prefix_suffix,lexical
viresperformance.com,vi,0.93,prefix_suffix,lexical
mansionmentororganic.org,nic,0.93,prefix_suffix,lexical
t-visiondispute.com,vi,0.93,prefix_suffix,lexical
videocutteronline.com,vi,0.93,prefix_suffix,lexical
victorvillefiredamagerestorationservices.shop,vi,0.93,prefix_suffix,lexical
vitien.top,vi,0.93,prefix_suffix,lexical
videokit.us,vi,0.93,prefix_suffix,lexical
viciousworld.live,vi,0.93,prefix_suffix,lexical
meritking-guncell-girriss.vip,vi,0.93,prefix_suffix,lexical
sonic-55.com,nic,0.93,prefix_suffix,lexical
hayashi-shika-clinic.net,nic,0.93,prefix_suffix,lexical
thecognitiveclinic.com,nic,0.93,prefix_suffix,lexical
viainternationaldesign.com,vi,0.93,prefix_suffix,lexical
vibrosonicreiki.com,vi,0.93,prefix_suffix,lexical
nervi.live,vi,0.93,prefix_suffix,lexical
aztecmassageclinic.com,nic,0.93,prefix_suffix,lexical
groovy.vip,vi,0.93,prefix_suffix,lexical
vipservice-jpn.com,vi,0.93,prefix_suffix,lexical
kavachino.com,nic,0.93,prefix_suffix,lexical
shanha.net,nha,0.93,prefix_suffix,lexical
y7123882.vip,vi,0.93,prefix_suffix,lexical
vimlord.com,vi,0.93,prefix_suffix,lexical
videobuddy-apk.site,vi,0.93,prefix_suffix,lexical
25bi.top,sbi,0.93,prefix_suffix,lexical
noblehealthclinic.com,nic,0.93,prefix_suffix,lexical
vinoscity.com,vi,0.93,prefix_suffix,lexical
fuckt-visionhome.com,vi,0.93,prefix_suffix,lexical
111bo68.vip,vi,0.93,prefix_suffix,lexical
bob-hk.com,bob,0.98,exact_label,lexical
bob-casino.com.pl,bob,0.98,exact_label,lexical
nicotinepure.com,nic,0.93,prefix_suffix,lexical
8xor6l.top,census,0.93,prefix_suffix,lexical
bobsgarageaz.com,bob,0.93,prefix_suffix,lexical
saccohome.com,sac,0.93,prefix_suffix,lexical
npscashback.vip,vi,0.93,prefix_suffix,lexical
hdfcsecuproper.com,hdfc,0.93,prefix_suffix,lexical
dcdzs.vip,vi,0.93,prefix_suffix,lexical
iwpdgki.vip,vi,0.93,prefix_suffix,lexical
849qq369.vip,vi,0.93,prefix_suffix,lexical
dcpzj.vip,vi,0.93,prefix_suffix,lexical
vipfullservicesalon.com,vi,0.93,prefix_suffix,lexical
open-virtual-house.com,vi,0.93,prefix_suffix,lexical
jilidd33.vip,vi,0.93,prefix_suffix,lexical
vingettepath.site,vi,0.93,prefix_suffix,lexical
26124418.vip,vi,0.93,prefix_suffix,lexical
viportraitsblackandwhite.com,vi,0.93,prefix_suffix,lexical
crb30.vip,vi,0.93,prefix_suffix,lexical
ickcp.vip,vi,0.93,prefix_suffix,lexical
aresbeterisimi.vip,vi,0.93,prefix_suffix,lexical
04682.vip,vi,0.93,prefix_suffix,lexical
virtualdn.top,vi,0.93,prefix_suffix,lexical
vitality.coach,vi,0.93,prefix_suffix,lexical
villagrointer.com,vi,0.93,prefix_suffix,lexical
viperorobd.xyz,vi,0.93,prefix_suffix,lexical
didi51-t0362.vip,vi,0.93,prefix_suffix,lexical
c751.vip,vi,0.93,prefix_suffix,lexical
61468.vip,vi,0.93,prefix_suffix,lexical
violetbley.com,vi,0.93,prefix_suffix,lexical
hrblb.vip,vi,0.93,prefix_suffix,lexical
09844.vip,vi,0.93,prefix_suffix,lexical
27scenic.com,nic,0.93,prefix_suffix,lexical
villagesforhospice.com,vi,0.93,prefix_suffix,lexical
wyntheronaxis.com,axis,0.93,prefix_suffix,lexical
859613.vip,vi,0.93,prefix_suffix,lexical
waqas.vip,vi,0.93,prefix_suffix,lexical
vidmuse.work,vi,0.93,prefix_suffix,lexical
2288004.vip,vi,0.93,prefix_suffix,lexical
soul-visions.com,vi,0.93,prefix_suffix,lexical
neuro-vista.org,vi,0.93,prefix_suffix,lexical
scxde.vip,vi,0.93,prefix_suffix,lexical
vitabike.com,vi,0.93,prefix_suffix,lexical
vildan567.shop,vi,0.93,prefix_suffix,lexical
niceten.com,nic,0.93,prefix_suffix,lexical
44bright.vip,vi,0.93,prefix_suffix,lexical
badak178zvl.space,vi,0.93,prefix_suffix,lexical
vidyavschool.org,vi,0.93,prefix_suffix,lexical
kzpkp715.vip,vi,0.93,prefix_suffix,lexical
villaverdeoliva.com,vi,0.93,prefix_suffix,lexical
52fx21.vip,vi,0.93,prefix_suffix,lexical
vivelivingsuites.com,vi,0.93,prefix_suffix,lexical
nicetowork.store,nic,0.93,prefix_suffix,lexical
777aceno88.vip,vi,0.93,prefix_suffix,lexical
fitnessscams.com,cams,0.93,prefix_suffix,lexical
41180b.com,bob,0.93,prefix_suffix,lexical
nichesnooper.com,nic,0.93,prefix_suffix,lexical
olxvip.vip,vi,0.93,prefix_suffix,lexical
nicelie.com,nic,0.93,prefix_suffix,lexical
bseticacorretora.com.br,bse,0.93,prefix_suffix,lexical
20906.vip,vi,0.93,prefix_suffix,lexical
26124426.vip,vi,0.93,prefix_suffix,lexical
cratosroyalbet-giris-marka.vip,vi,0.93,prefix_suffix,lexical
runiconic.com,nic,0.93,prefix_suffix,lexical
sachse.us,sac,0.93,prefix_suffix,lexical
454853.xyz,bse,0.93,prefix_suffix,lexical
26124531.vip,vi,0.93,prefix_suffix,lexical
videoproviders.com,vi,0.93,prefix_suffix,lexical
virtus77.org,vi,0.93,prefix_suffix,lexical
animatronic-dinosaurs.com,nic,0.93,prefix_suffix,lexical
bobxs.ren,bob,0.93,prefix_suffix,lexical
viralabgcantik.store,vi,0.93,prefix_suffix,lexical
viajeros.vip,vi,0.93,prefix_suffix,lexical
mloipnb.life,pnb,0.93,prefix_suffix,lexical
thm3uf.vip,vi,0.93,prefix_suffix,lexical
hkhkg.vip,vi,0.93,prefix_suffix,lexical
t6x8.vip,vi,0.93,prefix_suffix,lexical
visitmiami-beaches.com,vi,0.93,prefix_suffix,lexical
vihac.com,vi,0.93,prefix_suffix,lexical
vignete-toll.site,vi,0.93,prefix_suffix,lexical
boomorla.vip,vi,0.93,prefix_suffix,lexical
redcliffemedicalclinic.com,nic,0.93,prefix_suffix,lexical
visitkoreadaily.com,vi,0.93,prefix_suffix,lexical
r7701.vip,vi,0.93,prefix_suffix,lexical
vitamorph.bio,vi,0.93,prefix_suffix,lexical
globalassets.vip,vi,0.93,prefix_suffix,lexical
vibecodeideas.co,vi,0.93,prefix_suffix,lexical
vietglobal.asia,vi,0.93,prefix_suffix,lexical
vivddreamsrandr.com,vi,0.93,prefix_suffix,lexical
clovishormoneclinic.com,nic,0.93,prefix_suffix,lexical
tenoravi.shop,vi,0.93,prefix_suffix,lexical
bailety99.vip,vi,0.93,prefix_suffix,lexical
vivebien-blog.com,vi,0.93,prefix_suffix,lexical
h54vl.top,vi,0.93,prefix_suffix,lexical
playbob.net,bob,0.93,prefix_suffix,lexical
visionsun.com,vi,0.93,prefix_suffix,lexical
b4rgc.click,rgcci,0.95,combined,lexical
vinacomled.com,vi,0.93,prefix_suffix,lexical
amberlinic.shop,nic,0.93,prefix_suffix,lexical
vikalpsingh.com,vi,0.93,prefix_suffix,lexical
387723.vip,vi,0.93,prefix_suffix,lexical
y1gibh.vip,vi,0.93,prefix_suffix,lexical
gh0881.vip,vi,0.93,prefix_suffix,lexical
viajesydescuentos.com,vi,0.93,prefix_suffix,lexical
vilesiacc.store,vi,0.93,prefix_suffix,lexical
your-beauty-clinic.com,nic,0.93,prefix_suffix,lexical
vdichan.vip,vi,0.93,prefix_suffix,lexical
visitdesertrock.com,vi,0.93,prefix_suffix,lexical
vinovia.com,vi,0.93,prefix_suffix,lexical
digicams.us,cams,0.93,prefix_suffix,lexical
0mied0.vip,vi,0.93,prefix_suffix,lexical
betlikegirisi.vip,vi,0.93,prefix_suffix,lexical
cerberus24.vip,vi,0.93,prefix_suffix,lexical
itolq.vip,vi,0.93,prefix_suffix,lexical
vinceprotective.com,vi,0.93,prefix_suffix,lexical
cricketiconic.com,nic,0.93,prefix_suffix,lexical
villamoon.com,vi,0.93,prefix_suffix,lexical
h43cl.top,eci,0.93,prefix_suffix,lexical
vividdimension.com,vi,0.93,prefix_suffix,lexical
vitellahealth.com,vi,0.93,prefix_suffix,lexical
visitproseccoitaly.com,vi,0.93,prefix_suffix,lexical
nicolestan.bond,nic,0.93,prefix_suffix,lexical
bailety33.vip,vi,0.93,prefix_suffix,lexical
zodiaco.vip,vi,0.93,prefix_suffix,lexical
uroaxis.com,axis,0.93,prefix_suffix,lexical
meuhl.vip,vi,0.93,prefix_suffix,lexical
vidandapsicologia.com,vi,0.93,prefix_suffix,lexical
c717.vip,vi,0.93,prefix_suffix,lexical
sacredtnt.com,sac,0.93,prefix_suffix,lexical
lw868.vip,vi,0.93,prefix_suffix,lexical
vijay888in.shop,vi,0.93,prefix_suffix,lexical
coupvi.com,vi,0.93,prefix_suffix,lexical
blsxiaolaohu.vip,vi,0.93,prefix_suffix,lexical
visibly.us,vi,0.93,prefix_suffix,lexical
vibecodeguide.xyz,vi,0.93,prefix_suffix,lexical
t-visionstores.com,vi,0.93,prefix_suffix,lexical
yenigiris-7.vip,vi,0.93,prefix_suffix,lexical
16290.vip,vi,0.93,prefix_suffix,lexical
vistaseafoodsbv.com,vi,0.93,prefix_suffix,lexical
semzn.vip,vi,0.93,prefix_suffix,lexical
vingettpath.site,vi,0.93,prefix_suffix,lexical
com-elitkl.vip,vi,0.93,prefix_suffix,lexical
sg210.vip,vi,0.93,prefix_suffix,lexical
vimneolpo.cfd,vi,0.93,prefix_suffix,lexical
sacredaero.com,sac,0.93,prefix_suffix,lexical
fq6618.vip,vi,0.93,prefix_suffix,lexical
comtess.vip,vi,0.93,prefix_suffix,lexical
kavacha.ru,nic,0.93,prefix_suffix,lexical
7day33.vip,vi,0.93,prefix_suffix,lexical
camswank.com,cams,0.93,prefix_suffix,lexical
virginiapageants.com,vi,0.93,prefix_suffix,lexical
vialeadfield.help,vi,0.93,prefix_suffix,lexical
26124562.vip,vi,0.93,prefix_suffix,lexical
gemwinvin.vip,vi,0.93,prefix_suffix,lexical
superbaji-vip.com,vi,0.93,prefix_suffix,lexical
vibesdirectory.xyz,vi,0.93,prefix_suffix,lexical
fair-share.vip,vi,0.93,prefix_suffix,lexical
mhzic.vip,vi,0.93,prefix_suffix,lexical
c771.vip,vi,0.93,prefix_suffix,lexical
cg999.vip,vi,0.93,prefix_suffix,lexical
67025.vip,vi,0.93,prefix_suffix,lexical
visioncast.app,vi,0.93,prefix_suffix,lexical
vijayew.com,vi,0.93,prefix_suffix,lexical
9811ee.vip,vi,0.93,prefix_suffix,lexical
52se.vip,vi,0.93,prefix_suffix,lexical
5736im9.vip,vi,0.93,prefix_suffix,lexical
violaboutiques.com,vi,0.93,prefix_suffix,lexical
vic996bo.com,vi,0.93,prefix_suffix,lexical
px9e.vip,vi,0.93,prefix_suffix,lexical
icicleislemarketroom.shop,icici,0.93,prefix_suffix,lexical
31390.vip,vi,0.93,prefix_suffix,lexical
xn--villagesant-lbb.com,vi,0.93,prefix_suffix,lexical
silverlove.vip,vi,0.93,prefix_suffix,lexical
villa365day.com,vi,0.93,prefix_suffix,lexical
vikoghf.cn,vi,0.93,prefix_suffix,lexical
betvn111.vip,vi,0.93,prefix_suffix,lexical
26124582.vip,vi,0.93,prefix_suffix,lexical
visitjumbybay.com,vi,0.93,prefix_suffix,lexical
vistasitehamilton.com,vi,0.93,prefix_suffix,lexical
violetdiamondchain.com,vi,0.93,prefix_suffix,lexical
vitalbridges.co,vi,0.93,prefix_suffix,lexical
nicolefrederique.com,nic,0.93,prefix_suffix,lexical
n5581.top,sbi,0.93,prefix_suffix,lexical
videobasedmarketplace.info,vi,0.93,prefix_suffix,lexical
ehdxk.vip,vi,0.93,prefix_suffix,lexical
vinehillfarmnj.com,vi,0.93,prefix_suffix,lexical
berger-vip.com,vi,0.93,prefix_suffix,lexical
virelati.cfd,vi,0.93,prefix_suffix,lexical
exzyw3.vip,vi,0.93,prefix_suffix,lexical
viajaconkiki.org,vi,0.93,prefix_suffix,lexical
360fuli.vip,vi,0.93,prefix_suffix,lexical
nicholasenser.com,nic,0.93,prefix_suffix,lexical
navi-hat.com,vi,0.93,prefix_suffix,lexical
76538.vip,vi,0.93,prefix_suffix,lexical
vigneteautopass.site,vi,0.93,prefix_suffix,lexical
kjswd.vip,vi,0.93,prefix_suffix,lexical
t-visoin.com,vi,0.93,prefix_suffix,lexical
viethoamy.com,vi,0.93,prefix_suffix,lexical
849ii577.vip,vi,0.93,prefix_suffix,lexical
104024.vip,vi,0.93,prefix_suffix,lexical
bobateaandsmoothies.com,bob,0.93,prefix_suffix,lexical
videographernearme.com,vi,0.93,prefix_suffix,lexical
cerberus11.vip,vi,0.93,prefix_suffix,lexical
mostbet-wav1.top,vi,0.93,prefix_suffix,lexical
vlmxns.com,vi,0.93,prefix_suffix,lexical
nhatgom.com,nha,0.93,prefix_suffix,lexical
bseoulfashion.shop,bse,0.93,prefix_suffix,lexical
ebfs8089.vip,vi,0.93,prefix_suffix,lexical
visionpaid.online,vi,0.93,prefix_suffix,lexical
93504.vip,vi,0.93,prefix_suffix,lexical
visionforwell-being.com,vi,0.93,prefix_suffix,lexical
vintageacoustic.com,vi,0.93,prefix_suffix,lexical
uu4302.vip,vi,0.93,prefix_suffix,lexical
roketbet-adresorjinal.vip,vi,0.93,prefix_suffix,lexical
trebol.vip,vi,0.93,prefix_suffix,lexical
videte.ch,vi,0.93,prefix_suffix,lexical
ngczen.vip,vi,0.93,prefix_suffix,lexical
vizuage.com,vi,0.93,prefix_suffix,lexical
e2lpfg.vip,vi,0.93,prefix_suffix,lexical
vibella.xyz,vi,0.93,prefix_suffix,lexical
solonic.online,nic,0.93,prefix_suffix,lexical
joyud.vip,vi,0.93,prefix_suffix,lexical
vin-note.online,vi,0.93,prefix_suffix,lexical
vibefreesaas.com,vi,0.93,prefix_suffix,lexical
rcorr.vip,vi,0.93,prefix_suffix,lexical
locicore.net,iocl,0.93,prefix_suffix,lexical
vivasortehub.shop,vi,0.93,prefix_suffix,lexical
happyhorse-ai.vip,vi,0.93,prefix_suffix,lexical
rufex.vip,vi,0.93,prefix_suffix,lexical
artemisbet1164.vip,vi,0.93,prefix_suffix,lexical
bailety22.vip,vi,0.93,prefix_suffix,lexical
easternmasssoccerclinic.com,nic,0.93,prefix_suffix,lexical
y7123833.vip,vi,0.93,prefix_suffix,lexical
peuzn420.vip,vi,0.93,prefix_suffix,lexical
c782.vip,vi,0.93,prefix_suffix,lexical
tt345.vip,vi,0.93,prefix_suffix,lexical
virelixo.cfd,vi,0.93,prefix_suffix,lexical
rekorbetgiris.vip,vi,0.93,prefix_suffix,lexical
vipmarketing.top,vi,0.93,prefix_suffix,lexical
village-pointe-toyota.com,vi,0.93,prefix_suffix,lexical
85386.fyi,bse,0.93,prefix_suffix,lexical
y7124364.vip,vi,0.93,prefix_suffix,lexical
wdvl.com,vi,0.93,prefix_suffix,lexical
thr-organic.com,nic,0.93,prefix_suffix,lexical
infinitivecloud.tech,icici,0.93,prefix_suffix,lexical
bobty2013.com,bob,0.93,prefix_suffix,lexical
allindia.us,airindia,0.85,typo,lexical
vickyyeap.com,vi,0.93,prefix_suffix,lexical
y7124501.vip,vi,0.93,prefix_suffix,lexical
31542.vip,vi,0.93,prefix_suffix,lexical
viennghiencuuphapluat.org,vi,0.93,prefix_suffix,lexical
foreverfitnesssac.com,sac,0.93,prefix_suffix,lexical
visitkicks.com,vi,0.93,prefix_suffix,lexical
visibilitytech.com,vi,0.93,prefix_suffix,lexical
edinavi.com,vi,0.93,prefix_suffix,lexical
vqvgc.vip,vi,0.93,prefix_suffix,lexical
mobile-otq.vip,vi,0.93,prefix_suffix,lexical
26124585.vip,vi,0.93,prefix_suffix,lexical
vivopricepk.com,vi,0.93,prefix_suffix,lexical
vn775.vip,vi,0.93,prefix_suffix,lexical
bfcxh.vip,vi,0.93,prefix_suffix,lexical
77661.vip,vi,0.93,prefix_suffix,lexical
vibethisorthat.com,vi,0.93,prefix_suffix,lexical
vibracordoba.com,vi,0.93,prefix_suffix,lexical
elitcasino724.vip,vi,0.93,prefix_suffix,lexical
01702.vip,vi,0.93,prefix_suffix,lexical
pointertivi.com,vi,0.93,prefix_suffix,lexical
vidavertical.org,vi,0.93,prefix_suffix,lexical
nhatvipp.net,nha,0.93,prefix_suffix,lexical
violethood.com,vi,0.93,prefix_suffix,lexical
vignettetroad.click,vi,0.93,prefix_suffix,lexical
cloud-visiontrail.click,vi,0.93,prefix_suffix,lexical
axisbrandingcenter.site,axis,0.93,prefix_suffix,lexical
nx83.vip,vi,0.93,prefix_suffix,lexical
vibewolf.site,vi,0.93,prefix_suffix,lexical
vinnaihop.com,vi,0.93,prefix_suffix,lexical
alootechnic.com,nic,0.93,prefix_suffix,lexical
jatharsdentalclinic.com,nic,0.93,prefix_suffix,lexical
mirai-group-v1.com,vi,0.98,exact_label,lexical
9436522.vip,vi,0.93,prefix_suffix,lexical
myvisaprepaidcard.com,vi,0.93,prefix_suffix,lexical
norsonic.us,nic,0.93,prefix_suffix,lexical
lw886.vip,vi,0.93,prefix_suffix,lexical
vincomarketingadvantage.com,vi,0.93,prefix_suffix,lexical
starbucks.vip,vi,0.93,prefix_suffix,lexical
eclipsevanilla.net,eci,0.93,prefix_suffix,lexical
551108ldv1.pro,vi,0.93,prefix_suffix,lexical
380vipwt6ajp.vip,vi,0.93,prefix_suffix,lexical
tixonic.com,nic,0.93,prefix_suffix,lexical
vxrlk.vip,vi,0.93,prefix_suffix,lexical
h19vl.top,vi,0.93,prefix_suffix,lexical
vivarte.us,vi,0.93,prefix_suffix,lexical
vliving.us,vi,0.93,prefix_suffix,lexical
axistherapy.com,axis,0.93,prefix_suffix,lexical
y7124428.vip,vi,0.93,prefix_suffix,lexical
thebathdentalclinic.com,nic,0.93,prefix_suffix,lexical
nicoleskala.design,nic,0.93,prefix_suffix,lexical
thewellmanclinic.net,nic,0.93,prefix_suffix,lexical
xbxwg.vip,vi,0.93,prefix_suffix,lexical
visualtech.us,vi,0.93,prefix_suffix,lexical
videobiblioteka.online,vi,0.93,prefix_suffix,lexical
bobmitchellauctioneersllc.net,bob,0.93,prefix_suffix,lexical
bfzqk16.vip,vi,0.93,prefix_suffix,lexical
y7124461.vip,vi,0.93,prefix_suffix,lexical
bailety76.vip,vi,0.93,prefix_suffix,lexical
myvitalhome.com,vi,0.93,prefix_suffix,lexical
ektuz.vip,vi,0.93,prefix_suffix,lexical
viewistacafe.com,vi,0.93,prefix_suffix,lexical
swxdf.vip,vi,0.93,prefix_suffix,lexical
viplhls.com,vi,0.93,prefix_suffix,lexical
78460.vip,vi,0.93,prefix_suffix,lexical
vioarchive.com,vi,0.93,prefix_suffix,lexical
isac-sfc.in,sac,0.93,prefix_suffix,lexical
viuxgfrq.xyz,vi,0.93,prefix_suffix,lexical
jfquv.vip,vi,0.93,prefix_suffix,lexical
y7124447.vip,vi,0.93,prefix_suffix,lexical
myrmk.vip,vi,0.93,prefix_suffix,lexical
od3wbdcmr8o7.vip,vi,0.93,prefix_suffix,lexical
victorzebulonconsult.com,vi,0.93,prefix_suffix,lexical
bupnb.top,pnb,0.93,prefix_suffix,lexical
ivl-league.com,vi,0.93,prefix_suffix,lexical
myvip-vips.uno,vi,0.93,prefix_suffix,lexical
vineyardlabor.com,vi,0.93,prefix_suffix,lexical
rblcard.site,rbi,0.93,prefix_suffix,lexical
vietnamtouring.com,vi,0.93,prefix_suffix,lexical
51spnb.wiki,pnb,0.93,prefix_suffix,lexical
stratz.vip,vi,0.93,prefix_suffix,lexical
aiclimatehub.vip,vi,0.93,prefix_suffix,lexical
visx.us,vi,0.93,prefix_suffix,lexical
violetahaupt.shop,vi,0.93,prefix_suffix,lexical
99315.vip,vi,0.93,prefix_suffix,lexical
meilrs.com,iirs,0.93,prefix_suffix,lexical
youut.vip,vi,0.93,prefix_suffix,lexical
visualstand.studio,vi,0.93,prefix_suffix,lexical
rpgff.vip,vi,0.93,prefix_suffix,lexical
625pe.vip,vi,0.93,prefix_suffix,lexical
vip555wgvb.online,vi,0.93,prefix_suffix,lexical
02584.vip,vi,0.93,prefix_suffix,lexical
pinco808.casino,bob,0.93,prefix_suffix,lexical
visitdubaisouth.com,vi,0.93,prefix_suffix,lexical
vippark579.com,vi,0.93,prefix_suffix,lexical
72449.vip,vi,0.93,prefix_suffix,lexical
nlcurashirts.nl,nic,0.93,prefix_suffix,lexical
qklgk.vip,vi,0.93,prefix_suffix,lexical
victoryministries.com,vi,0.93,prefix_suffix,lexical
vineaheritage.com,vi,0.93,prefix_suffix,lexical
kupavemadalyaevi.com,vi,0.93,prefix_suffix,lexical
vipyardcards.net,vi,0.93,prefix_suffix,lexical
67652.vip,vi,0.93,prefix_suffix,lexical
com-mnm.vip,vi,0.93,prefix_suffix,lexical
hobytronic.com,nic,0.93,prefix_suffix,lexical
village.technology,vi,0.93,prefix_suffix,lexical
mierma808.com,bob,0.93,prefix_suffix,lexical
viva1000.com,vi,0.93,prefix_suffix,lexical
slon2---cc.vip,vi,0.93,prefix_suffix,lexical
victorious.live,vi,0.93,prefix_suffix,lexical
virtueofgod.com,vi,0.93,prefix_suffix,lexical
sunshineci.com,eci,0.93,prefix_suffix,lexical
vinix100.shop,vi,0.93,prefix_suffix,lexical
vivarex.net,vi,0.93,prefix_suffix,lexical
trytrend-sonic.com,nic,0.93,prefix_suffix,lexical
vidsol.tech,vi,0.93,prefix_suffix,lexical
sudchaqiruvi.forum,vi,0.93,prefix_suffix,lexical
512am.vip,vi,0.93,prefix_suffix,lexical
7659ss.vip,vi,0.93,prefix_suffix,lexical
videomajeda.online,vi,0.93,prefix_suffix,lexical
rxywl865.vip,vi,0.93,prefix_suffix,lexical
visitingnewyorkcity.com,vi,0.93,prefix_suffix,lexical
dengpifa.vip,vi,0.93,prefix_suffix,lexical
viralities.com,vi,0.93,prefix_suffix,lexical
izjio.com,jio,0.93,prefix_suffix,lexical
aibo7712.vip,vi,0.93,prefix_suffix,lexical
theinsuranceclinic.com,nic,0.93,prefix_suffix,lexical
acconsultingsac.com,sac,0.93,prefix_suffix,lexical
virtualexamcentre.com,vi,0.93,prefix_suffix,lexical
vinylcorsets.com,vi,0.93,prefix_suffix,lexical
active-vibe.shop,vi,0.93,prefix_suffix,lexical
vigoquoy.info,vi,0.93,prefix_suffix,lexical
vgxaf.vip,vi,0.93,prefix_suffix,lexical
violettereyer.com,vi,0.93,prefix_suffix,lexical
nznnfe.vip,vi,0.93,prefix_suffix,lexical
vietnamshippingazette.com,vi,0.93,prefix_suffix,lexical
allmsllc.com,aiims,0.93,prefix_suffix,lexical
vivasorteoriginal-tv.online,vi,0.93,prefix_suffix,lexical
maraxis.boats,axis,0.93,prefix_suffix,lexical
88307.vip,vi,0.93,prefix_suffix,lexical
vlkfniie.com,vi,0.93,prefix_suffix,lexical
computeprotonic.com,nic,0.93,prefix_suffix,lexical
com-wdasdje.vip,vi,0.93,prefix_suffix,lexical
nicciz.com.br,nic,0.93,prefix_suffix,lexical
vip-wanmei.com,vi,0.93,prefix_suffix,lexical
sacredseshpro.com,sac,0.93,prefix_suffix,lexical
vipzinonl.org,vi,0.93,prefix_suffix,lexical
vietnambanhmi.com,vi,0.93,prefix_suffix,lexical
odkh03.vip,vi,0.93,prefix_suffix,lexical
videohr.be,vi,0.93,prefix_suffix,lexical
e-vianni.com,vi,0.93,prefix_suffix,lexical
nsual.vip,vi,0.93,prefix_suffix,lexical
vilomoon.com,vi,0.93,prefix_suffix,lexical
adoptorganic.com,nic,0.93,prefix_suffix,lexical
viusic.com,vi,0.93,prefix_suffix,lexical
bakqq.vip,vi,0.93,prefix_suffix,lexical
hefak.vip,vi,0.93,prefix_suffix,lexical
vintagestore365.com,vi,0.93,prefix_suffix,lexical
vibrantupdates.info,vi,0.93,prefix_suffix,lexical
visionless.com,vi,0.93,prefix_suffix,lexical
aadharuclservices.online,uidai,0.93,prefix_suffix,lexical
26124554.vip,vi,0.93,prefix_suffix,lexical
xn--ml-via8b.com,vi,0.93,prefix_suffix,lexical
super-giris.vip,vi,0.93,prefix_suffix,lexical
i3.clinic,nic,0.93,prefix_suffix,lexical
viewers5.online,vi,0.93,prefix_suffix,lexical
fanatic139.vip,vi,0.93,prefix_suffix,lexical
nickysvip.com,nic,0.93,prefix_suffix,lexical
yt64.vip,vi,0.93,prefix_suffix,lexical
808click.com,bob,0.93,prefix_suffix,lexical
vitaprizmalife.com,vi,0.93,prefix_suffix,lexical
viohacker.com,vi,0.93,prefix_suffix,lexical
virtualmeeting.us,vi,0.93,prefix_suffix,lexical
fundmatchpro.vip,vi,0.93,prefix_suffix,lexical
viiproxy.website,vi,0.93,prefix_suffix,lexical
a7ty79.vip,vi,0.93,prefix_suffix,lexical
y7123920.vip,vi,0.93,prefix_suffix,lexical
vidushee.com,vi,0.93,prefix_suffix,lexical
nickringling.com,nic,0.93,prefix_suffix,lexical
visuallabexperts.com,vi,0.93,prefix_suffix,lexical
h34vl.top,vi,0.93,prefix_suffix,lexical
casii-giris.vip,vi,0.93,prefix_suffix,lexical
idzpp.vip,vi,0.93,prefix_suffix,lexical
docnavi.com,vi,0.93,prefix_suffix,lexical
93253.vip,vi,0.93,prefix_suffix,lexical
virecplatform.com,vi,0.93,prefix_suffix,lexical
viunt.com,vi,0.93,prefix_suffix,lexical
visitmeroe.com,vi,0.93,prefix_suffix,lexical
vieirachromtech.com,vi,0.93,prefix_suffix,lexical
villagechirollc.com,vi,0.93,prefix_suffix,lexical
vintnership.com,vi,0.93,prefix_suffix,lexical
myvip-vips.top,vi,0.93,prefix_suffix,lexical
yd79115.vip,vi,0.93,prefix_suffix,lexical
myvip-vips.boats,vi,0.93,prefix_suffix,lexical
lovi.money,vi,0.93,prefix_suffix,lexical
viesaineqa.info,vi,0.93,prefix_suffix,lexical
didi51-t0359.vip,vi,0.93,prefix_suffix,lexical
visituyxjxj.sbs,vi,0.93,prefix_suffix,lexical
viochi.com,vi,0.93,prefix_suffix,lexical
sbi-sucks.com,sbi,0.98,exact_label,lexical
jwmff.vip,vi,0.93,prefix_suffix,lexical
1s5bl4.vip,vi,0.93,prefix_suffix,lexical
vip3939.com,vi,0.93,prefix_suffix,lexical
a2233.vip,vi,0.93,prefix_suffix,lexical
msyjk.vip,vi,0.93,prefix_suffix,lexical
com-elitvj.vip,vi,0.93,prefix_suffix,lexical
visionanalyticsgroup.com,vi,0.93,prefix_suffix,lexical
visitlexingtonkentucky.com,vi,0.93,prefix_suffix,lexical
baochaypanasonic.vn,nic,0.93,prefix_suffix,lexical
betpipohizliviipadres.vip,vi,0.93,prefix_suffix,lexical
sacpets.com,sac,0.93,prefix_suffix,lexical
vickiperlow.com,vi,0.93,prefix_suffix,lexical
82079.vip,vi,0.93,prefix_suffix,lexical
vistasocialsite.com,vi,0.93,prefix_suffix,lexical
pastelariacarapinha.com,nha,0.93,prefix_suffix,lexical
eclipsecp.com,eci,0.93,prefix_suffix,lexical
a7ty74.vip,vi,0.93,prefix_suffix,lexical
46878.vip,vi,0.93,prefix_suffix,lexical
09009.vip,vi,0.93,prefix_suffix,lexical
osfdh414.vip,vi,0.93,prefix_suffix,lexical
victoriousoutstandingwomen.com,vi,0.93,prefix_suffix,lexical
da-exm.vip,vi,0.93,prefix_suffix,lexical
c88u.vip,vi,0.93,prefix_suffix,lexical
vienne-rivercruises1.sbs,vi,0.93,prefix_suffix,lexical
vitanex.us,vi,0.93,prefix_suffix,lexical
pnclognqqa.vip,vi,0.93,prefix_suffix,lexical
wwwimajbet2026.vip,vi,0.93,prefix_suffix,lexical
26124331.vip,vi,0.93,prefix_suffix,lexical
oenvt.vip,vi,0.93,prefix_suffix,lexical
xn--fetx66l.vip,vi,0.93,prefix_suffix,lexical
ma-vitale-ameli.com,vi,0.93,prefix_suffix,lexical
frankq.vip,vi,0.93,prefix_suffix,lexical
26124515.vip,vi,0.93,prefix_suffix,lexical
com-kyb.vip,vi,0.93,prefix_suffix,lexical
virtualassistances.com,vi,0.93,prefix_suffix,lexical
qsfeq.vip,vi,0.93,prefix_suffix,lexical
visitzahv.sbs,vi,0.93,prefix_suffix,lexical
26124446.vip,vi,0.93,prefix_suffix,lexical
rivgr.vip,vi,0.93,prefix_suffix,lexical
y7124472.vip,vi,0.93,prefix_suffix,lexical
viaterra.life,vi,0.93,prefix_suffix,lexical
ab53.vip,bse,0.93,prefix_suffix,lexical
y7124467.vip,vi,0.93,prefix_suffix,lexical
virtualhost-practice.click,vi,0.93,prefix_suffix,lexical
tldno.vip,vi,0.93,prefix_suffix,lexical
betpuan-giris.vip,vi,0.93,prefix_suffix,lexical
yjdiscourse.vip,vi,0.93,prefix_suffix,lexical
vibechill.com,vi,0.93,prefix_suffix,lexical
sacscanada.org,sac,0.93,prefix_suffix,lexical
vipshoesshop.wang,vi,0.93,prefix_suffix,lexical
infiniti-of-peoria.com,icici,0.98,exact_label,lexical
npllvh392.vip,vi,0.93,prefix_suffix,lexical
eriemarijuana.clinic,nic,0.93,prefix_suffix,lexical
c45723971.vip,vi,0.93,prefix_suffix,lexical
qqmamibet19.vip,vi,0.93,prefix_suffix,lexical
vinosecloud.click,vi,0.93,prefix_suffix,lexical
nichtsooft.com,nic,0.93,prefix_suffix,lexical
visionquestalliance.info,vi,0.93,prefix_suffix,lexical
figureai.vip,vi,0.93,prefix_suffix,lexical
vinolira.com,vi,0.93,prefix_suffix,lexical
cerberus13.vip,vi,0.93,prefix_suffix,lexical
myvirtualcard.us,vi,0.93,prefix_suffix,lexical
vluta.com,vi,0.93,prefix_suffix,lexical
virvbkfa.sbs,vi,0.93,prefix_suffix,lexical
vibeslondon.com,vi,0.93,prefix_suffix,lexical
bahislion-guncel-sitesi.vip,vi,0.93,prefix_suffix,lexical
aninha.vip,nha,0.93,prefix_suffix,lexical
86049.vip,vi,0.93,prefix_suffix,lexical
jettbuzz.vip,vi,0.93,prefix_suffix,lexical
seksobiavi.com,vi,0.93,prefix_suffix,lexical
vivoporella.com,vi,0.93,prefix_suffix,lexical
youmexc.vip,vi,0.93,prefix_suffix,lexical
sxfvg.vip,vi,0.93,prefix_suffix,lexical
58137.loan,sbi,0.93,prefix_suffix,lexical
sxudzw383.vip,vi,0.93,prefix_suffix,lexical
849tt577.vip,vi,0.93,prefix_suffix,lexical
t-visioncourtcase.com,vi,0.93,prefix_suffix,lexical
bionic-shoppers.com,nic,0.93,prefix_suffix,lexical
ai-videobasedmarketplace.info,vi,0.93,prefix_suffix,lexical
987cj.vip,vi,0.93,prefix_suffix,lexical
vind.fun,vi,0.93,prefix_suffix,lexical
viofodashcam.shop,vi,0.93,prefix_suffix,lexical
eclasscreation.com,eci,0.93,prefix_suffix,lexical
aznpointredem2025.vip,vi,0.93,prefix_suffix,lexical
vigneshravi.site,vi,0.93,prefix_suffix,lexical
ophov.vip,vi,0.93,prefix_suffix,lexical
viewgravity.com,vi,0.93,prefix_suffix,lexical
virtualyogainstitute.com,vi,0.93,prefix_suffix,lexical
boahancock123.vip,vi,0.93,prefix_suffix,lexical
vitabridgeadvisory.co.uk,vi,0.93,prefix_suffix,lexical
virtuel-desktop.com,vi,0.93,prefix_suffix,lexical
videos4web.com,vi,0.93,prefix_suffix,lexical
victoriascleaningr.com,vi,0.93,prefix_suffix,lexical
vingtsunmadrid.com,vi,0.93,prefix_suffix,lexical
tuiwo.vip,vi,0.93,prefix_suffix,lexical
79478.vip,vi,0.93,prefix_suffix,lexical
djiaa231.vip,vi,0.93,prefix_suffix,lexical
63629.vip,vi,0.93,prefix_suffix,lexical
virginiasignworks.com,vi,0.93,prefix_suffix,lexical
gorabet.vip,vi,0.93,prefix_suffix,lexical
sbitradershub.sbs,sbi,0.93,prefix_suffix,lexical
lh808.cc,bob,0.93,prefix_suffix,lexical
eclipsewx.com,eci,0.93,prefix_suffix,lexical
gndx56.vip,vi,0.93,prefix_suffix,lexical
gad-vital-route.com,vi,0.93,prefix_suffix,lexical
vishwakarmaglobalfoundation.org,vi,0.93,prefix_suffix,lexical
refundonlyservice.vip,vi,0.93,prefix_suffix,lexical
elionking.vip,vi,0.93,prefix_suffix,lexical
hxlzu.vip,vi,0.93,prefix_suffix,lexical
vibrehotel.com,vi,0.93,prefix_suffix,lexical
chenangclinic.com,nic,0.93,prefix_suffix,lexical
vivabulle.com,vi,0.93,prefix_suffix,lexical
car-life-navi.com,vi,0.93,prefix_suffix,lexical
vidakodetec.com,vi,0.93,prefix_suffix,lexical
vivaops.space,vi,0.93,prefix_suffix,lexical
didi51-t0387.vip,vi,0.93,prefix_suffix,lexical
betvn2.vip,vi,0.93,prefix_suffix,lexical
vipheng.com,vi,0.93,prefix_suffix,lexical
r1bet.vip,vi,0.93,prefix_suffix,lexical
virtuellekonferenz.com,vi,0.93,prefix_suffix,lexical
vitalcaremedicalsupply.com,vi,0.93,prefix_suffix,lexical
sachkinhdoanh.net,sac,0.93,prefix_suffix,lexical
vinniegrant.com,vi,0.93,prefix_suffix,lexical
evrimy.vip,vi,0.93,prefix_suffix,lexical
vid-dentistry.ru,vi,0.93,prefix_suffix,lexical
vitality-residenz.com,vi,0.93,prefix_suffix,lexical
axisvie.icu,axis,0.93,prefix_suffix,lexical
villazee.com,vi,0.93,prefix_suffix,lexical
nhapkhau86.com,nha,0.93,prefix_suffix,lexical
okghg.vip,vi,0.93,prefix_suffix,lexical
viptrendz.com,vi,0.93,prefix_suffix,lexical
moussac.com,sac,0.93,prefix_suffix,lexical
eclectictonality.com,eci,0.93,prefix_suffix,lexical
slon2----at.vip,vi,0.93,prefix_suffix,lexical
vistacommunityservices.ca,vi,0.93,prefix_suffix,lexical
e2e-test-v1-everything-1744170072.page,vi,0.98,exact_label,lexical
ab65.vip,vi,0.93,prefix_suffix,lexical
can-visuals.com,vi,0.93,prefix_suffix,lexical
88smart.vip,vi,0.93,prefix_suffix,lexical
vibesboutiques.com,vi,0.93,prefix_suffix,lexical
videnovic.com,vi,0.93,prefix_suffix,lexical
732853.cc,bse,0.93,prefix_suffix,lexical
videoclipmachine.com,vi,0.93,prefix_suffix,lexical
vietphincoffee.net,vi,0.93,prefix_suffix,lexical
mitchelleye-visionsource.com,vi,0.93,prefix_suffix,lexical
vitaplus-travel.com,vi,0.93,prefix_suffix,lexical
v12.bet,vi,0.93,prefix_suffix,lexical
com-parcelposts.vip,vi,0.93,prefix_suffix,lexical
kkeelrvi.sbs,vi,0.93,prefix_suffix,lexical
vibepassltd.com,vi,0.93,prefix_suffix,lexical
kzmechanic.com,nic,0.93,prefix_suffix,lexical
didi51-t0341.vip,vi,0.93,prefix_suffix,lexical
betvn7.vip,vi,0.93,prefix_suffix,lexical
com-faksdjz.vip,vi,0.93,prefix_suffix,lexical
bsp2.vip,vi,0.93,prefix_suffix,lexical
poizon-vips.cc,vi,0.93,prefix_suffix,lexical
26124533.vip,vi,0.93,prefix_suffix,lexical
lyvi.life,vi,0.93,prefix_suffix,lexical
222399.vip,vi,0.93,prefix_suffix,lexical
hsbet3.vip,vi,0.93,prefix_suffix,lexical
vibeposture.shop,vi,0.93,prefix_suffix,lexical
videostore.gmbh,vi,0.93,prefix_suffix,lexical
uwidivi.info,vi,0.93,prefix_suffix,lexical
chevinclinic.com,nic,0.93,prefix_suffix,lexical
eclatant.shop,eci,0.93,prefix_suffix,lexical
bobbleawards.xyz,bob,0.93,prefix_suffix,lexical
vietaonline.com,vi,0.93,prefix_suffix,lexical
vivereconfibromialgia.com,vi,0.93,prefix_suffix,lexical
viajesbaratosmundo.com,vi,0.93,prefix_suffix,lexical
famarvi.com,vi,0.93,prefix_suffix,lexical
zen-viral.com,vi,0.93,prefix_suffix,lexical
super-electronic.com,nic,0.93,prefix_suffix,lexical
vipcocktail.com,vi,0.93,prefix_suffix,lexical
6or7d1.vip,vi,0.93,prefix_suffix,lexical
com-elitkn.vip,vi,0.93,prefix_suffix,lexical
2yk4ls.vip,vi,0.93,prefix_suffix,lexical
nexus-vless.top,vi,0.93,prefix_suffix,lexical
lrmkt.vip,vi,0.93,prefix_suffix,lexical
videospornogratis.top,vi,0.93,prefix_suffix,lexical
vilaiforever.com,vi,0.93,prefix_suffix,lexical
60127.vip,vi,0.93,prefix_suffix,lexical
dkyfn.vip,vi,0.93,prefix_suffix,lexical
oxzlo.vip,vi,0.93,prefix_suffix,lexical
vippgpg.com,vi,0.93,prefix_suffix,lexical
mamibet37.vip,vi,0.93,prefix_suffix,lexical
26124472.vip,vi,0.93,prefix_suffix,lexical
5736app6.vip,vi,0.93,prefix_suffix,lexical
camsanmdf.com,cams,0.93,prefix_suffix,lexical
jojobetguncel-erisimadresi2026.vip,vi,0.93,prefix_suffix,lexical
vizorz.com,vi,0.93,prefix_suffix,lexical
t7dx6a.vip,vi,0.93,prefix_suffix,lexical
cureandcareclinic.com,nic,0.93,prefix_suffix,lexical
blacksprut-zerkalo.vip,vi,0.93,prefix_suffix,lexical
bailety57.vip,vi,0.93,prefix_suffix,lexical
vidacalmbuy.com,vi,0.93,prefix_suffix,lexical
vivibebuildingsolutions.com,vi,0.93,prefix_suffix,lexical
photizoeyeclinic.com,nic,0.93,prefix_suffix,lexical
y7124504.vip,vi,0.93,prefix_suffix,lexical
bsexqcn.sbs,bse,0.93,prefix_suffix,lexical
mecidiyekoy-sen.vip,vi,0.93,prefix_suffix,lexical
vibramind.com,vi,0.93,prefix_suffix,lexical
y7123942.vip,vi,0.93,prefix_suffix,lexical
praxis-fuer-osteopathie.com,axis,0.93,prefix_suffix,lexical
vistratec.net,vi,0.93,prefix_suffix,lexical
mahalo808.net,bob,0.93,prefix_suffix,lexical
5811p.com,sbi,0.93,prefix_suffix,lexical
eclaimify.com,eci,0.93,prefix_suffix,lexical
visaday.asia,vi,0.93,prefix_suffix,lexical
casinos-vipluck-2026.mex.com,vi,0.93,prefix_suffix,lexical
vitalavinta.shop,vi,0.93,prefix_suffix,lexical
vip55549.com,vi,0.93,prefix_suffix,lexical
virtualprivateschool.com,vi,0.93,prefix_suffix,lexical
eusxh.vip,vi,0.93,prefix_suffix,lexical
chandleramivi.com,vi,0.93,prefix_suffix,lexical
betrupi-hemenadresegiris.vip,vi,0.93,prefix_suffix,lexical
vibecoders.community,vi,0.93,prefix_suffix,lexical
sonic-solace.com,nic,0.93,prefix_suffix,lexical
dikovi.com,vi,0.93,prefix_suffix,lexical
5817728.com,sbi,0.93,prefix_suffix,lexical
medermaclinic.com,nic,0.93,prefix_suffix,lexical
victoriamotsaydesign.com,vi,0.93,prefix_suffix,lexical
bailety78.vip,vi,0.93,prefix_suffix,lexical
vivarextools.net,vi,0.93,prefix_suffix,lexical
51cgwang.vip,vi,0.93,prefix_suffix,lexical
redpoint.vip,vi,0.93,prefix_suffix,lexical
vivreornexvivreensemble.fr,vi,0.93,prefix_suffix,lexical
novi.video,vi,0.93,prefix_suffix,lexical
vipking.global,vi,0.93,prefix_suffix,lexical
renewrehabclinic.com,nic,0.93,prefix_suffix,lexical
bodvg.vip,vi,0.93,prefix_suffix,lexical
hostyui.vip,vi,0.93,prefix_suffix,lexical
iirsys.com,iirs,0.93,prefix_suffix,lexical
praxis-im-dialog.org,axis,0.93,prefix_suffix,lexical
vistagreen.online,vi,0.93,prefix_suffix,lexical
c45723886.vip,vi,0.93,prefix_suffix,lexical
didi51-t0322.vip,vi,0.93,prefix_suffix,lexical
ht7xz716.vip,vi,0.93,prefix_suffix,lexical
vibeintelligencebook.com,vi,0.93,prefix_suffix,lexical
t-visionhelp.com,vi,0.93,prefix_suffix,lexical
visitme.us,vi,0.93,prefix_suffix,lexical
41083.vip,vi,0.93,prefix_suffix,lexical
meigucspst.vip,vi,0.93,prefix_suffix,lexical
c713.vip,vi,0.93,prefix_suffix,lexical
crb2.vip,vi,0.93,prefix_suffix,lexical
dranathaliesaldanha.com,nha,0.93,prefix_suffix,lexical
i-cams.com,cams,0.98,exact_label,lexical
87zz.vip,vi,0.93,prefix_suffix,lexical
viveautostyling.com,vi,0.93,prefix_suffix,lexical
nicolewagnermarketing.com,nic,0.93,prefix_suffix,lexical
kneeshoulderclinic.com,nic,0.93,prefix_suffix,lexical
pigmalion-clinic.com,nic,0.93,prefix_suffix,lexical
nico-sarasa.link,nic,0.93,prefix_suffix,lexical
vignettettool.online,vi,0.93,prefix_suffix,lexical
viziworld.com,vi,0.93,prefix_suffix,lexical
21089.vip,vi,0.93,prefix_suffix,lexical
viral247365.com,vi,0.93,prefix_suffix,lexical
sjhyl.vip,vi,0.93,prefix_suffix,lexical
visionmarketing1.com,vi,0.93,prefix_suffix,lexical
creatorcircle.vip,vi,0.93,prefix_suffix,lexical
85erabet88.com,bse,0.93,prefix_suffix,lexical
vinculosdeamorescuela.com,vi,0.93,prefix_suffix,lexical
917vl.top,vi,0.93,prefix_suffix,lexical
viennacitygnarathon.com,vi,0.93,prefix_suffix,lexical
videolunch.site,vi,0.93,prefix_suffix,lexical
34615.vip,vi,0.93,prefix_suffix,lexical
viibservice.pro,vi,0.93,prefix_suffix,lexical
vid4ai.com,vi,0.93,prefix_suffix,lexical
vibehubs.com,vi,0.93,prefix_suffix,lexical
tdgemevl.xyz,vi,0.93,prefix_suffix,lexical
via-vita-kasterlee.com,vi,0.93,prefix_suffix,lexical
h63vl.top,vi,0.93,prefix_suffix,lexical
videoguide.com,vi,0.93,prefix_suffix,lexical
sad-vinograd.ru,vi,0.93,prefix_suffix,lexical
26124385.vip,vi,0.93,prefix_suffix,lexical
54549.vip,vi,0.93,prefix_suffix,lexical
vibehaus.online,vi,0.93,prefix_suffix,lexical
4nw6ac.vip,vi,0.93,prefix_suffix,lexical
v1ska.top,vi,0.93,prefix_suffix,lexical
cn-360zhibo8.asia,bob,0.93,prefix_suffix,lexical
vip656.com,vi,0.93,prefix_suffix,lexical
birminghamgynaecologyclinic.com,nic,0.93,prefix_suffix,lexical
lxmbd22.vip,vi,0.93,prefix_suffix,lexical
organic-greece.com,nic,0.93,prefix_suffix,lexical
mxlvl.com,vi,0.93,prefix_suffix,lexical
videoit.live,vi,0.93,prefix_suffix,lexical
vip-taki.app,vi,0.93,prefix_suffix,lexical
axissoftech.com,axis,0.93,prefix_suffix,lexical
virginmediaservice.com,vi,0.93,prefix_suffix,lexical
zozojp.vip,vi,0.93,prefix_suffix,lexical
virelya.shop,vi,0.93,prefix_suffix,lexical
whats-zxn.vip,vi,0.93,prefix_suffix,lexical
ponlubrachnha.com,nha,0.93,prefix_suffix,lexical
117b9.vip,vi,0.93,prefix_suffix,lexical
xn--nterbahis1843-vib.com,vi,0.93,prefix_suffix,lexical
pznvpy.vip,vi,0.93,prefix_suffix,lexical
myvlorarenthouses.com,vi,0.93,prefix_suffix,lexical
visoftstudio.ru,vi,0.93,prefix_suffix,lexical
26124448.vip,vi,0.93,prefix_suffix,lexical
hostally-source.vip,vi,0.93,prefix_suffix,lexical
virtuac.com,vi,0.93,prefix_suffix,lexical
vira.gg,vi,0.93,prefix_suffix,lexical
hyerix.vip,vi,0.93,prefix_suffix,lexical
huqqabet88.vip,vi,0.93,prefix_suffix,lexical
propelbionic.com,nic,0.93,prefix_suffix,lexical
lllzr.vip,vi,0.93,prefix_suffix,lexical
viggwl.sbs,vi,0.93,prefix_suffix,lexical
vivahamdecors.com,vi,0.93,prefix_suffix,lexical
sacramentoathleticsparking.com,sac,0.93,prefix_suffix,lexical
saboorganic.com,nic,0.93,prefix_suffix,lexical
vinharteiros.com,vi,0.93,prefix_suffix,lexical
infiniti.health,icici,0.98,exact_label,lexical
7afun.vip,vi,0.93,prefix_suffix,lexical
vitacoreplus.shop,vi,0.93,prefix_suffix,lexical
ac13.vip,vi,0.93,prefix_suffix,lexical
virtualbrowsing.com,vi,0.93,prefix_suffix,lexical
r806vi.top,vi,0.93,prefix_suffix,lexical
jfmkp.vip,vi,0.93,prefix_suffix,lexical
sacredrhythmsofkundalini.com,sac,0.93,prefix_suffix,lexical
atlaxis.space,axis,0.93,prefix_suffix,lexical
vicc.top,vi,0.93,prefix_suffix,lexical
512nx.vip,vi,0.93,prefix_suffix,lexical
vitorsantos.com,vi,0.93,prefix_suffix,lexical
56ac.vip,vi,0.93,prefix_suffix,lexical
pr4xis.dev,axis,0.93,prefix_suffix,lexical
viejotk.com,vi,0.93,prefix_suffix,lexical
energenitronic.click,nic,0.93,prefix_suffix,lexical
equipmaintain.vip,vi,0.93,prefix_suffix,lexical
26124375.vip,vi,0.93,prefix_suffix,lexical
oxbridgeclinic.com,nic,0.93,prefix_suffix,lexical
nlcsd.com,nic,0.93,prefix_suffix,lexical
nicotech.us,nic,0.93,prefix_suffix,lexical
virus-bay.com,vi,0.93,prefix_suffix,lexical
joyub.vip,vi,0.93,prefix_suffix,lexical
niceaigc.top,nic,0.93,prefix_suffix,lexical
nyrorganic.us,nic,0.93,prefix_suffix,lexical
vflep.vip,vi,0.93,prefix_suffix,lexical
viz-your-biz.com,vi,0.93,prefix_suffix,lexical
sacarts.info,sac,0.93,prefix_suffix,lexical
locluxury.com,iocl,0.93,prefix_suffix,lexical
26124454.vip,vi,0.93,prefix_suffix,lexical
disvcv.vip,vi,0.93,prefix_suffix,lexical
eclevermobile.info,eci,0.93,prefix_suffix,lexical
villacarolco.club,vi,0.93,prefix_suffix,lexical
viajespyj.com,vi,0.93,prefix_suffix,lexical
4777det.vip,vi,0.93,prefix_suffix,lexical
nicaraguablog.com,nic,0.93,prefix_suffix,lexical
playdashth.vip,vi,0.93,prefix_suffix,lexical
xnuet.vip,vi,0.93,prefix_suffix,lexical
kapuraxis.in,axis,0.93,prefix_suffix,lexical
808-promotions.com,bob,0.98,exact_label,lexical
y7124314.vip,vi,0.93,prefix_suffix,lexical
visionassistant.xyz,vi,0.93,prefix_suffix,lexical
y7124402.vip,vi,0.93,prefix_suffix,lexical
legallyblonde.vip,vi,0.93,prefix_suffix,lexical
rihanav1.cc,vi,0.93,prefix_suffix,lexical
03913.vip,vi,0.93,prefix_suffix,lexical
sxsvg.vip,vi,0.93,prefix_suffix,lexical
912253.vip,vi,0.93,prefix_suffix,lexical
vinyldabumaga.online,vi,0.93,prefix_suffix,lexical
visapreponline.com,vi,0.93,prefix_suffix,lexical
andreascunha.training,nha,0.93,prefix_suffix,lexical
hkhkv.vip,vi,0.93,prefix_suffix,lexical
vivecoalition.com,vi,0.93,prefix_suffix,lexical
amvi.online,vi,0.93,prefix_suffix,lexical
viapayments.net,vi,0.93,prefix_suffix,lexical
sacramentocommercialcleaning.com,sac,0.93,prefix_suffix,lexical
vinestrategy.com,vi,0.93,prefix_suffix,lexical
h23vl.top,vi,0.93,prefix_suffix,lexical
c790.vip,vi,0.93,prefix_suffix,lexical
peanuts-electronic.com,nic,0.93,prefix_suffix,lexical
vitapose.com,vi,0.93,prefix_suffix,lexical
vitafix.site,vi,0.93,prefix_suffix,lexical
10clientggufeiraolimpa2026.shop,iocl,0.93,prefix_suffix,lexical
h8wa67.vip,vi,0.93,prefix_suffix,lexical
17698.vip,vi,0.93,prefix_suffix,lexical
vlxdhanoi.com,vi,0.93,prefix_suffix,lexical
vip-pingbo.com,vi,0.93,prefix_suffix,lexical
visamp19.shop,vi,0.93,prefix_suffix,lexical
the-sacred-union.org,sac,0.93,prefix_suffix,lexical
viva-sortebr.com,vi,0.93,prefix_suffix,lexical
viunlock.com,vi,0.93,prefix_suffix,lexical
lamourclinic.biz,nic,0.93,prefix_suffix,lexical
shahidi.vip,vi,0.93,prefix_suffix,lexical
virublast.com,vi,0.93,prefix_suffix,lexical
g4m8vc.vip,vi,0.93,prefix_suffix,lexical
nico-career.online,nic,0.93,prefix_suffix,lexical
y7124522.vip,vi,0.93,prefix_suffix,lexical
017cc.vip,vi,0.93,prefix_suffix,lexical
72484.vip,vi,0.93,prefix_suffix,lexical
santehnic.space,nic,0.93,prefix_suffix,lexical
viorasshop.com,vi,0.93,prefix_suffix,lexical
putas.vip,vi,0.93,prefix_suffix,lexical
virtualnienergerik.com,vi,0.93,prefix_suffix,lexical
111bat.vip,vi,0.93,prefix_suffix,lexical
vinitawrites.com,vi,0.93,prefix_suffix,lexical
edukalvi.com,vi,0.93,prefix_suffix,lexical
vidpro.live,vi,0.93,prefix_suffix,lexical
vivanoxpainrelief.com,vi,0.93,prefix_suffix,lexical
violetsmile.site,vi,0.93,prefix_suffix,lexical
4333412c.vip,vi,0.93,prefix_suffix,lexical
vishalsing.fun,vi,0.93,prefix_suffix,lexical
viva-asset.com,vi,0.93,prefix_suffix,lexical
coeursdivoireci.org,eci,0.93,prefix_suffix,lexical
auqqw.vip,vi,0.93,prefix_suffix,lexical
vignette-swiz.info,vi,0.93,prefix_suffix,lexical
ngvfw.vip,vi,0.93,prefix_suffix,lexical
77299i.vip,vi,0.93,prefix_suffix,lexical
rondxg.vip,vi,0.93,prefix_suffix,lexical
82062.vip,vi,0.93,prefix_suffix,lexical
kikonsha-matching-navi.online,vi,0.93,prefix_suffix,lexical
kbjyl.vip,vi,0.93,prefix_suffix,lexical
virtuamanent.com,vi,0.93,prefix_suffix,lexical
mavory.vip,vi,0.93,prefix_suffix,lexical
ee789.vip,vi,0.93,prefix_suffix,lexical
orgilebak.org,census,0.93,prefix_suffix,lexical
nicolemarucci.net,nic,0.93,prefix_suffix,lexical
vista-core-capital.com,vi,0.93,prefix_suffix,lexical
visualplay-marketing.com,vi,0.93,prefix_suffix,lexical
90820.vip,vi,0.93,prefix_suffix,lexical
gg88pro.vip,vi,0.93,prefix_suffix,lexical
vibreast.com,vi,0.93,prefix_suffix,lexical
vibevertex.store,vi,0.93,prefix_suffix,lexical
xn--vidnet-bya.app,vi,0.93,prefix_suffix,lexical
vitaconseilx.info,vi,0.93,prefix_suffix,lexical
viveronlineseguro.store,vi,0.93,prefix_suffix,lexical
viskeyapp.com,vi,0.93,prefix_suffix,lexical
niceinfor.com,nic,0.93,prefix_suffix,lexical
vipyachtingservices.com,vi,0.93,prefix_suffix,lexical
royalreels19casinoaus.vip,vi,0.93,prefix_suffix,lexical
servtronic.cl,nic,0.93,prefix_suffix,lexical
nicksnider.me,nic,0.93,prefix_suffix,lexical
garex.vip,vi,0.93,prefix_suffix,lexical
9kbx33.vip,vi,0.93,prefix_suffix,lexical
vihkmzwhat.sbs,vi,0.93,prefix_suffix,lexical
15639.vip,vi,0.93,prefix_suffix,lexical
videoaccesos.com,vi,0.93,prefix_suffix,lexical
rlcrd.vip,vi,0.93,prefix_suffix,lexical
vip8-kysports.com,vi,0.93,prefix_suffix,lexical
victoriameganbeauty.ca,vi,0.93,prefix_suffix,lexical
yjdisagree.vip,vi,0.93,prefix_suffix,lexical
vieux.us,vi,0.93,prefix_suffix,lexical
73026.vip,vi,0.93,prefix_suffix,lexical
victorbroering.tech,vi,0.93,prefix_suffix,lexical
viksna-trans.com,vi,0.93,prefix_suffix,lexical
spinx888.vip,vi,0.93,prefix_suffix,lexical
viyscenn.buzz,vi,0.93,prefix_suffix,lexical
xn--29-6kci4al1aasrb5e.xn--p1ai,bse,0.93,prefix_suffix,lexical
axispeptideslab.info,axis,0.93,prefix_suffix,lexical
90425.vip,vi,0.93,prefix_suffix,lexical
02853.vip,bse,0.93,prefix_suffix,lexical
victoriadescanso.com,vi,0.93,prefix_suffix,lexical
nicheloanclimb.com,nic,0.93,prefix_suffix,lexical
vistaglobal.art,vi,0.93,prefix_suffix,lexical
ygmyz.vip,vi,0.93,prefix_suffix,lexical
viewctrl.com,vi,0.93,prefix_suffix,lexical
2026-holiganbetgir.vip,vi,0.93,prefix_suffix,lexical
85xy.vip,vi,0.93,prefix_suffix,lexical
axis-training.com,axis,0.98,exact_label,lexical
vignoblesimonnot.com,vi,0.93,prefix_suffix,lexical
nlcoaching.biz,nic,0.93,prefix_suffix,lexical
graham.vip,vi,0.93,prefix_suffix,lexical
vlsapp.com,vi,0.93,prefix_suffix,lexical
10502.vip,vi,0.93,prefix_suffix,lexical
93120.vip,vi,0.93,prefix_suffix,lexical
lusoaxis.com,axis,0.93,prefix_suffix,lexical
leadraagancy.vip,vi,0.93,prefix_suffix,lexical
vlcast.com,vi,0.93,prefix_suffix,lexical
ciyuvi.click,vi,0.93,prefix_suffix,lexical
glbon.vip,vi,0.93,prefix_suffix,lexical
306nn.vip,vi,0.93,prefix_suffix,lexical
vintovka.com,vi,0.93,prefix_suffix,lexical
txino.vip,vi,0.93,prefix_suffix,lexical
otrpr.vip,vi,0.93,prefix_suffix,lexical
bob-app.com,bob,0.98,exact_label,lexical
2569853.net,bse,0.93,prefix_suffix,lexical
bailety55.vip,vi,0.93,prefix_suffix,lexical
victorholtreman.com,vi,0.93,prefix_suffix,lexical
cryptowallet77.vip,vi,0.93,prefix_suffix,lexical
victorhollingsworth.com,vi,0.93,prefix_suffix,lexical
vigneteautopass.online,vi,0.93,prefix_suffix,lexical
vivianerocha.com,vi,0.93,prefix_suffix,lexical
cdagroup.vip,vi,0.93,prefix_suffix,lexical
72272.vip,vi,0.93,prefix_suffix,lexical
omnia-vista.com,vi,0.93,prefix_suffix,lexical
visionsfrombeyond.com,vi,0.93,prefix_suffix,lexical
vitalhommeq.info,vi,0.93,prefix_suffix,lexical
98720.vip,vi,0.93,prefix_suffix,lexical
nichelendingcompany.com,nic,0.93,prefix_suffix,lexical
villasatwalnutgrove.com,vi,0.93,prefix_suffix,lexical
vipresidences.com,vi,0.93,prefix_suffix,lexical
visitmanta.com,vi,0.93,prefix_suffix,lexical
vintagevaultcomics.net,vi,0.93,prefix_suffix,lexical
588xpj24.vip,vi,0.93,prefix_suffix,lexical
mula.vip,vi,0.93,prefix_suffix,lexical
hpaya.vip,vi,0.93,prefix_suffix,lexical
maqlukevi.com,vi,0.93,prefix_suffix,lexical
26124384.vip,vi,0.93,prefix_suffix,lexical
viralcourse.online,vi,0.93,prefix_suffix,lexical
padisahbete-girisi.vip,vi,0.93,prefix_suffix,lexical
viapost-services.com,vi,0.93,prefix_suffix,lexical
rgrh4a.vip,vi,0.93,prefix_suffix,lexical
1088hg20.vip,vi,0.93,prefix_suffix,lexical
eclipseodyssey721.info,eci,0.93,prefix_suffix,lexical
0009tvos3uba.vip,vi,0.93,prefix_suffix,lexical
viiwallet.com,vi,0.93,prefix_suffix,lexical
eclaritho.com,eci,0.93,prefix_suffix,lexical
qurfm384.vip,vi,0.93,prefix_suffix,lexical
nickdownsresume.com,nic,0.93,prefix_suffix,lexical
vinylbuy.com,vi,0.93,prefix_suffix,lexical
fmhsclinic.com,nic,0.93,prefix_suffix,lexical
ecleanmanager.net,eci,0.93,prefix_suffix,lexical
vishwaxshield.com,vi,0.93,prefix_suffix,lexical
virtualication.com,vi,0.93,prefix_suffix,lexical
y7124383.vip,vi,0.93,prefix_suffix,lexical
222558ldv1.pro,vi,0.93,prefix_suffix,lexical
vitrl.com,vi,0.93,prefix_suffix,lexical
wns223.vip,vi,0.93,prefix_suffix,lexical
99513.vip,vi,0.93,prefix_suffix,lexical
19230.vip,vi,0.93,prefix_suffix,lexical
808790.com,bob,0.93,prefix_suffix,lexical
nickhumbel.com,nic,0.93,prefix_suffix,lexical
sgdrun.vip,vi,0.93,prefix_suffix,lexical
viridaatlas.com,vi,0.93,prefix_suffix,lexical
fb-google1.vip,vi,0.93,prefix_suffix,lexical
vitolippolis.com,vi,0.93,prefix_suffix,lexical
vinecy.com,vi,0.93,prefix_suffix,lexical
ethixor.vip,vi,0.93,prefix_suffix,lexical
aurea-viajes.com,vi,0.93,prefix_suffix,lexical
sacredstrings.info,sac,0.93,prefix_suffix,lexical
vintarohubs.shop,vi,0.93,prefix_suffix,lexical
symphonic-roots.com,nic,0.93,prefix_suffix,lexical
bobty204.com,bob,0.93,prefix_suffix,lexical
4333414c.vip,vi,0.93,prefix_suffix,lexical
sf999.vin,vi,0.93,prefix_suffix,lexical
vidacontrolada.pt,vi,0.93,prefix_suffix,lexical
virtualpiazza.com,vi,0.93,prefix_suffix,lexical
peptidesclinic.org,nic,0.93,prefix_suffix,lexical
dewa808.us,bob,0.93,prefix_suffix,lexical
visionv.org,vi,0.93,prefix_suffix,lexical
com-cex.vip,vi,0.93,prefix_suffix,lexical
vivliagiapaidia.com,vi,0.93,prefix_suffix,lexical
com-parcelposto.vip,vi,0.93,prefix_suffix,lexical
xn--vidaste-monteurvido-dzbp.com,vi,0.93,prefix_suffix,lexical
739yc.vip,vi,0.93,prefix_suffix,lexical
shrdf.vip,vi,0.93,prefix_suffix,lexical
cebudentalclinic.com,nic,0.93,prefix_suffix,lexical
849ww366.vip,vi,0.93,prefix_suffix,lexical
eawle.vip,vi,0.93,prefix_suffix,lexical
webotronic.com,nic,0.93,prefix_suffix,lexical
vihanimenswear.com,vi,0.93,prefix_suffix,lexical
extronic.store,nic,0.93,prefix_suffix,lexical
dijitalstrateji.vip,vi,0.93,prefix_suffix,lexical
gearpicnic.com,nic,0.93,prefix_suffix,lexical
vistisambir.info,vi,0.93,prefix_suffix,lexical
nicrci.com,nic,0.93,prefix_suffix,lexical
5achyws.com,sac,0.93,prefix_suffix,lexical
uy8nvg.vip,vi,0.93,prefix_suffix,lexical
60279.vip,vi,0.93,prefix_suffix,lexical
vinkcoaching.online,vi,0.93,prefix_suffix,lexical
regissterr.vip,vi,0.93,prefix_suffix,lexical
14095.vip,vi,0.93,prefix_suffix,lexical
com-qor.vip,vi,0.93,prefix_suffix,lexical
viotopup.biz.id,vi,0.93,prefix_suffix,lexical
theyuanxi.vip,vi,0.93,prefix_suffix,lexical
nicolettavalentina.com,nic,0.93,prefix_suffix,lexical
visbellapty.com,vi,0.93,prefix_suffix,lexical
y7124374.vip,vi,0.93,prefix_suffix,lexical
wynnglobal.vip,vi,0.93,prefix_suffix,lexical
szlnjhh.vip,vi,0.93,prefix_suffix,lexical
didi51-t0325.vip,vi,0.93,prefix_suffix,lexical
vitalkory.store,vi,0.93,prefix_suffix,lexical
verrbl.com,rbi,0.93,prefix_suffix,lexical
viralwealth.com,vi,0.93,prefix_suffix,lexical
jiongque.com,jio,0.93,prefix_suffix,lexical
safe-whatsapp.vip,vi,0.93,prefix_suffix,lexical
victorychipfield.com,vi,0.93,prefix_suffix,lexical
infinitiofpeorianews.com,icici,0.93,prefix_suffix,lexical
bobthebooth.com,bob,0.93,prefix_suffix,lexical
od-vip.com,vi,0.93,prefix_suffix,lexical
videoos.us,vi,0.93,prefix_suffix,lexical
vireotwelveoaks.com,vi,0.93,prefix_suffix,lexical
bg-non-viagra.site,vi,0.93,prefix_suffix,lexical
axisfrosty.xyz,axis,0.93,prefix_suffix,lexical
adultsoccerclinic.com,nic,0.93,prefix_suffix,lexical
viasport.us,vi,0.93,prefix_suffix,lexical
26124316.vip,vi,0.93,prefix_suffix,lexical
vibrence.shop,vi,0.93,prefix_suffix,lexical
vibrantbitcoin.xyz,vi,0.93,prefix_suffix,lexical
oxsvl.garden,vi,0.93,prefix_suffix,lexical
teenpattiyes-vip.com,vi,0.93,prefix_suffix,lexical
virtualprocurementpartners.com,vi,0.93,prefix_suffix,lexical
alisajjadrizavi.com,vi,0.93,prefix_suffix,lexical
atelier-milrose-vienna.com,vi,0.93,prefix_suffix,lexical
bobty2012.com,bob,0.93,prefix_suffix,lexical
vikingfaire.com,vi,0.93,prefix_suffix,lexical
3k-vlp.net,vi,0.93,prefix_suffix,lexical
1oci.com,iocl,0.98,exact_label,lexical
alicesoft.vip,vi,0.93,prefix_suffix,lexical
vigorboostzonepro.com,vi,0.93,prefix_suffix,lexical
visionlume.com,vi,0.93,prefix_suffix,lexical
electronic-travel.org,nic,0.93,prefix_suffix,lexical
vinylesque.com,vi,0.93,prefix_suffix,lexical
hy96333.vip,vi,0.93,prefix_suffix,lexical
virelo.co.in,vi,0.93,prefix_suffix,lexical
sumatrastonic.com,nic,0.93,prefix_suffix,lexical
rgdwmpvrv1.top,vi,0.93,prefix_suffix,lexical
systemz-hercules-images.vip,vi,0.93,prefix_suffix,lexical
gameadmin.vip,vi,0.93,prefix_suffix,lexical
score-808.life,bob,0.98,exact_label,lexical
rednoronha.com,nha,0.93,prefix_suffix,lexical
974322.vip,vi,0.93,prefix_suffix,lexical
ejnuu.vip,vi,0.93,prefix_suffix,lexical
gnomev1.xyz,vi,0.93,prefix_suffix,lexical
vitaprizma.com,vi,0.93,prefix_suffix,lexical
y7124372.vip,vi,0.93,prefix_suffix,lexical
pgbetbrazil.vip,vi,0.93,prefix_suffix,lexical
y7124509.vip,vi,0.93,prefix_suffix,lexical
devcasino5.vip,vi,0.93,prefix_suffix,lexical
vienna-shaple-abab.info,vi,0.93,prefix_suffix,lexical
sbir.online,sbi,0.93,prefix_suffix,lexical
mbryonic.com,nic,0.93,prefix_suffix,lexical
mgmsports.vip,vi,0.93,prefix_suffix,lexical
slon-2cc.vip,vi,0.93,prefix_suffix,lexical
virtualawaken.com,vi,0.93,prefix_suffix,lexical
villalaponia.com,vi,0.93,prefix_suffix,lexical
26124309.vip,vi,0.93,prefix_suffix,lexical
vivido30.cfd,vi,0.93,prefix_suffix,lexical
betplay-girisyeni.vip,vi,0.93,prefix_suffix,lexical
apphost.vip,vi,0.93,prefix_suffix,lexical
sacodehuesos.com,sac,0.93,prefix_suffix,lexical
y1108.vip,vi,0.93,prefix_suffix,lexical
izzyw.vip,vi,0.93,prefix_suffix,lexical
viperclubnyc.com,vi,0.93,prefix_suffix,lexical
bob-net.uk,bob,0.98,exact_label,lexical
a7ty49.vip,vi,0.93,prefix_suffix,lexical
y7124370.vip,vi,0.93,prefix_suffix,lexical
xy45.vip,vi,0.93,prefix_suffix,lexical
l5r2u.vip,vi,0.93,prefix_suffix,lexical
sacomiapp.org,sac,0.93,prefix_suffix,lexical
bobdiamondcoaching.com,bob,0.93,prefix_suffix,lexical
70519.vip,vi,0.93,prefix_suffix,lexical
vincentmacphordyne.com,vi,0.93,prefix_suffix,lexical
kwqnz19.vip,vi,0.93,prefix_suffix,lexical
alobetlivebahis.vip,vi,0.93,prefix_suffix,lexical
axiscrminteligente.com.br,axis,0.93,prefix_suffix,lexical
mqbsya.vip,vi,0.93,prefix_suffix,lexical
38832.vip,vi,0.93,prefix_suffix,lexical
vitanovashop.com,vi,0.93,prefix_suffix,lexical
victorsautorepairmoline.com,vi,0.93,prefix_suffix,lexical
bb-frame-visual.com,vi,0.93,prefix_suffix,lexical
boba13.net,bob,0.93,prefix_suffix,lexical
vingettautobahn.site,vi,0.93,prefix_suffix,lexical
boawg.vip,vi,0.93,prefix_suffix,lexical
a7ty35.vip,vi,0.93,prefix_suffix,lexical
virtualsets.info,vi,0.93,prefix_suffix,lexical
76613.vip,vi,0.93,prefix_suffix,lexical
htbjl.vip,vi,0.93,prefix_suffix,lexical
shoping-vibes.com,vi,0.93,prefix_suffix,lexical
iiirs.com,iirs,0.93,prefix_suffix,lexical
vitalcome.com,vi,0.93,prefix_suffix,lexical
76651.vip,vi,0.93,prefix_suffix,lexical
greenspotorganic.com,nic,0.93,prefix_suffix,lexical
vivinawellness.com,vi,0.93,prefix_suffix,lexical
nhamayintien.com,nha,0.93,prefix_suffix,lexical
y7124323.vip,vi,0.93,prefix_suffix,lexical
42720.vip,vi,0.93,prefix_suffix,lexical
estudioci.com,iocl,0.93,prefix_suffix,lexical
gthu1jb.vip,vi,0.93,prefix_suffix,lexical
fanya-vip.io,vi,0.93,prefix_suffix,lexical
mostlyelectronic.com,nic,0.93,prefix_suffix,lexical
eclipseglow.com,eci,0.93,prefix_suffix,lexical
hlu6ci.vip,vi,0.93,prefix_suffix,lexical
slimdootonic.com,nic,0.93,prefix_suffix,lexical
nhaphoquan2.com,nha,0.93,prefix_suffix,lexical
hsxhe.vip,vi,0.93,prefix_suffix,lexical
msp-villaroy.com,vi,0.93,prefix_suffix,lexical
editionsmelonic.com,nic,0.93,prefix_suffix,lexical
cd33bet.vip,vi,0.93,prefix_suffix,lexical
fleuribob.com,bob,0.93,prefix_suffix,lexical
vidia.care,vi,0.93,prefix_suffix,lexical
pathology-clinic.com,nic,0.93,prefix_suffix,lexical
augenclinic-dielsdorf.com,nic,0.93,prefix_suffix,lexical
otai77.vip,vi,0.93,prefix_suffix,lexical
virentis.info,vi,0.93,prefix_suffix,lexical
vipes.app,vi,0.93,prefix_suffix,lexical
bailety41.vip,vi,0.93,prefix_suffix,lexical
bobbycotter.shop,bob,0.93,prefix_suffix,lexical
m66j5e.vip,vi,0.93,prefix_suffix,lexical
themovi.com,vi,0.93,prefix_suffix,lexical
vintagebasketry.com,vi,0.93,prefix_suffix,lexical
homeloansbytravis.com,sbi,0.93,prefix_suffix,lexical
mkgj.vip,vi,0.93,prefix_suffix,lexical
bailety40.vip,vi,0.93,prefix_suffix,lexical
y7124465.vip,vi,0.93,prefix_suffix,lexical
vitesseshop.lat,vi,0.93,prefix_suffix,lexical
o35smp.vip,vi,0.93,prefix_suffix,lexical
vienna-law.com,vi,0.93,prefix_suffix,lexical
vipramaharashtramandal.com,vi,0.93,prefix_suffix,lexical
1113808.com,bob,0.93,prefix_suffix,lexical
m83vl.com,vi,0.93,prefix_suffix,lexical
vichbrasil.shop,vi,0.93,prefix_suffix,lexical
violex.com,vi,0.93,prefix_suffix,lexical
0203com0420.vip,vi,0.93,prefix_suffix,lexical
sacredwhisperer.net,sac,0.93,prefix_suffix,lexical
vitalcoreflow.com,vi,0.93,prefix_suffix,lexical
betcio-girisorjinal.vip,vi,0.93,prefix_suffix,lexical
nicwe.shop,nic,0.93,prefix_suffix,lexical
wlylj.vip,vi,0.93,prefix_suffix,lexical
jiubao.vip,vi,0.93,prefix_suffix,lexical
vipee.com,vi,0.93,prefix_suffix,lexical
virtualtoursphilippines.com,vi,0.93,prefix_suffix,lexical
ly62.vip,vi,0.93,prefix_suffix,lexical
98728.vip,vi,0.93,prefix_suffix,lexical
maier-mechanic.com,nic,0.93,prefix_suffix,lexical
vishuofficial.icu,vi,0.93,prefix_suffix,lexical
66bet365.vip,vi,0.93,prefix_suffix,lexical
shuttersupusvi.com,vi,0.93,prefix_suffix,lexical
c701.vip,vi,0.93,prefix_suffix,lexical
58links.com,sbi,0.93,prefix_suffix,lexical
vine.blog,vi,0.93,prefix_suffix,lexical
nicrq77.cn,nic,0.93,prefix_suffix,lexical
viragesmoto.com,vi,0.93,prefix_suffix,lexical
okbaj.vip,vi,0.93,prefix_suffix,lexical
vikejoysecurityservices.co.ke,vi,0.93,prefix_suffix,lexical
vistaadventure.net,vi,0.93,prefix_suffix,lexical
y7124429.vip,vi,0.93,prefix_suffix,lexical
mcclure.vip,vi,0.93,prefix_suffix,lexical
implantologyadvancedclinic.com,nic,0.93,prefix_suffix,lexical
vividimpactpromo.com,vi,0.93,prefix_suffix,lexical
vintagemei.com,vi,0.93,prefix_suffix,lexical
nickclayton-ai.com,nic,0.93,prefix_suffix,lexical
niczyj.pro,nic,0.93,prefix_suffix,lexical
villasinggahsana.com,vi,0.93,prefix_suffix,lexical
violetaiconsulting.com,vi,0.93,prefix_suffix,lexical
26124541.vip,vi,0.93,prefix_suffix,lexical
nicoletrainor.com,nic,0.93,prefix_suffix,lexical
nhaofang8.top,nha,0.93,prefix_suffix,lexical
vitakussens.nl,vi,0.93,prefix_suffix,lexical
0009tvvcljv7.vip,vi,0.93,prefix_suffix,lexical
26124505.vip,vi,0.93,prefix_suffix,lexical
jwnaturalhealthclinic.com,nic,0.93,prefix_suffix,lexical
viverofrutasexoticastolima.com,vi,0.93,prefix_suffix,lexical
idsheji.vip,vi,0.93,prefix_suffix,lexical
videotrongngay247.pro,vi,0.93,prefix_suffix,lexical
viprostamaxtr.site,vi,0.93,prefix_suffix,lexical
yjdisorder.vip,vi,0.93,prefix_suffix,lexical
viprimerewards.com,vi,0.93,prefix_suffix,lexical
vinfographic.com,vi,0.93,prefix_suffix,lexical
titanic-hotel.com,nic,0.93,prefix_suffix,lexical
axis-rentals.com,axis,0.98,exact_label,lexical
skhjr58l.com,sbi,0.93,prefix_suffix,lexical
qvm6.vip,vi,0.93,prefix_suffix,lexical
ai-invest.vip,vi,0.93,prefix_suffix,lexical
villn.com,vi,0.93,prefix_suffix,lexical
03695.vip,vi,0.93,prefix_suffix,lexical
viaproyectos.com,vi,0.93,prefix_suffix,lexical
vinocompra.com,vi,0.93,prefix_suffix,lexical
bob-168.com,bob,0.98,exact_label,lexical
bobatoto1qxm.casa,bob,0.93,prefix_suffix,lexical
virtualg7.com,vi,0.93,prefix_suffix,lexical
c019.vip,vi,0.93,prefix_suffix,lexical
catalystchiroclinic.com,nic,0.93,prefix_suffix,lexical
chesuidai.com,uidai,0.93,prefix_suffix,lexical
vis-ed.com,vi,0.93,prefix_suffix,lexical
vineyardpointneighborhood.org,vi,0.93,prefix_suffix,lexical
virginia-fishing.org,vi,0.93,prefix_suffix,lexical
zajwu351.vip,vi,0.93,prefix_suffix,lexical
vigfurnituretools.com,vi,0.93,prefix_suffix,lexical
videotelephonebooth.com,vi,0.93,prefix_suffix,lexical
vintageclothingco.store,vi,0.93,prefix_suffix,lexical
villasatharborisle.com,vi,0.93,prefix_suffix,lexical
virtuall.tech,vi,0.93,prefix_suffix,lexical
viewfromthecoast.com,vi,0.93,prefix_suffix,lexical
visitparadisemi.com,vi,0.93,prefix_suffix,lexical
vibesociety.io,vi,0.93,prefix_suffix,lexical
sachakeltonceramics.com,sac,0.93,prefix_suffix,lexical
bobbleawards.info,bob,0.93,prefix_suffix,lexical
phiskinclinic.ca,nic,0.93,prefix_suffix,lexical
com-elitee.vip,vi,0.93,prefix_suffix,lexical
vibecoder.pl,vi,0.93,prefix_suffix,lexical
84961.vip,vi,0.93,prefix_suffix,lexical
com-payvgj.vip,vi,0.93,prefix_suffix,lexical
jiokhabar.com,jio,0.93,prefix_suffix,lexical
iahje.vip,vi,0.93,prefix_suffix,lexical
victorcalame.com,vi,0.93,prefix_suffix,lexical
nicshipwholesale.com,nic,0.93,prefix_suffix,lexical
vintnertrade.com,vi,0.93,prefix_suffix,lexical
viphiok.top,vi,0.93,prefix_suffix,lexical
virtualleadbox.com,vi,0.93,prefix_suffix,lexical
viewwhores.com,vi,0.93,prefix_suffix,lexical
didi51-t0366.vip,vi,0.93,prefix_suffix,lexical
narsinghwomenandchildclinic.com,nic,0.93,prefix_suffix,lexical
34286.vip,vi,0.93,prefix_suffix,lexical
vistalankatours.com,vi,0.93,prefix_suffix,lexical
visutopia.com,vi,0.93,prefix_suffix,lexical
859600.vip,vi,0.93,prefix_suffix,lexical
vietsocialdating.com,vi,0.93,prefix_suffix,lexical
859508.vip,vi,0.93,prefix_suffix,lexical
viosega.my.id,vi,0.93,prefix_suffix,lexical
vicecityhospitality.com,vi,0.93,prefix_suffix,lexical
visand.com,vi,0.93,prefix_suffix,lexical
vivaciousvortexey.pro,vi,0.93,prefix_suffix,lexical
nickpandyamusic.com,nic,0.93,prefix_suffix,lexical
nebulacoreaxis.info,axis,0.93,prefix_suffix,lexical
y7124480.vip,vi,0.93,prefix_suffix,lexical
pxtaxis.com,axis,0.93,prefix_suffix,lexical
avlxr.vip,vi,0.93,prefix_suffix,lexical
jkorganic.shop,nic,0.93,prefix_suffix,lexical
viabetterfly.co,vi,0.93,prefix_suffix,lexical
visitisrael.us,vi,0.93,prefix_suffix,lexical
visiootherapy.site,vi,0.93,prefix_suffix,lexical
vl53o.click,vi,0.93,prefix_suffix,lexical
cqagw.vip,vi,0.93,prefix_suffix,lexical
saltoftheearth808.com,bob,0.93,prefix_suffix,lexical
26124510.vip,vi,0.93,prefix_suffix,lexical
jqk22.vip,vi,0.93,prefix_suffix,lexical
38870.vip,vi,0.93,prefix_suffix,lexical
viciwealth.com,vi,0.93,prefix_suffix,lexical
26124351.vip,vi,0.93,prefix_suffix,lexical
jlvuy.vip,vi,0.93,prefix_suffix,lexical
23809.vip,vi,0.93,prefix_suffix,lexical
vituryre.online,vi,0.93,prefix_suffix,lexical
fnakn.vip,vi,0.93,prefix_suffix,lexical
vigobattleofteams.com,vi,0.93,prefix_suffix,lexical
exircenterclinic.com,nic,0.93,prefix_suffix,lexical
visible.video,vi,0.93,prefix_suffix,lexical
vinylbooksmarket.com,vi,0.93,prefix_suffix,lexical
bywfm.vip,vi,0.93,prefix_suffix,lexical
vintageuspostage.com,vi,0.93,prefix_suffix,lexical
vipzone888.cloud,vi,0.93,prefix_suffix,lexical
villablancabarcelona.com,vi,0.93,prefix_suffix,lexical
bsnlnet.com,bsnl,0.93,prefix_suffix,lexical
vivosee.com,vi,0.93,prefix_suffix,lexical
vita-lose.com,vi,0.93,prefix_suffix,lexical
q88u.vip,vi,0.93,prefix_suffix,lexical
viptrack.com,vi,0.93,prefix_suffix,lexical
belle-vie-dabou.com,vi,0.93,prefix_suffix,lexical
wuchangdami.vip,vi,0.93,prefix_suffix,lexical
vietpcb.com,vi,0.93,prefix_suffix,lexical
vinculoparental.com,vi,0.93,prefix_suffix,lexical
vitateb.com,vi,0.93,prefix_suffix,lexical
vitaglpcare.shop,vi,0.93,prefix_suffix,lexical
q0c71w.vip,vi,0.93,prefix_suffix,lexical
sacred10.com,sac,0.93,prefix_suffix,lexical
73fx92.vip,vi,0.93,prefix_suffix,lexical
virtualnienergerik.online,vi,0.93,prefix_suffix,lexical
viktororban.ru,vi,0.93,prefix_suffix,lexical
27368.vip,vi,0.93,prefix_suffix,lexical
manguan-vip.com,vi,0.93,prefix_suffix,lexical
viagra-apotheke.com,vi,0.93,prefix_suffix,lexical
vigormaritime.com,vi,0.93,prefix_suffix,lexical
h93vl.top,vi,0.93,prefix_suffix,lexical
top3838.vip,vi,0.93,prefix_suffix,lexical
viencouture.com,vi,0.93,prefix_suffix,lexical
vineanddesign.com,vi,0.93,prefix_suffix,lexical
viragibi.com,vi,0.93,prefix_suffix,lexical
northlandorganic.com,nic,0.93,prefix_suffix,lexical
vipdubaiescort.com,vi,0.93,prefix_suffix,lexical
bobos.top,bob,0.93,prefix_suffix,lexical
maxxed.vip,vi,0.93,prefix_suffix,lexical
qyc09.vip,vi,0.93,prefix_suffix,lexical
gulsenpehlivanmodaevi.com,vi,0.93,prefix_suffix,lexical
mxgj09.vip,vi,0.93,prefix_suffix,lexical
mekol.vip,vi,0.93,prefix_suffix,lexical
virtualplayboys.com,vi,0.93,prefix_suffix,lexical
selmadrclinic.com,nic,0.93,prefix_suffix,lexical
bailety11.vip,vi,0.93,prefix_suffix,lexical
bailety666.vip,vi,0.93,prefix_suffix,lexical
377bet3.vip,vi,0.93,prefix_suffix,lexical
zvv1.ru,vi,0.93,prefix_suffix,lexical
atahuzurevi.com.tr,vi,0.93,prefix_suffix,lexical
takago.vip,vi,0.93,prefix_suffix,lexical
onekey55.vip,vi,0.93,prefix_suffix,lexical
vibeapp.dev,vi,0.93,prefix_suffix,lexical
lvccvl.info,vi,0.93,prefix_suffix,lexical
hsbet4.vip,vi,0.93,prefix_suffix,lexical
eumtd.vip,vi,0.93,prefix_suffix,lexical
smarttempway.vip,vi,0.93,prefix_suffix,lexical
nickmayerkiahyundai.com,nic,0.93,prefix_suffix,lexical
raiffeisen-lohn.vip,vi,0.93,prefix_suffix,lexical
remodelasac-oficial.com,sac,0.93,prefix_suffix,lexical
vinkart.store,vi,0.93,prefix_suffix,lexical
bisoneurp.vip,vi,0.93,prefix_suffix,lexical
js-nico.com,nic,0.93,prefix_suffix,lexical
victorysec.pro,vi,0.93,prefix_suffix,lexical
bobbiegoodsoficial.shop,bob,0.93,prefix_suffix,lexical
k993.vip,vi,0.93,prefix_suffix,lexical
ozbudentalclinic.com,nic,0.93,prefix_suffix,lexical
yjdistinction.vip,vi,0.93,prefix_suffix,lexical
tmtpy.vip,vi,0.93,prefix_suffix,lexical
malbet.vip,vi,0.93,prefix_suffix,lexical
nicorp.technology,nic,0.93,prefix_suffix,lexical
zetahydronic.co.uk,nic,0.93,prefix_suffix,lexical
imajbetbonus.vip,vi,0.93,prefix_suffix,lexical
58184035.com,sbi,0.93,prefix_suffix,lexical
26270.vip,vi,0.93,prefix_suffix,lexical
849kk799.vip,vi,0.93,prefix_suffix,lexical
vicsmobileautorepairs.org,vi,0.93,prefix_suffix,lexical
a8gyvi.garden,vi,0.93,prefix_suffix,lexical
5818178.com,sbi,0.93,prefix_suffix,lexical
vitalismedicals.com,vi,0.93,prefix_suffix,lexical
viewfindersontv.com,vi,0.93,prefix_suffix,lexical
t-visionfranchise.com,vi,0.93,prefix_suffix,lexical
orgialiteraria.com,census,0.93,prefix_suffix,lexical
viralizze.net,vi,0.93,prefix_suffix,lexical
empluspro-vip.com,vi,0.93,prefix_suffix,lexical
vizioncabinets.com,vi,0.93,prefix_suffix,lexical
vicinotiholidays.com,vi,0.93,prefix_suffix,lexical
34309.vip,vi,0.93,prefix_suffix,lexical
70423.vip,vi,0.93,prefix_suffix,lexical
ht9xz716.vip,vi,0.93,prefix_suffix,lexical
ljbcg.vip,vi,0.93,prefix_suffix,lexical
videorevolutiontech.digital,vi,0.93,prefix_suffix,lexical
nickiminaj.bio,nic,0.93,prefix_suffix,lexical
icppprvl.xyz,vi,0.93,prefix_suffix,lexical
vitalisbeauty.ma,vi,0.93,prefix_suffix,lexical
jiongqiaodiukouzekuigeikuanyo.cyou,jio,0.93,prefix_suffix,lexical
swaathiaayurvedhclinic.com,nic,0.93,prefix_suffix,lexical
viewvoyage.com,vi,0.93,prefix_suffix,lexical
bjdqa.vip,vi,0.93,prefix_suffix,lexical
virtualset.us,vi,0.93,prefix_suffix,lexical
maxwin288-vip.top,vi,0.93,prefix_suffix,lexical
sacredguidance999.com,sac,0.93,prefix_suffix,lexical
c748.vip,vi,0.93,prefix_suffix,lexical
sugaralice.vip,vi,0.93,prefix_suffix,lexical
03285.vip,vi,0.93,prefix_suffix,lexical
76612.vip,vi,0.93,prefix_suffix,lexical
viber-pc.online,vi,0.93,prefix_suffix,lexical
v17065.com,vi,0.93,prefix_suffix,lexical
vladigital.click,vi,0.93,prefix_suffix,lexical
4ky2ch.vip,vi,0.93,prefix_suffix,lexical
iudclinic.com,nic,0.93,prefix_suffix,lexical
849jj688.vip,vi,0.93,prefix_suffix,lexical
cn-bob.com,bob,0.98,exact_label,lexical
k288.vip,vi,0.93,prefix_suffix,lexical
vlatraining.com,vi,0.93,prefix_suffix,lexical
vip-08199.com,vi,0.93,prefix_suffix,lexical
yppue.vip,vi,0.93,prefix_suffix,lexical
ayatollahmahdavi.com,vi,0.93,prefix_suffix,lexical
virallgoods.com,vi,0.93,prefix_suffix,lexical
sblanchot.com,sbi,0.93,prefix_suffix,lexical
viber8.app,vi,0.93,prefix_suffix,lexical
trimer-travi.online,vi,0.93,prefix_suffix,lexical
lifebridgeclinic.com,nic,0.93,prefix_suffix,lexical
da-vinci.store,vi,0.93,prefix_suffix,lexical
th235.vip,vi,0.93,prefix_suffix,lexical
bob772.online,bob,0.93,prefix_suffix,lexical
046086.vip,vi,0.93,prefix_suffix,lexical
vickyinternational.com,vi,0.93,prefix_suffix,lexical
videosdecomomaquillarse.com,vi,0.93,prefix_suffix,lexical
virtual-doctor-visit-now-uk8.online,vi,0.93,prefix_suffix,lexical
jilidd22.vip,vi,0.93,prefix_suffix,lexical
rbird.net,rbi,0.93,prefix_suffix,lexical
vitalgoods.living,vi,0.93,prefix_suffix,lexical
cadeci.com,eci,0.93,prefix_suffix,lexical
viajarmelhoremedio.com,vi,0.93,prefix_suffix,lexical
bahislion-adresyeni.vip,vi,0.93,prefix_suffix,lexical
h40vl.top,vi,0.93,prefix_suffix,lexical
vipotckrak.com,vi,0.93,prefix_suffix,lexical
exhoj272.vip,vi,0.93,prefix_suffix,lexical
nicskids.hu,nic,0.93,prefix_suffix,lexical
111bo75.vip,vi,0.93,prefix_suffix,lexical
thrasherclinic.com,nic,0.93,prefix_suffix,lexical
vivivoxy.com,vi,0.93,prefix_suffix,lexical
bailety7.vip,vi,0.93,prefix_suffix,lexical
iciclewry.biz,icici,0.93,prefix_suffix,lexical
gwpki.vip,vi,0.93,prefix_suffix,lexical
star-axis.net,axis,0.98,exact_label,lexical
nickslavikpaint.com,nic,0.93,prefix_suffix,lexical
vlt-rs.dev,vi,0.93,prefix_suffix,lexical
vivapetal.org,vi,0.93,prefix_suffix,lexical
crb13.vip,vi,0.93,prefix_suffix,lexical
vingettpath.online,vi,0.93,prefix_suffix,lexical
808889.xyz,bob,0.93,prefix_suffix,lexical
vivalagringo.com,vi,0.93,prefix_suffix,lexical
emmavi.store,vi,0.93,prefix_suffix,lexical
y7124571.vip,vi,0.93,prefix_suffix,lexical
39301.vip,vi,0.93,prefix_suffix,lexical
interbahis-dogrudur.vip,vi,0.93,prefix_suffix,lexical
kh15cc.vip,vi,0.93,prefix_suffix,lexical
4333888.vip,vi,0.93,prefix_suffix,lexical
50863.vip,vi,0.93,prefix_suffix,lexical
vividhaus.link,vi,0.93,prefix_suffix,lexical
vibe-int.com,vi,0.93,prefix_suffix,lexical
vitahaircaps.com.br,vi,0.93,prefix_suffix,lexical
nicacanada.com,nic,0.93,prefix_suffix,lexical
trvl-mart.com,vi,0.93,prefix_suffix,lexical
kralbetgirisaktif.vip,vi,0.93,prefix_suffix,lexical
vividofferfortune.shop,vi,0.93,prefix_suffix,lexical
vl0n553sa54mw0o3m37x.top,vi,0.93,prefix_suffix,lexical
nickkerpsack.com,nic,0.93,prefix_suffix,lexical
pbtnz.vip,vi,0.93,prefix_suffix,lexical
virtualmanagedservices.com,vi,0.93,prefix_suffix,lexical
k2f7sg.vip,vi,0.93,prefix_suffix,lexical
h20vl.top,vi,0.93,prefix_suffix,lexical
t-visionmerchandise.com,vi,0.93,prefix_suffix,lexical
nicholashill.work,nic,0.93,prefix_suffix,lexical
vitoriaesergio.com.br,vi,0.93,prefix_suffix,lexical
st7q95p8.vip,vi,0.93,prefix_suffix,lexical
viralbayi.xyz,vi,0.93,prefix_suffix,lexical
vitusnova.com,vi,0.93,prefix_suffix,lexical
huvyd.vip,vi,0.93,prefix_suffix,lexical
vinomania.us,vi,0.93,prefix_suffix,lexical
26124556.vip,vi,0.93,prefix_suffix,lexical
taraftarium24pro109.vip,vi,0.93,prefix_suffix,lexical
cams.group,cams,0.98,exact_label,lexical
vischetlavie.us,vi,0.93,prefix_suffix,lexical
bobblestatue.com,bob,0.93,prefix_suffix,lexical
nickhorng.com,nic,0.93,prefix_suffix,lexical
vipmediation.com,vi,0.93,prefix_suffix,lexical
en-en-us-visiocore.com,vi,0.93,prefix_suffix,lexical
bdshhfjr7.vip,vi,0.93,prefix_suffix,lexical
viksitbharatnetwork.com,vi,0.93,prefix_suffix,lexical
zelronic.com,nic,0.93,prefix_suffix,lexical
vidmarsurplus.com,vi,0.93,prefix_suffix,lexical
maximcasino-orjinalgiris.vip,vi,0.93,prefix_suffix,lexical
vimd2l1v3ryp1.icu,vi,0.93,prefix_suffix,lexical
poloniexhub.vip,vi,0.93,prefix_suffix,lexical
victoriagoldengroup.com,vi,0.93,prefix_suffix,lexical
vietnamsourcehub.com,vi,0.93,prefix_suffix,lexical
849ee577.vip,vi,0.93,prefix_suffix,lexical
bobatoto800jpx.site,bob,0.93,prefix_suffix,lexical
nicenorthamerica-pos.com,nic,0.93,prefix_suffix,lexical
dgnv-8538.com,bse,0.93,prefix_suffix,lexical
v19975.com,vi,0.93,prefix_suffix,lexical
vignettetautos.click,vi,0.93,prefix_suffix,lexical
discounts4u.vip,vi,0.93,prefix_suffix,lexical
bobbydick.com,bob,0.93,prefix_suffix,lexical
victimologia.online,vi,0.93,prefix_suffix,lexical
vinfastgiaiphonghanoi.com,vi,0.93,prefix_suffix,lexical
viralia.shop,vi,0.93,prefix_suffix,lexical
viajedebelleza.com,vi,0.93,prefix_suffix,lexical
virawire.com,vi,0.93,prefix_suffix,lexical
xjygk.vip,vi,0.93,prefix_suffix,lexical
eciiatidh.com,eci,0.93,prefix_suffix,lexical
villa-naomi.com,vi,0.93,prefix_suffix,lexical
vishnuprasadeg.com,vi,0.93,prefix_suffix,lexical
kqa-bobsport.com,bob,0.93,prefix_suffix,lexical
a8-towelpg.vip,vi,0.93,prefix_suffix,lexical
88899002.vip,vi,0.93,prefix_suffix,lexical
vlxyz.autos,vi,0.93,prefix_suffix,lexical
38696.vip,vi,0.93,prefix_suffix,lexical
venusskinclinic.com,nic,0.93,prefix_suffix,lexical
vistaraluxe.online,vi,0.93,prefix_suffix,lexical
vibrantpetro.com,vi,0.93,prefix_suffix,lexical
xarox.vip,vi,0.93,prefix_suffix,lexical
sacrafashion.com,sac,0.93,prefix_suffix,lexical
vivovibe.com,vi,0.93,prefix_suffix,lexical
vlkecology.com,vi,0.93,prefix_suffix,lexical
vitalhealthjournal.info,vi,0.93,prefix_suffix,lexical
virginiafamilies.org,vi,0.93,prefix_suffix,lexical
ervasdaninha.com,nha,0.93,prefix_suffix,lexical
654c.casino,sac,0.93,prefix_suffix,lexical
viatool.pro,vi,0.93,prefix_suffix,lexical
377168.vip,vi,0.93,prefix_suffix,lexical
viviendagye.com,vi,0.93,prefix_suffix,lexical
vincentlepes.com,vi,0.93,prefix_suffix,lexical
1326868.vip,vi,0.93,prefix_suffix,lexical
viapostservice.com,vi,0.93,prefix_suffix,lexical
vittorioeconny.com,vi,0.93,prefix_suffix,lexical
voaa-vakinha.fun,nha,0.93,prefix_suffix,lexical
vibrantandthriving.com,vi,0.93,prefix_suffix,lexical
pittsburghacneclinic.org,nic,0.93,prefix_suffix,lexical
hph168.vip,vi,0.93,prefix_suffix,lexical
vitalityhealth.us,vi,0.93,prefix_suffix,lexical
affordable-veterinary-clinic.com,nic,0.93,prefix_suffix,lexical
abhayunpolished.com,nha,0.93,prefix_suffix,lexical
vintagefashion.net,vi,0.93,prefix_suffix,lexical
fknfa.vip,vi,0.93,prefix_suffix,lexical
virginiaaloisio.com,vi,0.93,prefix_suffix,lexical
tranvi.fun,vi,0.93,prefix_suffix,lexical
bailety4.vip,vi,0.93,prefix_suffix,lexical
fondation-villars.com,vi,0.93,prefix_suffix,lexical
pantheoncity.vip,vi,0.93,prefix_suffix,lexical
80798.vip,vi,0.93,prefix_suffix,lexical
nicetwosee.com,nic,0.93,prefix_suffix,lexical
c92ihp.vip,vi,0.93,prefix_suffix,lexical
80878a.com,bob,0.93,prefix_suffix,lexical
infinitioncamelbackparts.com,icici,0.93,prefix_suffix,lexical
villagewaxmelt.com,vi,0.93,prefix_suffix,lexical
vibracreatives.com,vi,0.93,prefix_suffix,lexical
29dpix.vip,vi,0.93,prefix_suffix,lexical
30585.vip,vi,0.93,prefix_suffix,lexical
keyswithin.vip,vi,0.93,prefix_suffix,lexical
spamclinic.com,nic,0.93,prefix_suffix,lexical
tigger777.vip,vi,0.93,prefix_suffix,lexical
pozvi.live,vi,0.93,prefix_suffix,lexical
nagarorganic.com,nic,0.93,prefix_suffix,lexical
viug.homes,vi,0.93,prefix_suffix,lexical
bailety26.vip,vi,0.93,prefix_suffix,lexical
918kissthai.vip,vi,0.93,prefix_suffix,lexical
videofetch.net,vi,0.93,prefix_suffix,lexical
mbvdh.vip,vi,0.93,prefix_suffix,lexical
victorandersenportfolio.dk,vi,0.93,prefix_suffix,lexical
vintageruckusmarketing.com,vi,0.93,prefix_suffix,lexical
wwwteleclinic.com,nic,0.93,prefix_suffix,lexical
vitaril.com,vi,0.93,prefix_suffix,lexical
controledacozinha.com,nha,0.93,prefix_suffix,lexical
56039.vip,vi,0.93,prefix_suffix,lexical
banjobob.com,bob,0.93,prefix_suffix,lexical
tttjj.vip,vi,0.93,prefix_suffix,lexical
com-elitsl.vip,vi,0.93,prefix_suffix,lexical
riolive88.vip,vi,0.93,prefix_suffix,lexical
visualconfig.tech,vi,0.93,prefix_suffix,lexical
hi823.vip,vi,0.93,prefix_suffix,lexical
17md.vip,vi,0.93,prefix_suffix,lexical
holiganbet-guncelsgiris.vip,vi,0.93,prefix_suffix,lexical
choivin88.vip,vi,0.93,prefix_suffix,lexical
vignoble-pineau.fr,vi,0.93,prefix_suffix,lexical
com-soadjw.vip,vi,0.93,prefix_suffix,lexical
dmtof.vip,vi,0.93,prefix_suffix,lexical
c769.vip,vi,0.93,prefix_suffix,lexical
sauna-vihta-b.com,vi,0.93,prefix_suffix,lexical
clickgamezone808.sbs,bob,0.93,prefix_suffix,lexical
viadoyoubelieve.com,vi,0.93,prefix_suffix,lexical
916a8.vip,vi,0.93,prefix_suffix,lexical
fortuvinco.vip,vi,0.93,prefix_suffix,lexical
t-visionbyt-mobile.com,vi,0.93,prefix_suffix,lexical
bailety168.vip,vi,0.93,prefix_suffix,lexical
vitaltransport.net,vi,0.93,prefix_suffix,lexical
vitalslim.net,vi,0.93,prefix_suffix,lexical
viloservice.com,vi,0.93,prefix_suffix,lexical
668vip3.vip,vi,0.93,prefix_suffix,lexical
vlpcxthough.sbs,vi,0.93,prefix_suffix,lexical
betvn444.vip,vi,0.93,prefix_suffix,lexical
visitmackinawmi.com,vi,0.93,prefix_suffix,lexical
whats-zvz.vip,vi,0.93,prefix_suffix,lexical
1blr5vjzir.vip,vi,0.93,prefix_suffix,lexical
vireloti.cfd,vi,0.93,prefix_suffix,lexical
vivraoficial.com,vi,0.93,prefix_suffix,lexical
visszanezverosszabb.hu,vi,0.93,prefix_suffix,lexical
viibservice.com,vi,0.93,prefix_suffix,lexical
myvitalab.com,vi,0.93,prefix_suffix,lexical
nordfusac.com,sac,0.93,prefix_suffix,lexical
sacmigroup-it.com,sac,0.93,prefix_suffix,lexical
cohclinic.com,nic,0.93,prefix_suffix,lexical
obdkk.vip,vi,0.93,prefix_suffix,lexical
18comic-uc.vip,vi,0.93,prefix_suffix,lexical
visitmarche.net,vi,0.93,prefix_suffix,lexical
a7ty45.vip,vi,0.93,prefix_suffix,lexical
virtualdose.com,vi,0.93,prefix_suffix,lexical
nickieandcopublishing.org,nic,0.93,prefix_suffix,lexical
vikingindustrial.com,vi,0.93,prefix_suffix,lexical
vipdi03.cn,vi,0.93,prefix_suffix,lexical
loclocks.com,iocl,0.93,prefix_suffix,lexical
nicolausrenewable.com,nic,0.93,prefix_suffix,lexical
toyota99.vip,vi,0.93,prefix_suffix,lexical
villajvdbvi.com,vi,0.93,prefix_suffix,lexical
atlpactradingllc.vip,vi,0.93,prefix_suffix,lexical
cmwqf20.vip,vi,0.93,prefix_suffix,lexical
visualsbydc.com,vi,0.93,prefix_suffix,lexical
visitsampson.com,vi,0.93,prefix_suffix,lexical
visem.net,vi,0.93,prefix_suffix,lexical
nodownpaymenthomeloans.com,sbi,0.93,prefix_suffix,lexical
victorsway.com,vi,0.93,prefix_suffix,lexical
gr-11-health-clinic-solutions.online,nic,0.93,prefix_suffix,lexical
63704.vip,vi,0.93,prefix_suffix,lexical
vincent-gotta.dev,vi,0.93,prefix_suffix,lexical
26124435.vip,vi,0.93,prefix_suffix,lexical
axisstudio.media,axis,0.93,prefix_suffix,lexical
vissershuis.com,vi,0.93,prefix_suffix,lexical
villasaintenogat.com,vi,0.93,prefix_suffix,lexical
rollask8z.vip,vi,0.93,prefix_suffix,lexical
54836.vip,vi,0.93,prefix_suffix,lexical
fox333club-v1.com,vi,0.98,exact_label,lexical
betjbd.vip,vi,0.93,prefix_suffix,lexical
nickspizzarestaurant.shop,nic,0.93,prefix_suffix,lexical
h15bl.top,sbi,0.93,prefix_suffix,lexical
viral.bio,vi,0.93,prefix_suffix,lexical
sushiosaka-organic.net,nic,0.93,prefix_suffix,lexical
visible4ai.com,vi,0.93,prefix_suffix,lexical
gemmaselevi.com,vi,0.93,prefix_suffix,lexical
naninavi.com,vi,0.93,prefix_suffix,lexical
hotel-videography.com,vi,0.93,prefix_suffix,lexical
g3flare.vip,vi,0.93,prefix_suffix,lexical
71951.vip,vi,0.93,prefix_suffix,lexical
nicolefrance.com,nic,0.93,prefix_suffix,lexical
thehighroller.vip,vi,0.93,prefix_suffix,lexical
8e88-vip.app,vi,0.93,prefix_suffix,lexical
c737.vip,vi,0.93,prefix_suffix,lexical
61194.vip,vi,0.93,prefix_suffix,lexical
c721.vip,vi,0.93,prefix_suffix,lexical
vibteraacademy.com,vi,0.93,prefix_suffix,lexical
19920.vip,vi,0.93,prefix_suffix,lexical
wc-store.vip,vi,0.93,prefix_suffix,lexical
paulbicanic.com,nic,0.93,prefix_suffix,lexical
nicoresellzz.com,nic,0.93,prefix_suffix,lexical
virus303daftar.com,vi,0.93,prefix_suffix,lexical
hiltonbetdede.vip,vi,0.93,prefix_suffix,lexical
vip-diesel.store,vi,0.93,prefix_suffix,lexical
didi51-t0347.vip,vi,0.93,prefix_suffix,lexical
2026-kavbetegir2.vip,vi,0.93,prefix_suffix,lexical
vijayawadapestcontrol.com,vi,0.93,prefix_suffix,lexical
lianginrumbia.vip,vi,0.93,prefix_suffix,lexical
viaggiareaocchiaperti.com,vi,0.93,prefix_suffix,lexical
abhay.us,nha,0.93,prefix_suffix,lexical
abhatiland.com,nha,0.93,prefix_suffix,lexical
www-visiocore.com,vi,0.93,prefix_suffix,lexical
virginiahighschool.info,vi,0.93,prefix_suffix,lexical
vipmassagist.ru,vi,0.93,prefix_suffix,lexical
nightdream.vip,vi,0.93,prefix_suffix,lexical
visitationconcourse.com,vi,0.93,prefix_suffix,lexical
slon--4cc.vip,vi,0.93,prefix_suffix,lexical
vietnamnets.com,vi,0.93,prefix_suffix,lexical
violarothschild.com,vi,0.93,prefix_suffix,lexical
vibesrun.xyz,vi,0.93,prefix_suffix,lexical
tiktokordermall.vip,vi,0.93,prefix_suffix,lexical
visionyachtmanagement.com,vi,0.93,prefix_suffix,lexical
visakhan.com,vi,0.93,prefix_suffix,lexical
vitadekor.art,vi,0.93,prefix_suffix,lexical
senorpizzausvi.com,vi,0.93,prefix_suffix,lexical
cqcykj.vip,vi,0.93,prefix_suffix,lexical
t-visionsuck.com,vi,0.93,prefix_suffix,lexical
viberbid.com,vi,0.93,prefix_suffix,lexical
zdyh6008hd.vip,vi,0.93,prefix_suffix,lexical
orgimelawi.org,census,0.93,prefix_suffix,lexical
xy24.vip,vi,0.93,prefix_suffix,lexical
axisenergycare.com,axis,0.93,prefix_suffix,lexical
viplegaldocpreparer.com,vi,0.93,prefix_suffix,lexical
viralsocialtemplates.com,vi,0.93,prefix_suffix,lexical
vivay.org,vi,0.93,prefix_suffix,lexical
visiontechmd.com,vi,0.93,prefix_suffix,lexical
foxpro.vip,vi,0.93,prefix_suffix,lexical
09061.vip,vi,0.93,prefix_suffix,lexical
pokenic.com,nic,0.93,prefix_suffix,lexical
90649.vip,vi,0.93,prefix_suffix,lexical
replicator808.online,bob,0.93,prefix_suffix,lexical
viatgesbhutan.com,vi,0.93,prefix_suffix,lexical
qyc34.vip,vi,0.93,prefix_suffix,lexical
theseekersaxis.com,axis,0.93,prefix_suffix,lexical
homeelegal.vip,vi,0.93,prefix_suffix,lexical
vektronic.store,nic,0.93,prefix_suffix,lexical
myzanvi.shop,vi,0.93,prefix_suffix,lexical
123sddsg.vip,vi,0.93,prefix_suffix,lexical
farmacia-viva-shipibo.org,vi,0.93,prefix_suffix,lexical
valery-vibe.site,vi,0.93,prefix_suffix,lexical
vietleadershipcoach.online,vi,0.93,prefix_suffix,lexical
village-sheds.com,vi,0.93,prefix_suffix,lexical
ahawa.vip,vi,0.93,prefix_suffix,lexical
videothieunhi.vn,vi,0.93,prefix_suffix,lexical
vibracore.info,vi,0.93,prefix_suffix,lexical
visamen.com.br,vi,0.93,prefix_suffix,lexical
vibetimephotos.com,vi,0.93,prefix_suffix,lexical
bet365tips.vip,vi,0.93,prefix_suffix,lexical
26124581.vip,sbi,0.93,prefix_suffix,lexical
eclbu.observer,eci,0.93,prefix_suffix,lexical
didi51-t0363.vip,vi,0.93,prefix_suffix,lexical
ligyriksvi.net,vi,0.93,prefix_suffix,lexical
briforhomeloans.com,sbi,0.93,prefix_suffix,lexical
didi51-t0314.vip,vi,0.93,prefix_suffix,lexical
viapronova.info,vi,0.93,prefix_suffix,lexical
vionicshoe.online,vi,0.93,prefix_suffix,lexical
viesaineqk.info,vi,0.93,prefix_suffix,lexical
vittzix.com,vi,0.93,prefix_suffix,lexical
zduzl.vip,vi,0.93,prefix_suffix,lexical
hk-bob.com,bob,0.98,exact_label,lexical
432853.xyz,bse,0.93,prefix_suffix,lexical
takebet.vip,vi,0.93,prefix_suffix,lexical
ihqdh.vip,vi,0.93,prefix_suffix,lexical
visionaryubuntupedagogy.org,vi,0.93,prefix_suffix,lexical
victoriapereztome.com,vi,0.93,prefix_suffix,lexical
59803.vip,vi,0.93,prefix_suffix,lexical
halligan.vip,vi,0.93,prefix_suffix,lexical
nicole-nisshin-global.com,nic,0.93,prefix_suffix,lexical
vitrineatodo.com,vi,0.93,prefix_suffix,lexical
fracovi.com,vi,0.93,prefix_suffix,lexical
kbctv.vip,vi,0.93,prefix_suffix,lexical
cruyff.vip,vi,0.93,prefix_suffix,lexical
marsbahisgirisc.vip,vi,0.93,prefix_suffix,lexical
vitoryabeauty.com.br,vi,0.93,prefix_suffix,lexical
visitnorthwestterritories.com,vi,0.93,prefix_suffix,lexical
com-awdsa.vip,vi,0.93,prefix_suffix,lexical
gasdecozinha.store,nha,0.93,prefix_suffix,lexical
aaqzb.vip,vi,0.93,prefix_suffix,lexical
bailety52.vip,vi,0.93,prefix_suffix,lexical
y7124482.vip,vi,0.93,prefix_suffix,lexical
98475.vip,vi,0.93,prefix_suffix,lexical
ivfclinic.us,nic,0.93,prefix_suffix,lexical
lw668.vip,vi,0.93,prefix_suffix,lexical
rraows366.vip,vi,0.93,prefix_suffix,lexical
vlautocentro.com,vi,0.93,prefix_suffix,lexical
couragechristianlc.com,nic,0.93,prefix_suffix,lexical
kairaorganic.com,nic,0.93,prefix_suffix,lexical
via-avignette.click,vi,0.93,prefix_suffix,lexical
y7124532.vip,vi,0.93,prefix_suffix,lexical
viciouscandy.com,vi,0.93,prefix_suffix,lexical
vic.wine,vi,0.93,prefix_suffix,lexical
bsehhtet.com,bse,0.93,prefix_suffix,lexical
totalfootcareclinic.com,nic,0.93,prefix_suffix,lexical
vireonpro.site,vi,0.93,prefix_suffix,lexical
bailety15.vip,vi,0.93,prefix_suffix,lexical
ds3388.vip,vi,0.93,prefix_suffix,lexical
miolx.vip,vi,0.93,prefix_suffix,lexical
nicolasit.ca,nic,0.93,prefix_suffix,lexical
viralbold.com,vi,0.93,prefix_suffix,lexical
nicole-dgc-co.com,nic,0.93,prefix_suffix,lexical
vixeo.in,vi,0.93,prefix_suffix,lexical
bobolink.us,bob,0.93,prefix_suffix,lexical
vietken12.com,vi,0.93,prefix_suffix,lexical
villageworking.com,vi,0.93,prefix_suffix,lexical
viajebhutan.com,vi,0.93,prefix_suffix,lexical
vipkayla.com,vi,0.93,prefix_suffix,lexical
virelumi.cfd,vi,0.93,prefix_suffix,lexical
visitaguyana.com,vi,0.93,prefix_suffix,lexical
vitterstigar.net,vi,0.93,prefix_suffix,lexical
icnpd.vip,vi,0.93,prefix_suffix,lexical
vlkcldbl.xyz,vi,0.93,prefix_suffix,lexical
controltronic.us,nic,0.93,prefix_suffix,lexical
visitswissarmyknife.com,vi,0.93,prefix_suffix,lexical
kushifuru-villa.com,vi,0.93,prefix_suffix,lexical
viciousworld.online,vi,0.93,prefix_suffix,lexical
vivsimon.com,vi,0.93,prefix_suffix,lexical
vlbook247.online,vi,0.93,prefix_suffix,lexical
yonorummy777-vip.com,vi,0.93,prefix_suffix,lexical
eclipsestorage.xyz,eci,0.93,prefix_suffix,lexical
y7124511.vip,vi,0.93,prefix_suffix,lexical
uzqgp.vip,vi,0.93,prefix_suffix,lexical
en-visiocore.com,vi,0.93,prefix_suffix,lexical
pdixh.vip,vi,0.93,prefix_suffix,lexical
vip999.onl,vi,0.93,prefix_suffix,lexical
vip-map.my,vi,0.93,prefix_suffix,lexical
vivernature.com,vi,0.93,prefix_suffix,lexical
betvn12.vip,vi,0.93,prefix_suffix,lexical
vibecomment.ru,vi,0.93,prefix_suffix,lexical
timebetgirisim.vip,vi,0.93,prefix_suffix,lexical
nicai.xyz,nic,0.93,prefix_suffix,lexical
75581.vip,sbi,0.93,prefix_suffix,lexical
pboau.vip,vi,0.93,prefix_suffix,lexical
39057.vip,vi,0.93,prefix_suffix,lexical
visiontoblueprint.net,vi,0.93,prefix_suffix,lexical
y7124435.vip,vi,0.93,prefix_suffix,lexical
9313tt.vip,vi,0.93,prefix_suffix,lexical
26124479.vip,vi,0.93,prefix_suffix,lexical
clwander-inodes.vip,vi,0.93,prefix_suffix,lexical
ebooksdavivi.online,vi,0.93,prefix_suffix,lexical
vidaxl-zc.life,vi,0.93,prefix_suffix,lexical
norsonic.store,nic,0.93,prefix_suffix,lexical
viewprediction.com,vi,0.93,prefix_suffix,lexical
sblegal.us,sbi,0.93,prefix_suffix,lexical
galevi.com,vi,0.93,prefix_suffix,lexical
vipwede88.cyou,vi,0.93,prefix_suffix,lexical
n2r8.vip,vi,0.93,prefix_suffix,lexical
agellegalnow.vip,vi,0.93,prefix_suffix,lexical
virginiabeachdaily.com,vi,0.93,prefix_suffix,lexical
vivienne-lux.com,vi,0.93,prefix_suffix,lexical
vlgvcq.top,vi,0.93,prefix_suffix,lexical
vistapodcasters.cyou,vi,0.93,prefix_suffix,lexical
ennrnn.vip,vi,0.93,prefix_suffix,lexical
55388.vip,vi,0.93,prefix_suffix,lexical
vd-giris.vip,vi,0.93,prefix_suffix,lexical
videovows.com,vi,0.93,prefix_suffix,lexical
gold-bet.vip,vi,0.93,prefix_suffix,lexical
txp1688oveothhg.vip,vi,0.93,prefix_suffix,lexical
mages-ergotherapiepraxis.com,axis,0.93,prefix_suffix,lexical
rainbowengravingllc.vip,vi,0.93,prefix_suffix,lexical
visita-samaipata.me,vi,0.93,prefix_suffix,lexical
vikramvenkateswaran.com,vi,0.93,prefix_suffix,lexical
69279.vip,vi,0.93,prefix_suffix,lexical
pmelettronic.com,nic,0.93,prefix_suffix,lexical
isrorymarried.com,isro,0.93,prefix_suffix,lexical
anyaconservi.online,vi,0.93,prefix_suffix,lexical
videopascoa.shop,vi,0.93,prefix_suffix,lexical
7k-play6.vip,vi,0.93,prefix_suffix,lexical
xy42.vip,vi,0.93,prefix_suffix,lexical
nhathuocandat.com,nha,0.93,prefix_suffix,lexical
vinfastauto-saigon.com,vi,0.93,prefix_suffix,lexical
8539.me,bse,0.93,prefix_suffix,lexical
t-visiontv.com,vi,0.93,prefix_suffix,lexical
xy365555.vip,vi,0.93,prefix_suffix,lexical
nexaluxe.vip,vi,0.93,prefix_suffix,lexical
cashbackpromo.vip,vi,0.93,prefix_suffix,lexical
sazsa.vip,vi,0.93,prefix_suffix,lexical
vintageboxofficial.com,vi,0.93,prefix_suffix,lexical
57190.vip,vi,0.93,prefix_suffix,lexical
koguq411.vip,vi,0.93,prefix_suffix,lexical
vaggo.vip,vi,0.93,prefix_suffix,lexical
vingette-autobahn.site,vi,0.93,prefix_suffix,lexical
viiz.us,vi,0.93,prefix_suffix,lexical
visionbuildersalliance.info,vi,0.93,prefix_suffix,lexical
alvenic.help,nic,0.93,prefix_suffix,lexical
vi5u4x.top,vi,0.93,prefix_suffix,lexical
vipdordogneperigord.com,vi,0.93,prefix_suffix,lexical
viamente.ai,vi,0.93,prefix_suffix,lexical
vibecodeforjesus.com,vi,0.93,prefix_suffix,lexical
42049.vip,vi,0.93,prefix_suffix,lexical
nicolelewisphoto.com,nic,0.93,prefix_suffix,lexical
vincentfrowijn.com,vi,0.93,prefix_suffix,lexical
perabetresmigiris.vip,vi,0.93,prefix_suffix,lexical
bjaimeiclinic.com,nic,0.93,prefix_suffix,lexical
vibecompanies.ai,vi,0.93,prefix_suffix,lexical
visioprime.com,vi,0.93,prefix_suffix,lexical
teoab.vip,vi,0.93,prefix_suffix,lexical
26124549.vip,vi,0.93,prefix_suffix,lexical
zirvebet-giris.vip,vi,0.93,prefix_suffix,lexical
yd54144.vip,vi,0.93,prefix_suffix,lexical
virtucanna.com,vi,0.93,prefix_suffix,lexical
vizzioclothing.com,vi,0.93,prefix_suffix,lexical
lofi-vibes.com,vi,0.93,prefix_suffix,lexical
vividfunland.com,vi,0.93,prefix_suffix,lexical
visitbanggai.com,vi,0.93,prefix_suffix,lexical
vid-max.com,vi,0.93,prefix_suffix,lexical
vitaplus-sports.com,vi,0.93,prefix_suffix,lexical
nuvi-transfer.com,vi,0.93,prefix_suffix,lexical
visittraversecitymi.com,vi,0.93,prefix_suffix,lexical
villa-boheme.com,vi,0.93,prefix_suffix,lexical
568680.vip,vi,0.93,prefix_suffix,lexical
vital-shores.com,vi,0.93,prefix_suffix,lexical
vllegal.com,vi,0.93,prefix_suffix,lexical
vimas.us,vi,0.93,prefix_suffix,lexical
axisfabproducts.com,axis,0.93,prefix_suffix,lexical
vipgrandhotel.com,vi,0.93,prefix_suffix,lexical
vittrupsystems.dk,vi,0.93,prefix_suffix,lexical
849aa566.vip,vi,0.93,prefix_suffix,lexical
y7124512.vip,vi,0.93,prefix_suffix,lexical
jojobets-viptr.vip,vi,0.93,prefix_suffix,lexical
vibrantstatistics.com,vi,0.93,prefix_suffix,lexical
viredroid.com,vi,0.93,prefix_suffix,lexical
virtualfinancialcoach.com,vi,0.93,prefix_suffix,lexical
i4xm65bi.top,sbi,0.93,prefix_suffix,lexical
vipforthepeople.com,vi,0.93,prefix_suffix,lexical
jojobetguncel-giris.vip,vi,0.93,prefix_suffix,lexical
videoramedia.com,vi,0.93,prefix_suffix,lexical
pgars15.vip,vi,0.93,prefix_suffix,lexical
vialucis.life,vi,0.93,prefix_suffix,lexical
vieroaroma.com,vi,0.93,prefix_suffix,lexical
vipjkz.asia,vi,0.93,prefix_suffix,lexical
vivr.lat,vi,0.93,prefix_suffix,lexical
vidaworld.us,vi,0.93,prefix_suffix,lexical
vleadsmarketing.com,vi,0.93,prefix_suffix,lexical
11578.vip,vi,0.93,prefix_suffix,lexical
hkhks.vip,vi,0.93,prefix_suffix,lexical
zbazz.vip,vi,0.93,prefix_suffix,lexical
sacredlightministries.online,sac,0.93,prefix_suffix,lexical
orthopraxis-zerbst.com,axis,0.93,prefix_suffix,lexical
vitallesaude.online,vi,0.93,prefix_suffix,lexical
sena888.vip,vi,0.93,prefix_suffix,lexical
vishaleventsandplanner.in,vi,0.93,prefix_suffix,lexical
y7124538.vip,vi,0.93,prefix_suffix,lexical
viscarri.com,vi,0.93,prefix_suffix,lexical
eclipspins.com,eci,0.93,prefix_suffix,lexical
viralcoin.xyz,vi,0.93,prefix_suffix,lexical
vicjohnsonhomes.com,vi,0.93,prefix_suffix,lexical
ai-videobasedshop.info,vi,0.93,prefix_suffix,lexical
qivi.us,vi,0.93,prefix_suffix,lexical
vitalishealth.app,vi,0.93,prefix_suffix,lexical
virelixi.cfd,vi,0.93,prefix_suffix,lexical
senior91.com,census,0.93,prefix_suffix,lexical
videogameskeeper.com,vi,0.93,prefix_suffix,lexical
vlyka.com,vi,0.93,prefix_suffix,lexical
winxbetgunceltr.vip,vi,0.93,prefix_suffix,lexical
99262.vip,vi,0.93,prefix_suffix,lexical
ezmedurumevi.com,vi,0.93,prefix_suffix,lexical
app-vaycasino26.vip,vi,0.93,prefix_suffix,lexical
vitalernaehrungdeqg.info,vi,0.93,prefix_suffix,lexical
m98-vip.org,vi,0.93,prefix_suffix,lexical
cottontraders.vip,vi,0.93,prefix_suffix,lexical
camslaw.org,cams,0.93,prefix_suffix,lexical
elanlevi.com,vi,0.93,prefix_suffix,lexical
vitalsignal.fit,vi,0.93,prefix_suffix,lexical
menwithcams.com,cams,0.93,prefix_suffix,lexical
sc88i.vip,vi,0.93,prefix_suffix,lexical
vigilhometeam.com,vi,0.93,prefix_suffix,lexical
vitastep.store,vi,0.93,prefix_suffix,lexical
sackofdavid.com,sac,0.93,prefix_suffix,lexical
nbmbk.vip,vi,0.93,prefix_suffix,lexical
t-visionlawsuit.com,vi,0.93,prefix_suffix,lexical
vinerack.com,vi,0.93,prefix_suffix,lexical
rq77.vip,vi,0.93,prefix_suffix,lexical
21301.vip,vi,0.93,prefix_suffix,lexical
villalescitronniers.com,vi,0.93,prefix_suffix,lexical
t-visionorder.com,vi,0.93,prefix_suffix,lexical
axis-sandbox.org,axis,0.98,exact_label,lexical
visionledglobal.com,vi,0.93,prefix_suffix,lexical
bailety50.vip,vi,0.93,prefix_suffix,lexical
auravi.app,vi,0.93,prefix_suffix,lexical
ad16.vip,vi,0.93,prefix_suffix,lexical
villadeartistas.com,vi,0.93,prefix_suffix,lexical
vinylquest.io,vi,0.93,prefix_suffix,lexical
energaxis.com,axis,0.93,prefix_suffix,lexical
sachyeuthich.store,sac,0.93,prefix_suffix,lexical
ab59.vip,vi,0.93,prefix_suffix,lexical
phantomagent-ai.vip,vi,0.93,prefix_suffix,lexical
jimbob.us,bob,0.93,prefix_suffix,lexical
v1kgox.cfd,vi,0.93,prefix_suffix,lexical
mrtking-girisadres.vip,vi,0.93,prefix_suffix,lexical
bolasenjavip.vip,vi,0.93,prefix_suffix,lexical
c778.vip,vi,0.93,prefix_suffix,lexical
virec-reports.com,vi,0.93,prefix_suffix,lexical
sachistream.store,sac,0.93,prefix_suffix,lexical
rbluhcs2.top,rbi,0.93,prefix_suffix,lexical
vibisual.pro,vi,0.93,prefix_suffix,lexical
vidmuse.love,vi,0.93,prefix_suffix,lexical
th239.vip,vi,0.93,prefix_suffix,lexical
pahlavi.beauty,vi,0.93,prefix_suffix,lexical
vlwvgyqc.xyz,vi,0.93,prefix_suffix,lexical
tiejun.vip,vi,0.93,prefix_suffix,lexical
vlbook777.bet,vi,0.93,prefix_suffix,lexical
virginiatv.com,vi,0.93,prefix_suffix,lexical
ghbsgkvi.xyz,vi,0.93,prefix_suffix,lexical
3ivi.com,vi,0.93,prefix_suffix,lexical
twjsy.vip,vi,0.93,prefix_suffix,lexical
vipbazienfejarc.sa.com,vi,0.93,prefix_suffix,lexical
victorydoodle.com,vi,0.93,prefix_suffix,lexical
sbibankalert.online,sbi,0.93,prefix_suffix,lexical
vibedubai.xyz,vi,0.93,prefix_suffix,lexical
c765.vip,vi,0.93,prefix_suffix,lexical
vitalcorehealth.blog,vi,0.93,prefix_suffix,lexical
wozzvi.world,vi,0.93,prefix_suffix,lexical
vitalsalerts.com,vi,0.93,prefix_suffix,lexical
vibesconsulting.xyz,vi,0.93,prefix_suffix,lexical
vimecdolcevita.com,vi,0.93,prefix_suffix,lexical
ad15.vip,vi,0.93,prefix_suffix,lexical
vivaspin.fun,vi,0.93,prefix_suffix,lexical
vipstamp.com,vi,0.93,prefix_suffix,lexical
virexapro.com,vi,0.93,prefix_suffix,lexical
treasurethevi.com,vi,0.93,prefix_suffix,lexical
testosteronevi.com,vi,0.93,prefix_suffix,lexical
vakilalavi.com,vi,0.93,prefix_suffix,lexical
victorysmell.com,vi,0.93,prefix_suffix,lexical
nv1.click,vi,0.93,prefix_suffix,lexical
b2142.vip,vi,0.93,prefix_suffix,lexical
e1ftar.vip,vi,0.93,prefix_suffix,lexical
859525.vip,vi,0.93,prefix_suffix,lexical
y7124332.vip,vi,0.93,prefix_suffix,lexical
niceleaf.homes,nic,0.93,prefix_suffix,lexical
nickvr.space,nic,0.93,prefix_suffix,lexical
055211.vip,vi,0.93,prefix_suffix,lexical
nicptherapy.com,nic,0.93,prefix_suffix,lexical
zjjscq.vip,vi,0.93,prefix_suffix,lexical
viloart.com,vi,0.93,prefix_suffix,lexical
violetaitechnologies.com,vi,0.93,prefix_suffix,lexical
tophillbet-resmi9.vip,vi,0.93,prefix_suffix,lexical
nicolasvieira-photographe.com,nic,0.93,prefix_suffix,lexical
brideandgroom.vip,vi,0.93,prefix_suffix,lexical
barinova.clinic,nic,0.93,prefix_suffix,lexical
via-digitalpass.site,vi,0.93,prefix_suffix,lexical
nhathuocmanhty.com,nha,0.93,prefix_suffix,lexical
808defi.xyz,bob,0.93,prefix_suffix,lexical
hg5566.vip,vi,0.93,prefix_suffix,lexical
bobrikgay.vip,bob,0.93,prefix_suffix,lexical
vitamincinsights.com,vi,0.93,prefix_suffix,lexical
vitalsignals.net,vi,0.93,prefix_suffix,lexical
icewave.vip,vi,0.93,prefix_suffix,lexical
yiyonji.vip,vi,0.93,prefix_suffix,lexical
vicohomehk.com,vi,0.93,prefix_suffix,lexical
vidr.us.com,vi,0.93,prefix_suffix,lexical
bobbeheads.com,bob,0.93,prefix_suffix,lexical
visekkthat.sbs,vi,0.93,prefix_suffix,lexical
vintageautorental.com,vi,0.93,prefix_suffix,lexical
vital.ink,vi,0.93,prefix_suffix,lexical
calves-eclipsed.site,eci,0.93,prefix_suffix,lexical
vinaherbfoods.com,vi,0.93,prefix_suffix,lexical
gdyvn17.vip,vi,0.93,prefix_suffix,lexical
8888667.vip,vi,0.93,prefix_suffix,lexical
kopimorevi.com,vi,0.93,prefix_suffix,lexical
virtual-meeting-software-sdni-t7.click,vi,0.93,prefix_suffix,lexical
short-drama.vip,vi,0.93,prefix_suffix,lexical
villama.com,vi,0.93,prefix_suffix,lexical
bacaiims.com,aiims,0.93,prefix_suffix,lexical
y7124334.vip,vi,0.93,prefix_suffix,lexical
vilolala.com,vi,0.93,prefix_suffix,lexical
c45723705.vip,vi,0.93,prefix_suffix,lexical
viviharlowe.com,vi,0.93,prefix_suffix,lexical
vithongminh.online,vi,0.93,prefix_suffix,lexical
vlln.org,vi,0.93,prefix_suffix,lexical
33059.vip,vi,0.93,prefix_suffix,lexical
dajanajokanic.com,nic,0.93,prefix_suffix,lexical
saint-fiel-vitamine.fr,vi,0.93,prefix_suffix,lexical
sacredmoonkeepsakes.com,sac,0.93,prefix_suffix,lexical
myvitalsurveylabs.com,vi,0.93,prefix_suffix,lexical
byheart.vip,vi,0.93,prefix_suffix,lexical
vrbo8.com,bob,0.93,prefix_suffix,lexical
vip-egypt.ru,vi,0.93,prefix_suffix,lexical
vliegenraam-expert.com,vi,0.93,prefix_suffix,lexical
capitol-resmi-adres.vip,vi,0.93,prefix_suffix,lexical
virsa.us,vi,0.93,prefix_suffix,lexical
celtabet-resmiadres.vip,vi,0.93,prefix_suffix,lexical
979937.vip,vi,0.93,prefix_suffix,lexical
vitalpeptidesstore.com,vi,0.93,prefix_suffix,lexical
849yy988.vip,vi,0.93,prefix_suffix,lexical
26124482.vip,vi,0.93,prefix_suffix,lexical
violetdangerwest.com,vi,0.93,prefix_suffix,lexical
26124464.vip,vi,0.93,prefix_suffix,lexical
qxsgc.vip,vi,0.93,prefix_suffix,lexical
vivaconsulting.tech,vi,0.93,prefix_suffix,lexical
incensus.info,census,0.93,prefix_suffix,lexical
airtable.vip,vi,0.93,prefix_suffix,lexical
fredwilson.vip,vi,0.93,prefix_suffix,lexical
ai-skill.vip,vi,0.93,prefix_suffix,lexical
erpicj10.org,jio,0.93,prefix_suffix,lexical
nicetunnelvip.xyz,nic,0.93,prefix_suffix,lexical
casi-resmigirs2026.vip,vi,0.93,prefix_suffix,lexical
visurian.com,vi,0.93,prefix_suffix,lexical
tgs-888-vip.com,vi,0.93,prefix_suffix,lexical
viper.bio,vi,0.93,prefix_suffix,lexical
y7124307.vip,vi,0.93,prefix_suffix,lexical
nicheloanapplications.com,nic,0.93,prefix_suffix,lexical
vibe-nodal.com,vi,0.93,prefix_suffix,lexical
vivenzaterrabrasilis.com.br,vi,0.93,prefix_suffix,lexical
nacozinha.net,nha,0.93,prefix_suffix,lexical
vintageoldtoys.com,vi,0.93,prefix_suffix,lexical
com-elitdw.vip,vi,0.93,prefix_suffix,lexical
bettcio-gercek.vip,vi,0.93,prefix_suffix,lexical
visitartoledo.com,vi,0.93,prefix_suffix,lexical
nicofthyme.com,nic,0.93,prefix_suffix,lexical
ivyzinha.com,nha,0.93,prefix_suffix,lexical
ai-ionic.io,nic,0.93,prefix_suffix,lexical
viva-belcanto.com,vi,0.93,prefix_suffix,lexical
viperion.org,vi,0.93,prefix_suffix,lexical
iciclipeio.icu,icici,0.93,prefix_suffix,lexical
nicosiapress.com,nic,0.93,prefix_suffix,lexical
vidaclickgt.com,vi,0.93,prefix_suffix,lexical
nmnie.vip,vi,0.93,prefix_suffix,lexical
viimeinenera.fi,vi,0.93,prefix_suffix,lexical
vipluckcasino.net,vi,0.93,prefix_suffix,lexical
bshqc.vip,vi,0.93,prefix_suffix,lexical
mvjwp.vip,vi,0.93,prefix_suffix,lexical
bobocka.com,bob,0.93,prefix_suffix,lexical
vlati.com,vi,0.93,prefix_suffix,lexical
45369.vip,vi,0.93,prefix_suffix,lexical
y7124497.vip,vi,0.93,prefix_suffix,lexical
quantramint.vip,vi,0.93,prefix_suffix,lexical
se-vipa.com,vi,0.93,prefix_suffix,lexical
serenevi.com,vi,0.93,prefix_suffix,lexical
visitthesaint.com,vi,0.93,prefix_suffix,lexical
jsjcw.vip,vi,0.93,prefix_suffix,lexical
virtualdarshan.com,vi,0.93,prefix_suffix,lexical
sapeleclinic.com,nic,0.93,prefix_suffix,lexical
vignettetoll.site,vi,0.93,prefix_suffix,lexical
vitfy.online,vi,0.93,prefix_suffix,lexical
lzjio.com,jio,0.93,prefix_suffix,lexical
kyxtglvl.sbs,vi,0.93,prefix_suffix,lexical
vintageluxeparis.com,vi,0.93,prefix_suffix,lexical
latticeorderflow.vip,vi,0.93,prefix_suffix,lexical
vialactea.us,vi,0.93,prefix_suffix,lexical
viplinkneko4d.xyz,vi,0.93,prefix_suffix,lexical
nicvakil.com,nic,0.93,prefix_suffix,lexical
vidixar.com,vi,0.93,prefix_suffix,lexical
vietjetship.com,vi,0.93,prefix_suffix,lexical
aaawellnessclinic.com,nic,0.93,prefix_suffix,lexical
26747.vip,vi,0.93,prefix_suffix,lexical
viradrones.com,vi,0.93,prefix_suffix,lexical
villmarksenter.com,vi,0.93,prefix_suffix,lexical
com-elitso.vip,vi,0.93,prefix_suffix,lexical
viktoriakohlert.shop,vi,0.93,prefix_suffix,lexical
03711.vip,vi,0.93,prefix_suffix,lexical
vivrators.com,vi,0.93,prefix_suffix,lexical
videosdo.com,vi,0.93,prefix_suffix,lexical
viewgrillgc.com,vi,0.93,prefix_suffix,lexical
vintageapparelstore.com,vi,0.93,prefix_suffix,lexical
nickclayton5-portfolio.com,nic,0.93,prefix_suffix,lexical
altergenic.com,nic,0.93,prefix_suffix,lexical
vianacarpet.com,vi,0.93,prefix_suffix,lexical
vibygger.org,vi,0.93,prefix_suffix,lexical
viadigitales.com,vi,0.93,prefix_suffix,lexical
sacriality.bond,sac,0.93,prefix_suffix,lexical
almanbahis-resmiadresin.vip,vi,0.93,prefix_suffix,lexical
bobsjobs.com,bob,0.93,prefix_suffix,lexical
26124486.vip,vi,0.93,prefix_suffix,lexical
rb12329.com,rbi,0.93,prefix_suffix,lexical
t-visiondealer.com,vi,0.93,prefix_suffix,lexical
26124540.vip,vi,0.93,prefix_suffix,lexical
nlculturallink.com,nic,0.93,prefix_suffix,lexical
x33s.vip,vi,0.93,prefix_suffix,lexical
villastamp.com,vi,0.93,prefix_suffix,lexical
vibrantdealfortune.shop,vi,0.93,prefix_suffix,lexical
vipweddingfireworkdisplays.com,vi,0.93,prefix_suffix,lexical
videos.zone,vi,0.93,prefix_suffix,lexical
a7ty9.vip,vi,0.93,prefix_suffix,lexical
virecmarket.com,vi,0.93,prefix_suffix,lexical
vitaloryfocus.com,vi,0.93,prefix_suffix,lexical
gxpsn.vip,vi,0.93,prefix_suffix,lexical
78450.vip,vi,0.93,prefix_suffix,lexical
vittoresto.site,vi,0.93,prefix_suffix,lexical
viazync.cloud,vi,0.93,prefix_suffix,lexical
vipbit.net,vi,0.93,prefix_suffix,lexical
auklet-tx.vip,vi,0.93,prefix_suffix,lexical
villaclementini.com,vi,0.93,prefix_suffix,lexical
19560.vip,vi,0.93,prefix_suffix,lexical
visualstoryproduction.net,vi,0.93,prefix_suffix,lexical
axisgrind.org,axis,0.93,prefix_suffix,lexical
vidicy.com,vi,0.93,prefix_suffix,lexical
viluppuramdroptaxi.com,vi,0.93,prefix_suffix,lexical
tricitieshandclinic.com,nic,0.93,prefix_suffix,lexical
vibevalues.com,vi,0.93,prefix_suffix,lexical
xy79.vip,vi,0.93,prefix_suffix,lexical
vivasorteoriginal-tv.site,vi,0.93,prefix_suffix,lexical
26124386.vip,vi,0.93,prefix_suffix,lexical
gtg258.vip,vi,0.93,prefix_suffix,lexical
70205.vip,vi,0.93,prefix_suffix,lexical
viettellamha.com,vi,0.93,prefix_suffix,lexical
vickycandoit.com,vi,0.93,prefix_suffix,lexical
luvorganic.com,nic,0.93,prefix_suffix,lexical
aimmechatronic.com,nic,0.93,prefix_suffix,lexical
virtualbusinessstartup.com,vi,0.93,prefix_suffix,lexical
virginchecklist.com,vi,0.93,prefix_suffix,lexical
y7124322.vip,vi,0.93,prefix_suffix,lexical
nhaxeducanh.com,nha,0.93,prefix_suffix,lexical
victoryarena.id,vi,0.93,prefix_suffix,lexical
infinitiofpeoriaparts.com,icici,0.93,prefix_suffix,lexical
vlph.top,vi,0.93,prefix_suffix,lexical
pettaxis.com,axis,0.93,prefix_suffix,lexical
visionaryalliance.info,vi,0.93,prefix_suffix,lexical
safirbetresmigiris.vip,vi,0.93,prefix_suffix,lexical
crb7.vip,vi,0.93,prefix_suffix,lexical
vital3aesp.com,vi,0.93,prefix_suffix,lexical
k88u.vip,vi,0.93,prefix_suffix,lexical
visitukiah.com,vi,0.93,prefix_suffix,lexical
vipking.love,vi,0.93,prefix_suffix,lexical
cangercloud26.vip,vi,0.93,prefix_suffix,lexical
vitalclubs.com,vi,0.93,prefix_suffix,lexical
cewvpn.vip,vi,0.93,prefix_suffix,lexical
nichemeet.com,nic,0.93,prefix_suffix,lexical
visualisesuccess.com,vi,0.93,prefix_suffix,lexical
ptaskc.vip,vi,0.93,prefix_suffix,lexical
advancehearingclinic.org,nic,0.93,prefix_suffix,lexical
vital-registry.com,vi,0.93,prefix_suffix,lexical
vitatejas.com,vi,0.93,prefix_suffix,lexical
boboomotayo.com,bob,0.93,prefix_suffix,lexical
vinwin.gifts,vi,0.93,prefix_suffix,lexical
vipmaternidade.com.br,vi,0.93,prefix_suffix,lexical
vividhamy.com,vi,0.93,prefix_suffix,lexical
mediclinic.equipment,nic,0.93,prefix_suffix,lexical
vitrineemedia.com.br,vi,0.93,prefix_suffix,lexical
bobbyoldfasin.com,bob,0.93,prefix_suffix,lexical
sacredalchemy.com.de,sac,0.93,prefix_suffix,lexical
virginiadirtmusic.com,vi,0.93,prefix_suffix,lexical
vistasynergy.us,vi,0.93,prefix_suffix,lexical
telegram-vi.com,vi,0.98,exact_label,lexical
victoriamarchese.ca,vi,0.93,prefix_suffix,lexical
sacredlightministries.org,sac,0.93,prefix_suffix,lexical
vivavora.com,vi,0.93,prefix_suffix,lexical
ucfrc.vip,vi,0.93,prefix_suffix,lexical
soutienscolaire-villedegorbio.com,vi,0.93,prefix_suffix,lexical
ypxfv.vip,vi,0.93,prefix_suffix,lexical
nardinifireserv1.com,vi,0.93,prefix_suffix,lexical
myt-visionaccount.com,vi,0.93,prefix_suffix,lexical
nprivz.top,nic,0.93,prefix_suffix,lexical
rmlcr.vip,vi,0.93,prefix_suffix,lexical
vionrahotels.com,vi,0.93,prefix_suffix,lexical
bobbysworm.com,bob,0.93,prefix_suffix,lexical
taksimbet-guvenlisite.vip,vi,0.93,prefix_suffix,lexical
victoriaenergysolutions.com,vi,0.93,prefix_suffix,lexical
0pm2v1.sbs,vi,0.93,prefix_suffix,lexical
villavollard.com,vi,0.93,prefix_suffix,lexical
vitalola.org,vi,0.93,prefix_suffix,lexical
emirdev1.website,vi,0.93,prefix_suffix,lexical
infinitimedicalcenter.com,icici,0.93,prefix_suffix,lexical
unibob.site,bob,0.93,prefix_suffix,lexical
ipcams.us,cams,0.93,prefix_suffix,lexical
y7124456.vip,vi,0.93,prefix_suffix,lexical
913rr.vip,vi,0.93,prefix_suffix,lexical
nicsell.info,nic,0.93,prefix_suffix,lexical
jimsautoclinic.com,nic,0.93,prefix_suffix,lexical
bobty4.com,bob,0.93,prefix_suffix,lexical
virtualpixeldust.com,vi,0.93,prefix_suffix,lexical
vimizim-pcf.com,vi,0.93,prefix_suffix,lexical
62938.vip,vi,0.93,prefix_suffix,lexical
k2play-vip.com,vi,0.93,prefix_suffix,lexical
pwrulv853.com,bse,0.93,prefix_suffix,lexical
bailety74.vip,vi,0.93,prefix_suffix,lexical
5acessonlimpadigital.shop,sac,0.93,prefix_suffix,lexical
virtuspa.com,vi,0.93,prefix_suffix,lexical
92114.vip,vi,0.93,prefix_suffix,lexical
dtlyt.vip,vi,0.93,prefix_suffix,lexical
vindex.am,vi,0.93,prefix_suffix,lexical
04763.vip,vi,0.93,prefix_suffix,lexical
mmkjc.vip,vi,0.93,prefix_suffix,lexical
ncsui.vip,vi,0.93,prefix_suffix,lexical
fghby.vip,vi,0.93,prefix_suffix,lexical
srviszv.vip,vi,0.93,prefix_suffix,lexical
visable.us,vi,0.93,prefix_suffix,lexical
vistaheightsportland.com,vi,0.93,prefix_suffix,lexical
visitantagency.com,vi,0.93,prefix_suffix,lexical
sactuaryurban.com,sac,0.93,prefix_suffix,lexical
sacfagt.com,sac,0.93,prefix_suffix,lexical
g04-24-3384v1.cfd,vi,0.93,prefix_suffix,lexical
vi1zey.top,vi,0.93,prefix_suffix,lexical
hpauo.vip,vi,0.93,prefix_suffix,lexical
nicetubeservice.ru,nic,0.93,prefix_suffix,lexical
victorwilliam.com,vi,0.93,prefix_suffix,lexical
pelcanvi.com,vi,0.93,prefix_suffix,lexical
h23cl.top,eci,0.93,prefix_suffix,lexical
vibranlabs.com,vi,0.93,prefix_suffix,lexical
85353.id,bse,0.93,prefix_suffix,lexical
26124552.vip,vi,0.93,prefix_suffix,lexical
hjzdb.vip,vi,0.93,prefix_suffix,lexical
gvpbo.vip,vi,0.93,prefix_suffix,lexical
vignettetpass.click,vi,0.93,prefix_suffix,lexical
h87vl.top,vi,0.93,prefix_suffix,lexical
kikavi.com,vi,0.93,prefix_suffix,lexical
victoriiapurihotel.com,vi,0.93,prefix_suffix,lexical
vitaworldstore.com,vi,0.93,prefix_suffix,lexical
26124569.vip,vi,0.93,prefix_suffix,lexical
242186.vip,vi,0.93,prefix_suffix,lexical
vita-bienetre.com,vi,0.93,prefix_suffix,lexical
26124374.vip,vi,0.93,prefix_suffix,lexical
mx168.vip,vi,0.93,prefix_suffix,lexical
vibeliss.org,vi,0.93,prefix_suffix,lexical
uu2314.vip,vi,0.93,prefix_suffix,lexical
v1qqvj.cfd,vi,0.93,prefix_suffix,lexical
nickmidias.com,nic,0.93,prefix_suffix,lexical
mahjong3zvl.yachts,vi,0.93,prefix_suffix,lexical
nickwelter.com,nic,0.93,prefix_suffix,lexical
vitalitynest.site,vi,0.93,prefix_suffix,lexical
y7124485.vip,vi,0.93,prefix_suffix,lexical
lw898.vip,vi,0.93,prefix_suffix,lexical
vlame.com,vi,0.93,prefix_suffix,lexical
bobdecarli.com,bob,0.93,prefix_suffix,lexical
29848.vip,vi,0.93,prefix_suffix,lexical
video2buying.info,vi,0.93,prefix_suffix,lexical
xyekh.vip,vi,0.93,prefix_suffix,lexical
cnenvi.com,vi,0.93,prefix_suffix,lexical
t6hy.vip,vi,0.93,prefix_suffix,lexical
upsit-via.com,vi,0.93,prefix_suffix,lexical
10393.vip,vi,0.93,prefix_suffix,lexical
yyacjly100.vip,vi,0.93,prefix_suffix,lexical
bancos.vip,vi,0.93,prefix_suffix,lexical
jogxt.vip,vi,0.93,prefix_suffix,lexical
lisa-vilela.fr,vi,0.93,prefix_suffix,lexical
pnclognqql.vip,vi,0.93,prefix_suffix,lexical
sunsetnavi.com,vi,0.93,prefix_suffix,lexical
sacredmediacow.com,sac,0.93,prefix_suffix,lexical
whats-znc.vip,vi,0.93,prefix_suffix,lexical
731yc.vip,vi,0.93,prefix_suffix,lexical
jjtia.vip,vi,0.93,prefix_suffix,lexical
nicheloansba.com,nic,0.93,prefix_suffix,lexical
virtual-couture.org,vi,0.93,prefix_suffix,lexical
849uu577.vip,vi,0.93,prefix_suffix,lexical
vlvoimakylma.fi,vi,0.93,prefix_suffix,lexical
visualsupplysystems.site,vi,0.93,prefix_suffix,lexical
visitwestlimerick.com,vi,0.93,prefix_suffix,lexical
aecqmvi.com,vi,0.93,prefix_suffix,lexical
vipysh.com,vi,0.93,prefix_suffix,lexical
nichpeds.com,nic,0.93,prefix_suffix,lexical
vitalisshop.com,vi,0.93,prefix_suffix,lexical
colourmeorganic.us,nic,0.93,prefix_suffix,lexical
kornaxis.world,axis,0.93,prefix_suffix,lexical
navi.team,vi,0.93,prefix_suffix,lexical
leomrnqmv1.garden,vi,0.93,prefix_suffix,lexical
betvn000.vip,vi,0.93,prefix_suffix,lexical
jcnyx.vip,vi,0.93,prefix_suffix,lexical
71usa.vip,vi,0.93,prefix_suffix,lexical
virginiacole.com,vi,0.93,prefix_suffix,lexical
posterscams.com,cams,0.93,prefix_suffix,lexical
vintageclothingco.online,vi,0.93,prefix_suffix,lexical
voleraclinic.com,nic,0.93,prefix_suffix,lexical
vinfastgialai.net,vi,0.93,prefix_suffix,lexical
fabro.vip,vi,0.93,prefix_suffix,lexical
sweetasmavi.com,vi,0.93,prefix_suffix,lexical
villasencantada.com,vi,0.93,prefix_suffix,lexical
27873.vip,vi,0.93,prefix_suffix,lexical
vizora.web.id,vi,0.93,prefix_suffix,lexical
kirkiriya.vip,vi,0.93,prefix_suffix,lexical
bsp5.vip,vi,0.93,prefix_suffix,lexical
viisiit.com,vi,0.93,prefix_suffix,lexical
vibenewton.com,vi,0.93,prefix_suffix,lexical
vivendagt.com,vi,0.93,prefix_suffix,lexical
gocuz.vip,vi,0.93,prefix_suffix,lexical
rlzcj.vip,vi,0.93,prefix_suffix,lexical
viewsewa.id,vi,0.93,prefix_suffix,lexical
vibehook.online,vi,0.93,prefix_suffix,lexical
26124509.vip,vi,0.93,prefix_suffix,lexical
nicolehomistektravel.com,nic,0.93,prefix_suffix,lexical
26124577.vip,vi,0.93,prefix_suffix,lexical
sacredcontinuity.com,sac,0.93,prefix_suffix,lexical
visorai.org,vi,0.93,prefix_suffix,lexical
03059.vip,vi,0.93,prefix_suffix,lexical
79356.vip,vi,0.93,prefix_suffix,lexical
nicheloanmatch.com,nic,0.93,prefix_suffix,lexical
cxo-virtual.com,vi,0.93,prefix_suffix,lexical
googleweb-vip.com,vi,0.93,prefix_suffix,lexical
y7124352.vip,vi,0.93,prefix_suffix,lexical
visualtriage.com,vi,0.93,prefix_suffix,lexical
vigilsuite.online,vi,0.93,prefix_suffix,lexical
26024500.vip,vi,0.93,prefix_suffix,lexical
808legends.store,bob,0.93,prefix_suffix,lexical
vlabsolution.com,vi,0.93,prefix_suffix,lexical
visaguide.us,vi,0.93,prefix_suffix,lexical
apouz.vip,vi,0.93,prefix_suffix,lexical
coinsmartex77.vip,vi,0.93,prefix_suffix,lexical
bahhn.vip,vi,0.93,prefix_suffix,lexical
betinwin.vip,vi,0.93,prefix_suffix,lexical
y7124377.vip,vi,0.93,prefix_suffix,lexical
viacloud.org,vi,0.93,prefix_suffix,lexical
sac2rb.cfd,sac,0.93,prefix_suffix,lexical
bobbybrewers.com,bob,0.93,prefix_suffix,lexical
vintiquing.com,vi,0.93,prefix_suffix,lexical
myelectronic.shop,nic,0.93,prefix_suffix,lexical
visioner-living.ch,vi,0.93,prefix_suffix,lexical
stpaulsdentalclinic.com,nic,0.93,prefix_suffix,lexical
say-on.vip,vi,0.93,prefix_suffix,lexical
dg3355.vip,vi,0.93,prefix_suffix,lexical
virilitycopilot.com,vi,0.93,prefix_suffix,lexical
virginiahomemanagement.com,vi,0.93,prefix_suffix,lexical
crb6.vip,vi,0.93,prefix_suffix,lexical
viggomortensen.bio,vi,0.93,prefix_suffix,lexical
vipairportsolutions.com,vi,0.93,prefix_suffix,lexical
inaevi.com,vi,0.93,prefix_suffix,lexical
vitalmeister.com,vi,0.93,prefix_suffix,lexical
vivirdetusrentas.com,vi,0.93,prefix_suffix,lexical
viudanegra.info,vi,0.93,prefix_suffix,lexical
naturheilpraxis-nittritz.com,axis,0.93,prefix_suffix,lexical
12046.vip,vi,0.93,prefix_suffix,lexical
victorythreads.org,vi,0.93,prefix_suffix,lexical
vivashine.com,vi,0.93,prefix_suffix,lexical
y7124324.vip,vi,0.93,prefix_suffix,lexical
crb27.vip,vi,0.93,prefix_suffix,lexical
vlady.us,vi,0.93,prefix_suffix,lexical
viniciusbenassuli.shop,vi,0.93,prefix_suffix,lexical
c742.vip,vi,0.93,prefix_suffix,lexical
nicehome.us,nic,0.93,prefix_suffix,lexical
uznpc.vip,vi,0.93,prefix_suffix,lexical
cheapsexycams.com,cams,0.93,prefix_suffix,lexical
clearsold.vip,vi,0.93,prefix_suffix,lexical
visionandvessel.com,vi,0.93,prefix_suffix,lexical
procrastination.clinic,nic,0.93,prefix_suffix,lexical
com-wdasdjd.vip,vi,0.93,prefix_suffix,lexical
sachibaat.com,sac,0.93,prefix_suffix,lexical
crypto77.vip,vi,0.93,prefix_suffix,lexical
viraleditz.app,vi,0.93,prefix_suffix,lexical
cesmecerceveci.com,eci,0.93,prefix_suffix,lexical
thegolfclub.vip,vi,0.93,prefix_suffix,lexical
catchclaw.vip,vi,0.93,prefix_suffix,lexical
papevi.com,vi,0.93,prefix_suffix,lexical
kralbet-kralgirisi.vip,vi,0.93,prefix_suffix,lexical
viperslot.com,vi,0.93,prefix_suffix,lexical
viralarte.com.br,vi,0.93,prefix_suffix,lexical
93790.vip,vi,0.93,prefix_suffix,lexical
vizuelo.us,vi,0.93,prefix_suffix,lexical
superslot-v1.com,vi,0.98,exact_label,lexical
lsatherapyclinic.com,nic,0.93,prefix_suffix,lexical
villaparens.com,vi,0.93,prefix_suffix,lexical
dont-panic.today,nic,0.93,prefix_suffix,lexical
abmph.vip,vi,0.93,prefix_suffix,lexical
5812moragaave.com,sbi,0.93,prefix_suffix,lexical
dursy.vip,vi,0.93,prefix_suffix,lexical
bobbiejeans.com,bob,0.93,prefix_suffix,lexical
global-fintech-talent-solutions.com,kfintech,0.85,typo,lexical
viceroyapparel.com,vi,0.93,prefix_suffix,lexical
viberhythmlelo.com,vi,0.93,prefix_suffix,lexical
viaslogistics.com,vi,0.93,prefix_suffix,lexical
rachel-and-nicholas.com,nic,0.93,prefix_suffix,lexical
bob-live.com,bob,0.98,exact_label,lexical
t-visionlawyers.com,vi,0.93,prefix_suffix,lexical
eclatvn.com,eci,0.93,prefix_suffix,lexical
vintagetoolssydney.com,vi,0.93,prefix_suffix,lexical
05811.vip,vi,0.93,prefix_suffix,lexical
bianchi-vitalityarchitecture.com,vi,0.93,prefix_suffix,lexical
eclat-cleaning.kz,eci,0.93,prefix_suffix,lexical
scientronic.com,nic,0.93,prefix_suffix,lexical
df-business.vip,vi,0.93,prefix_suffix,lexical
musiie.vip,vi,0.93,prefix_suffix,lexical
ldfcdfty.sbs,idfc,0.93,prefix_suffix,lexical
vitalcarefitness.com,vi,0.93,prefix_suffix,lexical
vida-unique.com,vi,0.93,prefix_suffix,lexical
vietlearing.vn,vi,0.93,prefix_suffix,lexical
myvipbetting.org,vi,0.93,prefix_suffix,lexical
vivekdev.space,vi,0.93,prefix_suffix,lexical
pphfr.vip,vi,0.93,prefix_suffix,lexical
canarabankinfo.com,canara,0.93,prefix_suffix,lexical
likekivvi.site,vi,0.93,prefix_suffix,lexical
vinummystica.com,vi,0.93,prefix_suffix,lexical
bobbyzahedi.com,bob,0.93,prefix_suffix,lexical
numonic-test.world,nic,0.93,prefix_suffix,lexical
trumpcoinz.vip,vi,0.93,prefix_suffix,lexical
villabrand.com,vi,0.93,prefix_suffix,lexical
vlute.com,vi,0.93,prefix_suffix,lexical
nicksnusabali.com,nic,0.93,prefix_suffix,lexical
viewoutreachbloom.com,vi,0.93,prefix_suffix,lexical
y7124486.vip,vi,0.93,prefix_suffix,lexical
virtual-churches.com,vi,0.93,prefix_suffix,lexical
vistatrove.com,vi,0.93,prefix_suffix,lexical
com-eliteg.vip,vi,0.93,prefix_suffix,lexical
vingerbeschermer.com,vi,0.93,prefix_suffix,lexical
camsforfans.com,cams,0.93,prefix_suffix,lexical
console.vip,vi,0.93,prefix_suffix,lexical
ewzqi.vip,vi,0.93,prefix_suffix,lexical
viadigital-pass.site,vi,0.93,prefix_suffix,lexical
violonestudio.click,vi,0.93,prefix_suffix,lexical
ldafi.vip,vi,0.93,prefix_suffix,lexical
tiafv1.top,vi,0.93,prefix_suffix,lexical
virginiadrainfields.com,vi,0.93,prefix_suffix,lexical
villagfarms.com,vi,0.93,prefix_suffix,lexical
vibrantwarehouse.com,vi,0.93,prefix_suffix,lexical
viveratv.com,vi,0.93,prefix_suffix,lexical
vivarahealth.app,vi,0.93,prefix_suffix,lexical
vivimate.shop,vi,0.93,prefix_suffix,lexical
videoclawbot.com,vi,0.93,prefix_suffix,lexical
virebqalix.online,vi,0.93,prefix_suffix,lexical
422185.vip,vi,0.93,prefix_suffix,lexical
winxbet2026hizli.vip,vi,0.93,prefix_suffix,lexical
visiomirror.com,vi,0.93,prefix_suffix,lexical
msac.life,sac,0.93,prefix_suffix,lexical
victoriagsmithfineart.com,vi,0.93,prefix_suffix,lexical
vitaminand.com,vi,0.93,prefix_suffix,lexical
vicioustwin.com,vi,0.93,prefix_suffix,lexical
aibo88012.vip,vi,0.93,prefix_suffix,lexical
08971.vip,vi,0.93,prefix_suffix,lexical
vianimbus.com,vi,0.93,prefix_suffix,lexical
axistechsio.com,axis,0.93,prefix_suffix,lexical
vibetribe.guru,vi,0.93,prefix_suffix,lexical
dst--test.com,dst,0.98,exact_label,lexical
victoriacoachbusservice.com,vi,0.93,prefix_suffix,lexical
virginiatavern.com,vi,0.93,prefix_suffix,lexical
73820.vip,vi,0.93,prefix_suffix,lexical
guncelgirise8.vip,vi,0.93,prefix_suffix,lexical
violinjackpot.org,vi,0.93,prefix_suffix,lexical
hopeposhmarkstore.vip,vi,0.93,prefix_suffix,lexical
vidprofile.com,vi,0.93,prefix_suffix,lexical
uuhsu.vip,vi,0.93,prefix_suffix,lexical
praxis-engineering.net,axis,0.93,prefix_suffix,lexical
vornic.lat,nic,0.93,prefix_suffix,lexical
ethnic-foods.com,nic,0.93,prefix_suffix,lexical
viviaclub.com,vi,0.93,prefix_suffix,lexical
viparea.com,vi,0.93,prefix_suffix,lexical
malft.vip,vi,0.93,prefix_suffix,lexical
ekradw395.vip,vi,0.93,prefix_suffix,lexical
fjufy.vip,vi,0.93,prefix_suffix,lexical
obszywaniekierownic.online,nic,0.93,prefix_suffix,lexical
vickersengineering.com,vi,0.93,prefix_suffix,lexical
sofialovescoffee.vip,vi,0.93,prefix_suffix,lexical
nickelrwa.com,nic,0.93,prefix_suffix,lexical
tillerveterinaryclinic.top,nic,0.93,prefix_suffix,lexical
w82v1.sbs,vi,0.93,prefix_suffix,lexical
shiguangji.vip,vi,0.93,prefix_suffix,lexical
vidmic.com,vi,0.93,prefix_suffix,lexical
localcrushorganic.com,nic,0.93,prefix_suffix,lexical
bailety34.vip,vi,0.93,prefix_suffix,lexical
hokkaido-kyushoku-navi.com,vi,0.93,prefix_suffix,lexical
villfull.com,vi,0.93,prefix_suffix,lexical
vitadietl.com,vi,0.93,prefix_suffix,lexical
schwab-com.vip,vi,0.93,prefix_suffix,lexical
vip555qmxd.cfd,vi,0.93,prefix_suffix,lexical
betboo-gir.vip,vi,0.93,prefix_suffix,lexical
skyhightaxis.com,axis,0.93,prefix_suffix,lexical
xanh9tivi.com,vi,0.93,prefix_suffix,lexical
mind-via.com,vi,0.93,prefix_suffix,lexical
vibecodetwins.com,vi,0.93,prefix_suffix,lexical
arrow-electronlc.com,nic,0.93,prefix_suffix,lexical
46747.vip,vi,0.93,prefix_suffix,lexical
88vnxanh9.vip,vi,0.93,prefix_suffix,lexical
commercialjtccvi.sbs,vi,0.93,prefix_suffix,lexical
aywpa.vip,vi,0.93,prefix_suffix,lexical
vistauniforms.com,vi,0.93,prefix_suffix,lexical
vitstore.us,vi,0.93,prefix_suffix,lexical
vinbag.info,vi,0.93,prefix_suffix,lexical
aa380mk.vip,vi,0.93,prefix_suffix,lexical
e88u.vip,vi,0.93,prefix_suffix,lexical
createaway.vip,vi,0.93,prefix_suffix,lexical
medlink-clinic.site,nic,0.93,prefix_suffix,lexical
nicksibbeston.site,nic,0.93,prefix_suffix,lexical
84812.vip,vi,0.93,prefix_suffix,lexical
pyhrw.vip,vi,0.93,prefix_suffix,lexical
vitalstand.store,vi,0.93,prefix_suffix,lexical
y7124559.vip,vi,0.93,prefix_suffix,lexical
vintagedaylight.com,vi,0.93,prefix_suffix,lexical
vialinglong.com,vi,0.93,prefix_suffix,lexical
victoryofthebattlemaiden.com,vi,0.93,prefix_suffix,lexical
8868ak.vip,vi,0.93,prefix_suffix,lexical
vipadvisors.us,vi,0.93,prefix_suffix,lexical
vivonasorte.shop,vi,0.93,prefix_suffix,lexical
betzula-girisadres.vip,vi,0.93,prefix_suffix,lexical
fanatic137.vip,vi,0.93,prefix_suffix,lexical
nicknewbury.com,nic,0.93,prefix_suffix,lexical
deksyr.vip,vi,0.93,prefix_suffix,lexical
viewtrust.shop,vi,0.93,prefix_suffix,lexical
viveretransformar.com,vi,0.93,prefix_suffix,lexical
ssc1.vin,vi,0.93,prefix_suffix,lexical
vicibet-fr.one,vi,0.93,prefix_suffix,lexical
visitgadgets.com,vi,0.93,prefix_suffix,lexical
vidactivak.net,vi,0.93,prefix_suffix,lexical
zvaqsd391.vip,vi,0.93,prefix_suffix,lexical
vistasocialplus.com,vi,0.93,prefix_suffix,lexical
yxquvi.info,vi,0.93,prefix_suffix,lexical
88099606.vip,vi,0.93,prefix_suffix,lexical
26124378.vip,vi,0.93,prefix_suffix,lexical
photosbyshevi.com,vi,0.93,prefix_suffix,lexical
vip777tops.com,vi,0.93,prefix_suffix,lexical
u001.vip,vi,0.93,prefix_suffix,lexical
wanlijs.vip,vi,0.93,prefix_suffix,lexical
26124438.vip,vi,0.93,prefix_suffix,lexical
ncstaff-vikings-pedataprovider.xyz,vi,0.93,prefix_suffix,lexical
visualmemoryunit.org,vi,0.93,prefix_suffix,lexical
vista333slot.com,vi,0.93,prefix_suffix,lexical
vignettauto-pass.site,vi,0.93,prefix_suffix,lexical
dao-vipp.com,vi,0.93,prefix_suffix,lexical
vitalitywellness.us,vi,0.93,prefix_suffix,lexical
vinylbyspencer.com,vi,0.93,prefix_suffix,lexical
jjtzf.vip,vi,0.93,prefix_suffix,lexical
niculina.com,nic,0.93,prefix_suffix,lexical
visiting.homes,vi,0.93,prefix_suffix,lexical
visionaryvolvoparts.com,vi,0.93,prefix_suffix,lexical
reloop.vip,vi,0.93,prefix_suffix,lexical
vittoria-alelier.com,vi,0.93,prefix_suffix,lexical
thecompatibilityclinic.com,nic,0.93,prefix_suffix,lexical
viajandoar.com,vi,0.93,prefix_suffix,lexical
pscorr.vip,vi,0.93,prefix_suffix,lexical
frostforgelabs.vip,vi,0.93,prefix_suffix,lexical
vincentandjodi.com,vi,0.93,prefix_suffix,lexical
vitoyaxitaiaadvisory.click,vi,0.93,prefix_suffix,lexical
viospertes.com,vi,0.93,prefix_suffix,lexical
vip-tksports.com,vi,0.93,prefix_suffix,lexical
visitkitchener.com,vi,0.93,prefix_suffix,lexical
y7124431.vip,vi,0.93,prefix_suffix,lexical
vitatec.us,vi,0.93,prefix_suffix,lexical
vichyper.com,vi,0.93,prefix_suffix,lexical
26124319.vip,vi,0.93,prefix_suffix,lexical
ipea1n.vip,vi,0.93,prefix_suffix,lexical
visianitz.com,vi,0.93,prefix_suffix,lexical
vivaoilfieldsupply.com,vi,0.93,prefix_suffix,lexical
26124553.vip,vi,0.93,prefix_suffix,lexical
75072.vip,vi,0.93,prefix_suffix,lexical
jptt-tv1.net,vi,0.93,prefix_suffix,lexical
www5v.vip,vi,0.93,prefix_suffix,lexical
sacredbitcoin.com,sac,0.93,prefix_suffix,lexical
26124443.vip,vi,0.93,prefix_suffix,lexical
pusulagirisiadres.vip,vi,0.93,prefix_suffix,lexical
viettelup.com,vi,0.93,prefix_suffix,lexical
ydbiq.vip,vi,0.93,prefix_suffix,lexical
y7124401.vip,vi,0.93,prefix_suffix,lexical
visuallogic.dev,vi,0.93,prefix_suffix,lexical
vivicleanservizi.com,vi,0.93,prefix_suffix,lexical
legalizesupersonic.com,nic,0.93,prefix_suffix,lexical
wynmacao-vip.com,vi,0.93,prefix_suffix,lexical
51834.vip,vi,0.93,prefix_suffix,lexical
vardenaxis.co.uk,axis,0.93,prefix_suffix,lexical
shemtbvl.sbs,vi,0.93,prefix_suffix,lexical
rheamilo.vip,vi,0.93,prefix_suffix,lexical
vaycasinoadresigiris.vip,vi,0.93,prefix_suffix,lexical
vic.boutique,vi,0.93,prefix_suffix,lexical
qonovi.one,vi,0.93,prefix_suffix,lexical
ac71.vip,vi,0.93,prefix_suffix,lexical
vizszerelesesdugulaselharitas.xyz,vi,0.93,prefix_suffix,lexical
26124400.vip,vi,0.93,prefix_suffix,lexical
voyaway.vip,vi,0.93,prefix_suffix,lexical
bobalovestea.com,bob,0.93,prefix_suffix,lexical
tornadocleaningservices-sacramento.com,sac,0.93,prefix_suffix,lexical
y7124389.vip,vi,0.93,prefix_suffix,lexical
viau.top,vi,0.93,prefix_suffix,lexical
vipussy.com,vi,0.93,prefix_suffix,lexical
myvideolms.com,vi,0.93,prefix_suffix,lexical
vitalimedspa.com,vi,0.93,prefix_suffix,lexical
vinyaas.org,vi,0.93,prefix_suffix,lexical
vintagedickpic.com,vi,0.93,prefix_suffix,lexical
acepro.vip,vi,0.93,prefix_suffix,lexical
technotronic.xyz,nic,0.93,prefix_suffix,lexical
sisli-tamam.vip,vi,0.93,prefix_suffix,lexical
tuanbo8.com,bob,0.93,prefix_suffix,lexical
navi-air.com,vi,0.93,prefix_suffix,lexical
26124493.vip,vi,0.93,prefix_suffix,lexical
vig.asia,vi,0.93,prefix_suffix,lexical
visuallychiefmastodon.best,vi,0.93,prefix_suffix,lexical
80522.vip,vi,0.93,prefix_suffix,lexical
visitorswap.com,vi,0.93,prefix_suffix,lexical
26124507.vip,vi,0.93,prefix_suffix,lexical
wf30.vip,vi,0.93,prefix_suffix,lexical
sonic.surf,nic,0.93,prefix_suffix,lexical
vianyxgroup.com,vi,0.93,prefix_suffix,lexical
35276.vip,vi,0.93,prefix_suffix,lexical
vladxjessi.com,vi,0.93,prefix_suffix,lexical
yqbivv.vip,vi,0.93,prefix_suffix,lexical
homeloanscostarica.com,sbi,0.93,prefix_suffix,lexical
vipstele.online,vi,0.93,prefix_suffix,lexical
nicoleskim.com,nic,0.93,prefix_suffix,lexical
heirloft.vip,vi,0.93,prefix_suffix,lexical
jiongchou.com,jio,0.93,prefix_suffix,lexical
ktfvx.vip,vi,0.93,prefix_suffix,lexical
investeganha.com.br,nha,0.93,prefix_suffix,lexical
axisbcmail.com,axis,0.93,prefix_suffix,lexical
viplawtn.com,vi,0.93,prefix_suffix,lexical
artoftechnic.com,nic,0.93,prefix_suffix,lexical
y7124349.vip,vi,0.93,prefix_suffix,lexical
h86vl.top,vi,0.93,prefix_suffix,lexical
vincourt.today,vi,0.93,prefix_suffix,lexical
carolinninic.shop,nic,0.93,prefix_suffix,lexical
virajgarewal.com,vi,0.93,prefix_suffix,lexical
ybmsj.vip,vi,0.93,prefix_suffix,lexical
cerberus4.vip,vi,0.93,prefix_suffix,lexical
vitalkraft-heute.shop,vi,0.93,prefix_suffix,lexical
vipkid.us,vi,0.93,prefix_suffix,lexical
vituord.com,vi,0.93,prefix_suffix,lexical
thecaddyclinic.com,nic,0.93,prefix_suffix,lexical
26124494.vip,vi,0.93,prefix_suffix,lexical
villantontos.com,vi,0.93,prefix_suffix,lexical
vintageclothingco.site,vi,0.93,prefix_suffix,lexical
vixens-of-fall.com,vi,0.93,prefix_suffix,lexical
videorouters.com,vi,0.93,prefix_suffix,lexical
vrlfxtvl.sbs,vi,0.93,prefix_suffix,lexical
75196.vip,vi,0.93,prefix_suffix,lexical
y7124344.vip,vi,0.93,prefix_suffix,lexical
zeusbonus3.vip,vi,0.93,prefix_suffix,lexical
zbuzz.vip,vi,0.93,prefix_suffix,lexical
vibewithval.com,vi,0.93,prefix_suffix,lexical
visitsaultstemarie.com,vi,0.93,prefix_suffix,lexical
marsbahisprom.vip,vi,0.93,prefix_suffix,lexical
q1rb5.vip,vi,0.93,prefix_suffix,lexical
visitvoxnadalen.com,vi,0.93,prefix_suffix,lexical
barbaradevivi.com,vi,0.93,prefix_suffix,lexical
nicheplatform.com,nic,0.93,prefix_suffix,lexical
villagesfloridanews.com,vi,0.93,prefix_suffix,lexical
victus-r.online,vi,0.93,prefix_suffix,lexical
virtualprivatephone.com,vi,0.93,prefix_suffix,lexical
viprecargas.com,vi,0.93,prefix_suffix,lexical
roketbetlogin.vip,vi,0.93,prefix_suffix,lexical
victoriahub.com,vi,0.93,prefix_suffix,lexical
vladskhome.ru,vi,0.93,prefix_suffix,lexical
lighthausav.vip,vi,0.93,prefix_suffix,lexical
ville-nzerekore.com,vi,0.93,prefix_suffix,lexical
violaomagico.online,vi,0.93,prefix_suffix,lexical
yldle.vip,vi,0.93,prefix_suffix,lexical
angelicaayivi.com,vi,0.93,prefix_suffix,lexical
synkronic.net,nic,0.93,prefix_suffix,lexical
atctm.vip,vi,0.93,prefix_suffix,lexical
nickvfilmfund.com,nic,0.93,prefix_suffix,lexical
n1casino-norge.com,nic,0.93,prefix_suffix,lexical
huyqv.vip,vi,0.93,prefix_suffix,lexical
nice1010.com,nic,0.93,prefix_suffix,lexical
cratosroyalbeterisimadres.vip,vi,0.93,prefix_suffix,lexical
xy66.vip,vi,0.93,prefix_suffix,lexical
581918com-dh.top,sbi,0.93,prefix_suffix,lexical
viralvolunteerism.com,vi,0.93,prefix_suffix,lexical
mentanowup.vip,vi,0.93,prefix_suffix,lexical
vinlookup.vip,vi,0.93,prefix_suffix,lexical
visionix-inc.com,vi,0.93,prefix_suffix,lexical
viettown.com,vi,0.93,prefix_suffix,lexical
499betcom.vip,vi,0.93,prefix_suffix,lexical
vip4kk.com,vi,0.93,prefix_suffix,lexical
betmoon-orjinalburada.vip,vi,0.93,prefix_suffix,lexical
mostbet-wsv1.cfd,vi,0.93,prefix_suffix,lexical
c45723821.vip,vi,0.93,prefix_suffix,lexical
radiowin.vip,vi,0.93,prefix_suffix,lexical
0svi.com,vi,0.93,prefix_suffix,lexical
whidbeymechanic.com,nic,0.93,prefix_suffix,lexical
bobbinrobotics.com,bob,0.93,prefix_suffix,lexical
sashaswisspublishing.vip,vi,0.93,prefix_suffix,lexical
65828v.vip,vi,0.93,prefix_suffix,lexical
protechnic-bemis-adhesivesense.org,nic,0.93,prefix_suffix,lexical
villaweissman.com,vi,0.93,prefix_suffix,lexical
viajesiliria.com,vi,0.93,prefix_suffix,lexical
wildslots888.vip,vi,0.93,prefix_suffix,lexical
c168i.vip,vi,0.93,prefix_suffix,lexical
viajaia.com,vi,0.93,prefix_suffix,lexical
qb2qiu.vip,vi,0.93,prefix_suffix,lexical
bobbebarnes.com,bob,0.93,prefix_suffix,lexical
sekabeteegirisx.vip,vi,0.93,prefix_suffix,lexical
nicodingo.xyz,nic,0.93,prefix_suffix,lexical
vibecoderslab.xyz,vi,0.93,prefix_suffix,lexical
s2link.vip,vi,0.93,prefix_suffix,lexical
vintograf.com,vi,0.93,prefix_suffix,lexical
boxing-navi.com,vi,0.93,prefix_suffix,lexical
pay-linkt.vip,vi,0.93,prefix_suffix,lexical
nica-autos.com,nic,0.93,prefix_suffix,lexical
motosazvi.com,vi,0.93,prefix_suffix,lexical
vin99.dev,vi,0.93,prefix_suffix,lexical
vingocar.com,vi,0.93,prefix_suffix,lexical
vichy-outlet.shop,vi,0.93,prefix_suffix,lexical
vistadeorocr.com,vi,0.93,prefix_suffix,lexical
cqstoweldb.vip,vi,0.93,prefix_suffix,lexical
sacredrhythmsofcosmicawakening.com,sac,0.93,prefix_suffix,lexical
cmnrj04.vip,vi,0.93,prefix_suffix,lexical
803805.vip,vi,0.93,prefix_suffix,lexical
csfoj.vip,vi,0.93,prefix_suffix,lexical
v1y3c5.top,vi,0.93,prefix_suffix,lexical
vi-automation.com,vi,0.98,exact_label,lexical
niceshoe.top,nic,0.93,prefix_suffix,lexical
vivan.us,vi,0.93,prefix_suffix,lexical
a7ty10.vip,vi,0.93,prefix_suffix,lexical
ioq32m.vip,vi,0.93,prefix_suffix,lexical
nailseaphysiotherapy.clinic,nic,0.93,prefix_suffix,lexical
visionoa.com,vi,0.93,prefix_suffix,lexical
vipburger-docentro.shop,vi,0.93,prefix_suffix,lexical
bobbisblessing.com,bob,0.93,prefix_suffix,lexical
equineclinic.org,nic,0.93,prefix_suffix,lexical
viagenstibet.com,vi,0.93,prefix_suffix,lexical
novabionic.com,nic,0.93,prefix_suffix,lexical
y7124357.vip,vi,0.93,prefix_suffix,lexical
villainousvideo.com,vi,0.93,prefix_suffix,lexical
girlhealth.clinic,nic,0.93,prefix_suffix,lexical
blovi.co,vi,0.93,prefix_suffix,lexical
808807.pro,bob,0.93,prefix_suffix,lexical
r8q67s.vip,vi,0.93,prefix_suffix,lexical
villanello.net,vi,0.93,prefix_suffix,lexical
virtualstorefront.store,vi,0.93,prefix_suffix,lexical
torvixa.vip,vi,0.93,prefix_suffix,lexical
dampenrosac.com,sac,0.93,prefix_suffix,lexical
viviloo.com,vi,0.93,prefix_suffix,lexical
rovnovahazdravi.com,vi,0.93,prefix_suffix,lexical
camstore.online,cams,0.93,prefix_suffix,lexical
sacrificemutterbehind.site,sac,0.93,prefix_suffix,lexical
dts808.site,bob,0.93,prefix_suffix,lexical
vinasse.com,vi,0.93,prefix_suffix,lexical
sirin-manken.vip,vi,0.93,prefix_suffix,lexical
nhalb.com,nha,0.93,prefix_suffix,lexical
vipwins.icu,vi,0.93,prefix_suffix,lexical
j2222.vip,vi,0.93,prefix_suffix,lexical
vinjagames.com,vi,0.93,prefix_suffix,lexical
sbille.com,sbi,0.93,prefix_suffix,lexical
vodkab0b.life,bob,0.93,prefix_suffix,lexical
8535001.com,bse,0.93,prefix_suffix,lexical
l2u0mm.vip,vi,0.93,prefix_suffix,lexical
midwayinfiniti.com,icici,0.93,prefix_suffix,lexical
3318a13.vip,vi,0.93,prefix_suffix,lexical
vincenzocampagnano.com,vi,0.93,prefix_suffix,lexical
visualvagabond.com,vi,0.93,prefix_suffix,lexical
viramarble.com,vi,0.93,prefix_suffix,lexical
cusccbob.xyz,bob,0.93,prefix_suffix,lexical
93865.vip,vi,0.93,prefix_suffix,lexical
vitaroam.ca,vi,0.93,prefix_suffix,lexical
lrlck.vip,vi,0.93,prefix_suffix,lexical
1800808.com,bob,0.93,prefix_suffix,lexical
visiocores.com,vi,0.93,prefix_suffix,lexical
578977.vip,vi,0.93,prefix_suffix,lexical
eratronic.com,nic,0.93,prefix_suffix,lexical
vidal.agency,vi,0.93,prefix_suffix,lexical
bur-vi.online,vi,0.98,exact_label,lexical
rnaya.vip,vi,0.93,prefix_suffix,lexical
7lionspinauss.vip,vi,0.93,prefix_suffix,lexical
vitopli.pro,vi,0.93,prefix_suffix,lexical
y7123774.vip,vi,0.93,prefix_suffix,lexical
26124511.vip,vi,0.93,prefix_suffix,lexical
kudaapi.vip,vi,0.93,prefix_suffix,lexical
32771.vip,vi,0.93,prefix_suffix,lexical
viral36.net,vi,0.93,prefix_suffix,lexical
vienadecoracao.com,vi,0.93,prefix_suffix,lexical
98yl66649.vip,vi,0.93,prefix_suffix,lexical
virello-info.top,vi,0.93,prefix_suffix,lexical
vivakid.com,vi,0.93,prefix_suffix,lexical
28928.vip,vi,0.93,prefix_suffix,lexical
vipburger-docentro.online,vi,0.93,prefix_suffix,lexical
eclipsegroundschool.com,eci,0.93,prefix_suffix,lexical
vibesbyluxe.com,vi,0.93,prefix_suffix,lexical
victoriasconstruction.com,vi,0.93,prefix_suffix,lexical
03654853.com,bse,0.93,prefix_suffix,lexical
hfylc1.vip,vi,0.93,prefix_suffix,lexical
h45vl.top,vi,0.93,prefix_suffix,lexical
bbbttdvi.xyz,vi,0.93,prefix_suffix,lexical
pinko-vip.makeup,vi,0.93,prefix_suffix,lexical
512sx.vip,vi,0.93,prefix_suffix,lexical
859608.vip,vi,0.93,prefix_suffix,lexical
viralpulse-som.online,vi,0.93,prefix_suffix,lexical
gastronovi.us,vi,0.93,prefix_suffix,lexical
gotrade-indonesia.vip,vi,0.93,prefix_suffix,lexical
04516.vip,vi,0.93,prefix_suffix,lexical
636808.com,bob,0.93,prefix_suffix,lexical
jeanic.com,nic,0.93,prefix_suffix,lexical
vietsip.com,vi,0.93,prefix_suffix,lexical
vive.network,vi,0.93,prefix_suffix,lexical
bailety32.vip,vi,0.93,prefix_suffix,lexical
hagai-levi.com,vi,0.93,prefix_suffix,lexical
pawbob.store,bob,0.93,prefix_suffix,lexical
vi2i3w.top,vi,0.93,prefix_suffix,lexical
visionnewton.com,vi,0.93,prefix_suffix,lexical
victormarquez.art,vi,0.93,prefix_suffix,lexical
visitingfla.com,vi,0.93,prefix_suffix,lexical
bob-shops.com,bob,0.98,exact_label,lexical
pnclognqqz.vip,vi,0.93,prefix_suffix,lexical
vitachubut.com,vi,0.93,prefix_suffix,lexical
aureliorganic.com,nic,0.93,prefix_suffix,lexical
2026-holiganbetegir.vip,vi,0.93,prefix_suffix,lexical
sacredresilience.net,sac,0.93,prefix_suffix,lexical
viswabharathividyalayam.com,vi,0.93,prefix_suffix,lexical
mddpainclinic.org,nic,0.93,prefix_suffix,lexical
visiontrippath.click,vi,0.93,prefix_suffix,lexical
jihye-vicente.com,vi,0.93,prefix_suffix,lexical
vitalhealthvitamin.com,vi,0.93,prefix_suffix,lexical
vidahbit.com,vi,0.93,prefix_suffix,lexical
bices-virgas-rory.shop,vi,0.93,prefix_suffix,lexical
virgopayfi.com,vi,0.93,prefix_suffix,lexical
vitriersainteadresse.org,vi,0.93,prefix_suffix,lexical
bailety54.vip,vi,0.93,prefix_suffix,lexical
xcfkk.vip,vi,0.93,prefix_suffix,lexical
654c.com,sac,0.93,prefix_suffix,lexical
nice9.vip,nic,0.93,prefix_suffix,lexical
stake-gir.vip,vi,0.93,prefix_suffix,lexical
didi51-t0338.vip,vi,0.93,prefix_suffix,lexical
ultrabet-dogrudur.vip,vi,0.93,prefix_suffix,lexical
saltzmanpr.com,nic,0.93,prefix_suffix,lexical
meitjgq.vip,vi,0.93,prefix_suffix,lexical
typefastt.vip,vi,0.93,prefix_suffix,lexical
jordanyjeanhomeloans.online,sbi,0.93,prefix_suffix,lexical
67778.vip,vi,0.93,prefix_suffix,lexical
villagepointeautos.com,vi,0.93,prefix_suffix,lexical
vitalitycenterhub.site,vi,0.93,prefix_suffix,lexical
vidportmedia.io,vi,0.93,prefix_suffix,lexical
vidasuenosfamily.com,vi,0.93,prefix_suffix,lexical
vip555skk.site,vi,0.93,prefix_suffix,lexical
3cielos.com,eci,0.93,prefix_suffix,lexical
butema.vip,vi,0.93,prefix_suffix,lexical
y7124393.vip,vi,0.93,prefix_suffix,lexical
visitwin.net,vi,0.93,prefix_suffix,lexical
lwrwn.vip,vi,0.93,prefix_suffix,lexical
c779.vip,vi,0.93,prefix_suffix,lexical
818kp.vip,vi,0.93,prefix_suffix,lexical
bvi.estate,vi,0.93,prefix_suffix,lexical
0203com0413.vip,vi,0.93,prefix_suffix,lexical
vipfills.com,vi,0.93,prefix_suffix,lexical
x9693.vip,vi,0.93,prefix_suffix,lexical
nhakhoamyloi.com,nha,0.93,prefix_suffix,lexical
vizonabzar.com,vi,0.93,prefix_suffix,lexical
centrallakesclinic.biz,nic,0.93,prefix_suffix,lexical
ee678.vip,vi,0.93,prefix_suffix,lexical
proaxingpadm0.vip,vi,0.93,prefix_suffix,lexical
victoryoverpostpartumpsychosisanddepression.com,vi,0.93,prefix_suffix,lexical
violetcancro.com,vi,0.93,prefix_suffix,lexical
socovi.app,vi,0.93,prefix_suffix,lexical
visitingmecca.com,vi,0.93,prefix_suffix,lexical
saccmm.org,sac,0.93,prefix_suffix,lexical
75130.vip,vi,0.93,prefix_suffix,lexical
flexconpr.com.br,nic,0.93,prefix_suffix,lexical
ac31.vip,vi,0.93,prefix_suffix,lexical
45771.vip,vi,0.93,prefix_suffix,lexical
recoveredclinic.com,nic,0.93,prefix_suffix,lexical
vintagefoxmedia.com,vi,0.93,prefix_suffix,lexical
eyeconclinic.com,nic,0.93,prefix_suffix,lexical
y7124416.vip,vi,0.93,prefix_suffix,lexical
virtualndt.org,vi,0.93,prefix_suffix,lexical
viniciusdamasceno.com,vi,0.93,prefix_suffix,lexical
vinacafe-tailieu.click,vi,0.93,prefix_suffix,lexical
v10pv0.top,vi,0.93,prefix_suffix,lexical
gozo-villas.com,vi,0.93,prefix_suffix,lexical
vinzenzstore.com,vi,0.93,prefix_suffix,lexical
bangaloretaxis.com,axis,0.93,prefix_suffix,lexical
villanstore.com,vi,0.93,prefix_suffix,lexical
crb8.vip,vi,0.93,prefix_suffix,lexical
irctc.services,irctc,0.98,exact_label,lexical
1dzhibo8.com,bob,0.93,prefix_suffix,lexical
myvip-vips.beauty,vi,0.93,prefix_suffix,lexical
bobbieseu.top,bob,0.93,prefix_suffix,lexical
visabienetre.com,vi,0.93,prefix_suffix,lexical
vl4veysb.cc,vi,0.93,prefix_suffix,lexical
vip878.net,vi,0.93,prefix_suffix,lexical
nicorettes.com,nic,0.93,prefix_suffix,lexical
saciwo.pro,sac,0.93,prefix_suffix,lexical
tobisclinic.com,nic,0.93,prefix_suffix,lexical
ptkyf.vip,vi,0.93,prefix_suffix,lexical
vinyldecalremoval.com,vi,0.93,prefix_suffix,lexical
1x-vw.vip,vi,0.93,prefix_suffix,lexical
casinoroyal-zeusseo91.vip,vi,0.93,prefix_suffix,lexical
betzula-resmi.vip,vi,0.93,prefix_suffix,lexical
virtual-infrastructure.com,vi,0.93,prefix_suffix,lexical
vitalgheeperu.com,vi,0.93,prefix_suffix,lexical
bobhateskayti.com,bob,0.93,prefix_suffix,lexical
villamarinaeast5.com,vi,0.93,prefix_suffix,lexical
villamare3328.com,vi,0.93,prefix_suffix,lexical
retrosonic.website,nic,0.93,prefix_suffix,lexical
a624.vip,vi,0.93,prefix_suffix,lexical
bobbean.com,bob,0.93,prefix_suffix,lexical
sacmagelin6605.com,sac,0.93,prefix_suffix,lexical
pdluw.vip,vi,0.93,prefix_suffix,lexical
victoriaequipmentauction.com,vi,0.93,prefix_suffix,lexical
y7124387.vip,vi,0.93,prefix_suffix,lexical
vimergroup.com,vi,0.93,prefix_suffix,lexical
viger.us,vi,0.93,prefix_suffix,lexical
nicoyapuraetea.com,nic,0.93,prefix_suffix,lexical
freeasiangirlcams.com,cams,0.93,prefix_suffix,lexical
viiibbj.info,vi,0.93,prefix_suffix,lexical
jtpopticalclinic.site,nic,0.93,prefix_suffix,lexical
gxfcu.vip,vi,0.93,prefix_suffix,lexical
vital-ai.com,vi,0.93,prefix_suffix,lexical
qiee-vip.com,vi,0.93,prefix_suffix,lexical
uaykn.vip,vi,0.93,prefix_suffix,lexical
vip-xingcai.com,vi,0.93,prefix_suffix,lexical
26124396.vip,vi,0.93,prefix_suffix,lexical
65968.vip,vi,0.93,prefix_suffix,lexical
vitaholi.pl,vi,0.93,prefix_suffix,lexical
vistavueteam.com,vi,0.93,prefix_suffix,lexical
viprealestaterd.com,vi,0.93,prefix_suffix,lexical
nhkgp.vip,vi,0.93,prefix_suffix,lexical
nicolinek.com,nic,0.93,prefix_suffix,lexical
iastreaming.vip,vi,0.93,prefix_suffix,lexical
44869.vip,vi,0.93,prefix_suffix,lexical
sbizzy.com,sbi,0.93,prefix_suffix,lexical
34520.vip,vi,0.93,prefix_suffix,lexical
ivl-8868sport.com,vi,0.93,prefix_suffix,lexical
h61vl.top,vi,0.93,prefix_suffix,lexical
jioxe.com,jio,0.93,prefix_suffix,lexical
betvn1.vip,vi,0.93,prefix_suffix,lexical
26124409.vip,vi,0.93,prefix_suffix,lexical
sile-bayan.vip,vi,0.93,prefix_suffix,lexical
kannonpr.com,nic,0.93,prefix_suffix,lexical
viggoslots.ch,vi,0.93,prefix_suffix,lexical
vintersales.com,vi,0.93,prefix_suffix,lexical
thegluteclinic.com,nic,0.93,prefix_suffix,lexical
sxdiicdsnbdjsn62.vip,vi,0.93,prefix_suffix,lexical
villaalampangrango.com,vi,0.93,prefix_suffix,lexical
viajacabase.digital,vi,0.93,prefix_suffix,lexical
cqicomporsa.vip,vi,0.93,prefix_suffix,lexical
euvitaclinic.com,nic,0.93,prefix_suffix,lexical
rxwdz.vip,vi,0.93,prefix_suffix,lexical
vigilante8secondoffensegame.com,vi,0.93,prefix_suffix,lexical
viewings.us,vi,0.93,prefix_suffix,lexical
vloerisolatienaarden.com,vi,0.93,prefix_suffix,lexical
weightlossnearmeclinic.com,nic,0.93,prefix_suffix,lexical
vincentmedina.com,vi,0.93,prefix_suffix,lexical
vibevoltco.store,vi,0.93,prefix_suffix,lexical
virginiamobilemd.com,vi,0.93,prefix_suffix,lexical
jerry369.vip,vi,0.93,prefix_suffix,lexical
viventis.info,vi,0.93,prefix_suffix,lexical
ganobetresmi-adresiniz.vip,vi,0.93,prefix_suffix,lexical
sncil.vip,vi,0.93,prefix_suffix,lexical
83087.vip,vi,0.93,prefix_suffix,lexical
viddast.org,vi,0.93,prefix_suffix,lexical
boskelinci.vip,vi,0.93,prefix_suffix,lexical
43715.vip,vi,0.93,prefix_suffix,lexical
vitrefreshxoqo.info,vi,0.93,prefix_suffix,lexical
vibeton.online,vi,0.93,prefix_suffix,lexical
sbit.blog,sbi,0.93,prefix_suffix,lexical
villagepointemotors.com,vi,0.93,prefix_suffix,lexical
videoprogramas.com,vi,0.93,prefix_suffix,lexical
alpaxis.com,axis,0.93,prefix_suffix,lexical
777mavi.xyz,vi,0.93,prefix_suffix,lexical
vibetribeevents.live,vi,0.93,prefix_suffix,lexical
drsathishclinic.com,nic,0.93,prefix_suffix,lexical
nickeledu.com,nic,0.93,prefix_suffix,lexical
ibdvd.vip,vi,0.93,prefix_suffix,lexical
virtualhiking.com,vi,0.93,prefix_suffix,lexical
89739.vip,vi,0.93,prefix_suffix,lexical
ikimisli-yeni2026.vip,vi,0.93,prefix_suffix,lexical
583811.vip,vi,0.93,prefix_suffix,lexical
uknavi.com,vi,0.93,prefix_suffix,lexical
vitamartllc.com,vi,0.93,prefix_suffix,lexical
ahzcs.vip,vi,0.93,prefix_suffix,lexical
xn--13-6kci4al1aasrb5e.xn--p1ai,bse,0.93,prefix_suffix,lexical
articleci.shop,eci,0.93,prefix_suffix,lexical
vipnode.xyz,vi,0.93,prefix_suffix,lexical
qahejeevi.autos,vi,0.93,prefix_suffix,lexical
vitalesthetique.com,vi,0.93,prefix_suffix,lexical
67852.vip,vi,0.93,prefix_suffix,lexical
viperion.info,vi,0.93,prefix_suffix,lexical
nicogil.com,nic,0.93,prefix_suffix,lexical
viviandkiki.com,vi,0.93,prefix_suffix,lexical
vlalamyside.info,vi,0.93,prefix_suffix,lexical
tokensonic.com,nic,0.93,prefix_suffix,lexical
25671.vip,vi,0.93,prefix_suffix,lexical
lbkrb.vip,vi,0.93,prefix_suffix,lexical
iamnavi.app,vi,0.93,prefix_suffix,lexical
virtualdossierhub.com,vi,0.93,prefix_suffix,lexical
happy-vibes.cfd,vi,0.93,prefix_suffix,lexical
88949.vip,vi,0.93,prefix_suffix,lexical
villaoleavista.com,vi,0.93,prefix_suffix,lexical
videonetworksolutions.net,vi,0.93,prefix_suffix,lexical
kwdxw.vip,vi,0.93,prefix_suffix,lexical
c710.vip,vi,0.93,prefix_suffix,lexical
comarnic.com,nic,0.93,prefix_suffix,lexical
a88u.vip,vi,0.93,prefix_suffix,lexical
xy41.vip,vi,0.93,prefix_suffix,lexical
vinosbera.com,vi,0.93,prefix_suffix,lexical
livingston.vip,vi,0.93,prefix_suffix,lexical
nickpress-howtorock.com,nic,0.93,prefix_suffix,lexical
cansadmin.vip,vi,0.93,prefix_suffix,lexical
deliverycoxinha.site,nha,0.93,prefix_suffix,lexical
1688881.vip,vi,0.93,prefix_suffix,lexical
betkolik-giris-yap.vip,vi,0.93,prefix_suffix,lexical
v1ral-lbs.com,vi,0.93,prefix_suffix,lexical
vikingiptvi.shop,vi,0.93,prefix_suffix,lexical
vitality-residenzen.com,vi,0.93,prefix_suffix,lexical
visionproamplifyysolutions.info,vi,0.93,prefix_suffix,lexical
vibelaunching.com,vi,0.93,prefix_suffix,lexical
nh4x2flalb.garden,nha,0.93,prefix_suffix,lexical
rcq5el.vip,vi,0.93,prefix_suffix,lexical
26124471.vip,vi,0.93,prefix_suffix,lexical
dunyt.vip,vi,0.93,prefix_suffix,lexical
viewpe.com,vi,0.93,prefix_suffix,lexical
villaozekci.com,vi,0.93,prefix_suffix,lexical
villadangosintermodal.com,vi,0.93,prefix_suffix,lexical
visionelectric.com.mx,vi,0.93,prefix_suffix,lexical
c6e3kv.vip,vi,0.93,prefix_suffix,lexical
vilbtech.com,vi,0.93,prefix_suffix,lexical
ormastotosor.vip,vi,0.93,prefix_suffix,lexical
earthaxis.org,axis,0.93,prefix_suffix,lexical
roviaticlinic.com,nic,0.93,prefix_suffix,lexical
vivelu.com,vi,0.93,prefix_suffix,lexical
fintenic.com,nic,0.93,prefix_suffix,lexical
vifap.top,vi,0.93,prefix_suffix,lexical
vlifecannabis.com,vi,0.93,prefix_suffix,lexical
51720.vip,vi,0.93,prefix_suffix,lexical
com-elitkr.vip,vi,0.93,prefix_suffix,lexical
vitalvibe.us,vi,0.93,prefix_suffix,lexical
gtvdj.vip,vi,0.93,prefix_suffix,lexical
virtual-plastic.com,vi,0.93,prefix_suffix,lexical
vippoca.com,vi,0.93,prefix_suffix,lexical
vigorxpro.ca,vi,0.93,prefix_suffix,lexical
06571.vip,vi,0.93,prefix_suffix,lexical
viveremelhoragora.com,vi,0.93,prefix_suffix,lexical
79xx7.vip,vi,0.93,prefix_suffix,lexical
vitalitybounty.com,vi,0.93,prefix_suffix,lexical
hth7731.vip,vi,0.93,prefix_suffix,lexical
808dustbunnies.com,bob,0.93,prefix_suffix,lexical
vipdk.shop,vi,0.93,prefix_suffix,lexical
th377.vip,vi,0.93,prefix_suffix,lexical
bobandbradjapan.com,bob,0.93,prefix_suffix,lexical
7889tly.vip,vi,0.93,prefix_suffix,lexical
vieveadventures.com,vi,0.93,prefix_suffix,lexical
viral99st.blog,vi,0.93,prefix_suffix,lexical
308611.vip,vi,0.93,prefix_suffix,lexical
inixr.vip,vi,0.93,prefix_suffix,lexical
virtora.ru,vi,0.93,prefix_suffix,lexical
tactonic.online,nic,0.93,prefix_suffix,lexical
visaarena.com,vi,0.93,prefix_suffix,lexical
sauna-vihta-c.com,vi,0.93,prefix_suffix,lexical
jitbuzz.vip,vi,0.93,prefix_suffix,lexical
virtudazo.top,vi,0.93,prefix_suffix,lexical
visitmankato.com,vi,0.93,prefix_suffix,lexical
sacramentosantaclaus.com,sac,0.93,prefix_suffix,lexical
wwwrestbet.vip,vi,0.93,prefix_suffix,lexical
guguinha.shop,nha,0.93,prefix_suffix,lexical
wnmeu.vip,vi,0.93,prefix_suffix,lexical
qyc37.vip,vi,0.93,prefix_suffix,lexical
comprandoenpr.com,nic,0.93,prefix_suffix,lexical
76358.vip,vi,0.93,prefix_suffix,lexical
000084.vip,vi,0.93,prefix_suffix,lexical
virgiliosantos.com,vi,0.93,prefix_suffix,lexical
czuqisabbli.vip,vi,0.93,prefix_suffix,lexical
virginmail.forum,vi,0.93,prefix_suffix,lexical
deltaedgevi.com,vi,0.93,prefix_suffix,lexical
officialnakarii.vip,vi,0.93,prefix_suffix,lexical
bobsale.shop,bob,0.93,prefix_suffix,lexical
mdlib.vip,vi,0.93,prefix_suffix,lexical
vignette-hu.org,vi,0.93,prefix_suffix,lexical
xn--o39a5rm9ntpt8pcrvl.net,vi,0.93,prefix_suffix,lexical
h553.vip,vi,0.93,prefix_suffix,lexical
afzil.vip,vi,0.93,prefix_suffix,lexical
nickelson.us,nic,0.93,prefix_suffix,lexical
xinzhiyi.vip,vi,0.93,prefix_suffix,lexical
visiomarket.com,vi,0.93,prefix_suffix,lexical
63786.vip,vi,0.93,prefix_suffix,lexical
firetruckmechanic.com,nic,0.93,prefix_suffix,lexical
visagehairstudio.com,vi,0.93,prefix_suffix,lexical
glbrbvl.com,vi,0.93,prefix_suffix,lexical
dnzq9988.vip,vi,0.93,prefix_suffix,lexical
26124498.vip,vi,0.93,prefix_suffix,lexical
7k-casino25.vip,vi,0.93,prefix_suffix,lexical
oy533.vip,vi,0.93,prefix_suffix,lexical
nhangioitruyenthuyet.net,nha,0.93,prefix_suffix,lexical
dryouthclinic.org,nic,0.93,prefix_suffix,lexical
vitalmindandbody.com,vi,0.93,prefix_suffix,lexical
vicecitywaterandpower.com,vi,0.93,prefix_suffix,lexical
virstelom.icu,vi,0.93,prefix_suffix,lexical
viktorstepanov.cz,vi,0.93,prefix_suffix,lexical
bgdly.vip,vi,0.93,prefix_suffix,lexical
vibezandverse.com,vi,0.93,prefix_suffix,lexical
vvevi.nl,vi,0.93,prefix_suffix,lexical
nicolas-spiess.com,nic,0.93,prefix_suffix,lexical
y7124376.vip,vi,0.93,prefix_suffix,lexical
thefloatingclinic.com,nic,0.93,prefix_suffix,lexical
56174.vip,vi,0.93,prefix_suffix,lexical
zahnarztpraxis-roehrich.com,axis,0.93,prefix_suffix,lexical
h83cl.top,eci,0.93,prefix_suffix,lexical
ooiyq.vip,vi,0.93,prefix_suffix,lexical
vimatrixum-g-videltai-cophaseum67609.top,vi,0.93,prefix_suffix,lexical
nicolacasadioauto.online,nic,0.93,prefix_suffix,lexical
vibevault25.com,vi,0.93,prefix_suffix,lexical
ky558023.vip,vi,0.93,prefix_suffix,lexical
vincomsystem.com,vi,0.93,prefix_suffix,lexical
karajearclinic.com,nic,0.93,prefix_suffix,lexical
bobatoto8zvl.yachts,bob,0.93,prefix_suffix,lexical
vikingmythicarmory.com,vi,0.93,prefix_suffix,lexical
vintnerseat.com,vi,0.93,prefix_suffix,lexical
majubaji-vip.org,vi,0.93,prefix_suffix,lexical
nicoleritz.com,nic,0.93,prefix_suffix,lexical
videosdeterror.com,vi,0.93,prefix_suffix,lexical
062581.com,sbi,0.93,prefix_suffix,lexical
vituoili.xyz,vi,0.93,prefix_suffix,lexical
vivienhouse.in,vi,0.93,prefix_suffix,lexical
videoanalyzer-pro.com,vi,0.93,prefix_suffix,lexical
vigalvus.com,vi,0.93,prefix_suffix,lexical
metal--vip.org,vi,0.93,prefix_suffix,lexical
visaogroup.com,vi,0.93,prefix_suffix,lexical
cti116.vip,vi,0.93,prefix_suffix,lexical
vietgiaphuc.com,vi,0.93,prefix_suffix,lexical
sbimftcpl.com,sbi,0.93,prefix_suffix,lexical
eclipsecelest.click,eci,0.93,prefix_suffix,lexical
axistxk.icu,axis,0.93,prefix_suffix,lexical
qm888.vip,vi,0.93,prefix_suffix,lexical
78089.vip,vi,0.93,prefix_suffix,lexical
royalwin808.realty,bob,0.93,prefix_suffix,lexical
vivobonus.shop,vi,0.93,prefix_suffix,lexical
vinzing.com,vi,0.93,prefix_suffix,lexical
sacramentorealestatelistings.com,sac,0.93,prefix_suffix,lexical
67937.vip,vi,0.93,prefix_suffix,lexical
kalebet-resmigiris.vip,vi,0.93,prefix_suffix,lexical
maxwin288-vip.org,vi,0.93,prefix_suffix,lexical
179876.vip,vi,0.93,prefix_suffix,lexical
vintagerosaries.com,vi,0.93,prefix_suffix,lexical
didi51-t0369.vip,vi,0.93,prefix_suffix,lexical
villagemarket.us,vi,0.93,prefix_suffix,lexical
virtualdesktops4advisors.com,vi,0.93,prefix_suffix,lexical
h52vl.top,vi,0.93,prefix_suffix,lexical
y7124597.vip,vi,0.93,prefix_suffix,lexical
vity.tools,vi,0.93,prefix_suffix,lexical
vitadiett.com,vi,0.93,prefix_suffix,lexical
virginiaexaminer.com,vi,0.93,prefix_suffix,lexical
vintageshop.us,vi,0.93,prefix_suffix,lexical
violaglow.com,vi,0.93,prefix_suffix,lexical
jazzbuzz.vip,vi,0.93,prefix_suffix,lexical
vidmuse.shop,vi,0.93,prefix_suffix,lexical
yjdisaster.vip,vi,0.93,prefix_suffix,lexical
gmkco.vip,vi,0.93,prefix_suffix,lexical
jojobets.vip,vi,0.93,prefix_suffix,lexical
ab74.vip,vi,0.93,prefix_suffix,lexical
y7124570.vip,vi,0.93,prefix_suffix,lexical
26124355.vip,vi,0.93,prefix_suffix,lexical
vis-con.com,vi,0.93,prefix_suffix,lexical
videoringbox.com,vi,0.93,prefix_suffix,lexical
18840.vip,vi,0.93,prefix_suffix,lexical
home-viz.com,vi,0.93,prefix_suffix,lexical
vitalityavenue.shop,vi,0.93,prefix_suffix,lexical
kkkdxa.vip,vi,0.93,prefix_suffix,lexical
eclipticthoughts.com,eci,0.93,prefix_suffix,lexical
honeycombclinic.ca,nic,0.93,prefix_suffix,lexical
849xx577.vip,vi,0.93,prefix_suffix,lexical
serv1-1m.com,vi,0.93,prefix_suffix,lexical
casi-mobilgirisyap2026.vip,vi,0.93,prefix_suffix,lexical
vintagebrocante.com,vi,0.93,prefix_suffix,lexical
lvs289.vip,vi,0.93,prefix_suffix,lexical
yjcontent.vip,vi,0.93,prefix_suffix,lexical
slotblastcasheuaozz.vip,vi,0.93,prefix_suffix,lexical
vinntek.com,vi,0.93,prefix_suffix,lexical
visitbergamo.pl,vi,0.93,prefix_suffix,lexical
viziomind.com,vi,0.93,prefix_suffix,lexical
petrossiliona.vip,vi,0.93,prefix_suffix,lexical
videgence.com,vi,0.93,prefix_suffix,lexical
blgj9999.vip,vi,0.93,prefix_suffix,lexical
nicosales.com,nic,0.93,prefix_suffix,lexical
jiovoiceai.com,jio,0.93,prefix_suffix,lexical
vikilang.website,vi,0.93,prefix_suffix,lexical
c775.vip,vi,0.93,prefix_suffix,lexical
ludmw.vip,vi,0.93,prefix_suffix,lexical
nhanqua.click,nha,0.93,prefix_suffix,lexical
vliwj7w.com,vi,0.93,prefix_suffix,lexical
vipmailsecurenotifications.com,vi,0.93,prefix_suffix,lexical
suratbet-qirisi2026.vip,vi,0.93,prefix_suffix,lexical
69-5.vip,vi,0.93,prefix_suffix,lexical
t6qx.vip,vi,0.93,prefix_suffix,lexical
bulkoceanic.com,nic,0.93,prefix_suffix,lexical
virginmaxx.com,vi,0.93,prefix_suffix,lexical
bangalorephysioclinic.com,nic,0.93,prefix_suffix,lexical
cztv1.com,vi,0.93,prefix_suffix,lexical
camelbackinfiniti.com,icici,0.93,prefix_suffix,lexical
viraltrafic.com,vi,0.93,prefix_suffix,lexical
virus888daftar.com,vi,0.93,prefix_suffix,lexical
666881ldv1.pro,vi,0.93,prefix_suffix,lexical
pvoft.vip,vi,0.93,prefix_suffix,lexical
com-elitkz.vip,vi,0.93,prefix_suffix,lexical
hth-vip-download.com,vi,0.93,prefix_suffix,lexical
visualagents.org,vi,0.93,prefix_suffix,lexical
26645764.vip,vi,0.93,prefix_suffix,lexical
bwltt.vip,vi,0.93,prefix_suffix,lexical
8535win.club,bse,0.93,prefix_suffix,lexical
interbahisguncel01.vip,vi,0.93,prefix_suffix,lexical
t-vison.com,vi,0.93,prefix_suffix,lexical
virtismd.net,vi,0.93,prefix_suffix,lexical
v1kingenterprises.com,vi,0.93,prefix_suffix,lexical
97586.vip,vi,0.93,prefix_suffix,lexical
vintagedickpics.com,vi,0.93,prefix_suffix,lexical
yoncaevi.com,vi,0.93,prefix_suffix,lexical
highnshine-vip.vacations,vi,0.93,prefix_suffix,lexical
vitaflexgotas.com.br,vi,0.93,prefix_suffix,lexical
nicegive.com,nic,0.93,prefix_suffix,lexical
t-visionsuit.com,vi,0.93,prefix_suffix,lexical
visitwrexham.com,vi,0.93,prefix_suffix,lexical
43342.vip,vi,0.93,prefix_suffix,lexical
videlavuze.ru,vi,0.93,prefix_suffix,lexical
nicheloanboost.com,nic,0.93,prefix_suffix,lexical
vitorobotics.com,vi,0.93,prefix_suffix,lexical
vidabuena.site,vi,0.93,prefix_suffix,lexical
augenclinic-dilsdorf.com,nic,0.93,prefix_suffix,lexical
drfataclinic.com,nic,0.93,prefix_suffix,lexical
villagesleepdentist.com,vi,0.93,prefix_suffix,lexical
trbet-giris.vip,vi,0.93,prefix_suffix,lexical
charterbusrentalnovi.com,vi,0.93,prefix_suffix,lexical
nickstravelnlabour.com,nic,0.93,prefix_suffix,lexical
vitanaravb.info,vi,0.93,prefix_suffix,lexical
ecloth-wear.online,eci,0.93,prefix_suffix,lexical
y7124541.vip,vi,0.93,prefix_suffix,lexical
axis-llcjp.com,axis,0.98,exact_label,lexical
vivatraininginstitute.com,vi,0.93,prefix_suffix,lexical
visitpuertolopez.com,vi,0.93,prefix_suffix,lexical
virutchamfoods.com,vi,0.93,prefix_suffix,lexical
vi-hitclub.pro,vi,0.98,exact_label,lexical
php456.vip,vi,0.93,prefix_suffix,lexical
legacyline.vip,vi,0.93,prefix_suffix,lexical
vita-lose.store,vi,0.93,prefix_suffix,lexical
visitbudhanilkantha.com,vi,0.93,prefix_suffix,lexical
avi-golberg.com,vi,0.93,prefix_suffix,lexical
villarosa.us,vi,0.93,prefix_suffix,lexical
98yl237.vip,vi,0.93,prefix_suffix,lexical
vilsominfrastructure.com,vi,0.93,prefix_suffix,lexical
marche-villette.com,vi,0.93,prefix_suffix,lexical
nhasachviet21.site,nha,0.93,prefix_suffix,lexical
hot-viral.online,vi,0.93,prefix_suffix,lexical
payhikd.vip,vi,0.93,prefix_suffix,lexical
578933.vip,vi,0.93,prefix_suffix,lexical
ahtmks.vip,vi,0.93,prefix_suffix,lexical
elrincondeyovi.com,vi,0.93,prefix_suffix,lexical
chdc-census.in,census,0.98,exact_label,lexical
hydrothermsuivi.com,vi,0.93,prefix_suffix,lexical
85323.click,bse,0.93,prefix_suffix,lexical
sacrasync.com,sac,0.93,prefix_suffix,lexical
xn--visodachama-b8a.com,vi,0.93,prefix_suffix,lexical
villagesgo.cloud,vi,0.93,prefix_suffix,lexical
viclearn.com,vi,0.93,prefix_suffix,lexical
226139.vip,vi,0.93,prefix_suffix,lexical
cikpq.vip,vi,0.93,prefix_suffix,lexical
v52z10.vip,vi,0.93,prefix_suffix,lexical
bobocars.com,bob,0.93,prefix_suffix,lexical
vivessuuuperspullen.nl,vi,0.93,prefix_suffix,lexical
virillo.com,vi,0.93,prefix_suffix,lexical
bobsl.com,bob,0.93,prefix_suffix,lexical
victorystrategies.ca,vi,0.93,prefix_suffix,lexical
vivaajewel.com,vi,0.93,prefix_suffix,lexical
visittoebeanscatcafe.com,vi,0.93,prefix_suffix,lexical
myvip-vip.boats,vi,0.93,prefix_suffix,lexical
c781.vip,vi,0.93,prefix_suffix,lexical
vikpolen.com,vi,0.93,prefix_suffix,lexical
vidyarthiandcompany.com,vi,0.93,prefix_suffix,lexical
t-magnolias-virtual.com,vi,0.93,prefix_suffix,lexical
1111-bet-vip.net,vi,0.93,prefix_suffix,lexical
viewion.com,vi,0.93,prefix_suffix,lexical
vitanutrahealts.com,vi,0.93,prefix_suffix,lexical
nhaheritage.com,nha,0.93,prefix_suffix,lexical
visionnexustechnologies.xyz,vi,0.93,prefix_suffix,lexical
31782.vip,vi,0.93,prefix_suffix,lexical
mechanic-positions-afr-02.sbs,nic,0.93,prefix_suffix,lexical
vinodhpagolu.com,vi,0.93,prefix_suffix,lexical
nicesaniec.sbs,nic,0.93,prefix_suffix,lexical
vitrinemaraba.com.br,vi,0.93,prefix_suffix,lexical
vipcribs.com,vi,0.93,prefix_suffix,lexical
vingettautobahn.online,vi,0.93,prefix_suffix,lexical
vinculosaude.com,vi,0.93,prefix_suffix,lexical
villainousvideo.online,vi,0.93,prefix_suffix,lexical
sff001.vip,vi,0.93,prefix_suffix,lexical
vivredamour.com,vi,0.93,prefix_suffix,lexical
betgitvur.vip,vi,0.93,prefix_suffix,lexical
859605.vip,vi,0.93,prefix_suffix,lexical
viralsnap.online,vi,0.93,prefix_suffix,lexical
helpmewandavi.com,vi,0.93,prefix_suffix,lexical
jumper.vip,vi,0.93,prefix_suffix,lexical
marketmalleyeclinic.com,nic,0.93,prefix_suffix,lexical
26124535.vip,vi,0.93,prefix_suffix,lexical
mrtkng-boss2026.vip,vi,0.93,prefix_suffix,lexical
m7clinic.ru,nic,0.93,prefix_suffix,lexical
849xx677.vip,vi,0.93,prefix_suffix,lexical
pvpww.vip,vi,0.93,prefix_suffix,lexical
4jrwkm.vip,vi,0.93,prefix_suffix,lexical
08391.vip,vi,0.93,prefix_suffix,lexical
vip20k.com,vi,0.93,prefix_suffix,lexical
therapeuoclinic.com,nic,0.93,prefix_suffix,lexical
89008.vip,vi,0.93,prefix_suffix,lexical
vlinsys.net,vi,0.93,prefix_suffix,lexical
78615.vip,vi,0.93,prefix_suffix,lexical
marsbahisonlinegirisi.vip,vi,0.93,prefix_suffix,lexical
vickiebeck.com,vi,0.93,prefix_suffix,lexical
viralspot.blog,vi,0.93,prefix_suffix,lexical
nichemeetz.com,nic,0.93,prefix_suffix,lexical
bobgrantie.com,bob,0.93,prefix_suffix,lexical
vital24plus.com,vi,0.93,prefix_suffix,lexical
512ln.vip,vi,0.93,prefix_suffix,lexical
70438.vip,vi,0.93,prefix_suffix,lexical
fronterasac.store,sac,0.93,prefix_suffix,lexical
yyq-s-etjcyvi.top,vi,0.93,prefix_suffix,lexical
vtbi7511.vip,vi,0.93,prefix_suffix,lexical
dhjkahkgbzkbkhadslkab.vip,vi,0.93,prefix_suffix,lexical
vitalityfunctionalmovement.com,vi,0.93,prefix_suffix,lexical
y7124351.vip,vi,0.93,prefix_suffix,lexical
victoriaalvarez.com,vi,0.93,prefix_suffix,lexical
wbbmx.vip,vi,0.93,prefix_suffix,lexical
rbi.kaufen,rbi,0.98,exact_label,lexical
a7ty83.vip,vi,0.93,prefix_suffix,lexical
australianpeptideclinic.org,nic,0.93,prefix_suffix,lexical
26124497.vip,vi,0.93,prefix_suffix,lexical
vitalbeefeed.com,vi,0.93,prefix_suffix,lexical
xn--d1acnicibse.xn--p1ai,bse,0.93,prefix_suffix,lexical
visitkodiakisland.com,vi,0.93,prefix_suffix,lexical
yskiybzq.vip,vi,0.93,prefix_suffix,lexical
eclipsesdev.top,eci,0.93,prefix_suffix,lexical
40869.vip,vi,0.93,prefix_suffix,lexical
mtffg.vip,vi,0.93,prefix_suffix,lexical
pounce.vip,vi,0.93,prefix_suffix,lexical
mehkbf.vip,vi,0.93,prefix_suffix,lexical
nicapur.us,nic,0.93,prefix_suffix,lexical
vzfnvi.info,vi,0.93,prefix_suffix,lexical
vipbiowellness.com,vi,0.93,prefix_suffix,lexical
virale.us,vi,0.93,prefix_suffix,lexical
y7124338.vip,vi,0.93,prefix_suffix,lexical
75581.mobi,sbi,0.93,prefix_suffix,lexical
03566.vip,vi,0.93,prefix_suffix,lexical
videntai.xyz,vi,0.93,prefix_suffix,lexical
kabha.org,nha,0.93,prefix_suffix,lexical
vibestherapy.xyz,vi,0.93,prefix_suffix,lexical
95846.vip,vi,0.93,prefix_suffix,lexical
vlxx.parts,vi,0.93,prefix_suffix,lexical
85247.vip,vi,0.93,prefix_suffix,lexical
nicole-grom.com,nic,0.93,prefix_suffix,lexical
vinsan.top,vi,0.93,prefix_suffix,lexical
98471.vip,vi,0.93,prefix_suffix,lexical
5ehmwx.vip,vi,0.93,prefix_suffix,lexical
wwwbets10462.vip,vi,0.93,prefix_suffix,lexical
26124322.vip,vi,0.93,prefix_suffix,lexical
visualnexus.com,vi,0.93,prefix_suffix,lexical
wytgbnls.vip,vi,0.93,prefix_suffix,lexical
vintageskinsshop.com,vi,0.93,prefix_suffix,lexical
42570.vip,vi,0.93,prefix_suffix,lexical
clriva.vip,vi,0.93,prefix_suffix,lexical
5736im7.vip,vi,0.93,prefix_suffix,lexical
betvn05.vip,vi,0.93,prefix_suffix,lexical
nivi-project.com,vi,0.93,prefix_suffix,lexical
eclipseofthegods.com,eci,0.93,prefix_suffix,lexical
vilixrayon.shop,vi,0.93,prefix_suffix,lexical
q14sb1.top,sbi,0.93,prefix_suffix,lexical
vivoset.net,vi,0.93,prefix_suffix,lexical
jmzwr.vip,vi,0.93,prefix_suffix,lexical
tmssg.vip,vi,0.93,prefix_suffix,lexical
fullbloodwagyu-sachsen.com,sac,0.93,prefix_suffix,lexical
victorygrowthplan.com,vi,0.93,prefix_suffix,lexical
vikuz.net,vi,0.93,prefix_suffix,lexical
videqu.com,vi,0.93,prefix_suffix,lexical
hlxav.vip,vi,0.93,prefix_suffix,lexical
vivasnap.com,vi,0.93,prefix_suffix,lexical
5action.com,sac,0.93,prefix_suffix,lexical
vivabodies.com,vi,0.93,prefix_suffix,lexical
21986.vip,vi,0.93,prefix_suffix,lexical
secura-vita.com,vi,0.93,prefix_suffix,lexical
mahaheng777.vip,vi,0.93,prefix_suffix,lexical
rexxorbi.com,rbi,0.93,prefix_suffix,lexical
myvictoir.store,vi,0.93,prefix_suffix,lexical
novadiusmanagement.vip,vi,0.93,prefix_suffix,lexical
guided-visualization.com,vi,0.93,prefix_suffix,lexical
ectsp.vip,vi,0.93,prefix_suffix,lexical
didi51-t0332.vip,vi,0.93,prefix_suffix,lexical
getcorgi.com,census,0.93,prefix_suffix,lexical
tophillbet-resmi8.vip,vi,0.93,prefix_suffix,lexical
mejortvx.vip,vi,0.93,prefix_suffix,lexical
26124350.vip,vi,0.93,prefix_suffix,lexical
vipbusy.com,vi,0.93,prefix_suffix,lexical
noincomehomeloans.com,sbi,0.93,prefix_suffix,lexical
jiongincome.com,jio,0.93,prefix_suffix,lexical
yd82438.vip,vi,0.93,prefix_suffix,lexical
enbet-amp.vip,vi,0.93,prefix_suffix,lexical
infinitioncamelbacksucks.com,icici,0.93,prefix_suffix,lexical
vigilanza.pro,vi,0.93,prefix_suffix,lexical
735yc.vip,vi,0.93,prefix_suffix,lexical
fanatic134.vip,vi,0.93,prefix_suffix,lexical
14407.vip,vi,0.93,prefix_suffix,lexical
vivil.us,vi,0.93,prefix_suffix,lexical
2v1.lat,vi,0.93,prefix_suffix,lexical
viva-crm.com,vi,0.93,prefix_suffix,lexical
mg999.vip,vi,0.93,prefix_suffix,lexical
k7asia.vip,vi,0.93,prefix_suffix,lexical
nonprofitscams.com,cams,0.93,prefix_suffix,lexical
38zh.vip,vi,0.93,prefix_suffix,lexical
vitorloureiro.com,vi,0.93,prefix_suffix,lexical
sacredthreadsandtreasures.com,sac,0.93,prefix_suffix,lexical
pung888plusv1.com,vi,0.93,prefix_suffix,lexical
viltrixsv.shop,vi,0.93,prefix_suffix,lexical
vibingnomad.com,vi,0.93,prefix_suffix,lexical
visualautomations.com,vi,0.93,prefix_suffix,lexical
26124410.vip,vi,0.93,prefix_suffix,lexical
snzzw.vip,vi,0.93,prefix_suffix,lexical
mtxhospitalitygroup.vip,vi,0.93,prefix_suffix,lexical
hiltonbet-nisan.vip,vi,0.93,prefix_suffix,lexical
fortuvin.vip,vi,0.93,prefix_suffix,lexical
02548.vip,vi,0.93,prefix_suffix,lexical
kelami2025.vip,vi,0.93,prefix_suffix,lexical
axislivingsolutions.com,axis,0.93,prefix_suffix,lexical
cskyz.vip,vi,0.93,prefix_suffix,lexical
videyus.site,vi,0.93,prefix_suffix,lexical
kakshaethnic.com,nic,0.93,prefix_suffix,lexical
osnovy-vip.ru,vi,0.93,prefix_suffix,lexical
vinahit.com,vi,0.93,prefix_suffix,lexical
vibeoutreachbloom.com,vi,0.93,prefix_suffix,lexical
63cj.vip,vi,0.93,prefix_suffix,lexical
serviceomcvl.sbs,vi,0.93,prefix_suffix,lexical
71312.vip,vi,0.93,prefix_suffix,lexical
paintpanic.com,nic,0.93,prefix_suffix,lexical
tttfb.vip,vi,0.93,prefix_suffix,lexical
26124519.vip,vi,0.93,prefix_suffix,lexical
vinsible.com,vi,0.93,prefix_suffix,lexical
virginialeather.shop,vi,0.93,prefix_suffix,lexical
24274.vip,vi,0.93,prefix_suffix,lexical
viralnewszone.shop,vi,0.93,prefix_suffix,lexical
bailety84.vip,vi,0.93,prefix_suffix,lexical
bca-clinic.com,nic,0.93,prefix_suffix,lexical
viableflow.com,vi,0.93,prefix_suffix,lexical
vitbudsilesia.pl,vi,0.93,prefix_suffix,lexical
vitoroliveiratv.com,vi,0.93,prefix_suffix,lexical
vinculatorio.org,vi,0.93,prefix_suffix,lexical
0072p.vip,vi,0.93,prefix_suffix,lexical
c741.vip,vi,0.93,prefix_suffix,lexical
65385.vip,vi,0.93,prefix_suffix,lexical
pmclagunaclinic.com,nic,0.93,prefix_suffix,lexical
vipparcel.online,vi,0.93,prefix_suffix,lexical
websnavi.com,vi,0.93,prefix_suffix,lexical
app-vic88.com,vi,0.93,prefix_suffix,lexical
chipaxis.com,axis,0.93,prefix_suffix,lexical
26124576.vip,vi,0.93,prefix_suffix,lexical
viatorlogistics.com,vi,0.93,prefix_suffix,lexical
vikscasinouz.com.kz,vi,0.93,prefix_suffix,lexical
xy70.vip,vi,0.93,prefix_suffix,lexical
nichollslandscaping.com,nic,0.93,prefix_suffix,lexical
correiodamanha.log.br,nha,0.93,prefix_suffix,lexical
57499.vip,vi,0.93,prefix_suffix,lexical
videoescaperooms.com,vi,0.93,prefix_suffix,lexical
rleletronic.click,nic,0.93,prefix_suffix,lexical
jojobet-lisansli-giris.vip,vi,0.93,prefix_suffix,lexical
u330.vip,vi,0.93,prefix_suffix,lexical
61278.vip,vi,0.93,prefix_suffix,lexical
mrvoautoclinic.info,nic,0.93,prefix_suffix,lexical
visualytics.co.ke,vi,0.93,prefix_suffix,lexical
viverbemnatural.com,vi,0.93,prefix_suffix,lexical
villaturkey.com,vi,0.93,prefix_suffix,lexical
mozhiaruvi.com,vi,0.93,prefix_suffix,lexical
bobbybrucelmt.com,bob,0.93,prefix_suffix,lexical
jy-vip.com,vi,0.93,prefix_suffix,lexical
viks801.com,vi,0.93,prefix_suffix,lexical
vlbgw.vip,vi,0.93,prefix_suffix,lexical
villaplacehistoricdistrictneighborhood.org,vi,0.93,prefix_suffix,lexical
visaxconsulting.com,vi,0.93,prefix_suffix,lexical
vita-lose.online,vi,0.93,prefix_suffix,lexical
626pe.vip,vi,0.93,prefix_suffix,lexical
558211.vip,vi,0.93,prefix_suffix,lexical
nickhillphotography.com,nic,0.93,prefix_suffix,lexical
26124589.vip,vi,0.93,prefix_suffix,lexical
qyc02.vip,vi,0.93,prefix_suffix,lexical
vizon3d.org,vi,0.93,prefix_suffix,lexical
visitthanjavur.com,vi,0.93,prefix_suffix,lexical
anddjsoftwarenaarbi.com,rbi,0.93,prefix_suffix,lexical
viewear.com,vi,0.93,prefix_suffix,lexical
512js.vip,vi,0.93,prefix_suffix,lexical
vibesonline.xyz,vi,0.93,prefix_suffix,lexical
saccessory.store,sac,0.93,prefix_suffix,lexical
visionmetals.sbs,vi,0.93,prefix_suffix,lexical
64974.vip,vi,0.93,prefix_suffix,lexical
vipmarket.us,vi,0.93,prefix_suffix,lexical
aqtpbtbbsx.vip,vi,0.93,prefix_suffix,lexical
vietthuongmai.com,vi,0.93,prefix_suffix,lexical
dpofs.vip,vi,0.93,prefix_suffix,lexical
secretcodebvi.com,vi,0.93,prefix_suffix,lexical
w-nichiwa.com,nic,0.93,prefix_suffix,lexical
visionimpactsolutiongroup.com,vi,0.93,prefix_suffix,lexical
fltyw.vip,vi,0.93,prefix_suffix,lexical
9z0tyb.vip,vi,0.93,prefix_suffix,lexical
myvirtu.life,vi,0.93,prefix_suffix,lexical
vibeium.xyz,vi,0.93,prefix_suffix,lexical
vieclam-batdongsan.com,vi,0.93,prefix_suffix,lexical
nicolebarker.shop,nic,0.93,prefix_suffix,lexical
58106hk.casino,sbi,0.93,prefix_suffix,lexical
villagepointautos.com,vi,0.93,prefix_suffix,lexical
didi51-t0333.vip,vi,0.93,prefix_suffix,lexical
betcioguncelgirisi.vip,vi,0.93,prefix_suffix,lexical
26124455.vip,vi,0.93,prefix_suffix,lexical
didi51-t0388.vip,vi,0.93,prefix_suffix,lexical
vinexpo.us,vi,0.93,prefix_suffix,lexical
xn--it-sachverstndiger-kelm-67b.com,sac,0.93,prefix_suffix,lexical
villagelife.us,vi,0.93,prefix_suffix,lexical
visitckzry.sbs,vi,0.93,prefix_suffix,lexical
viphiok.shop,vi,0.93,prefix_suffix,lexical
visionbeyond.store,vi,0.93,prefix_suffix,lexical
villavioletta-corfu.com,vi,0.93,prefix_suffix,lexical
vintagestilideenwahl.com,vi,0.93,prefix_suffix,lexical
nicomaggini.com,nic,0.93,prefix_suffix,lexical
vipdomainsuiteprime.com,vi,0.93,prefix_suffix,lexical
violaworld.net,vi,0.93,prefix_suffix,lexical
nicelawnservicellc.com,nic,0.93,prefix_suffix,lexical
bobafon.com,bob,0.93,prefix_suffix,lexical
nicolemartinauthor.com,nic,0.93,prefix_suffix,lexical
villamax.site,vi,0.93,prefix_suffix,lexical
vipmedicaltransportation.com,vi,0.93,prefix_suffix,lexical
vinceromney.com,vi,0.93,prefix_suffix,lexical
virtualresortstayqexorin.shop,vi,0.93,prefix_suffix,lexical
43070.vip,vi,0.93,prefix_suffix,lexical
xervg.vip,vi,0.93,prefix_suffix,lexical
hifuclinic.com,nic,0.93,prefix_suffix,lexical
adk808.com,bob,0.93,prefix_suffix,lexical
8535win.cloud,bse,0.93,prefix_suffix,lexical
s10-hub.vip,vi,0.93,prefix_suffix,lexical
qczb08.com,bob,0.93,prefix_suffix,lexical
visionaryveterans.us,vi,0.93,prefix_suffix,lexical
sacgr.org,sac,0.93,prefix_suffix,lexical
victorremodelingandconstruction.com,vi,0.93,prefix_suffix,lexical
anothermail.vip,vi,0.93,prefix_suffix,lexical
boberski.com,bob,0.93,prefix_suffix,lexical
ttthh.vip,vi,0.93,prefix_suffix,lexical
visionaryracing.com,vi,0.93,prefix_suffix,lexical
viataurina.com,vi,0.93,prefix_suffix,lexical
herofincorp.vip,vi,0.93,prefix_suffix,lexical
76625.vip,vi,0.93,prefix_suffix,lexical
vitafocuscaps.com.br,vi,0.93,prefix_suffix,lexical
videosnap.fun,vi,0.93,prefix_suffix,lexical
zapexapp.vip,vi,0.93,prefix_suffix,lexical
vivienne-hendrik.com,vi,0.93,prefix_suffix,lexical
88vnmientay.vip,vi,0.93,prefix_suffix,lexical
vin88-1.com,vi,0.93,prefix_suffix,lexical
bv1949.vip,vi,0.93,prefix_suffix,lexical
legendpg.vip,vi,0.93,prefix_suffix,lexical
visiblepromotions.com,vi,0.93,prefix_suffix,lexical
visitbaggage.com,vi,0.93,prefix_suffix,lexical
vibesocial.com,vi,0.93,prefix_suffix,lexical
abdmsoftwares.in,nha,0.93,prefix_suffix,lexical
villainhat.com,vi,0.93,prefix_suffix,lexical
vita-aurea.com,vi,0.93,prefix_suffix,lexical
virtualelektr.site,vi,0.93,prefix_suffix,lexical
kingroyal808.com,bob,0.93,prefix_suffix,lexical
3g4ru9j.vip,vi,0.93,prefix_suffix,lexical
video2cartai.info,vi,0.93,prefix_suffix,lexical
rbl.clothing,rbi,0.98,exact_label,lexical
virgo-elite-protection.com,vi,0.93,prefix_suffix,lexical
vietvuong.com,vi,0.93,prefix_suffix,lexical
gthsq.vip,vi,0.93,prefix_suffix,lexical
azwdf.vip,vi,0.93,prefix_suffix,lexical
neomed-clinic.com,nic,0.93,prefix_suffix,lexical
desktronic.us,nic,0.93,prefix_suffix,lexical
crb26.vip,vi,0.93,prefix_suffix,lexical
vizzyco.store,vi,0.93,prefix_suffix,lexical
vintagecameraguy.com,vi,0.93,prefix_suffix,lexical
sacred-ecology.com,sac,0.93,prefix_suffix,lexical
airtelbank.com,airtel,0.95,combined,lexical
vidcast360.com,vi,0.93,prefix_suffix,lexical
xgxbl.vip,vi,0.93,prefix_suffix,lexical
jhdwk.vip,vi,0.93,prefix_suffix,lexical
859512.vip,vi,0.93,prefix_suffix,lexical
qsyi3u.vip,vi,0.93,prefix_suffix,lexical
nicole-walenta.com,nic,0.93,prefix_suffix,lexical
vida-lux.com,vi,0.93,prefix_suffix,lexical
vital-supplement.com,vi,0.93,prefix_suffix,lexical
flowtech-nic.com,nic,0.98,exact_label,lexical
topclinic.com,nic,0.93,prefix_suffix,lexical
sjjxi.vip,vi,0.93,prefix_suffix,lexical
bailety25.vip,vi,0.93,prefix_suffix,lexical
cellavie.vip,vi,0.93,prefix_suffix,lexical
vibecodingtools.uk,vi,0.93,prefix_suffix,lexical
hdeim.vip,vi,0.93,prefix_suffix,lexical
virtualpressevents.com,vi,0.93,prefix_suffix,lexical
bobashaurma.ru,bob,0.93,prefix_suffix,lexical
40783.vip,vi,0.93,prefix_suffix,lexical
villakyria.com,vi,0.93,prefix_suffix,lexical
vi-de3.com,vi,0.98,exact_label,lexical
8o888.com,bob,0.93,prefix_suffix,lexical
nlcco.org,nic,0.93,prefix_suffix,lexical
viphearthealthawareness.com,vi,0.93,prefix_suffix,lexical
axis-ofv.info,axis,0.98,exact_label,lexical
visah.eu.cc,vi,0.93,prefix_suffix,lexical
ixjte.vip,vi,0.93,prefix_suffix,lexical
66-access.vip,vi,0.93,prefix_suffix,lexical
videojetthailand.com,vi,0.93,prefix_suffix,lexical
the-vibes.xyz,vi,0.93,prefix_suffix,lexical
dktoken.vip,vi,0.93,prefix_suffix,lexical
visitlewes.com,vi,0.93,prefix_suffix,lexical
viral4dheal.com,vi,0.93,prefix_suffix,lexical
ultrasonic-meter001.asia,nic,0.93,prefix_suffix,lexical
antonioarbi.com,rbi,0.93,prefix_suffix,lexical
virelostore.com,vi,0.93,prefix_suffix,lexical
viewscancopypdf.com,vi,0.93,prefix_suffix,lexical
filemechanic.com,nic,0.93,prefix_suffix,lexical
y7124473.vip,vi,0.93,prefix_suffix,lexical
26124327.vip,vi,0.93,prefix_suffix,lexical
bobbygutierrez.com,bob,0.93,prefix_suffix,lexical
visanne.us,vi,0.93,prefix_suffix,lexical
geoff.vip,vi,0.93,prefix_suffix,lexical
homehydronic.com,nic,0.93,prefix_suffix,lexical
gurjeetmavi.com,vi,0.93,prefix_suffix,lexical
axis-interiors.site,axis,0.98,exact_label,lexical
vikingi-nsk.online,vi,0.93,prefix_suffix,lexical
zjmad.vip,vi,0.93,prefix_suffix,lexical
vintagecrazy.com,vi,0.93,prefix_suffix,lexical
mmppty.vip,vi,0.93,prefix_suffix,lexical
quickridedidcot.vip,vi,0.93,prefix_suffix,lexical
homvi.us,vi,0.93,prefix_suffix,lexical
vinyl-casino.games,vi,0.93,prefix_suffix,lexical
eclipsevr.site,eci,0.93,prefix_suffix,lexical
smart-vital.top,vi,0.93,prefix_suffix,lexical
ytmpf.vip,vi,0.93,prefix_suffix,lexical
vitall.us,vi,0.93,prefix_suffix,lexical
vistasafari.com,vi,0.93,prefix_suffix,lexical
nicolaaviss.shop,nic,0.93,prefix_suffix,lexical
kgmvl.bond,vi,0.93,prefix_suffix,lexical
psrne17.vip,vi,0.93,prefix_suffix,lexical
vipnewdosug.site,vi,0.93,prefix_suffix,lexical
theluxlvl.com,vi,0.93,prefix_suffix,lexical
jcpajio.com,jio,0.93,prefix_suffix,lexical
vibration5.uk,vi,0.93,prefix_suffix,lexical
skpua.vip,vi,0.93,prefix_suffix,lexical
red96.vip,vi,0.93,prefix_suffix,lexical
75838.vip,vi,0.93,prefix_suffix,lexical
nhanhlen2hranh.site,nha,0.93,prefix_suffix,lexical
dramarisperbi.com,rbi,0.93,prefix_suffix,lexical
aprobado-vlabcp.digital,vi,0.93,prefix_suffix,lexical
helixwin.vip,vi,0.93,prefix_suffix,lexical
vintagedublin.com,vi,0.93,prefix_suffix,lexical
viand.us,vi,0.93,prefix_suffix,lexical
leoautomechanic.com,nic,0.93,prefix_suffix,lexical
visitkomodoisland.com,vi,0.93,prefix_suffix,lexical
y7124527.vip,vi,0.93,prefix_suffix,lexical
xn--91-9g6er8c.vip,vi,0.93,prefix_suffix,lexical
limanbet-gir.vip,vi,0.93,prefix_suffix,lexical
visitstbarthelemy.com,vi,0.93,prefix_suffix,lexical
tobi.vip,vi,0.93,prefix_suffix,lexical
nicolasaguilera.fr,nic,0.93,prefix_suffix,lexical
anpostinc.vip,vi,0.93,prefix_suffix,lexical
apkjio.site,jio,0.93,prefix_suffix,lexical
jaya99.vip,vi,0.93,prefix_suffix,lexical
vietcompriority.com,vi,0.93,prefix_suffix,lexical
niccolo.us,nic,0.93,prefix_suffix,lexical
40819.vip,vi,0.93,prefix_suffix,lexical
sohobetgirisleri.vip,vi,0.93,prefix_suffix,lexical
videoto3dgs.info,vi,0.93,prefix_suffix,lexical
virtuosafitt.store,vi,0.93,prefix_suffix,lexical
bobbydavishockey.com,bob,0.93,prefix_suffix,lexical
rivercard.vip,vi,0.93,prefix_suffix,lexical
vinelytix.tech,vi,0.93,prefix_suffix,lexical
villasmontelaguna.com,vi,0.93,prefix_suffix,lexical
casiveralivebahis.vip,vi,0.93,prefix_suffix,lexical
anitadevi.shop,vi,0.93,prefix_suffix,lexical
vikom.us,vi,0.93,prefix_suffix,lexical
vinted-paysystem.click,vi,0.93,prefix_suffix,lexical
98yl967.vip,vi,0.93,prefix_suffix,lexical
nicecutcreative.com,nic,0.93,prefix_suffix,lexical
bzhgvt.vip,vi,0.93,prefix_suffix,lexical
lutke.vip,vi,0.93,prefix_suffix,lexical
vivet-pflegedienst.com,vi,0.93,prefix_suffix,lexical
sacreddeconstruction.com,sac,0.93,prefix_suffix,lexical
73209.vip,vi,0.93,prefix_suffix,lexical
vipwin88jv.makeup,vi,0.93,prefix_suffix,lexical
trendevi.com,vi,0.93,prefix_suffix,lexical
eyeskinclinic.com,nic,0.93,prefix_suffix,lexical
vibeandvoyage.net,vi,0.93,prefix_suffix,lexical
h85bl.top,sbi,0.93,prefix_suffix,lexical
gr-5-health-clinic-solutions.online,nic,0.93,prefix_suffix,lexical
vishalrai.work,vi,0.93,prefix_suffix,lexical
vikart.shop,vi,0.93,prefix_suffix,lexical
vistasocialgroup.com,vi,0.93,prefix_suffix,lexical
fweup.vip,vi,0.93,prefix_suffix,lexical
cdn-viddeys.xyz,vi,0.93,prefix_suffix,lexical
365884.vip,vi,0.93,prefix_suffix,lexical
zvi-meitar-institute.com,vi,0.93,prefix_suffix,lexical
makovey.clinic,nic,0.93,prefix_suffix,lexical
vip-pgpg.com,vi,0.93,prefix_suffix,lexical
vitalessencem.info,vi,0.93,prefix_suffix,lexical
elmhurstaestheticclinic.com,nic,0.93,prefix_suffix,lexical
y7124311.vip,vi,0.93,prefix_suffix,lexical
exfjc.vip,vi,0.93,prefix_suffix,lexical
izqyu.vip,vi,0.93,prefix_suffix,lexical
mpibw.vip,vi,0.93,prefix_suffix,lexical
heng555.vip,vi,0.93,prefix_suffix,lexical
cartolinha.bet,nha,0.93,prefix_suffix,lexical
virginiaplus.com,vi,0.93,prefix_suffix,lexical
nicemed.com,nic,0.93,prefix_suffix,lexical
viewsboost.org,vi,0.93,prefix_suffix,lexical
vintageexpresspetro.com,vi,0.93,prefix_suffix,lexical
ak-ent-vip.com,vi,0.93,prefix_suffix,lexical
pmyed.vip,vi,0.93,prefix_suffix,lexical
bathdentalclinic.com,nic,0.93,prefix_suffix,lexical
77299u.vip,vi,0.93,prefix_suffix,lexical
viplatvsem.online,vi,0.93,prefix_suffix,lexical
y7124411.vip,vi,0.93,prefix_suffix,lexical
villadeuxrivieres.com,vi,0.93,prefix_suffix,lexical
bobty2014.com,bob,0.93,prefix_suffix,lexical
rsqcr.vip,vi,0.93,prefix_suffix,lexical
vitajia.net,vi,0.93,prefix_suffix,lexical
viilock.com,vi,0.93,prefix_suffix,lexical
blog-viiew-lab.com,vi,0.93,prefix_suffix,lexical
69257.vip,vi,0.93,prefix_suffix,lexical
makrobetonline01.vip,vi,0.93,prefix_suffix,lexical
kyoutei-navi.site,vi,0.93,prefix_suffix,lexical
evrinh.vip,vi,0.93,prefix_suffix,lexical
74465.vip,vi,0.93,prefix_suffix,lexical
tikihtks.vip,vi,0.93,prefix_suffix,lexical
romabetadresim.vip,vi,0.93,prefix_suffix,lexical
viybesi43.shop,vi,0.93,prefix_suffix,lexical
vitalissresearch.com,vi,0.93,prefix_suffix,lexical
vincraft.net,vi,0.93,prefix_suffix,lexical
agaxb08.vip,bob,0.93,prefix_suffix,lexical
h79vl.top,vi,0.93,prefix_suffix,lexical
picnic-studios.com,nic,0.93,prefix_suffix,lexical
nicestav.com,nic,0.93,prefix_suffix,lexical
qyc01.vip,vi,0.93,prefix_suffix,lexical
cliquecozinha.com,nha,0.93,prefix_suffix,lexical
1go-casino-vip2.top,vi,0.93,prefix_suffix,lexical
viadigitalpass.site,vi,0.93,prefix_suffix,lexical
tryarnic.biz,nic,0.93,prefix_suffix,lexical
vitok.space,vi,0.93,prefix_suffix,lexical
nicktesiconsulting.com,nic,0.93,prefix_suffix,lexical
incometaxcalculatorbangladesh.com,incometax,0.95,combined,lexical
riderpg.vip,vi,0.93,prefix_suffix,lexical
wjqabd.vip,vi,0.93,prefix_suffix,lexical
k5l4y7461g.vip,vi,0.93,prefix_suffix,lexical
didi51-t0326.vip,vi,0.93,prefix_suffix,lexical
tl5931.vip,vi,0.93,prefix_suffix,lexical
rinabet-linkim.vip,vi,0.93,prefix_suffix,lexical
vip-sying.com,vi,0.93,prefix_suffix,lexical
e40vqv.vip,vi,0.93,prefix_suffix,lexical
mbtmo.vip,vi,0.93,prefix_suffix,lexical
c786.vip,vi,0.93,prefix_suffix,lexical
blue-dental-clinic.com,nic,0.93,prefix_suffix,lexical
ytivww386.vip,vi,0.93,prefix_suffix,lexical
nicoletterevealed.com,nic,0.93,prefix_suffix,lexical
vlkn-vegas.site,vi,0.93,prefix_suffix,lexical
95894.vip,vi,0.93,prefix_suffix,lexical
aromasdacozinha.com,nha,0.93,prefix_suffix,lexical
appraise.vin,vi,0.93,prefix_suffix,lexical
vickey.site,vi,0.93,prefix_suffix,lexical
univers-virginieoper.fr,vi,0.93,prefix_suffix,lexical
nicheloanhub.com,nic,0.93,prefix_suffix,lexical
spiritofcraftvi.com,vi,0.93,prefix_suffix,lexical
viajadelamanoderaquel.com,vi,0.93,prefix_suffix,lexical
vijftigplusmagazine.online,vi,0.93,prefix_suffix,lexical
f1got40tco.vip,vi,0.93,prefix_suffix,lexical
ez-base-v1.me,vi,0.98,exact_label,lexical
ljdbo.vip,vi,0.93,prefix_suffix,lexical
vimanigroup.com,vi,0.93,prefix_suffix,lexical
3clickstocare.com,eci,0.93,prefix_suffix,lexical
futuretech6581.com,sbi,0.93,prefix_suffix,lexical
849kk369.vip,vi,0.93,prefix_suffix,lexical
bobbiesgoods.xyz,bob,0.93,prefix_suffix,lexical
viruscleangeorgia.com,vi,0.93,prefix_suffix,lexical
gb8-vip.com,vi,0.93,prefix_suffix,lexical
gjtnv04.vip,vi,0.93,prefix_suffix,lexical
romabetguncelgir2026.vip,vi,0.93,prefix_suffix,lexical
videro.app,vi,0.93,prefix_suffix,lexical
nickbattle.com,nic,0.93,prefix_suffix,lexical
h5stgj.vip,vi,0.93,prefix_suffix,lexical
8081731.cc,bob,0.93,prefix_suffix,lexical
pnclognqqc.vip,vi,0.93,prefix_suffix,lexical
vicduggan.com,vi,0.93,prefix_suffix,lexical
v2v2.vip,vi,0.93,prefix_suffix,lexical
xn--lcyx6al6tmi2a.vip,vi,0.93,prefix_suffix,lexical
pemo-fintech.com,kfintech,0.85,typo,lexical
sibom2026.vip,vi,0.93,prefix_suffix,lexical
thedriftingtonic.com,nic,0.93,prefix_suffix,lexical
vibrationalsoundmassage.com,vi,0.93,prefix_suffix,lexical
abhaitech.com,nha,0.93,prefix_suffix,lexical
y7124396.vip,vi,0.93,prefix_suffix,lexical
vitrumskin.com,vi,0.93,prefix_suffix,lexical
nhakai.com,nha,0.93,prefix_suffix,lexical
nicole-owls-cg.com,nic,0.93,prefix_suffix,lexical
vitaltrack.site,vi,0.93,prefix_suffix,lexical
y7124420.vip,vi,0.93,prefix_suffix,lexical
the11-11clinic.org,nic,0.93,prefix_suffix,lexical
victoriachardiet.com,vi,0.93,prefix_suffix,lexical
lotteshop.vip,vi,0.93,prefix_suffix,lexical
19970808.xyz,bob,0.93,prefix_suffix,lexical
vitalcreationsinc.com,vi,0.93,prefix_suffix,lexical
sxjcnk-vip.com,vi,0.93,prefix_suffix,lexical
bobuzano.world,bob,0.93,prefix_suffix,lexical
vixvox.com,vi,0.93,prefix_suffix,lexical
nickfriendsfarm.org,nic,0.93,prefix_suffix,lexical
nexgentronic.com,nic,0.93,prefix_suffix,lexical
dpdjkad.vip,vi,0.93,prefix_suffix,lexical
nhaphangtrung.cloud,nha,0.93,prefix_suffix,lexical
viercom.online,vi,0.93,prefix_suffix,lexical
vivenze.com,vi,0.93,prefix_suffix,lexical
vitzy.com.br,vi,0.93,prefix_suffix,lexical
qyc28.vip,vi,0.93,prefix_suffix,lexical
base-vip.click,vi,0.93,prefix_suffix,lexical
vitalitata.com,vi,0.93,prefix_suffix,lexical
sacbroodcloudco.click,sac,0.93,prefix_suffix,lexical
romabet-app01.vip,vi,0.93,prefix_suffix,lexical
99608.vip,vi,0.93,prefix_suffix,lexical
vladimirbabaev.tech,vi,0.93,prefix_suffix,lexical
tl5967.vip,vi,0.93,prefix_suffix,lexical
hy99882.vip,vi,0.93,prefix_suffix,lexical
fidriftus-s-nafluxum-vizenus951391.top,vi,0.93,prefix_suffix,lexical
vizus.xyz,vi,0.93,prefix_suffix,lexical
vik59.buzz,vi,0.93,prefix_suffix,lexical
visitblackwood.info,vi,0.93,prefix_suffix,lexical
vivianspa.net,vi,0.93,prefix_suffix,lexical
26124436.vip,vi,0.93,prefix_suffix,lexical
diabloiptvi.com,vi,0.93,prefix_suffix,lexical
eclbet.us,eci,0.93,prefix_suffix,lexical
9418u.vip,vi,0.93,prefix_suffix,lexical
victorvgdesign.com,vi,0.93,prefix_suffix,lexical
staystronggvl.com,vi,0.93,prefix_suffix,lexical
lms-s-unrtqvi.cc,vi,0.93,prefix_suffix,lexical
nicheneighborhoodhomes.com,nic,0.93,prefix_suffix,lexical
vitality-residences.com,vi,0.93,prefix_suffix,lexical
vibecheckmcp.com,vi,0.93,prefix_suffix,lexical
cgfy8d9l4q2i6k9p0.vip,vi,0.93,prefix_suffix,lexical
vijaysutraa.online,vi,0.93,prefix_suffix,lexical
eclev.com,eci,0.93,prefix_suffix,lexical
vitamanna.com,vi,0.93,prefix_suffix,lexical
harmonic.network,nic,0.93,prefix_suffix,lexical
unic-cepromad.education,nic,0.93,prefix_suffix,lexical
377889.vip,vi,0.93,prefix_suffix,lexical
358jl.vip,vi,0.93,prefix_suffix,lexical
vindyx.com,vi,0.93,prefix_suffix,lexical
a1ytma.vip,vi,0.93,prefix_suffix,lexical
betmoonresmiadresi1.vip,vi,0.93,prefix_suffix,lexical
kulisbet-linkim.vip,vi,0.93,prefix_suffix,lexical
frahvi.com,vi,0.93,prefix_suffix,lexical
raclinic.net,nic,0.93,prefix_suffix,lexical
mierdentalclinic.xyz,nic,0.93,prefix_suffix,lexical
villaaikyam.com,vi,0.93,prefix_suffix,lexical
nicolesutherland.com,nic,0.93,prefix_suffix,lexical
yjcontemporary.vip,vi,0.93,prefix_suffix,lexical
71126.vip,vi,0.93,prefix_suffix,lexical
lucky88m.vip,vi,0.93,prefix_suffix,lexical
edsxc.vip,vi,0.93,prefix_suffix,lexical
vinson.asia,vi,0.93,prefix_suffix,lexical
villagepointapartments.com,vi,0.93,prefix_suffix,lexical
virtual-rush.com,vi,0.93,prefix_suffix,lexical
vici-bet.com.pt,vi,0.93,prefix_suffix,lexical
26124392.vip,vi,0.93,prefix_suffix,lexical
evrich.vip,vi,0.93,prefix_suffix,lexical
vip87087.com,vi,0.93,prefix_suffix,lexical
nicoyfabi.us,nic,0.93,prefix_suffix,lexical
nhavietland.com,nha,0.93,prefix_suffix,lexical
viralize.business,vi,0.93,prefix_suffix,lexical
virellimarketselect.online,vi,0.93,prefix_suffix,lexical
stiliovi.lt,vi,0.93,prefix_suffix,lexical
vitalift.ai,vi,0.93,prefix_suffix,lexical
26124381.vip,vi,0.93,prefix_suffix,lexical
c762.vip,vi,0.93,prefix_suffix,lexical
hpumm.vip,vi,0.93,prefix_suffix,lexical
62970.vip,vi,0.93,prefix_suffix,lexical
vifnutsbolts.com,vi,0.93,prefix_suffix,lexical
virtuclass.com,vi,0.93,prefix_suffix,lexical
kj123.vip,vi,0.93,prefix_suffix,lexical
daheng808.com,bob,0.93,prefix_suffix,lexical
virtualassistantoutfitters.com,vi,0.93,prefix_suffix,lexical
qyc35.vip,vi,0.93,prefix_suffix,lexical
visattracentrum.com,vi,0.93,prefix_suffix,lexical
villa-richard.com,vi,0.93,prefix_suffix,lexical
vivegames.com,vi,0.93,prefix_suffix,lexical
performance-vlc.com,vi,0.93,prefix_suffix,lexical
vivafortuna.top,vi,0.93,prefix_suffix,lexical
bettplay-dogrudur.vip,vi,0.93,prefix_suffix,lexical
it-sachverstaendiger-kelm.com,sac,0.93,prefix_suffix,lexical
vintyswim.com,vi,0.93,prefix_suffix,lexical
e3h98p.vip,vi,0.93,prefix_suffix,lexical
maxwin288-vip.online,vi,0.93,prefix_suffix,lexical
visiubeo.com,vi,0.93,prefix_suffix,lexical
elvornaxis.team,axis,0.93,prefix_suffix,lexical
vickytiegelkamp.com,vi,0.93,prefix_suffix,lexical
riogg.vip,vi,0.93,prefix_suffix,lexical
bsearthworks.com,bse,0.93,prefix_suffix,lexical
masukwar138.vip,vi,0.93,prefix_suffix,lexical
xtqte.vip,vi,0.93,prefix_suffix,lexical
viralixstore.com,vi,0.93,prefix_suffix,lexical
vidivelli.com,vi,0.93,prefix_suffix,lexical
bmclinic.net,nic,0.93,prefix_suffix,lexical
uticachiropracticclinic.com,nic,0.93,prefix_suffix,lexical
electronic-freight-transport-information.com,nic,0.93,prefix_suffix,lexical
ptaskh.vip,vi,0.93,prefix_suffix,lexical
zonweb.vip,vi,0.93,prefix_suffix,lexical
majubaji-vip.asia,vi,0.93,prefix_suffix,lexical
y7124418.vip,vi,0.93,prefix_suffix,lexical
t-visionreviews.com,vi,0.93,prefix_suffix,lexical
vlmbinaries.org,vi,0.93,prefix_suffix,lexical
iuzxh.vip,vi,0.93,prefix_suffix,lexical
viruspreventionservicesgroup.com,vi,0.93,prefix_suffix,lexical
luxury88-v1.org,vi,0.98,exact_label,lexical
6mxnho.vip,vi,0.93,prefix_suffix,lexical
37bh.vip,vi,0.93,prefix_suffix,lexical
virginialawyer.biz,vi,0.93,prefix_suffix,lexical
vistro-svc.my.id,vi,0.93,prefix_suffix,lexical
virentis.store,vi,0.93,prefix_suffix,lexical
virelano.cfd,vi,0.93,prefix_suffix,lexical
vivelastarjetas.com,vi,0.93,prefix_suffix,lexical
bobrikdobrik.ru,bob,0.93,prefix_suffix,lexical
vip5550yb.live,vi,0.93,prefix_suffix,lexical
ikimisli-adreslogin.vip,vi,0.93,prefix_suffix,lexical
visitnusatenggara.com,vi,0.93,prefix_suffix,lexical
512sc.vip,vi,0.93,prefix_suffix,lexical
gastroenterologyclinic.net,nic,0.93,prefix_suffix,lexical
24k88.vip,vi,0.93,prefix_suffix,lexical
mauimobileclinic.com,nic,0.93,prefix_suffix,lexical
hzljh.vip,vi,0.93,prefix_suffix,lexical
slots018.vip,vi,0.93,prefix_suffix,lexical
qrpqd.vip,vi,0.93,prefix_suffix,lexical
nicklebedev.com,nic,0.93,prefix_suffix,lexical
shoppingpenha.com,nha,0.93,prefix_suffix,lexical
viktoriabloom.be,vi,0.93,prefix_suffix,lexical
viaelite.kr,vi,0.93,prefix_suffix,lexical
v7qsyy.vip,vi,0.93,prefix_suffix,lexical
bygxe.vip,vi,0.93,prefix_suffix,lexical
vip5551gg.live,vi,0.93,prefix_suffix,lexical
visionaryb.com,vi,0.93,prefix_suffix,lexical
vigilant-dodge-verse-flow.com,vi,0.93,prefix_suffix,lexical
jknkra.vip,vi,0.93,prefix_suffix,lexical
bahiscasino-online-girisi.vip,vi,0.93,prefix_suffix,lexical
villaelyara.com,vi,0.93,prefix_suffix,lexical
yuzusoft.vip,vi,0.93,prefix_suffix,lexical
virtunoir.com,vi,0.93,prefix_suffix,lexical
emma-harris.vip,vi,0.93,prefix_suffix,lexical
vivacejointsupport.com,vi,0.93,prefix_suffix,lexical
vinl.world,vi,0.93,prefix_suffix,lexical
viniciusreis.tech,vi,0.93,prefix_suffix,lexical
vitaprizmamax.com,vi,0.93,prefix_suffix,lexical
vitzy.app,vi,0.93,prefix_suffix,lexical
26124490.vip,vi,0.93,prefix_suffix,lexical
bobbleaward.store,bob,0.93,prefix_suffix,lexical
h88vl.top,vi,0.93,prefix_suffix,lexical
skphysiotherapyclinic.com,nic,0.93,prefix_suffix,lexical
vihanshinfotech.com,vi,0.93,prefix_suffix,lexical
thedevi.com,vi,0.93,prefix_suffix,lexical
koapn.vip,vi,0.93,prefix_suffix,lexical
com-nvx.vip,vi,0.93,prefix_suffix,lexical
sahabett.vip,vi,0.93,prefix_suffix,lexical
nqoek.vip,vi,0.93,prefix_suffix,lexical
vinciwealth.com,vi,0.93,prefix_suffix,lexical
grandtest.vip,vi,0.93,prefix_suffix,lexical
krahenbuhl.vip,vi,0.93,prefix_suffix,lexical
1088hg63.vip,vi,0.93,prefix_suffix,lexical
altel.biz,airtel,0.85,typo,lexical
60974.vip,vi,0.93,prefix_suffix,lexical
863vi.top,vi,0.93,prefix_suffix,lexical
aibo89663333.vip,vi,0.93,prefix_suffix,lexical
virginislandslibrary.com,vi,0.93,prefix_suffix,lexical
vitigel.com,vi,0.93,prefix_suffix,lexical
vivace-australasia.com,vi,0.93,prefix_suffix,lexical
588xpj25.vip,vi,0.93,prefix_suffix,lexical
sacramentokings.bio,sac,0.93,prefix_suffix,lexical
bse.now,bse,0.98,exact_label,lexical
tos80b.cfd,bob,0.93,prefix_suffix,lexical
849xx688.vip,vi,0.93,prefix_suffix,lexical
vidafashionfinance.com,vi,0.93,prefix_suffix,lexical
daterrinha.store,nha,0.93,prefix_suffix,lexical
com-parcelca.vip,vi,0.93,prefix_suffix,lexical
vintagejewelhunter.com,vi,0.93,prefix_suffix,lexical
clockcams.com,cams,0.93,prefix_suffix,lexical
017ff.vip,vi,0.93,prefix_suffix,lexical
azubivi.info,vi,0.93,prefix_suffix,lexical
lowerlimbclinic.com,nic,0.93,prefix_suffix,lexical
91zkw.vip,vi,0.93,prefix_suffix,lexical
viplinkneko4d.website,vi,0.93,prefix_suffix,lexical
vividme.shop,vi,0.93,prefix_suffix,lexical
14562.vip,vi,0.93,prefix_suffix,lexical
vishal.courses,vi,0.93,prefix_suffix,lexical
vip7227722.top,vi,0.93,prefix_suffix,lexical
virtualroll.org,vi,0.93,prefix_suffix,lexical
vilicus-consult.com,vi,0.93,prefix_suffix,lexical
vwlln.vip,vi,0.93,prefix_suffix,lexical
vinnuflokkarvg.com,vi,0.93,prefix_suffix,lexical
99fenfa.vip,vi,0.93,prefix_suffix,lexical
netbahis-tekgirisim.vip,vi,0.93,prefix_suffix,lexical
mk-sgdmk.vip,vi,0.93,prefix_suffix,lexical
vipnightclubs.com,vi,0.93,prefix_suffix,lexical
6066892.vip,vi,0.93,prefix_suffix,lexical
z3uw7e.vip,vi,0.93,prefix_suffix,lexical
com-vip.xin,vi,0.93,prefix_suffix,lexical
haftasonu-casibom-eglencesi.vip,vi,0.93,prefix_suffix,lexical
vision2process.com,vi,0.93,prefix_suffix,lexical
vivabono.org,vi,0.93,prefix_suffix,lexical
luckygame777-vip.com,vi,0.93,prefix_suffix,lexical
95032.vip,vi,0.93,prefix_suffix,lexical
shashkinclinic.com,nic,0.93,prefix_suffix,lexical
vidbydesign.com,vi,0.93,prefix_suffix,lexical
73sl1rs.fun,iirs,0.93,prefix_suffix,lexical
vebo8.online,bob,0.93,prefix_suffix,lexical
vicoem.com,vi,0.93,prefix_suffix,lexical
free38.vip,vi,0.93,prefix_suffix,lexical
seraxls.shop,axis,0.93,prefix_suffix,lexical
viewpowernight.online,vi,0.93,prefix_suffix,lexical
virtusolve.com,vi,0.93,prefix_suffix,lexical
kynmm.vip,vi,0.93,prefix_suffix,lexical
atauto-vingette.online,vi,0.93,prefix_suffix,lexical
rchek.vip,vi,0.93,prefix_suffix,lexical
virtukosat.xyz,vi,0.93,prefix_suffix,lexical
808chicago.com,bob,0.93,prefix_suffix,lexical
sp8888.vip,vi,0.93,prefix_suffix,lexical
nick11.top,nic,0.93,prefix_suffix,lexical
vlrt6.asia,vi,0.93,prefix_suffix,lexical
y7124398.vip,vi,0.93,prefix_suffix,lexical
vibeshub.xyz,vi,0.93,prefix_suffix,lexical
com-esj.vip,vi,0.93,prefix_suffix,lexical
viv-fin.com,vi,0.93,prefix_suffix,lexical
cjzqlx.vip,vi,0.93,prefix_suffix,lexical
jerry666.vip,vi,0.93,prefix_suffix,lexical
locinet.net,iocl,0.93,prefix_suffix,lexical
vistoriart.com,vi,0.93,prefix_suffix,lexical
virtualbooting.com,vi,0.93,prefix_suffix,lexical
viplinkneko4d.site,vi,0.93,prefix_suffix,lexical
visualatelier.ca,vi,0.93,prefix_suffix,lexical
5msbi.com,sbi,0.93,prefix_suffix,lexical
pythonic.us,nic,0.93,prefix_suffix,lexical
vistastonedfw.site,vi,0.93,prefix_suffix,lexical
lumaviaplica.vip,vi,0.93,prefix_suffix,lexical
vintastico.com,vi,0.93,prefix_suffix,lexical
cams4x.com,cams,0.93,prefix_suffix,lexical
videogamesauction.com,vi,0.93,prefix_suffix,lexical
buschchiropracticclinic.com,nic,0.93,prefix_suffix,lexical
villafriofrio.com,vi,0.93,prefix_suffix,lexical
vityazevo-vam.online,vi,0.93,prefix_suffix,lexical
n8n-nickpr.store,nic,0.93,prefix_suffix,lexical
beaconhealthcareclinic.com,nic,0.93,prefix_suffix,lexical
t-visiondistributor.com,vi,0.93,prefix_suffix,lexical
vipxj9.com,vi,0.93,prefix_suffix,lexical
19569.vip,vi,0.93,prefix_suffix,lexical
casi-orjgirisyeri.vip,vi,0.93,prefix_suffix,lexical
gloriosac.biz,sac,0.93,prefix_suffix,lexical
visormax.shop,vi,0.93,prefix_suffix,lexical
cathyandjavi.com,vi,0.93,prefix_suffix,lexical
visionaryruckusmarketing.com,vi,0.93,prefix_suffix,lexical
videocloud.com.tr,vi,0.93,prefix_suffix,lexical
utvun.vip,vi,0.93,prefix_suffix,lexical
94552.vip,vi,0.93,prefix_suffix,lexical
3clickk.com,eci,0.93,prefix_suffix,lexical
viveweb.online,vi,0.93,prefix_suffix,lexical
servicenow.vip,vi,0.93,prefix_suffix,lexical
vivreaunaturel.com,vi,0.93,prefix_suffix,lexical
visionaryedges.com,vi,0.93,prefix_suffix,lexical
viasistema.com,vi,0.93,prefix_suffix,lexical
26124447.vip,vi,0.93,prefix_suffix,lexical
kofc10853.org,bse,0.93,prefix_suffix,lexical
visionbyvision.com,vi,0.93,prefix_suffix,lexical
globalphone.vip,vi,0.93,prefix_suffix,lexical
vintechconstruction.com,vi,0.93,prefix_suffix,lexical
xinhao7.vip,vi,0.93,prefix_suffix,lexical
holistictonic.com,nic,0.93,prefix_suffix,lexical
villa-pinija.com,vi,0.93,prefix_suffix,lexical
y7124484.vip,vi,0.93,prefix_suffix,lexical
59179.vip,vi,0.93,prefix_suffix,lexical
zt333.vip,vi,0.93,prefix_suffix,lexical
rejuvenateskinclinic.net,nic,0.93,prefix_suffix,lexical
bahiscasinogo.vip,vi,0.93,prefix_suffix,lexical
hf58l.top,sbi,0.93,prefix_suffix,lexical
yabki.vip,vi,0.93,prefix_suffix,lexical
virtualestateplannersusa.com,vi,0.93,prefix_suffix,lexical
xn--agenciamatrimoniallogroo-nlc.com,nic,0.98,exact_label,lexical
49341.vip,vi,0.93,prefix_suffix,lexical
etikett-vlnted-com.click,vi,0.93,prefix_suffix,lexical
vivaextraordinario.com.br,vi,0.93,prefix_suffix,lexical
hy96665.vip,vi,0.93,prefix_suffix,lexical
sostn.vip,vi,0.93,prefix_suffix,lexical
thunder168.vip,vi,0.93,prefix_suffix,lexical
vinedocharlotte.com,vi,0.93,prefix_suffix,lexical
visiongifts.com,vi,0.93,prefix_suffix,lexical
316bet.vip,vi,0.93,prefix_suffix,lexical
fortwins.vip,vi,0.93,prefix_suffix,lexical
vitalitybo.shop,vi,0.93,prefix_suffix,lexical
sacredcircle.us,sac,0.93,prefix_suffix,lexical
y7124392.vip,vi,0.93,prefix_suffix,lexical
zpbtk.vip,vi,0.93,prefix_suffix,lexical
veganic.us,nic,0.93,prefix_suffix,lexical
95000i.vip,vi,0.93,prefix_suffix,lexical
96727.vip,vi,0.93,prefix_suffix,lexical
nicheindustries.shop,nic,0.93,prefix_suffix,lexical
blm666.vip,vi,0.93,prefix_suffix,lexical
visualise.us,vi,0.93,prefix_suffix,lexical
vijilesh.com,vi,0.93,prefix_suffix,lexical
victorypestcontrol.com,vi,0.93,prefix_suffix,lexical
graze-avl.com,vi,0.93,prefix_suffix,lexical
7625ht.vip,vi,0.93,prefix_suffix,lexical
tcl99.vip,vi,0.93,prefix_suffix,lexical
praxis-quality.com,axis,0.93,prefix_suffix,lexical
viraliq.org,vi,0.93,prefix_suffix,lexical
victoragencycorp.com,vi,0.93,prefix_suffix,lexical
didi51-t0301.vip,vi,0.93,prefix_suffix,lexical
ftaxd.vip,vi,0.93,prefix_suffix,lexical
gpxrd.vip,vi,0.93,prefix_suffix,lexical
bailety19.vip,vi,0.93,prefix_suffix,lexical
nolvi.shop,vi,0.93,prefix_suffix,lexical
vinygo.com,vi,0.93,prefix_suffix,lexical
vibewrap.com,vi,0.93,prefix_suffix,lexical
80897.com,bob,0.93,prefix_suffix,lexical
ulwwm.vip,vi,0.93,prefix_suffix,lexical
biuvub.vip,vi,0.93,prefix_suffix,lexical
xhave-tmall.vip,vi,0.93,prefix_suffix,lexical
eclww60458.top,eci,0.93,prefix_suffix,lexical
81963.vip,vi,0.93,prefix_suffix,lexical
vixenvaultvintage.com,vi,0.93,prefix_suffix,lexical
y7124378.vip,vi,0.93,prefix_suffix,lexical
byamavi.online,vi,0.93,prefix_suffix,lexical
virtus828.site,vi,0.93,prefix_suffix,lexical
myvip-vips.cloud,vi,0.93,prefix_suffix,lexical
23481.vip,vi,0.93,prefix_suffix,lexical
x88u.vip,vi,0.93,prefix_suffix,lexical
cloudpawsclinic.store,nic,0.93,prefix_suffix,lexical
vlt.now,vi,0.93,prefix_suffix,lexical
prop02853.homes,bse,0.93,prefix_suffix,lexical
nicefuckingtshirts.com,nic,0.93,prefix_suffix,lexical
videointerviewpodcasts.info,vi,0.93,prefix_suffix,lexical
512hlj.vip,vi,0.93,prefix_suffix,lexical
fatemeet.vip,vi,0.93,prefix_suffix,lexical
viniciusserafim.com,vi,0.93,prefix_suffix,lexical
736yc.vip,vi,0.93,prefix_suffix,lexical
vinodeeuropa.com,vi,0.93,prefix_suffix,lexical
metasonic.shop,nic,0.93,prefix_suffix,lexical
98yl353.vip,vi,0.93,prefix_suffix,lexical
virtuscouseling.com,vi,0.93,prefix_suffix,lexical
lecavi.online,vi,0.93,prefix_suffix,lexical
vibeout360.com,vi,0.93,prefix_suffix,lexical
viasathockey.com,vi,0.93,prefix_suffix,lexical
vivercart.com,vi,0.93,prefix_suffix,lexical
virtualstagingphotos.com,vi,0.93,prefix_suffix,lexical
safellifemax.vip,vi,0.93,prefix_suffix,lexical
i-dentclinic.com,nic,0.93,prefix_suffix,lexical
dayglow.vip,vi,0.93,prefix_suffix,lexical
tttbd.vip,vi,0.93,prefix_suffix,lexical
visaliacharterbusservices.com,vi,0.93,prefix_suffix,lexical
viburnum.us,vi,0.93,prefix_suffix,lexical
growlnowway.vip,vi,0.93,prefix_suffix,lexical
vignettpath.site,vi,0.93,prefix_suffix,lexical
jepangbokep.vip,vi,0.93,prefix_suffix,lexical
q5s8i.top,sbi,0.93,prefix_suffix,lexical
betpuan-orjinal-site.vip,vi,0.93,prefix_suffix,lexical
writergjvi.sbs,vi,0.93,prefix_suffix,lexical
vimmoney.uno,vi,0.93,prefix_suffix,lexical
vibratingmotors.com,vi,0.93,prefix_suffix,lexical
vikipedia.gold,vi,0.93,prefix_suffix,lexical
vidasenventa.com,vi,0.93,prefix_suffix,lexical
vipcom.us,vi,0.93,prefix_suffix,lexical
vitalium.us,vi,0.93,prefix_suffix,lexical
vip-venetianmacao.com.cn,vi,0.93,prefix_suffix,lexical
h28vl.top,vi,0.93,prefix_suffix,lexical
acsiconsultoressac.com,sac,0.93,prefix_suffix,lexical
exobooster.vip,vi,0.93,prefix_suffix,lexical
venusbet-guncel-sitesi.vip,vi,0.93,prefix_suffix,lexical
infiniti-on-camelback.com,icici,0.98,exact_label,lexical
caliorganic.com,nic,0.93,prefix_suffix,lexical
viviendas.us,vi,0.93,prefix_suffix,lexical
vishwarooprelay.com,vi,0.93,prefix_suffix,lexical
vipboats.yachts,vi,0.93,prefix_suffix,lexical
vibecanvas.xyz,vi,0.93,prefix_suffix,lexical
y7124528.vip,vi,0.93,prefix_suffix,lexical
bobo-sushi.top,bob,0.93,prefix_suffix,lexical
base-vip.com,vi,0.93,prefix_suffix,lexical
mfhkn.vip,vi,0.93,prefix_suffix,lexical
52338.vip,vi,0.93,prefix_suffix,lexical
viaciaxx.shop,vi,0.93,prefix_suffix,lexical
vic886auh5api.shop,vi,0.93,prefix_suffix,lexical
virtualipservice.com,vi,0.93,prefix_suffix,lexical
fdjdn.vip,vi,0.93,prefix_suffix,lexical
xx0tbh.vip,vi,0.93,prefix_suffix,lexical
jsmol.vip,vi,0.93,prefix_suffix,lexical
vitura.beauty,vi,0.93,prefix_suffix,lexical
vitualassistant.space,vi,0.93,prefix_suffix,lexical
visttb.shop,vi,0.93,prefix_suffix,lexical
vintageguitars.us,vi,0.93,prefix_suffix,lexical
violinjackpot.com,vi,0.93,prefix_suffix,lexical
vibeclaw.world,vi,0.93,prefix_suffix,lexical
scout-views.com,vi,0.93,prefix_suffix,lexical
h18vl.top,vi,0.93,prefix_suffix,lexical
videomerit.com,vi,0.93,prefix_suffix,lexical
fire138yatch.vip,vi,0.93,prefix_suffix,lexical
kxqiz.vip,vi,0.93,prefix_suffix,lexical
virtupot.pro,vi,0.93,prefix_suffix,lexical
gasdecozinha.shop,nha,0.93,prefix_suffix,lexical
bewtr.vip,vi,0.93,prefix_suffix,lexical
axiscir.icu,axis,0.93,prefix_suffix,lexical
liveporncams.biz,cams,0.93,prefix_suffix,lexical
hacktheculture.vip,vi,0.93,prefix_suffix,lexical
livi.pet,vi,0.93,prefix_suffix,lexical
mvmgqmx.vip,vi,0.93,prefix_suffix,lexical
gbsaxis.com,axis,0.93,prefix_suffix,lexical
cat-casino-ivl.top,vi,0.93,prefix_suffix,lexical
nhaofang9.top,nha,0.93,prefix_suffix,lexical
niceaerotech.com,nic,0.93,prefix_suffix,lexical
yjdistinct.vip,vi,0.93,prefix_suffix,lexical
vitalessenced.info,vi,0.93,prefix_suffix,lexical
hygieneapp.vip,vi,0.93,prefix_suffix,lexical
7lionspin.vip,vi,0.93,prefix_suffix,lexical
qk6xq1eu5b3k.vip,vi,0.93,prefix_suffix,lexical
nickkotak.com,nic,0.93,prefix_suffix,lexical
sacredactcomm.com.de,sac,0.93,prefix_suffix,lexical
comfortcareclinic.net,nic,0.93,prefix_suffix,lexical
18646.vip,vi,0.93,prefix_suffix,lexical
0gup6a.vip,vi,0.93,prefix_suffix,lexical
vive-feliz.com,vi,0.93,prefix_suffix,lexical
y7124537.vip,vi,0.93,prefix_suffix,lexical
vidhatha.com,vi,0.93,prefix_suffix,lexical
virag.us,vi,0.93,prefix_suffix,lexical
virogreentd.com,vi,0.93,prefix_suffix,lexical
raffrspeci.pro,eci,0.93,prefix_suffix,lexical
vickythinks.com,vi,0.93,prefix_suffix,lexical
yh1124.vip,vi,0.93,prefix_suffix,lexical
817853.com,bse,0.93,prefix_suffix,lexical
cwrmw.vip,vi,0.93,prefix_suffix,lexical
com-faksdjn.vip,vi,0.93,prefix_suffix,lexical
vitatvarao.info,vi,0.93,prefix_suffix,lexical
mrkbn.vip,vi,0.93,prefix_suffix,lexical
neiro-vlanoris.top,vi,0.93,prefix_suffix,lexical
bedrockfin.com,kfintech,0.93,prefix_suffix,lexical
fkk-village.com,vi,0.93,prefix_suffix,lexical
praxis-uns.com,axis,0.93,prefix_suffix,lexical
399tt.vip,vi,0.93,prefix_suffix,lexical
8709d.vip,vi,0.93,prefix_suffix,lexical
virgina-handmade.com,vi,0.93,prefix_suffix,lexical
69290.vip,vi,0.93,prefix_suffix,lexical
visitcastries.com,vi,0.93,prefix_suffix,lexical
vipluck-casinos.org,vi,0.93,prefix_suffix,lexical
sonic.rocks,nic,0.93,prefix_suffix,lexical
sarathividya.com,parivahan,0.93,prefix_suffix,lexical
bobandbradcanada.com,bob,0.93,prefix_suffix,lexical
ikzhk.vip,vi,0.93,prefix_suffix,lexical
nicholssculpture.com,nic,0.93,prefix_suffix,lexical
vibeandvine.com,vi,0.93,prefix_suffix,lexical
bobba-gamoochie.com,bob,0.93,prefix_suffix,lexical
vitalitascom.info,vi,0.93,prefix_suffix,lexical
teosbett-aktif.vip,vi,0.93,prefix_suffix,lexical
harborviewclinic.com,nic,0.93,prefix_suffix,lexical
chronic.coffee,nic,0.93,prefix_suffix,lexical
viento21.com,vi,0.93,prefix_suffix,lexical
viralmediaproductions.com,vi,0.93,prefix_suffix,lexical
slon2--cc.vip,vi,0.93,prefix_suffix,lexical
vincidd.com.br,vi,0.93,prefix_suffix,lexical
vishnuojha.space,vi,0.93,prefix_suffix,lexical
galaxy7889.vip,vi,0.93,prefix_suffix,lexical
rustamclinic.com,nic,0.93,prefix_suffix,lexical
eclipsecorevix.digital,eci,0.93,prefix_suffix,lexical
visionaryreelcraft.xyz,vi,0.93,prefix_suffix,lexical
vistavueconcierge.com,vi,0.93,prefix_suffix,lexical
victorchina.net,vi,0.93,prefix_suffix,lexical
spjee.vip,vi,0.93,prefix_suffix,lexical
virsa.app,vi,0.93,prefix_suffix,lexical
betzula-resmiadresin.vip,vi,0.93,prefix_suffix,lexical
cocovi-salon.com,vi,0.93,prefix_suffix,lexical
86xy.vip,vi,0.93,prefix_suffix,lexical
07657.vip,vi,0.93,prefix_suffix,lexical
vieirasoutoipanema.com.br,vi,0.93,prefix_suffix,lexical
virtualvizier.com,vi,0.93,prefix_suffix,lexical
eieqt.vip,vi,0.93,prefix_suffix,lexical
visitmarrocos.com,vi,0.93,prefix_suffix,lexical
allegrosupply.vip,vi,0.93,prefix_suffix,lexical
ht41xz716.vip,vi,0.93,prefix_suffix,lexical
albbyhj787.vip,vi,0.93,prefix_suffix,lexical
com-packagee.vip,vi,0.93,prefix_suffix,lexical
849yy369.vip,vi,0.93,prefix_suffix,lexical
vizenta.com,vi,0.93,prefix_suffix,lexical
sqqbxd.vip,vi,0.93,prefix_suffix,lexical
mavi-insaat.xyz,vi,0.93,prefix_suffix,lexical
cantdrive55.vip,vi,0.93,prefix_suffix,lexical
flowerkr.vip,vi,0.93,prefix_suffix,lexical
medtoclinic.com,nic,0.93,prefix_suffix,lexical
vitaplastics.com,vi,0.93,prefix_suffix,lexical
responderapp.vip,vi,0.93,prefix_suffix,lexical
myfreecams.world,cams,0.93,prefix_suffix,lexical
62581.blog,sbi,0.93,prefix_suffix,lexical
freesexcams.org,cams,0.93,prefix_suffix,lexical
global-victus.com,vi,0.93,prefix_suffix,lexical
niceandloud.com,nic,0.93,prefix_suffix,lexical
playgolf.vip,vi,0.93,prefix_suffix,lexical
envyhair.vip,vi,0.93,prefix_suffix,lexical
dudewithcams.com,cams,0.93,prefix_suffix,lexical
vidamaiisleve.shop,vi,0.93,prefix_suffix,lexical
vijaypackersandmovers.co.in,vi,0.93,prefix_suffix,lexical
ggfjld354.vip,vi,0.93,prefix_suffix,lexical
viavao.info,vi,0.93,prefix_suffix,lexical
inage-respiratory-clinic.com,nic,0.93,prefix_suffix,lexical
latpost.vip,vi,0.93,prefix_suffix,lexical
742rr.vip,vi,0.93,prefix_suffix,lexical
navi.skin,vi,0.93,prefix_suffix,lexical
vipcasinoshows.online,vi,0.93,prefix_suffix,lexical
y7124354.vip,vi,0.93,prefix_suffix,lexical
zxled.vip,vi,0.93,prefix_suffix,lexical
vivacinquentamais.com,vi,0.93,prefix_suffix,lexical
vipcoin.us,vi,0.93,prefix_suffix,lexical
viralvibe.us,vi,0.93,prefix_suffix,lexical
4hsvzy.vip,vi,0.93,prefix_suffix,lexical
vintagefashion88.shop,vi,0.93,prefix_suffix,lexical
i88u.vip,vi,0.93,prefix_suffix,lexical
notquiratiradovi.xyz,vi,0.93,prefix_suffix,lexical
vivogl.com,vi,0.93,prefix_suffix,lexical
lordfilm-krov-i-vino.store,vi,0.93,prefix_suffix,lexical
6298s3.vip,bse,0.93,prefix_suffix,lexical
11914.vip,vi,0.93,prefix_suffix,lexical
viziteazasighisoara.com,vi,0.93,prefix_suffix,lexical
visiontrack.us,vi,0.93,prefix_suffix,lexical
eosac.com,sac,0.93,prefix_suffix,lexical
bobbiebabies.com,bob,0.93,prefix_suffix,lexical
amberdubai.vip,vi,0.93,prefix_suffix,lexical
th392.vip,vi,0.93,prefix_suffix,lexical
villa-fenelon.net,vi,0.93,prefix_suffix,lexical
bseko.com,bse,0.93,prefix_suffix,lexical
afjaqj390.vip,vi,0.93,prefix_suffix,lexical
askpraxis.com,axis,0.93,prefix_suffix,lexical
coingenius.vip,vi,0.93,prefix_suffix,lexical
ajulinha.online,nha,0.93,prefix_suffix,lexical
agile-axis.com,axis,0.98,exact_label,lexical
virtualpetnursery.com,vi,0.93,prefix_suffix,lexical
699888.vip,vi,0.93,prefix_suffix,lexical
a7ty47.vip,vi,0.93,prefix_suffix,lexical
7kslot.vip,vi,0.93,prefix_suffix,lexical
fasnutriorganic.com,nic,0.93,prefix_suffix,lexical
viwandawajasiriamalitalknconnectplatform.com,vi,0.93,prefix_suffix,lexical
gh0880.vip,vi,0.93,prefix_suffix,lexical
vqujn.vip,vi,0.93,prefix_suffix,lexical
avaniorganic.com,nic,0.93,prefix_suffix,lexical
villagemp.com,vi,0.93,prefix_suffix,lexical
t-visino.com,vi,0.93,prefix_suffix,lexical
farmacias4c.com,sac,0.93,prefix_suffix,lexical
visionlandscapingme.com,vi,0.93,prefix_suffix,lexical
victorialittlephotography.com,vi,0.93,prefix_suffix,lexical
nickiwyldes.com,nic,0.93,prefix_suffix,lexical
desa55akses.vip,vi,0.93,prefix_suffix,lexical
xxphim.vin,vi,0.93,prefix_suffix,lexical
vinnydrivesavan.com,vi,0.93,prefix_suffix,lexical
manekinavi.com,vi,0.93,prefix_suffix,lexical
misocapnic.biz,nic,0.93,prefix_suffix,lexical
karllagerfeld-vip.top,vi,0.93,prefix_suffix,lexical
carolynkloek.vip,vi,0.93,prefix_suffix,lexical
vibetrapped.space,vi,0.93,prefix_suffix,lexical
physiotherapyclinic.shop,nic,0.93,prefix_suffix,lexical
vip1-ampku.com,vi,0.93,prefix_suffix,lexical
y7124445.vip,vi,0.93,prefix_suffix,lexical
cwrjt.vip,vi,0.93,prefix_suffix,lexical
vietjav.blog,vi,0.93,prefix_suffix,lexical
yjdistrict.vip,vi,0.93,prefix_suffix,lexical
t-visionmyaccount.com,vi,0.93,prefix_suffix,lexical
mvi.homes,vi,0.93,prefix_suffix,lexical
vikiv.site,vi,0.93,prefix_suffix,lexical
viice.net,vi,0.93,prefix_suffix,lexical
sbti.vin,vi,0.93,prefix_suffix,lexical
fhtre.vip,vi,0.93,prefix_suffix,lexical
viewsexcam.com,vi,0.93,prefix_suffix,lexical
vitaclub.us,vi,0.93,prefix_suffix,lexical
bahramalavi.com,vi,0.93,prefix_suffix,lexical
vividr55.cfd,vi,0.93,prefix_suffix,lexical
sac-la.com,sac,0.98,exact_label,lexical
nickallenov.online,nic,0.93,prefix_suffix,lexical
rylvi.app,vi,0.93,prefix_suffix,lexical
zosac.store,sac,0.93,prefix_suffix,lexical
vinteksolutions.com,vi,0.93,prefix_suffix,lexical
visualmodule.com,vi,0.93,prefix_suffix,lexical
panic-productions.com,nic,0.93,prefix_suffix,lexical
neurochirurgische-praxis.com,axis,0.93,prefix_suffix,lexical
vickishomemadevanilla.com,vi,0.93,prefix_suffix,lexical
nicolaassopingiusstraat35.nl,nic,0.93,prefix_suffix,lexical
y7123993.vip,vi,0.93,prefix_suffix,lexical
vibejobs.tech,vi,0.93,prefix_suffix,lexical
bovi.online,vi,0.93,prefix_suffix,lexical
vipbraslots2.com,vi,0.93,prefix_suffix,lexical
visabooth.com,vi,0.93,prefix_suffix,lexical
teaminfiniti.com,icici,0.93,prefix_suffix,lexical
vib.boats,vi,0.93,prefix_suffix,lexical
vitalclearance.com,vi,0.93,prefix_suffix,lexical
annuaire-viaweb.com,vi,0.93,prefix_suffix,lexical
egyptpost-gov.vip,vi,0.93,prefix_suffix,lexical
vibewaveaudio.com,vi,0.93,prefix_suffix,lexical
maaa168.vip,vi,0.93,prefix_suffix,lexical
hdelectronic.com,nic,0.93,prefix_suffix,lexical
com-qpe.vip,vi,0.93,prefix_suffix,lexical
zeadq.vip,vi,0.93,prefix_suffix,lexical
zt168.vip,vi,0.93,prefix_suffix,lexical
c745.vip,vi,0.93,prefix_suffix,lexical
512bj.vip,vi,0.93,prefix_suffix,lexical
vietnamholidaypackages.com,vi,0.93,prefix_suffix,lexical
vizhun.com,vi,0.93,prefix_suffix,lexical
amnzovl.shop,vi,0.93,prefix_suffix,lexical
linvo.vip,vi,0.93,prefix_suffix,lexical
vivastoree.com,vi,0.93,prefix_suffix,lexical
goyda.vip,vi,0.93,prefix_suffix,lexical
vitovero.site,vi,0.93,prefix_suffix,lexical
hinivi.com,vi,0.93,prefix_suffix,lexical
y7124413.vip,vi,0.93,prefix_suffix,lexical
payhika.vip,vi,0.93,prefix_suffix,lexical
silver-sky-electronic.city,nic,0.93,prefix_suffix,lexical
xn--wgb6ad5a.vip,vi,0.93,prefix_suffix,lexical
vibespower.xyz,vi,0.93,prefix_suffix,lexical
nicolaihoilund.com,nic,0.93,prefix_suffix,lexical
vip-fifa-worldcup.com,vi,0.93,prefix_suffix,lexical
16313.vip,vi,0.93,prefix_suffix,lexical
kjdevi.sbs,vi,0.93,prefix_suffix,lexical
ha54c.top,sac,0.93,prefix_suffix,lexical
tiktok-vip0110.com,vi,0.93,prefix_suffix,lexical
jlo.my.id,jio,0.98,exact_label,lexical
villarenewal.com,vi,0.93,prefix_suffix,lexical
infinitipartsshop.com,icici,0.93,prefix_suffix,lexical
tech-nical.com,nic,0.93,prefix_suffix,lexical
vibeart.com,vi,0.93,prefix_suffix,lexical
vidhyaagiri.com,vi,0.93,prefix_suffix,lexical
molvi.wang,vi,0.93,prefix_suffix,lexical
nickmatz.com,nic,0.93,prefix_suffix,lexical
didi51-t0336.vip,vi,0.93,prefix_suffix,lexical
slotblastcasheuazz.vip,vi,0.93,prefix_suffix,lexical
visitwau.com,vi,0.93,prefix_suffix,lexical
vlps33.top,vi,0.93,prefix_suffix,lexical
vidimmo.com,vi,0.93,prefix_suffix,lexical
villamiaremodeling.com,vi,0.93,prefix_suffix,lexical
virtualtreadmill.com,vi,0.93,prefix_suffix,lexical
vivaconcriterio.com,vi,0.93,prefix_suffix,lexical
vincefalconer.com,vi,0.93,prefix_suffix,lexical
t-visiondownloads.com,vi,0.93,prefix_suffix,lexical
viridis477.com,vi,0.93,prefix_suffix,lexical
kujjclinic.ru,nic,0.93,prefix_suffix,lexical
epanasonic.com,nic,0.93,prefix_suffix,lexical
village-preschool.com,vi,0.93,prefix_suffix,lexical
vizidisicilia.store,vi,0.93,prefix_suffix,lexical
holigancasinoturkey.vip,vi,0.93,prefix_suffix,lexical
26124441.vip,vi,0.93,prefix_suffix,lexical
video126.com,vi,0.93,prefix_suffix,lexical
bp-capitale888.vip,vi,0.93,prefix_suffix,lexical
vipdoctors.com,vi,0.93,prefix_suffix,lexical
winpgk2.vip,vi,0.93,prefix_suffix,lexical
hotel-visualisierung.com,vi,0.93,prefix_suffix,lexical
virginia-florist.com,vi,0.93,prefix_suffix,lexical
infinitivecloud.online,icici,0.93,prefix_suffix,lexical
bailety31.vip,vi,0.93,prefix_suffix,lexical
vividitemstation.shop,vi,0.93,prefix_suffix,lexical
viajaconinteligencia.org,vi,0.93,prefix_suffix,lexical
nicdeal.com,nic,0.93,prefix_suffix,lexical
betebetguncel.vip,vi,0.93,prefix_suffix,lexical
you1win.vip,vi,0.93,prefix_suffix,lexical
qyc11.vip,vi,0.93,prefix_suffix,lexical
vibedelightlelo.com,vi,0.93,prefix_suffix,lexical
v12software.top,vi,0.93,prefix_suffix,lexical
nicehealthcare.com,nic,0.93,prefix_suffix,lexical
good9999.vip,vi,0.93,prefix_suffix,lexical
sacramentocondominiums.com,sac,0.93,prefix_suffix,lexical
visionaryroyal.com,vi,0.93,prefix_suffix,lexical
shopdw.vip,vi,0.93,prefix_suffix,lexical
sb1opn1x2.xyz,sbi,0.93,prefix_suffix,lexical
visionaryleadersalliance.info,vi,0.93,prefix_suffix,lexical
infinitioflynnwoodparts.com,icici,0.93,prefix_suffix,lexical
uunuc.vip,vi,0.93,prefix_suffix,lexical
vidhyalaya.com,vi,0.93,prefix_suffix,lexical
abwxt.vip,vi,0.93,prefix_suffix,lexical
vicustuscus.com,vi,0.93,prefix_suffix,lexical
nicomitcms.com,nic,0.93,prefix_suffix,lexical
vibescommunity.xyz,vi,0.93,prefix_suffix,lexical
h85nl.top,bsnl,0.93,prefix_suffix,lexical
villagardenshealthcenter.com,vi,0.93,prefix_suffix,lexical
viapharma.shop,vi,0.93,prefix_suffix,lexical
vivaring.com,vi,0.93,prefix_suffix,lexical
bobbyshell.com,bob,0.93,prefix_suffix,lexical
vitahairgotas.com.br,vi,0.93,prefix_suffix,lexical
yd86080.vip,vi,0.93,prefix_suffix,lexical
viverosamaryllis.com,vi,0.93,prefix_suffix,lexical
victora.digital,vi,0.93,prefix_suffix,lexical
viktorpilarcik.online,vi,0.93,prefix_suffix,lexical
visionaryhaus.agency,vi,0.93,prefix_suffix,lexical
vidmuse.store,vi,0.93,prefix_suffix,lexical
vintagelaminados.com.br,vi,0.93,prefix_suffix,lexical
viralyzor.org,vi,0.93,prefix_suffix,lexical
rrr918.vip,vi,0.93,prefix_suffix,lexical
jkmesac.com,sac,0.93,prefix_suffix,lexical
nqiiy.vip,vi,0.93,prefix_suffix,lexical
vibewc.com,vi,0.93,prefix_suffix,lexical
849kk588.vip,vi,0.93,prefix_suffix,lexical
nd-uu-bobo-afk-88.top,bob,0.93,prefix_suffix,lexical
yqrdt.vip,vi,0.93,prefix_suffix,lexical
electronic-bikes-offers-pt.sbs,nic,0.93,prefix_suffix,lexical
prize-kbprasac.com,sac,0.93,prefix_suffix,lexical
sk-non-viagra.site,vi,0.93,prefix_suffix,lexical
vitalitydiet.com,vi,0.93,prefix_suffix,lexical
betvn222.vip,vi,0.93,prefix_suffix,lexical
viapet.shop,vi,0.93,prefix_suffix,lexical
villageofphelpsny.gov,vi,0.93,prefix_suffix,lexical
victoryvaultcards.com,vi,0.93,prefix_suffix,lexical
kurasi-navi.com,vi,0.93,prefix_suffix,lexical
26124371.vip,vi,0.93,prefix_suffix,lexical
villasutra.com,vi,0.93,prefix_suffix,lexical
online-associate-degree-53808.click,bob,0.93,prefix_suffix,lexical
qxerh.vip,vi,0.93,prefix_suffix,lexical
fxlyj.vip,vi,0.93,prefix_suffix,lexical
halkali-gibi.vip,vi,0.93,prefix_suffix,lexical
08759.vip,vi,0.93,prefix_suffix,lexical
violetpaper.com,vi,0.93,prefix_suffix,lexical
turminha.app,nha,0.93,prefix_suffix,lexical
newjerseyhrtclinic.com,nic,0.93,prefix_suffix,lexical
xn--sslkalem-65ac.com,sac,0.93,prefix_suffix,lexical
26124325.vip,vi,0.93,prefix_suffix,lexical
playlondon.vip,vi,0.93,prefix_suffix,lexical
visualnarrativeconsulting.com,vi,0.93,prefix_suffix,lexical
nuvi-transfers.com,vi,0.93,prefix_suffix,lexical
visitcapricorncoast.com,vi,0.93,prefix_suffix,lexical
videoonefreeporn.xyz,vi,0.93,prefix_suffix,lexical
vibra.bio,vi,0.93,prefix_suffix,lexical
ok-vipth.com,vi,0.93,prefix_suffix,lexical
lmwfv221.vip,vi,0.93,prefix_suffix,lexical
oprae216.vip,vi,0.93,prefix_suffix,lexical
virtualcardemo.com,vi,0.93,prefix_suffix,lexical
visionstraining.com,vi,0.93,prefix_suffix,lexical
833tiyu.vip,vi,0.93,prefix_suffix,lexical
seasaltcornwall-vip.com,vi,0.93,prefix_suffix,lexical
gmatbob.com,bob,0.93,prefix_suffix,lexical
virtualmarketingofficer.com,vi,0.93,prefix_suffix,lexical
bertalclinic.com,nic,0.93,prefix_suffix,lexical
virucidalfilters.com,vi,0.93,prefix_suffix,lexical
02587.vip,vi,0.93,prefix_suffix,lexical
visionimpactsolutionsgroup.com,vi,0.93,prefix_suffix,lexical
vicoin.world,vi,0.93,prefix_suffix,lexical
gxcgc-bobsport.com,bob,0.93,prefix_suffix,lexical
restbet-2026guncel-resmi-giris.vip,vi,0.93,prefix_suffix,lexical
victormgz.com,vi,0.93,prefix_suffix,lexical
axispeptideslab.online,axis,0.93,prefix_suffix,lexical
sisli-medya.vip,vi,0.93,prefix_suffix,lexical
bobsbrewing.com,bob,0.93,prefix_suffix,lexical
viphouse.us,vi,0.93,prefix_suffix,lexical
betzula2026giris.vip,vi,0.93,prefix_suffix,lexical
y7124331.vip,vi,0.93,prefix_suffix,lexical
viksmarket.com,vi,0.93,prefix_suffix,lexical
viccitycustoms.com,vi,0.93,prefix_suffix,lexical
vividfindgalaxy.shop,vi,0.93,prefix_suffix,lexical
betebetonline01.vip,vi,0.93,prefix_suffix,lexical
64613.vip,vi,0.93,prefix_suffix,lexical
67998.vip,vi,0.93,prefix_suffix,lexical
romabet-orijinal.vip,vi,0.93,prefix_suffix,lexical
vitalclub.store,vi,0.93,prefix_suffix,lexical
thtj55.vip,vi,0.93,prefix_suffix,lexical
nicenipple.com,nic,0.93,prefix_suffix,lexical
vianelgroup.com,vi,0.93,prefix_suffix,lexical
tara-virgas-sumos.site,vi,0.93,prefix_suffix,lexical
vlbook777.org,vi,0.93,prefix_suffix,lexical
jnh-vip.com,vi,0.93,prefix_suffix,lexical
vlmakuk53.shop,vi,0.93,prefix_suffix,lexical
vivahumanitas.org,vi,0.93,prefix_suffix,lexical
jojobet-guncelim5.vip,vi,0.93,prefix_suffix,lexical
vitamin40plus.com,vi,0.93,prefix_suffix,lexical
visamp23.shop,vi,0.93,prefix_suffix,lexical
npruy.top,nic,0.93,prefix_suffix,lexical
villarneuro.com,vi,0.93,prefix_suffix,lexical
vintlas.com,vi,0.93,prefix_suffix,lexical
myvisionboard.online,vi,0.93,prefix_suffix,lexical
bdswf.vip,vi,0.93,prefix_suffix,lexical
vitamixusmall.com,vi,0.93,prefix_suffix,lexical
viadigltal-pass.online,vi,0.93,prefix_suffix,lexical
04157.vip,vi,0.93,prefix_suffix,lexical
vividpickkingdom.shop,vi,0.93,prefix_suffix,lexical
vicibleignorance.com,vi,0.93,prefix_suffix,lexical
phbonanza.vip,vi,0.93,prefix_suffix,lexical
7i1rs.cfd,iirs,0.93,prefix_suffix,lexical
k-platinium.vip,vi,0.93,prefix_suffix,lexical
y7123754.vip,vi,0.93,prefix_suffix,lexical
axispilates.studio,axis,0.93,prefix_suffix,lexical
bflwo.vip,vi,0.93,prefix_suffix,lexical
vitamimo.com,vi,0.93,prefix_suffix,lexical
villamageia.com,vi,0.93,prefix_suffix,lexical
vikiv.store,vi,0.93,prefix_suffix,lexical
privateshopper.vip,vi,0.93,prefix_suffix,lexical
brasilmk.vip,vi,0.93,prefix_suffix,lexical
viennanursingrehab.com,vi,0.93,prefix_suffix,lexical
vivacomsorte.online,vi,0.93,prefix_suffix,lexical
sacredwildmeditation.com,sac,0.93,prefix_suffix,lexical
t6k3.vip,vi,0.93,prefix_suffix,lexical
viralskunkworks.com,vi,0.93,prefix_suffix,lexical
ht10xz716.vip,vi,0.93,prefix_suffix,lexical
meritking-guvenilirgiris.vip,vi,0.93,prefix_suffix,lexical
gnovi.ai,vi,0.93,prefix_suffix,lexical
visitblackwood.store,vi,0.93,prefix_suffix,lexical
victoriaocean.com,vi,0.93,prefix_suffix,lexical
ai-videomall.info,vi,0.93,prefix_suffix,lexical
acs-m.vip,vi,0.93,prefix_suffix,lexical
dtdqj.vip,vi,0.93,prefix_suffix,lexical
vilhenadasorte.com,vi,0.93,prefix_suffix,lexical
nutra-vibe.shop,vi,0.93,prefix_suffix,lexical
vinculosrestaurante.com,vi,0.93,prefix_suffix,lexical
kankyo-shikaku-navi.com,vi,0.93,prefix_suffix,lexical
iahhi.vip,vi,0.93,prefix_suffix,lexical
whats-ziv.vip,vi,0.93,prefix_suffix,lexical
re-anneclinic.com,nic,0.93,prefix_suffix,lexical
xn--v4qs76a.vip,vi,0.93,prefix_suffix,lexical
mpbpn7047.vip,vi,0.93,prefix_suffix,lexical
villamartincofrade.com,vi,0.93,prefix_suffix,lexical
revistapraxis.com,axis,0.93,prefix_suffix,lexical
sacredtoning.com,sac,0.93,prefix_suffix,lexical
villageconstructionkc.com,vi,0.93,prefix_suffix,lexical
yh556665.vip,vi,0.93,prefix_suffix,lexical
visionaryvidworks.sbs,vi,0.93,prefix_suffix,lexical
viridianregroup.com,vi,0.93,prefix_suffix,lexical
visionx.pro,vi,0.93,prefix_suffix,lexical
26124518.vip,vi,0.93,prefix_suffix,lexical
vilavitaparc.cloud,vi,0.93,prefix_suffix,lexical
vlsretatrutide.com,vi,0.93,prefix_suffix,lexical
virginiacwq.org,vi,0.93,prefix_suffix,lexical
pressguidespaikmilano.vip,vi,0.93,prefix_suffix,lexical
mrrinnovi.com,vi,0.93,prefix_suffix,lexical
rootsandtalesclinic.com,nic,0.93,prefix_suffix,lexical
26124388.vip,vi,0.93,prefix_suffix,lexical
vinewedding.com,vi,0.93,prefix_suffix,lexical
vibewatches.com,vi,0.93,prefix_suffix,lexical
vitrefreshxo.info,vi,0.93,prefix_suffix,lexical
acmmgi.vip,vi,0.93,prefix_suffix,lexical
mindbloom.vip,vi,0.93,prefix_suffix,lexical
y7124310.vip,vi,0.93,prefix_suffix,lexical
hpxcr.vip,vi,0.93,prefix_suffix,lexical
vintageclothing.online,vi,0.93,prefix_suffix,lexical
nickgerrard.dev,nic,0.93,prefix_suffix,lexical
54559.vip,vi,0.93,prefix_suffix,lexical
nicetomeatyou.us,nic,0.93,prefix_suffix,lexical
via-avignette.casa,vi,0.93,prefix_suffix,lexical
betvn10.vip,vi,0.93,prefix_suffix,lexical
ylhg7266.vip,vi,0.93,prefix_suffix,lexical
web-wha.vip,vi,0.93,prefix_suffix,lexical
viktoria-event.ru,vi,0.93,prefix_suffix,lexical
vijayabheriraveendra.com,vi,0.93,prefix_suffix,lexical
buan-tulio-optical-clinic.site,nic,0.93,prefix_suffix,lexical
viprecon.com,vi,0.93,prefix_suffix,lexical
vicollo.my.id,vi,0.93,prefix_suffix,lexical
ikimisli-gunceladrestr.vip,vi,0.93,prefix_suffix,lexical
evripo.vip,vi,0.93,prefix_suffix,lexical
viettelx.com,vi,0.93,prefix_suffix,lexical
vitormilioni.com.br,vi,0.93,prefix_suffix,lexical
vincent-on-the-telephone.com,vi,0.93,prefix_suffix,lexical
vikingwrestling.com,vi,0.93,prefix_suffix,lexical
vikingbarbery.com,vi,0.93,prefix_suffix,lexical
jackpot-bob-avis.com,bob,0.98,exact_label,lexical
hengplay.vip,vi,0.93,prefix_suffix,lexical
sbleadershipacademy.org,sbi,0.93,prefix_suffix,lexical
vienhanlamyhoc.com,vi,0.93,prefix_suffix,lexical
roketbet-giris62.vip,vi,0.93,prefix_suffix,lexical
9811dd.vip,vi,0.93,prefix_suffix,lexical
mumuso.vip,vi,0.93,prefix_suffix,lexical
vibgyorhandicrafts.com,vi,0.93,prefix_suffix,lexical
849ss566.vip,vi,0.93,prefix_suffix,lexical
bellabrooks.vip,vi,0.93,prefix_suffix,lexical
betpuanerisim.vip,vi,0.93,prefix_suffix,lexical
mathimata-viologias.com,vi,0.93,prefix_suffix,lexical
vieninfra.com,vi,0.93,prefix_suffix,lexical
nicholasbooksandfinance.com,nic,0.93,prefix_suffix,lexical
miavi.com,vi,0.93,prefix_suffix,lexical
yaanha.com,nha,0.93,prefix_suffix,lexical
orgiboalemo.org,census,0.93,prefix_suffix,lexical
vitafy.us,vi,0.93,prefix_suffix,lexical
28782581.com,sbi,0.93,prefix_suffix,lexical
26124340.vip,vi,0.93,prefix_suffix,lexical
vidhyaaedu.in,vi,0.93,prefix_suffix,lexical
czawgfoneka.vip,vi,0.93,prefix_suffix,lexical
bobbleawards.store,bob,0.93,prefix_suffix,lexical
vilia.us,vi,0.93,prefix_suffix,lexical
vingettepath.online,vi,0.93,prefix_suffix,lexical
viamodelsup.net,vi,0.93,prefix_suffix,lexical
loja-vichyskin.store,vi,0.93,prefix_suffix,lexical
holigan-guncels.vip,vi,0.93,prefix_suffix,lexical
studioaestheticclinic.com,nic,0.93,prefix_suffix,lexical
victorinegrey.com,vi,0.93,prefix_suffix,lexical
ldrvn.vip,vi,0.93,prefix_suffix,lexical
cedarsbeautyclinic.com,nic,0.93,prefix_suffix,lexical
uqcqp.vip,vi,0.93,prefix_suffix,lexical
rideorganic.com,nic,0.93,prefix_suffix,lexical
victoryoverals.com,vi,0.93,prefix_suffix,lexical
growltopself.vip,vi,0.93,prefix_suffix,lexical
didi51-t0311.vip,vi,0.93,prefix_suffix,lexical
68337.vip,vi,0.93,prefix_suffix,lexical
betvn4.vip,vi,0.93,prefix_suffix,lexical
26124347.vip,vi,0.93,prefix_suffix,lexical
vizora.biz.id,vi,0.93,prefix_suffix,lexical
24103.vip,vi,0.93,prefix_suffix,lexical
y7124457.vip,vi,0.93,prefix_suffix,lexical
vibepromo.icu,vi,0.93,prefix_suffix,lexical
qyjda7049.vip,vi,0.93,prefix_suffix,lexical
billionairesm777.vip,vi,0.93,prefix_suffix,lexical
viticultorsdelcava.org,vi,0.93,prefix_suffix,lexical
becavl.com,vi,0.93,prefix_suffix,lexical
violette-whisper.com,vi,0.93,prefix_suffix,lexical
vimalkhadbhandar.shop,vi,0.93,prefix_suffix,lexical
02339.vip,vi,0.93,prefix_suffix,lexical
v12gents.com,vi,0.93,prefix_suffix,lexical
doubletradin.vip,vi,0.93,prefix_suffix,lexical
26124360.vip,vi,0.93,prefix_suffix,lexical
lvccvl.link,vi,0.93,prefix_suffix,lexical
gmfhtd.vip,vi,0.93,prefix_suffix,lexical
hygj10.top,jio,0.93,prefix_suffix,lexical
mehrclinic.org,nic,0.93,prefix_suffix,lexical
vikasvilci1199blog.art,vi,0.93,prefix_suffix,lexical
vizag.dev,vi,0.93,prefix_suffix,lexical
vicibet.dk,vi,0.93,prefix_suffix,lexical
06907.vip,vi,0.93,prefix_suffix,lexical
ikenic.sbs,nic,0.93,prefix_suffix,lexical
videopornstars.pro,vi,0.93,prefix_suffix,lexical
sheshop.vip,vi,0.93,prefix_suffix,lexical
wwnpv.vip,vi,0.93,prefix_suffix,lexical
virginforyou.com,vi,0.93,prefix_suffix,lexical
visionnary.com,vi,0.93,prefix_suffix,lexical
95p5c7.vip,vi,0.93,prefix_suffix,lexical
doomerbob.com,bob,0.93,prefix_suffix,lexical
xr099b.vip,vi,0.93,prefix_suffix,lexical
bobert.us,bob,0.93,prefix_suffix,lexical
16908.vip,vi,0.93,prefix_suffix,lexical
hg7389.vip,vi,0.93,prefix_suffix,lexical
laurassmileclinic.com,nic,0.93,prefix_suffix,lexical
camslegal.store,cams,0.93,prefix_suffix,lexical
top7878.vip,vi,0.93,prefix_suffix,lexical
viproyalhoneyus.com,vi,0.93,prefix_suffix,lexical
1818vi.top,vi,0.93,prefix_suffix,lexical
eagdl.vip,vi,0.93,prefix_suffix,lexical
krhzilrs.xyz,iirs,0.93,prefix_suffix,lexical
vietnamtravelco.com,vi,0.93,prefix_suffix,lexical
vec1.com,eci,0.93,prefix_suffix,lexical
costuradinha.com,nha,0.93,prefix_suffix,lexical
base-vip.xyz,vi,0.93,prefix_suffix,lexical
sxhnb.vip,vi,0.93,prefix_suffix,lexical
vivarootsystem.com,vi,0.93,prefix_suffix,lexical
honeynavi.com,vi,0.93,prefix_suffix,lexical
vitalspringdaily.com,vi,0.93,prefix_suffix,lexical
sg9921.vip,vi,0.93,prefix_suffix,lexical
sacredcross.store,sac,0.93,prefix_suffix,lexical
sacredaesth.com.de,sac,0.93,prefix_suffix,lexical
bets10-girisioffical.vip,vi,0.93,prefix_suffix,lexical
wrapped.vip,vi,0.93,prefix_suffix,lexical
fanatic132.vip,vi,0.93,prefix_suffix,lexical
clcak.vip,vi,0.93,prefix_suffix,lexical
vitalharvest.top,vi,0.93,prefix_suffix,lexical
videowithtricia.com,vi,0.93,prefix_suffix,lexical
corsac.us,sac,0.93,prefix_suffix,lexical
violin88big.com,vi,0.93,prefix_suffix,lexical
nicholasfabiano.com,nic,0.93,prefix_suffix,lexical
rspmail-apn8.com,pnb,0.93,prefix_suffix,lexical
viralizai.ai,vi,0.93,prefix_suffix,lexical
star-game.vip,vi,0.93,prefix_suffix,lexical
y7123977.vip,vi,0.93,prefix_suffix,lexical
sgdmk.vip,vi,0.93,prefix_suffix,lexical
m-oubo-vip.com,vi,0.93,prefix_suffix,lexical
luxurydomains.vip,vi,0.93,prefix_suffix,lexical
vinturasrl.com,vi,0.93,prefix_suffix,lexical
vibefeed.in,vi,0.93,prefix_suffix,lexical
visitfultonctyoh.com,vi,0.93,prefix_suffix,lexical
domainparking.vip,vi,0.93,prefix_suffix,lexical
nicensdfhty.shop,nic,0.93,prefix_suffix,lexical
vitalitypursuitfitness.com,vi,0.93,prefix_suffix,lexical
nisanbetgirisi.vip,vi,0.93,prefix_suffix,lexical
vizgro.com,vi,0.93,prefix_suffix,lexical
flexport.vip,vi,0.93,prefix_suffix,lexical
y7124345.vip,vi,0.93,prefix_suffix,lexical
gjegm.vip,vi,0.93,prefix_suffix,lexical
virtuosaskin.com,vi,0.93,prefix_suffix,lexical
villamichela.com,vi,0.93,prefix_suffix,lexical
tophillbetmobil.vip,vi,0.93,prefix_suffix,lexical
vinesandassociates.com,vi,0.93,prefix_suffix,lexical
vip6088008.com,vi,0.93,prefix_suffix,lexical
visionary.llc,vi,0.93,prefix_suffix,lexical
almaster.vip,vi,0.93,prefix_suffix,lexical
training-nicolelehman.com,nic,0.93,prefix_suffix,lexical
viexco.com,vi,0.93,prefix_suffix,lexical
vinodtexworld.com,vi,0.93,prefix_suffix,lexical
c739.vip,vi,0.93,prefix_suffix,lexical
vitalguidehub.com,vi,0.93,prefix_suffix,lexical
y7123835.vip,vi,0.93,prefix_suffix,lexical
lode777gasak.vip,vi,0.93,prefix_suffix,lexical
archeraapp.vip,vi,0.93,prefix_suffix,lexical
bobty207.com,bob,0.93,prefix_suffix,lexical
habjee.vip,vi,0.93,prefix_suffix,lexical
qckfrsbxvi.top,vi,0.93,prefix_suffix,lexical
viosoph.com,vi,0.93,prefix_suffix,lexical
purrinha.app,nha,0.93,prefix_suffix,lexical
qyc30.vip,vi,0.93,prefix_suffix,lexical
26124516.vip,vi,0.93,prefix_suffix,lexical
74101.vip,vi,0.93,prefix_suffix,lexical
visibleness.com,vi,0.93,prefix_suffix,lexical
849ww677.vip,vi,0.93,prefix_suffix,lexical
virtismanagementservices.net,vi,0.93,prefix_suffix,lexical
vinfasttohuu.com,vi,0.93,prefix_suffix,lexical
reclamesac.life,sac,0.93,prefix_suffix,lexical
vibestalk.xyz,vi,0.93,prefix_suffix,lexical
qegmc.vip,vi,0.93,prefix_suffix,lexical
visitportofspain.com,vi,0.93,prefix_suffix,lexical
38245.vip,vi,0.93,prefix_suffix,lexical
y7124359.vip,vi,0.93,prefix_suffix,lexical
26124524.vip,vi,0.93,prefix_suffix,lexical
tksvg.vip,vi,0.93,prefix_suffix,lexical
videoproductionljubljana.com,vi,0.93,prefix_suffix,lexical
168-bob.com,bob,0.98,exact_label,lexical
331801.vip,vi,0.93,prefix_suffix,lexical
visualizeandrize.com,vi,0.93,prefix_suffix,lexical
vintageworld.us,vi,0.93,prefix_suffix,lexical
nicamigo.com,nic,0.93,prefix_suffix,lexical
diuwinlogin.vip,vi,0.93,prefix_suffix,lexical
niceart.us,nic,0.93,prefix_suffix,lexical
sacredlightministries.com,sac,0.93,prefix_suffix,lexical
visitdagestan.com,vi,0.93,prefix_suffix,lexical
vikasa.us,vi,0.93,prefix_suffix,lexical
gebzeprotezsac.net,sac,0.93,prefix_suffix,lexical
41590.vip,vi,0.93,prefix_suffix,lexical
pnclognmb.vip,vi,0.93,prefix_suffix,lexical
virtualized.us,vi,0.93,prefix_suffix,lexical
viral-hooks.shop,vi,0.93,prefix_suffix,lexical
visionmakersalliance.info,vi,0.93,prefix_suffix,lexical
vifotiumholdings.digital,vi,0.93,prefix_suffix,lexical
ijne8g2c1f5q0f9l5.vip,vi,0.93,prefix_suffix,lexical
bobdshowroom.com,bob,0.93,prefix_suffix,lexical
rhktj.vip,vi,0.93,prefix_suffix,lexical
vlbkj90.cn,vi,0.93,prefix_suffix,lexical
ueodt.vip,vi,0.93,prefix_suffix,lexical
nicetutor.us,nic,0.93,prefix_suffix,lexical
vinylrhythm.website,vi,0.93,prefix_suffix,lexical
bailety85.vip,vi,0.93,prefix_suffix,lexical
nicedayz.com,nic,0.93,prefix_suffix,lexical
neredebahisaff.vip,vi,0.93,prefix_suffix,lexical
visionaid.store,vi,0.93,prefix_suffix,lexical
royalwin808.love,bob,0.93,prefix_suffix,lexical
villastacos.com,vi,0.93,prefix_suffix,lexical
vineyardministry.net,vi,0.93,prefix_suffix,lexical
jptt-av1.net,vi,0.93,prefix_suffix,lexical
xk-sports-vip.com,vi,0.93,prefix_suffix,lexical
kamila-vip.com,vi,0.93,prefix_suffix,lexical
x-bajee.vip,vi,0.93,prefix_suffix,lexical
vitalityfocusplan.com,vi,0.93,prefix_suffix,lexical
vintnertaste.com,vi,0.93,prefix_suffix,lexical
vidigo.us,vi,0.93,prefix_suffix,lexical
vitalreframe.com,vi,0.93,prefix_suffix,lexical
vinylrail.com,vi,0.93,prefix_suffix,lexical
vl-glasses777.com,vi,0.98,exact_label,lexical
111bo79.vip,vi,0.93,prefix_suffix,lexical
vitachoixb.com,vi,0.93,prefix_suffix,lexical
corsol-sac.com,sac,0.98,exact_label,lexical
themedpsychclinic.net,nic,0.93,prefix_suffix,lexical
elite-villas.org,vi,0.93,prefix_suffix,lexical
obrks.vip,vi,0.93,prefix_suffix,lexical
visitharrodsburg.com,vi,0.93,prefix_suffix,lexical
4800vip888.vip,vi,0.93,prefix_suffix,lexical
treasuretheusvi.org,vi,0.93,prefix_suffix,lexical
teens64.vip,vi,0.93,prefix_suffix,lexical
minhngoc.vip,vi,0.93,prefix_suffix,lexical
sonbahis-orjinal-site.vip,vi,0.93,prefix_suffix,lexical
holigan-guncelsite2.vip,vi,0.93,prefix_suffix,lexical
virxwptt.xyz,vi,0.93,prefix_suffix,lexical
video25-03.online,vi,0.93,prefix_suffix,lexical
vic.black,vi,0.93,prefix_suffix,lexical
vitoriaugc.com,vi,0.93,prefix_suffix,lexical
hp58l.top,sbi,0.93,prefix_suffix,lexical
borganicindia.com,nic,0.93,prefix_suffix,lexical
vijayyadavai.com,vi,0.93,prefix_suffix,lexical
motphimchillvl.me,vi,0.93,prefix_suffix,lexical
y7124427.vip,vi,0.93,prefix_suffix,lexical
nickcascella.com,nic,0.93,prefix_suffix,lexical
hkhku.vip,vi,0.93,prefix_suffix,lexical
vicinityoutlet.com,vi,0.93,prefix_suffix,lexical
vietnammoto.com,vi,0.93,prefix_suffix,lexical
cfkse.vip,vi,0.93,prefix_suffix,lexical
vievethelabel.com,vi,0.93,prefix_suffix,lexical
676834.vip,vi,0.93,prefix_suffix,lexical
h2a6n9.vip,vi,0.93,prefix_suffix,lexical
yjcontribute.vip,vi,0.93,prefix_suffix,lexical
viral888.online,vi,0.93,prefix_suffix,lexical
vip5551.top,vi,0.93,prefix_suffix,lexical
eclatpraxis.com,axis,0.93,prefix_suffix,lexical
ddqznju256.vip,vi,0.93,prefix_suffix,lexical
mersinpr.com,nic,0.93,prefix_suffix,lexical
bobbiecrews.com,bob,0.93,prefix_suffix,lexical
vicos-store.com,vi,0.93,prefix_suffix,lexical
videoql.com,vi,0.93,prefix_suffix,lexical
c702.vip,vi,0.93,prefix_suffix,lexical
abmlu.vip,vi,0.93,prefix_suffix,lexical
em-vi.com,vi,0.98,exact_label,lexical
7day77.vip,vi,0.93,prefix_suffix,lexical
dripakfin.co.uk,kfintech,0.93,prefix_suffix,lexical
24225.vip,vi,0.93,prefix_suffix,lexical
vitality-residenz-wien.com,vi,0.93,prefix_suffix,lexical
26124474.vip,vi,0.93,prefix_suffix,lexical
vibegarments.shop,vi,0.93,prefix_suffix,lexical
vieformefemmeu.com,vi,0.93,prefix_suffix,lexical
849rr688.vip,vi,0.93,prefix_suffix,lexical
via1click2go.com,vi,0.93,prefix_suffix,lexical
wnous.vip,vi,0.93,prefix_suffix,lexical
meritgirisiniz.vip,vi,0.93,prefix_suffix,lexical
updatertpkoi88v1.xyz,vi,0.93,prefix_suffix,lexical
bobbykinsurance.com,bob,0.93,prefix_suffix,lexical
nhathavlog.cloud,nha,0.93,prefix_suffix,lexical
y7124446.vip,vi,0.93,prefix_suffix,lexical
26039.vip,vi,0.93,prefix_suffix,lexical
vodafoneireland.online,vi,0.93,prefix_suffix,lexical
bettilt-girisi.vip,vi,0.93,prefix_suffix,lexical
trexonvaxis.ru,axis,0.93,prefix_suffix,lexical
growth-clinic-design.com,nic,0.93,prefix_suffix,lexical
vida.works,vi,0.93,prefix_suffix,lexical
ky3dc7.vip,vi,0.93,prefix_suffix,lexical
vingtsun-leonberg.com,vi,0.93,prefix_suffix,lexical
a4ranchcams.org,cams,0.93,prefix_suffix,lexical
virginialandscapingco.com,vi,0.93,prefix_suffix,lexical
eclypse.site,eci,0.93,prefix_suffix,lexical
h93cl.top,eci,0.93,prefix_suffix,lexical
victoriouslywhole.com,vi,0.93,prefix_suffix,lexical
nickjunior.us,nic,0.93,prefix_suffix,lexical
mengfan.vip,vi,0.93,prefix_suffix,lexical
vicahouse.com,vi,0.93,prefix_suffix,lexical
59988.vip,vi,0.93,prefix_suffix,lexical
carrozzeriaerreci.com,eci,0.93,prefix_suffix,lexical
nhaofang6.top,nha,0.93,prefix_suffix,lexical
38860.vip,vi,0.93,prefix_suffix,lexical
orgimalang.org,census,0.93,prefix_suffix,lexical
kjf-electronic.com,nic,0.93,prefix_suffix,lexical
jbxaz.vip,vi,0.93,prefix_suffix,lexical
sindicatonacional3preunic.com,nic,0.93,prefix_suffix,lexical
vicparkcentre.com,vi,0.93,prefix_suffix,lexical
ychuoclinic.com,nic,0.93,prefix_suffix,lexical
vivi98.cfd,vi,0.93,prefix_suffix,lexical
viajedelunademiel.com,vi,0.93,prefix_suffix,lexical
virtualwe.com,vi,0.93,prefix_suffix,lexical
viaductpillarline.info,vi,0.93,prefix_suffix,lexical
comprar-visitas.web.id,vi,0.93,prefix_suffix,lexical
yjcontainer.vip,vi,0.93,prefix_suffix,lexical
xx9581.com,sbi,0.93,prefix_suffix,lexical
aureliorganic.info,nic,0.93,prefix_suffix,lexical
agentlegaldesk.vip,vi,0.93,prefix_suffix,lexical
vireloni.cfd,vi,0.93,prefix_suffix,lexical
online-casino.vip,vi,0.93,prefix_suffix,lexical
86fx84.vip,vi,0.93,prefix_suffix,lexical
kucoinonline.vip,vi,0.93,prefix_suffix,lexical
victorylimo1.com,vi,0.93,prefix_suffix,lexical
ktmml.vip,vi,0.93,prefix_suffix,lexical
vip79.ceo,vi,0.93,prefix_suffix,lexical
jackbet.vip,vi,0.93,prefix_suffix,lexical
viviendolapalabra.com,vi,0.93,prefix_suffix,lexical
serv1-2m.com,vi,0.93,prefix_suffix,lexical
91741.vip,vi,0.93,prefix_suffix,lexical
visaonlineuk.org,vi,0.93,prefix_suffix,lexical
virtio.us,vi,0.93,prefix_suffix,lexical
viceguys.online,vi,0.93,prefix_suffix,lexical
y7124479.vip,vi,0.93,prefix_suffix,lexical
nhatrangcountryside.com,nha,0.93,prefix_suffix,lexical
visitblackwood.xyz,vi,0.93,prefix_suffix,lexical
rmcci.garden,rgcci,0.85,typo,lexical
wenjiang.vip,vi,0.93,prefix_suffix,lexical
easternethnic.shop,nic,0.93,prefix_suffix,lexical
vibot.us,vi,0.93,prefix_suffix,lexical
69941.vip,vi,0.93,prefix_suffix,lexical
vinyltapshow.com,vi,0.93,prefix_suffix,lexical
nicholasfrank.com,nic,0.93,prefix_suffix,lexical
viprovi.com,vi,0.93,prefix_suffix,lexical
c5vi.com,vi,0.93,prefix_suffix,lexical
vitalcafe.com,vi,0.93,prefix_suffix,lexical
virelena.cfd,vi,0.93,prefix_suffix,lexical
vitdnsmoline.com,vi,0.93,prefix_suffix,lexical
46932.vip,vi,0.93,prefix_suffix,lexical
91290.vip,vi,0.93,prefix_suffix,lexical
rasen.vip,vi,0.93,prefix_suffix,lexical
walmart-service.vip,vi,0.93,prefix_suffix,lexical
escobucksistanbul.vip,vi,0.93,prefix_suffix,lexical
villarreallvpdp.com,vi,0.93,prefix_suffix,lexical
aikok.vip,vi,0.93,prefix_suffix,lexical
holiganbet-girislerim.vip,vi,0.93,prefix_suffix,lexical
98ab13.vip,vi,0.93,prefix_suffix,lexical
nicolerieu.com,nic,0.93,prefix_suffix,lexical
h11vl.top,vi,0.93,prefix_suffix,lexical
com-paketersand.vip,vi,0.93,prefix_suffix,lexical
vibnbud.com,vi,0.93,prefix_suffix,lexical
drmostafavi.com,vi,0.93,prefix_suffix,lexical
villasana.com,vi,0.93,prefix_suffix,lexical
viguini.com,vi,0.93,prefix_suffix,lexical
permata888bos.vip,vi,0.93,prefix_suffix,lexical
viyolasesoresyabogados.com,vi,0.93,prefix_suffix,lexical
95875.vip,vi,0.93,prefix_suffix,lexical
c722.vip,vi,0.93,prefix_suffix,lexical
26124465.vip,vi,0.93,prefix_suffix,lexical
msftbob.com,bob,0.93,prefix_suffix,lexical
luhaa.vip,vi,0.93,prefix_suffix,lexical
saccadata.cloud,sac,0.93,prefix_suffix,lexical
11716.vip,vi,0.93,prefix_suffix,lexical
850robotaxis.com,axis,0.93,prefix_suffix,lexical
bobonanagames.com,bob,0.93,prefix_suffix,lexical
ladiesbeautyclinic.com,nic,0.93,prefix_suffix,lexical
vixooilgas.online,vi,0.93,prefix_suffix,lexical
partytimetonic.com,nic,0.93,prefix_suffix,lexical
vibrantpicksera.shop,vi,0.93,prefix_suffix,lexical
infinitidevelopers.com,icici,0.93,prefix_suffix,lexical
sb150.com,sbi,0.93,prefix_suffix,lexical
securekeymarket.vip,vi,0.93,prefix_suffix,lexical
bronco.vip,vi,0.93,prefix_suffix,lexical
visitglasshousemountains.com,vi,0.93,prefix_suffix,lexical
3318a6.vip,vi,0.93,prefix_suffix,lexical
512xz.vip,vi,0.93,prefix_suffix,lexical
t6n2.vip,vi,0.93,prefix_suffix,lexical
viajesbhutan.com,vi,0.93,prefix_suffix,lexical
crb10.vip,vi,0.93,prefix_suffix,lexical
efsac.org,sac,0.93,prefix_suffix,lexical
com-elitef.vip,vi,0.93,prefix_suffix,lexical
villes.us,vi,0.93,prefix_suffix,lexical
viago.bot,vi,0.93,prefix_suffix,lexical
maxwin288-vip.site,vi,0.93,prefix_suffix,lexical
caflululuzy.vip,vi,0.93,prefix_suffix,lexical
ibivavi.info,vi,0.93,prefix_suffix,lexical
7666226.vip,vi,0.93,prefix_suffix,lexical
790com0411.vip,vi,0.93,prefix_suffix,lexical
viralslot77.net,vi,0.93,prefix_suffix,lexical
nickhafner.com,nic,0.93,prefix_suffix,lexical
virtusproteam.com,vi,0.93,prefix_suffix,lexical
vivresetdenreesdafrique.com,vi,0.93,prefix_suffix,lexical
douglasmedicalclinic.com,nic,0.93,prefix_suffix,lexical
vivaldiwear.com,vi,0.93,prefix_suffix,lexical
vizestrategylab.pro,vi,0.93,prefix_suffix,lexical
vihangamclothing.com,vi,0.93,prefix_suffix,lexical
casavi.us,vi,0.93,prefix_suffix,lexical
hz58l.top,sbi,0.93,prefix_suffix,lexical
vintiquecds.com,vi,0.93,prefix_suffix,lexical
airindia24.com,airindia,0.95,combined,lexical
a7ty22.vip,vi,0.93,prefix_suffix,lexical
ecitizen.us,eci,0.93,prefix_suffix,lexical
visuraforall.com,vi,0.93,prefix_suffix,lexical
hello-vip.net,vi,0.93,prefix_suffix,lexical
vivasai.com,vi,0.93,prefix_suffix,lexical
hyty-vip.com,vi,0.93,prefix_suffix,lexical
vipleilaooficial.online,vi,0.93,prefix_suffix,lexical
mzaxo.vip,vi,0.93,prefix_suffix,lexical
vinhomec.com,vi,0.93,prefix_suffix,lexical
zamanclinic.com,nic,0.93,prefix_suffix,lexical
98281.vip,vi,0.93,prefix_suffix,lexical
smbamsc.vip,vi,0.93,prefix_suffix,lexical
jloenit.dev,jio,0.93,prefix_suffix,lexical
visualvoicephotography.com,vi,0.93,prefix_suffix,lexical
vindsmentomwx.com,vi,0.93,prefix_suffix,lexical
virusteam.com,vi,0.93,prefix_suffix,lexical
ag8888.vip,vi,0.93,prefix_suffix,lexical
kyroncapital.vip,vi,0.93,prefix_suffix,lexical
wvldv1.click,vi,0.93,prefix_suffix,lexical
virgincouple.com,vi,0.93,prefix_suffix,lexical
jojobetinaktifgirisi.vip,vi,0.93,prefix_suffix,lexical
palazzocremoninitrevi.com,vi,0.93,prefix_suffix,lexical
eclatbijoux.shop,eci,0.93,prefix_suffix,lexical
vigor-femme.com,vi,0.93,prefix_suffix,lexical
bloodfiretonic.com,nic,0.93,prefix_suffix,lexical
nh4bw.cyou,nha,0.93,prefix_suffix,lexical
nicolasromera.org,nic,0.93,prefix_suffix,lexical
nicolasebruna.com,nic,0.93,prefix_suffix,lexical
rsac.us,sac,0.93,prefix_suffix,lexical
vibexa.shop,vi,0.93,prefix_suffix,lexical
royals7777.vip,vi,0.93,prefix_suffix,lexical
vizitboost.com,vi,0.93,prefix_suffix,lexical
nicekitchen-cooking.com,nic,0.93,prefix_suffix,lexical
vlrt6.xyz,vi,0.93,prefix_suffix,lexical
vitesserealty.com,vi,0.93,prefix_suffix,lexical
23107.vip,vi,0.93,prefix_suffix,lexical
sackklifeapparel.com,sac,0.93,prefix_suffix,lexical
viviverzo.com,vi,0.93,prefix_suffix,lexical
y7124543.vip,vi,0.93,prefix_suffix,lexical
freeafl.vip,vi,0.93,prefix_suffix,lexical
visionaryforetells.com,vi,0.93,prefix_suffix,lexical
sbix89.icu,sbi,0.93,prefix_suffix,lexical
vipgn.com,vi,0.93,prefix_suffix,lexical
bobfitchinsurance.com,bob,0.93,prefix_suffix,lexical
virtualbot.online,vi,0.93,prefix_suffix,lexical
bitcoinwallet77.vip,vi,0.93,prefix_suffix,lexical
vintnerstaff.com,vi,0.93,prefix_suffix,lexical
ecityconnect.top,eci,0.93,prefix_suffix,lexical
vipbraslots3.com,vi,0.93,prefix_suffix,lexical
visualgig.com,vi,0.93,prefix_suffix,lexical
visualplants.com,vi,0.93,prefix_suffix,lexical
enuyguntedavi.com,vi,0.93,prefix_suffix,lexical
nhadepgovap.vn,nha,0.93,prefix_suffix,lexical
branding-sacramento.com,sac,0.93,prefix_suffix,lexical
nickyrockets.com,nic,0.93,prefix_suffix,lexical
1688885.vip,vi,0.93,prefix_suffix,lexical
visamitr.com,vi,0.93,prefix_suffix,lexical
3318a12.vip,vi,0.93,prefix_suffix,lexical
nicheloanbolt.com,nic,0.93,prefix_suffix,lexical
visionclips.net,vi,0.93,prefix_suffix,lexical
watools.vip,vi,0.93,prefix_suffix,lexical
com-elitkc.vip,vi,0.93,prefix_suffix,lexical
vibyapackaging.com,vi,0.93,prefix_suffix,lexical
betzula-linkim.vip,vi,0.93,prefix_suffix,lexical
y7123795.vip,vi,0.93,prefix_suffix,lexical
rajpatraseaadhar.online,uidai,0.93,prefix_suffix,lexical
visaf.eu.cc,vi,0.93,prefix_suffix,lexical
com-jsr.vip,vi,0.93,prefix_suffix,lexical
nicolaaloisiowoodturning.com,nic,0.93,prefix_suffix,lexical
nickyvranas.com,nic,0.93,prefix_suffix,lexical
teprosac.com,sac,0.93,prefix_suffix,lexical
villabartok.hu,vi,0.93,prefix_suffix,lexical
vietdecoration.com,vi,0.93,prefix_suffix,lexical
rcinic.com,nic,0.93,prefix_suffix,lexical
baji-live999.vip,vi,0.93,prefix_suffix,lexical
springfieldinfiniti.com,icici,0.93,prefix_suffix,lexical
vitality.technology,vi,0.93,prefix_suffix,lexical
rblakelymobilenotary.com,rbi,0.93,prefix_suffix,lexical
05952.vip,vi,0.93,prefix_suffix,lexical
lqjhvi.store,vi,0.93,prefix_suffix,lexical
04374.vip,vi,0.93,prefix_suffix,lexical
512zj.vip,vi,0.93,prefix_suffix,lexical
ht28799.vip,vi,0.93,prefix_suffix,lexical
nhaxanhvn.id.vn,nha,0.93,prefix_suffix,lexical
chibaba.vip,vi,0.93,prefix_suffix,lexical
bisonusp.vip,vi,0.93,prefix_suffix,lexical
arqnc.vip,vi,0.93,prefix_suffix,lexical
qwcfs.vip,vi,0.93,prefix_suffix,lexical
vitashe.com,vi,0.93,prefix_suffix,lexical
y7124549.vip,vi,0.93,prefix_suffix,lexical
vinhomegiangvo.com,vi,0.93,prefix_suffix,lexical
qafbc.vip,vi,0.93,prefix_suffix,lexical
cn-vip-kaiyunsports.com,vi,0.93,prefix_suffix,lexical
sachets.us,sac,0.93,prefix_suffix,lexical
viciousworld.store,vi,0.93,prefix_suffix,lexical
vip-king.app,vi,0.93,prefix_suffix,lexical
mykonostaxis.com,axis,0.93,prefix_suffix,lexical
vitorchugo.online,vi,0.93,prefix_suffix,lexical
victoriaroyal.pro,vi,0.93,prefix_suffix,lexical
vintagegamerhub.com,vi,0.93,prefix_suffix,lexical
eclatdemusc.com,eci,0.93,prefix_suffix,lexical
virgendearaceli.com,vi,0.93,prefix_suffix,lexical
vitaebuilder.com,vi,0.93,prefix_suffix,lexical
perabet-2026-resmilink.vip,vi,0.93,prefix_suffix,lexical
usb3g-viettel.com,vi,0.93,prefix_suffix,lexical
vioel.org,vi,0.93,prefix_suffix,lexical
victurussiv.space,vi,0.93,prefix_suffix,lexical
nickwelborn.com,nic,0.93,prefix_suffix,lexical
66fx87.vip,vi,0.93,prefix_suffix,lexical
h82vl.top,vi,0.93,prefix_suffix,lexical
bobcatofblomington.com,bob,0.93,prefix_suffix,lexical
en-vista.com,vi,0.93,prefix_suffix,lexical
victoriaschaferphotography.com,vi,0.93,prefix_suffix,lexical
waterlootaxis.com,axis,0.93,prefix_suffix,lexical
de-service-portal-80b2.sbs,bob,0.93,prefix_suffix,lexical
villaaurasirmione.it,vi,0.93,prefix_suffix,lexical
evocourse.vip,vi,0.93,prefix_suffix,lexical
76629.vip,vi,0.93,prefix_suffix,lexical
cerberus5.vip,vi,0.93,prefix_suffix,lexical
clt-vlc.com,vi,0.93,prefix_suffix,lexical
viajesalacarta.online,vi,0.93,prefix_suffix,lexical
ybvpvg394.vip,vi,0.93,prefix_suffix,lexical
villafrancafitness.com,vi,0.93,prefix_suffix,lexical
fcfcf1688885jhjj.vip,vi,0.93,prefix_suffix,lexical
055212.vip,vi,0.93,prefix_suffix,lexical
mobile-knh.vip,vi,0.93,prefix_suffix,lexical
s6sgp8.vip,vi,0.93,prefix_suffix,lexical
norabahis-resmigirisi.vip,vi,0.93,prefix_suffix,lexical
zgsy988.vip,vi,0.93,prefix_suffix,lexical
cerberus7.vip,vi,0.93,prefix_suffix,lexical
bonusland.vip,vi,0.93,prefix_suffix,lexical
maxslots-onlinecasino.vip,vi,0.93,prefix_suffix,lexical
axisknives.com,axis,0.93,prefix_suffix,lexical
99350.vip,vi,0.93,prefix_suffix,lexical
astropoorvi.com,vi,0.93,prefix_suffix,lexical
via-ai.app,vi,0.93,prefix_suffix,lexical
vilano.us,vi,0.93,prefix_suffix,lexical
medicosskinclinic.com,nic,0.93,prefix_suffix,lexical
esac.click,sac,0.93,prefix_suffix,lexical
visionnestpeaklogic.skin,vi,0.93,prefix_suffix,lexical
26124363.vip,vi,0.93,prefix_suffix,lexical
02053.vip,vi,0.93,prefix_suffix,lexical
nicolebungert.com,nic,0.93,prefix_suffix,lexical
visaeuropaonline.xyz,vi,0.93,prefix_suffix,lexical
vivacoliving.com,vi,0.93,prefix_suffix,lexical
h50vl.top,vi,0.93,prefix_suffix,lexical
vividy96.cfd,vi,0.93,prefix_suffix,lexical
didi51-t0348.vip,vi,0.93,prefix_suffix,lexical
siovi.online,vi,0.93,prefix_suffix,lexical
betcio-guncel-sitesi.vip,vi,0.93,prefix_suffix,lexical
08081.vip,vi,0.93,prefix_suffix,lexical
h62vl.top,vi,0.93,prefix_suffix,lexical
viajeshobby.com,vi,0.93,prefix_suffix,lexical
vinfluencyx.store,vi,0.93,prefix_suffix,lexical
ecindy.net,eci,0.93,prefix_suffix,lexical
rivl.world,vi,0.93,prefix_suffix,lexical
eclipsechampion428.info,eci,0.93,prefix_suffix,lexical
ynsbo.vip,vi,0.93,prefix_suffix,lexical
viadeals.info,vi,0.93,prefix_suffix,lexical
vilmorashop.com,vi,0.93,prefix_suffix,lexical
virtue.video,vi,0.93,prefix_suffix,lexical
nhattam.xyz,nha,0.93,prefix_suffix,lexical
damijanic-distillery.com,nic,0.93,prefix_suffix,lexical
victorbd.app,vi,0.93,prefix_suffix,lexical
everestcurrysac.com,sac,0.93,prefix_suffix,lexical
niceshop.us,nic,0.93,prefix_suffix,lexical
livenews-vitguide.xyz,vi,0.93,prefix_suffix,lexical
vibecoding.how,vi,0.93,prefix_suffix,lexical
dkaefm.vip,vi,0.93,prefix_suffix,lexical
electronic-destruction-services.click,nic,0.93,prefix_suffix,lexical
mnyzu.vip,vi,0.93,prefix_suffix,lexical
not-vless.online,vi,0.93,prefix_suffix,lexical
hello-vip.app,vi,0.93,prefix_suffix,lexical
h43vl.top,vi,0.93,prefix_suffix,lexical
ggujl.vip,vi,0.93,prefix_suffix,lexical
visititonejapan.shop,vi,0.93,prefix_suffix,lexical
videoadinteraction.info,vi,0.93,prefix_suffix,lexical
pkfms.vip,vi,0.93,prefix_suffix,lexical
viranty.com,vi,0.93,prefix_suffix,lexical
virtualspinclub.org,vi,0.93,prefix_suffix,lexical
scaleai.vip,vi,0.93,prefix_suffix,lexical
98yl100.vip,vi,0.93,prefix_suffix,lexical
vigilcompliance.com,vi,0.93,prefix_suffix,lexical
vietfarmasia.vn,vi,0.93,prefix_suffix,lexical
digital-viden.com,vi,0.93,prefix_suffix,lexical
xy40.vip,vi,0.93,prefix_suffix,lexical
bbu88.vip,vi,0.93,prefix_suffix,lexical
sacramentocriminaljuvenilelaw.com,sac,0.93,prefix_suffix,lexical
vinuri.com.br,vi,0.93,prefix_suffix,lexical
sculpttronic.com,nic,0.93,prefix_suffix,lexical
vipgro.com,vi,0.93,prefix_suffix,lexical
61853.blog,bse,0.93,prefix_suffix,lexical
glowtv1.online,vi,0.93,prefix_suffix,lexical
pgok.vip,vi,0.93,prefix_suffix,lexical
villagelaw.com,vi,0.93,prefix_suffix,lexical
didi51-t0358.vip,vi,0.93,prefix_suffix,lexical
30ahomeloans.com,sbi,0.93,prefix_suffix,lexical
05238.vip,vi,0.93,prefix_suffix,lexical
bobcatofhowardcounty.com,bob,0.93,prefix_suffix,lexical
viloren.com,vi,0.93,prefix_suffix,lexical
vixoralabs.online,vi,0.93,prefix_suffix,lexical
vitalvetsfoundation.org,vi,0.93,prefix_suffix,lexical
888yule.vip,vi,0.93,prefix_suffix,lexical
payt-visionbills.com,vi,0.93,prefix_suffix,lexical
h98vl.top,vi,0.93,prefix_suffix,lexical
victoryology.com,vi,0.93,prefix_suffix,lexical
viloet.com,vi,0.93,prefix_suffix,lexical
xlocl.com,iocl,0.93,prefix_suffix,lexical
jsujd.vip,vi,0.93,prefix_suffix,lexical
ar-villamarchesetuscany.wedding,vi,0.93,prefix_suffix,lexical
viju4.top,vi,0.93,prefix_suffix,lexical
vitasimil-oficjalny.site,vi,0.93,prefix_suffix,lexical
polyphonic.us,nic,0.93,prefix_suffix,lexical
dm899.vip,vi,0.93,prefix_suffix,lexical
odkno218.vip,vi,0.93,prefix_suffix,lexical
26124394.vip,vi,0.93,prefix_suffix,lexical
virusaircleaner.com,vi,0.93,prefix_suffix,lexical
crest-infiniti.com,icici,0.98,exact_label,lexical
1088hg74.vip,vi,0.93,prefix_suffix,lexical
nicodemusins.com,nic,0.93,prefix_suffix,lexical
nopriors.vip,vi,0.93,prefix_suffix,lexical
blog.clinic,nic,0.93,prefix_suffix,lexical
queerplatonic.com,nic,0.93,prefix_suffix,lexical
shrvi.vip,vi,0.93,prefix_suffix,lexical
subsitxkvl.xyz,vi,0.93,prefix_suffix,lexical
vibesfashion.xyz,vi,0.93,prefix_suffix,lexical
victorsamarkanda.com,vi,0.93,prefix_suffix,lexical
vipelenamiro.top,vi,0.93,prefix_suffix,lexical
iv74v1.top,vi,0.93,prefix_suffix,lexical
nhatban101.com,nha,0.93,prefix_suffix,lexical
vividvantage.site,vi,0.93,prefix_suffix,lexical
vistabuilderssupply.com,vi,0.93,prefix_suffix,lexical
bobateatonic.com,bob,0.93,prefix_suffix,lexical
web-videoru.online,vi,0.93,prefix_suffix,lexical
vinoscarro.com,vi,0.93,prefix_suffix,lexical
dkingsac.com,sac,0.93,prefix_suffix,lexical
devlmaxsoft.vip,vi,0.93,prefix_suffix,lexical
bsevhwrl.xyz,bse,0.93,prefix_suffix,lexical
26124506.vip,vi,0.93,prefix_suffix,lexical
makeover.clinic,nic,0.93,prefix_suffix,lexical
viewpointindia.com,vi,0.93,prefix_suffix,lexical
vintagecadillac.net,vi,0.93,prefix_suffix,lexical
vic.adult,vi,0.93,prefix_suffix,lexical
marss-giris.vip,vi,0.93,prefix_suffix,lexical
viagemamallorca2026.com,vi,0.93,prefix_suffix,lexical
visionblackjack430.com,vi,0.93,prefix_suffix,lexical
vipuptownpokies.com,vi,0.93,prefix_suffix,lexical
y7124453.vip,vi,0.93,prefix_suffix,lexical
roudn.vip,vi,0.93,prefix_suffix,lexical
govsf.vip,vi,0.93,prefix_suffix,lexical
visitpapeete.com,vi,0.93,prefix_suffix,lexical
unic.tours,nic,0.93,prefix_suffix,lexical
c45723952.vip,vi,0.93,prefix_suffix,lexical
c708.vip,vi,0.93,prefix_suffix,lexical
sacougars.online,sac,0.93,prefix_suffix,lexical
best-anti-virus.click,vi,0.93,prefix_suffix,lexical
qgere.vip,vi,0.93,prefix_suffix,lexical
sshua.vip,vi,0.93,prefix_suffix,lexical
869940.vip,vi,0.93,prefix_suffix,lexical
y7124342.vip,vi,0.93,prefix_suffix,lexical
visualinmo.com,vi,0.93,prefix_suffix,lexical
olivia-et-vincent.com,vi,0.93,prefix_suffix,lexical
vimlaloomcraftexperience.com,vi,0.93,prefix_suffix,lexical
vish.uz,vi,0.93,prefix_suffix,lexical
folvr.vip,vi,0.93,prefix_suffix,lexical
nicodevelopments.com,nic,0.93,prefix_suffix,lexical
vivian-sweet.com,vi,0.93,prefix_suffix,lexical
betvn11.vip,vi,0.93,prefix_suffix,lexical
visionaryonlinesitesolutions.com,vi,0.93,prefix_suffix,lexical
snhwq.vip,vi,0.93,prefix_suffix,lexical
virginiamasonicdistrict27.com,vi,0.93,prefix_suffix,lexical
fichers-rechaussat-nicolas-drive.com,nic,0.93,prefix_suffix,lexical
vistoraa.store,vi,0.93,prefix_suffix,lexical
vivkerr.shop,vi,0.93,prefix_suffix,lexical
alobet-aktif.vip,vi,0.93,prefix_suffix,lexical
viewdesisex.xyz,vi,0.93,prefix_suffix,lexical
vistadiferent.com,vi,0.93,prefix_suffix,lexical
vinaqeyre.autos,vi,0.93,prefix_suffix,lexical
vibeshowerdoors.com,vi,0.93,prefix_suffix,lexical
vitalrefreshnow.com,vi,0.93,prefix_suffix,lexical
h17vl.top,vi,0.93,prefix_suffix,lexical
mega-vipclub.com,vi,0.93,prefix_suffix,lexical
park-clinic.com,nic,0.93,prefix_suffix,lexical
vishnuvs.info,vi,0.93,prefix_suffix,lexical
viva2026.shop,vi,0.93,prefix_suffix,lexical
meenakshidevi.com,vi,0.93,prefix_suffix,lexical
sacredcirclehc.com,sac,0.93,prefix_suffix,lexical
viewsephora.store,vi,0.93,prefix_suffix,lexical
viatgestibet.com,vi,0.93,prefix_suffix,lexical
allianceos.vip,vi,0.93,prefix_suffix,lexical
jkpmultiserviciossac.com,sac,0.93,prefix_suffix,lexical
vipsel.com,vi,0.93,prefix_suffix,lexical
visionjtr.reviews,vi,0.93,prefix_suffix,lexical
thegirlsofsonic.com,nic,0.93,prefix_suffix,lexical
betasus-resmilink-2026.vip,vi,0.93,prefix_suffix,lexical
nbhclinic.net,nic,0.93,prefix_suffix,lexical
praxis-pflanzenheilkunde.com,axis,0.93,prefix_suffix,lexical
yl3378.vip,vi,0.93,prefix_suffix,lexical
betvn44.vip,vi,0.93,prefix_suffix,lexical
87590.vip,vi,0.93,prefix_suffix,lexical
videointerviewstation.com,vi,0.93,prefix_suffix,lexical
vinroad.online,vi,0.93,prefix_suffix,lexical
assemble.vip,vi,0.93,prefix_suffix,lexical
vip888.id,vi,0.93,prefix_suffix,lexical
robintv1.com,vi,0.93,prefix_suffix,lexical
sacramentoblogger.com,sac,0.93,prefix_suffix,lexical
viveca.us,vi,0.93,prefix_suffix,lexical
vietvenus.com,vi,0.93,prefix_suffix,lexical
vidaplena-blog.com,vi,0.93,prefix_suffix,lexical
didi51-t0357.vip,vi,0.93,prefix_suffix,lexical
infinitimedicalcenters.com,icici,0.93,prefix_suffix,lexical
victorians123.com,vi,0.93,prefix_suffix,lexical
viinivesi.com,vi,0.93,prefix_suffix,lexical
health-clinic-options-gr-12.online,nic,0.93,prefix_suffix,lexical
vip-wdh5.com,vi,0.93,prefix_suffix,lexical
c727.vip,vi,0.93,prefix_suffix,lexical
toddfrysantarosahvac.vip,vi,0.93,prefix_suffix,lexical
23td7c.vip,vi,0.93,prefix_suffix,lexical
virtualserver.app,vi,0.93,prefix_suffix,lexical
healthcore.clinic,nic,0.93,prefix_suffix,lexical
villatravels.com,vi,0.93,prefix_suffix,lexical
vikramjha.xyz,vi,0.93,prefix_suffix,lexical
visionbloger.com,vi,0.93,prefix_suffix,lexical
conavi-tarifa.click,vi,0.93,prefix_suffix,lexical
nicebot.org,nic,0.93,prefix_suffix,lexical
virtisclinics.net,vi,0.93,prefix_suffix,lexical
blackroomcasino.vip,vi,0.93,prefix_suffix,lexical
76529.vip,vi,0.93,prefix_suffix,lexical
virtualnapkin.com,vi,0.93,prefix_suffix,lexical
videocasino.org,vi,0.93,prefix_suffix,lexical
tempmindway.vip,vi,0.93,prefix_suffix,lexical
34399.vip,vi,0.93,prefix_suffix,lexical
phoenix-gift.vip,vi,0.93,prefix_suffix,lexical
viajesmars.com,vi,0.93,prefix_suffix,lexical
112268.vip,vi,0.93,prefix_suffix,lexical
viplianmeng.com,vi,0.93,prefix_suffix,lexical
26124352.vip,vi,0.93,prefix_suffix,lexical
nicholasvillepediatrics.com,nic,0.93,prefix_suffix,lexical
okfoh.vip,vi,0.93,prefix_suffix,lexical
bahislionn.vip,vi,0.93,prefix_suffix,lexical
sex-vibes.xyz,vi,0.93,prefix_suffix,lexical
sacramento-websitedesign.com,sac,0.93,prefix_suffix,lexical
di0ci-exckl-qsakjm.work,iocl,0.93,prefix_suffix,lexical
virginiabeacheventplanner.com,vi,0.93,prefix_suffix,lexical
26124575.vip,vi,0.93,prefix_suffix,lexical
polene-sacs-soldes.com,sac,0.93,prefix_suffix,lexical
betterhearingclinic.com,nic,0.93,prefix_suffix,lexical
aaxis-enviro.com,axis,0.93,prefix_suffix,lexical
26124537.vip,vi,0.93,prefix_suffix,lexical
ragnaro.vip,vi,0.93,prefix_suffix,lexical
ht14xz716.vip,vi,0.93,prefix_suffix,lexical
26124485.vip,vi,0.93,prefix_suffix,lexical
lywut.vip,vi,0.93,prefix_suffix,lexical
vifcassava.com,vi,0.93,prefix_suffix,lexical
jungsungdentalclinic.com,nic,0.93,prefix_suffix,lexical
cr.clinic,nic,0.93,prefix_suffix,lexical
farhamclinic.com,nic,0.93,prefix_suffix,lexical
vic.coffee,vi,0.93,prefix_suffix,lexical
virtual-meeting-software-sdni-t6.click,vi,0.93,prefix_suffix,lexical
viral-ninja.com,vi,0.93,prefix_suffix,lexical
viettelvietnam.com,vi,0.93,prefix_suffix,lexical
vivacx.com,vi,0.93,prefix_suffix,lexical
vaycasino-limitsiz.vip,vi,0.93,prefix_suffix,lexical
y7124330.vip,vi,0.93,prefix_suffix,lexical
casinoroyal-link.vip,vi,0.93,prefix_suffix,lexical
sarabetclub-vip.com,vi,0.93,prefix_suffix,lexical
vitaeagent.com,vi,0.93,prefix_suffix,lexical
bqivq.vip,vi,0.93,prefix_suffix,lexical
vietmint.com,vi,0.93,prefix_suffix,lexical
hwealth.vip,vi,0.93,prefix_suffix,lexical
tkmallau.vip,vi,0.93,prefix_suffix,lexical
34215.vip,vi,0.93,prefix_suffix,lexical
y7124404.vip,vi,0.93,prefix_suffix,lexical
cryptowealth.vip,vi,0.93,prefix_suffix,lexical
67348.vip,vi,0.93,prefix_suffix,lexical
vipwork.online,vi,0.93,prefix_suffix,lexical
vincomarketingstrategy.com,vi,0.93,prefix_suffix,lexical
vipper.us,vi,0.93,prefix_suffix,lexical
1111bd8.vip,vi,0.93,prefix_suffix,lexical
vibeindustries.com,vi,0.93,prefix_suffix,lexical
vicky-in-research.blog,vi,0.93,prefix_suffix,lexical
mavi-properties.com,vi,0.93,prefix_suffix,lexical
0009tvfzblay.vip,vi,0.93,prefix_suffix,lexical
hoeab.vip,vi,0.93,prefix_suffix,lexical
robghomeloans.com,sbi,0.93,prefix_suffix,lexical
vl604.com,vi,0.93,prefix_suffix,lexical
visanama.com,vi,0.93,prefix_suffix,lexical
vibrantdigital.net,vi,0.93,prefix_suffix,lexical
352robotaxis.com,axis,0.93,prefix_suffix,lexical
vinyl-patio-enclosure06.cfd,vi,0.93,prefix_suffix,lexical
madebyaxis.com,axis,0.93,prefix_suffix,lexical
virus7734.com,vi,0.93,prefix_suffix,lexical
vincenzociampi.com,vi,0.93,prefix_suffix,lexical
859615.vip,vi,0.93,prefix_suffix,lexical
360tv1.app,vi,0.93,prefix_suffix,lexical
visaprocesshub.xyz,vi,0.93,prefix_suffix,lexical
vibe-api.me,vi,0.93,prefix_suffix,lexical
26124527.vip,vi,0.93,prefix_suffix,lexical
vishwakarmaglobalfoundation.com,vi,0.93,prefix_suffix,lexical
wlsxe.vip,vi,0.93,prefix_suffix,lexical
mobilclinic.xyz,nic,0.93,prefix_suffix,lexical
sachinphatak.com,sac,0.93,prefix_suffix,lexical
cedesenha.com,nha,0.93,prefix_suffix,lexical
villadesign.us,vi,0.93,prefix_suffix,lexical
vine.bet,vi,0.93,prefix_suffix,lexical
tmcdouk.vip,vi,0.93,prefix_suffix,lexical
viridifarms.com,vi,0.93,prefix_suffix,lexical
viewtech.us,vi,0.93,prefix_suffix,lexical
sexinav.vip,vi,0.93,prefix_suffix,lexical
26124546.vip,vi,0.93,prefix_suffix,lexical
meetthestar.vip,vi,0.93,prefix_suffix,lexical
vlrjgqxrhzy.top,vi,0.93,prefix_suffix,lexical
bobqcjjx.asia,bob,0.93,prefix_suffix,lexical
eclipseanimation.com,eci,0.93,prefix_suffix,lexical
vigor-path.top,vi,0.93,prefix_suffix,lexical
sahabet-orjingiiris.vip,vi,0.93,prefix_suffix,lexical
sacudida.com,sac,0.93,prefix_suffix,lexical
222558tzv1.com,vi,0.93,prefix_suffix,lexical
60370.vip,vi,0.93,prefix_suffix,lexical
alibabavip88.vip,vi,0.93,prefix_suffix,lexical
vivi66.com,vi,0.93,prefix_suffix,lexical
bobtieman.com,bob,0.93,prefix_suffix,lexical
virtishealthholdings.net,vi,0.93,prefix_suffix,lexical
virtual-event-platform1422.site,vi,0.93,prefix_suffix,lexical
vidautomation.net,vi,0.93,prefix_suffix,lexical
vingett-autobahn.online,vi,0.93,prefix_suffix,lexical
viewlinkr.com,vi,0.93,prefix_suffix,lexical
kayak-hercegnovi.com,vi,0.93,prefix_suffix,lexical
vzfs4c.top,sac,0.93,prefix_suffix,lexical
jojobet-giris-orginal.com,census,0.93,prefix_suffix,lexical
drjemishskinclinic.com,nic,0.93,prefix_suffix,lexical
vibecreate.cn,vi,0.93,prefix_suffix,lexical
visuglpurple.com,vi,0.93,prefix_suffix,lexical
ikrod.vip,vi,0.93,prefix_suffix,lexical
vistavueapp.com,vi,0.93,prefix_suffix,lexical
vitalislimofficial.com,vi,0.93,prefix_suffix,lexical
vitaglpformel.shop,vi,0.93,prefix_suffix,lexical
viennafil.com,vi,0.93,prefix_suffix,lexical
vivaxxxiitequila.com,vi,0.93,prefix_suffix,lexical
10clietgvcfeiraolimpa2026.shop,iocl,0.93,prefix_suffix,lexical
vins-simonis.com,vi,0.93,prefix_suffix,lexical
ficlinic.com,nic,0.93,prefix_suffix,lexical
02102.vip,vi,0.93,prefix_suffix,lexical
ngzm77.vip,vi,0.93,prefix_suffix,lexical
branchesb1.com,sbi,0.93,prefix_suffix,lexical
virrexa.com,vi,0.93,prefix_suffix,lexical
vic-mcc.dev,vi,0.93,prefix_suffix,lexical
856rr.vip,vi,0.93,prefix_suffix,lexical
fp-namesilo.vip,vi,0.93,prefix_suffix,lexical
incometaxforms.com,incometax,0.95,combined,lexical
prediksijapan.vip,vi,0.93,prefix_suffix,lexical
vioglow.store,vi,0.93,prefix_suffix,lexical
virtualtuning.org,vi,0.93,prefix_suffix,lexical
ad13.vip,vi,0.93,prefix_suffix,lexical
viafianca.com.br,vi,0.93,prefix_suffix,lexical
chavaraacademycbse.com,bse,0.93,prefix_suffix,lexical
yjconsume.vip,vi,0.93,prefix_suffix,lexical
victoryoverpostpartumpsychosis.com,vi,0.93,prefix_suffix,lexical
zebrinha.com,nha,0.93,prefix_suffix,lexical
virtualperformancecoach.com,vi,0.93,prefix_suffix,lexical
vitaroster.com,vi,0.93,prefix_suffix,lexical
ecilab.app,eci,0.93,prefix_suffix,lexical
60671.vip,vi,0.93,prefix_suffix,lexical
adreslertv1.xyz,vi,0.93,prefix_suffix,lexical
victoriyaavdeeva.com,vi,0.93,prefix_suffix,lexical
villamaurice.com,vi,0.93,prefix_suffix,lexical
clusterbi.com,rbi,0.93,prefix_suffix,lexical
ga38.vip,vi,0.93,prefix_suffix,lexical
marinabaysandscasino-com.vip,vi,0.93,prefix_suffix,lexical
vip-taki.net,vi,0.93,prefix_suffix,lexical
cxmeci.com,eci,0.93,prefix_suffix,lexical
com-ktz.vip,vi,0.93,prefix_suffix,lexical
1xbet-girisi.vip,vi,0.93,prefix_suffix,lexical
virtualhvs.com,vi,0.93,prefix_suffix,lexical
bailety56.vip,vi,0.93,prefix_suffix,lexical
xt37.vip,vi,0.93,prefix_suffix,lexical
vlywf8.top,vi,0.93,prefix_suffix,lexical
tkrta.vip,vi,0.93,prefix_suffix,lexical
vinnynmariesitalian.com,vi,0.93,prefix_suffix,lexical
80956.vip,vi,0.93,prefix_suffix,lexical
sblp-training.com,sbi,0.93,prefix_suffix,lexical
jiotan.com,jio,0.93,prefix_suffix,lexical
vinsavmdc.com,vi,0.93,prefix_suffix,lexical
nextv1.shop,vi,0.93,prefix_suffix,lexical
boblearoxana.com,bob,0.93,prefix_suffix,lexical
vinoidaho.com,vi,0.93,prefix_suffix,lexical
vietnamlocaltravel.com,vi,0.93,prefix_suffix,lexical
cqmaolink.vip,vi,0.93,prefix_suffix,lexical
nicfoundhersalmate.com,nic,0.93,prefix_suffix,lexical
kamdhenuorganicindia.com,nic,0.93,prefix_suffix,lexical
48882.vip,vi,0.93,prefix_suffix,lexical
clvl-careers.online,vi,0.93,prefix_suffix,lexical
vincetti.com,vi,0.93,prefix_suffix,lexical
myfreecams.click,cams,0.93,prefix_suffix,lexical
himenavi.net,vi,0.93,prefix_suffix,lexical
whoop.vip,vi,0.93,prefix_suffix,lexical
oovi.xyz,vi,0.93,prefix_suffix,lexical
virtualroom.us,vi,0.93,prefix_suffix,lexical
y7124448.vip,vi,0.93,prefix_suffix,lexical
rejuvi.us,vi,0.93,prefix_suffix,lexical
eclipsecasinofr.shop,eci,0.93,prefix_suffix,lexical
webaxis.online,axis,0.93,prefix_suffix,lexical
robotaxis.website,axis,0.93,prefix_suffix,lexical
villagertech.com,vi,0.93,prefix_suffix,lexical
vitaltrustcorp.com,vi,0.93,prefix_suffix,lexical
y7124574.vip,vi,0.93,prefix_suffix,lexical
wunderbarhairclinic.com,nic,0.93,prefix_suffix,lexical
918vi.com,vi,0.93,prefix_suffix,lexical
mk-lagomk.vip,vi,0.93,prefix_suffix,lexical
victoriahomefinder.com,vi,0.93,prefix_suffix,lexical
inertolunaxis.info,axis,0.93,prefix_suffix,lexical
y447.vip,vi,0.93,prefix_suffix,lexical
clarityheartclinic.net,nic,0.93,prefix_suffix,lexical
viorestudio.com,vi,0.93,prefix_suffix,lexical
dpd-trackingat.vip,vi,0.93,prefix_suffix,lexical
kamkusclinic.com,nic,0.93,prefix_suffix,lexical
hopcoclinic.store,nic,0.93,prefix_suffix,lexical
47230.vip,vi,0.93,prefix_suffix,lexical
vigorlong.online,vi,0.93,prefix_suffix,lexical
vinfastvfglongan.com.vn,vi,0.93,prefix_suffix,lexical
javtub.vip,vi,0.93,prefix_suffix,lexical
h77vl.top,vi,0.93,prefix_suffix,lexical
we-vikings.com,vi,0.93,prefix_suffix,lexical
nexloci.net,iocl,0.93,prefix_suffix,lexical
ojdm59.vip,vi,0.93,prefix_suffix,lexical
virginiaruggero.com,vi,0.93,prefix_suffix,lexical
visualexpress.com,vi,0.93,prefix_suffix,lexical
lanyi.vip,vi,0.93,prefix_suffix,lexical
clinex.vip,vi,0.93,prefix_suffix,lexical
vloobie.com,vi,0.93,prefix_suffix,lexical
62499.vip,vi,0.93,prefix_suffix,lexical
34840.vip,vi,0.93,prefix_suffix,lexical
visiontechmedia.net,vi,0.93,prefix_suffix,lexical
vireomeddistrict.com,vi,0.93,prefix_suffix,lexical
proorgi.online,census,0.93,prefix_suffix,lexical
808right.com,bob,0.93,prefix_suffix,lexical
nudecams.us,cams,0.93,prefix_suffix,lexical
visionaryinventions.com,vi,0.93,prefix_suffix,lexical
ecivility.com,eci,0.93,prefix_suffix,lexical
66578.vip,vi,0.93,prefix_suffix,lexical
attes.vip,vi,0.93,prefix_suffix,lexical
videochops.com,vi,0.93,prefix_suffix,lexical
victoriacaster.com,vi,0.93,prefix_suffix,lexical
victorrodriguez.com,vi,0.93,prefix_suffix,lexical
gamaotimusclinic.com,nic,0.93,prefix_suffix,lexical
ocsxh.vip,vi,0.93,prefix_suffix,lexical
nicenaturewalks.com,nic,0.93,prefix_suffix,lexical
vivesales.com,vi,0.93,prefix_suffix,lexical
xoso66.organic,nic,0.93,prefix_suffix,lexical
ronadopg.vip,vi,0.93,prefix_suffix,lexical
vibespartner.xyz,vi,0.93,prefix_suffix,lexical
849nn369.vip,vi,0.93,prefix_suffix,lexical
virabk.com,vi,0.93,prefix_suffix,lexical
virtualizerai.com,vi,0.93,prefix_suffix,lexical
sachseuytin.site,sac,0.93,prefix_suffix,lexical
oneplus789-vip.com,vi,0.93,prefix_suffix,lexical
theautocareclinic.com,nic,0.93,prefix_suffix,lexical
vinylmotion.space,vi,0.93,prefix_suffix,lexical
vicinotiholidays.info,vi,0.93,prefix_suffix,lexical
jinmaoss.vip,vi,0.93,prefix_suffix,lexical
vipii.com,vi,0.93,prefix_suffix,lexical
virtualperfumes.store,vi,0.93,prefix_suffix,lexical
xn--vip-partner--0w89bgz3l9b0a.com,vi,0.93,prefix_suffix,lexical
ampcc.vip,vi,0.93,prefix_suffix,lexical
96173.vip,vi,0.93,prefix_suffix,lexical
vitacore.site,vi,0.93,prefix_suffix,lexical
60044.vip,vi,0.93,prefix_suffix,lexical
vio76.com,vi,0.93,prefix_suffix,lexical
dy-elect-ronic.com,nic,0.93,prefix_suffix,lexical
videotoolsmake.com,vi,0.93,prefix_suffix,lexical
p838d3c1.xyz,eci,0.93,prefix_suffix,lexical
teosbet-adresorjinal.vip,vi,0.93,prefix_suffix,lexical
xy19.vip,vi,0.93,prefix_suffix,lexical
bahiscasino-adresim.vip,vi,0.93,prefix_suffix,lexical
76673.vip,vi,0.93,prefix_suffix,lexical
vioglobal.store,vi,0.93,prefix_suffix,lexical
vitrogenwest.com,vi,0.93,prefix_suffix,lexical
mango-alegria-pg.vip,vi,0.93,prefix_suffix,lexical
vlgnett-path.site,vi,0.93,prefix_suffix,lexical
pnclognqqb.vip,vi,0.93,prefix_suffix,lexical
vivo-duo.com,vi,0.93,prefix_suffix,lexical
aouvl.vip,vi,0.93,prefix_suffix,lexical
vikasfit.com,vi,0.93,prefix_suffix,lexical
26124419.vip,vi,0.93,prefix_suffix,lexical
nordicaxis.com,axis,0.93,prefix_suffix,lexical
sacedu.org,sac,0.93,prefix_suffix,lexical
ioclara.com,iocl,0.93,prefix_suffix,lexical
com-fle.vip,vi,0.93,prefix_suffix,lexical
virgil-ia.store,vi,0.93,prefix_suffix,lexical
eclipsepk.net,eci,0.93,prefix_suffix,lexical
virgin.foundation,vi,0.93,prefix_suffix,lexical
a7ty97.vip,vi,0.93,prefix_suffix,lexical
hobytronic.info,nic,0.93,prefix_suffix,lexical
ai-videobuyer.info,vi,0.93,prefix_suffix,lexical
vitrineglobo.com,vi,0.93,prefix_suffix,lexical
y7124336.vip,vi,0.93,prefix_suffix,lexical
vivrantainfra.com,vi,0.93,prefix_suffix,lexical
vilekzi.com,vi,0.93,prefix_suffix,lexical
axistechnologies.shop,axis,0.93,prefix_suffix,lexical
vipbraslots4.com,vi,0.93,prefix_suffix,lexical
622pe.vip,vi,0.93,prefix_suffix,lexical
06737.vip,vi,0.93,prefix_suffix,lexical
vitalinitiative.org,vi,0.93,prefix_suffix,lexical
firebit.us,rebit,0.93,prefix_suffix,lexical
viralideasvideoeditingmastermind.com,vi,0.93,prefix_suffix,lexical
peehusinha.com,nha,0.93,prefix_suffix,lexical
xt16.vip,vi,0.93,prefix_suffix,lexical
jeet51.vip,vi,0.93,prefix_suffix,lexical
victoragencyorg.com,vi,0.93,prefix_suffix,lexical
eclecticmillennial.com,eci,0.93,prefix_suffix,lexical
viettelz.com,vi,0.93,prefix_suffix,lexical
pnclognqqp.vip,vi,0.93,prefix_suffix,lexical
vipdigital.us,vi,0.93,prefix_suffix,lexical
vidarsportclub.shop,vi,0.93,prefix_suffix,lexical
ss369.vip,vi,0.93,prefix_suffix,lexical
vipalmsprings.com,vi,0.93,prefix_suffix,lexical
bailety520.vip,vi,0.93,prefix_suffix,lexical
jqhpj.vip,vi,0.93,prefix_suffix,lexical
cerberus14.vip,vi,0.93,prefix_suffix,lexical
hubertusclinic.com,nic,0.93,prefix_suffix,lexical
tradaix.vip,vi,0.93,prefix_suffix,lexical
vinelandcoachbusservice.com,vi,0.93,prefix_suffix,lexical
villagefermaworld.store,vi,0.93,prefix_suffix,lexical
didi51-t0350.vip,vi,0.93,prefix_suffix,lexical
vitachoixn.com,vi,0.93,prefix_suffix,lexical
ehltn.vip,vi,0.93,prefix_suffix,lexical
visiox.top,vi,0.93,prefix_suffix,lexical
vinegarpowder.com,vi,0.93,prefix_suffix,lexical
violaspot.shop,vi,0.93,prefix_suffix,lexical
vistreet.com,vi,0.93,prefix_suffix,lexical
ydhshfs8.vip,vi,0.93,prefix_suffix,lexical
luxury-life-navi.com,vi,0.93,prefix_suffix,lexical
146715.vip,vi,0.93,prefix_suffix,lexical
villaserena.travel,vi,0.93,prefix_suffix,lexical
vibeout.us,vi,0.93,prefix_suffix,lexical
taraftarium24-hdizle18.vip,vi,0.93,prefix_suffix,lexical
visavalidated.com,vi,0.93,prefix_suffix,lexical
vliw4j.top,vi,0.93,prefix_suffix,lexical
vibecourse.codes,vi,0.93,prefix_suffix,lexical
vibeadmin.com,vi,0.93,prefix_suffix,lexical
sovetskaya-64-yaroslavl.online,vi,0.93,prefix_suffix,lexical
co-mxa.vip,vi,0.93,prefix_suffix,lexical
grandpashabet-vipcogiris.com,vi,0.93,prefix_suffix,lexical
bobty5.com,bob,0.93,prefix_suffix,lexical
vista.co.id,vi,0.93,prefix_suffix,lexical
a7ty18.vip,vi,0.93,prefix_suffix,lexical
dandanic.com,nic,0.93,prefix_suffix,lexical
kenthormoneclinic.com,nic,0.93,prefix_suffix,lexical
h31vl.top,vi,0.93,prefix_suffix,lexical
visitgiliislands.com,vi,0.93,prefix_suffix,lexical
06258.vip,vi,0.93,prefix_suffix,lexical
vietanews.com,vi,0.93,prefix_suffix,lexical
visitgilitrawangan.com,vi,0.93,prefix_suffix,lexical
vipnat.site,vi,0.93,prefix_suffix,lexical
epoczta.vip,vi,0.93,prefix_suffix,lexical
y7124452.vip,vi,0.93,prefix_suffix,lexical
vintageindependent.com,vi,0.93,prefix_suffix,lexical
vikingskyship.com,vi,0.93,prefix_suffix,lexical
vivi.bar,vi,0.93,prefix_suffix,lexical
26124353.vip,vi,0.93,prefix_suffix,lexical
visionaryvault.org,vi,0.93,prefix_suffix,lexical
vidamais-app.com,vi,0.93,prefix_suffix,lexical
vixion.us,vi,0.93,prefix_suffix,lexical
bb32.vip,vi,0.93,prefix_suffix,lexical
yslbet.vip,vi,0.93,prefix_suffix,lexical
vietxx.vu,vi,0.93,prefix_suffix,lexical
visiocart.com,vi,0.93,prefix_suffix,lexical
athryx.vip,vi,0.93,prefix_suffix,lexical
vipachados.shop,vi,0.93,prefix_suffix,lexical
vivood.live,vi,0.93,prefix_suffix,lexical
audio-visual.org,vi,0.93,prefix_suffix,lexical
xkqmk.vip,vi,0.93,prefix_suffix,lexical
99bo.vip,vi,0.93,prefix_suffix,lexical
t-visionconsumer.com,vi,0.93,prefix_suffix,lexical
ylclv.vip,vi,0.93,prefix_suffix,lexical
goschw.vip,vi,0.93,prefix_suffix,lexical
pricing-nicomatic.com,nic,0.93,prefix_suffix,lexical
y7123910.vip,vi,0.93,prefix_suffix,lexical
wnk6h9.vip,vi,0.93,prefix_suffix,lexical
vitur.com,vi,0.93,prefix_suffix,lexical
vindexpartners.com,vi,0.93,prefix_suffix,lexical
lakesidekabob.ca,bob,0.93,prefix_suffix,lexical
visitorsdaily.com,vi,0.93,prefix_suffix,lexical
vitanoto.com,vi,0.93,prefix_suffix,lexical
keo-nha-cai.net,nha,0.98,exact_label,lexical
vicct.com,vi,0.93,prefix_suffix,lexical
vincentheeringa.com,vi,0.93,prefix_suffix,lexical
villager-technologies.com,vi,0.93,prefix_suffix,lexical
vibestrax.com,vi,0.93,prefix_suffix,lexical
231808.com,bob,0.93,prefix_suffix,lexical
ysfwi.vip,vi,0.93,prefix_suffix,lexical
vivkalo.com,vi,0.93,prefix_suffix,lexical
myvirtualmoves.com,vi,0.93,prefix_suffix,lexical
videographylosangeles.com,vi,0.93,prefix_suffix,lexical
vidaayurveda.com,vi,0.93,prefix_suffix,lexical
vishire.com,vi,0.93,prefix_suffix,lexical
futureaxis.org,axis,0.93,prefix_suffix,lexical
77299g.vip,vi,0.93,prefix_suffix,lexical
99196.vip,vi,0.93,prefix_suffix,lexical
vinylflamingo.com,vi,0.93,prefix_suffix,lexical
vicmellor.us,vi,0.93,prefix_suffix,lexical
suda-clinic.com,nic,0.93,prefix_suffix,lexical
videocallz.com,vi,0.93,prefix_suffix,lexical
rblmy.cards,rbi,0.93,prefix_suffix,lexical
841581.com,sbi,0.93,prefix_suffix,lexical
smcleaningusvi.com,vi,0.93,prefix_suffix,lexical
nicesoup.com,nic,0.93,prefix_suffix,lexical
villadeojen.com,vi,0.93,prefix_suffix,lexical
celulargalinha.com,nha,0.93,prefix_suffix,lexical
vidaffinity.com,vi,0.93,prefix_suffix,lexical
mkgovi.com,vi,0.93,prefix_suffix,lexical
kelvi.us,vi,0.93,prefix_suffix,lexical
trust-vi.online,vi,0.98,exact_label,lexical
wjrfuc.vip,vi,0.93,prefix_suffix,lexical
visittrentino.us,vi,0.93,prefix_suffix,lexical
vientosdecambiotamaulipas.com,vi,0.93,prefix_suffix,lexical
vinduwdietist.nl,vi,0.93,prefix_suffix,lexical
ecloudsion.com,eci,0.93,prefix_suffix,lexical
debarras-vip.fr,vi,0.93,prefix_suffix,lexical
vlinpvsh.xyz,vi,0.93,prefix_suffix,lexical
sciarpabyisamavi.com,vi,0.93,prefix_suffix,lexical
virusshields.us,vi,0.93,prefix_suffix,lexical
vidcofactor.com,vi,0.93,prefix_suffix,lexical
retvw09.vip,vi,0.93,prefix_suffix,lexical
vinfast-bacninhauto.com,vi,0.93,prefix_suffix,lexical
vitalitatemasculina.fun,vi,0.93,prefix_suffix,lexical
hanorientalclinic.com,nic,0.93,prefix_suffix,lexical
vibedance.com,vi,0.93,prefix_suffix,lexical
vitalcorelabss.com,vi,0.93,prefix_suffix,lexical
v1sualin.my.id,vi,0.93,prefix_suffix,lexical
marsbahis-mobile.vip,vi,0.93,prefix_suffix,lexical
exrrr.vip,vi,0.93,prefix_suffix,lexical
viettelkhanhhoa.com,vi,0.93,prefix_suffix,lexical
bailety3.vip,vi,0.93,prefix_suffix,lexical
9txcp1.vip,vi,0.93,prefix_suffix,lexical
vitalessencey.info,vi,0.93,prefix_suffix,lexical
ufabet7m-vip.com,vi,0.93,prefix_suffix,lexical
39130.vip,vi,0.93,prefix_suffix,lexical
atauto-vingett.online,vi,0.93,prefix_suffix,lexical
82871.vip,vi,0.93,prefix_suffix,lexical
findaninfiniti.com,icici,0.93,prefix_suffix,lexical
szced.vip,vi,0.93,prefix_suffix,lexical
39595.vip,vi,0.93,prefix_suffix,lexical
fatih-makam.vip,vi,0.93,prefix_suffix,lexical
nichiya.com,nic,0.93,prefix_suffix,lexical
axisjazz.com,axis,0.93,prefix_suffix,lexical
vl88vip.com,vi,0.93,prefix_suffix,lexical
vishalkadlag.com,vi,0.93,prefix_suffix,lexical
nicolecoulter.com,nic,0.93,prefix_suffix,lexical
casaguidai.com,uidai,0.93,prefix_suffix,lexical
xn--oi2bw4ebub8zhwniz7ps8i.com,sbi,0.93,prefix_suffix,lexical
com-kig.vip,vi,0.93,prefix_suffix,lexical
neuro-vista.health,vi,0.93,prefix_suffix,lexical
visareadyonline.xyz,vi,0.93,prefix_suffix,lexical
859554.vip,vi,0.93,prefix_suffix,lexical
viviamfinearts.com,vi,0.93,prefix_suffix,lexical
y7124363.vip,vi,0.93,prefix_suffix,lexical
clinic-miki.com,nic,0.93,prefix_suffix,lexical
t6sj.vip,vi,0.93,prefix_suffix,lexical
icicleislecraftcollective.shop,icici,0.93,prefix_suffix,lexical
top-viktor.ru,vi,0.93,prefix_suffix,lexical
villasatbriargrove.com,vi,0.93,prefix_suffix,lexical
common-census.com,census,0.98,exact_label,lexical
maxwin288-vip.fun,vi,0.93,prefix_suffix,lexical
vinzap.com,vi,0.93,prefix_suffix,lexical
622891.vip,vi,0.93,prefix_suffix,lexical
virginiadating.com,vi,0.93,prefix_suffix,lexical
vipmuse.com,vi,0.93,prefix_suffix,lexical
exogenic.art,nic,0.93,prefix_suffix,lexical
viventi.app,vi,0.93,prefix_suffix,lexical
phongkhamthavi.com,vi,0.93,prefix_suffix,lexical
hkdg.vip,vi,0.93,prefix_suffix,lexical
sacramentoultrasound.com,sac,0.93,prefix_suffix,lexical
xgweiy.vip,vi,0.93,prefix_suffix,lexical
visaboutique.com,vi,0.93,prefix_suffix,lexical
vitalprospects.com,vi,0.93,prefix_suffix,lexical
vingtasfinaservice.online,vi,0.93,prefix_suffix,lexical
zoneclickrush808.sbs,bob,0.93,prefix_suffix,lexical
34975.vip,vi,0.93,prefix_suffix,lexical
vivasoulclub.com,vi,0.93,prefix_suffix,lexical
c791.vip,vi,0.93,prefix_suffix,lexical
victorienjoy.com,vi,0.93,prefix_suffix,lexical
violinproject.com,vi,0.93,prefix_suffix,lexical
sb1000nor.yachts,sbi,0.93,prefix_suffix,lexical
vibesadvisor.xyz,vi,0.93,prefix_suffix,lexical
vin-ribonnet.com,vi,0.93,prefix_suffix,lexical
feedaxis.com,axis,0.93,prefix_suffix,lexical
vidpal.top,vi,0.93,prefix_suffix,lexical
viewers3.online,vi,0.93,prefix_suffix,lexical
vip345aa.com,vi,0.93,prefix_suffix,lexical
69355.vip,vi,0.93,prefix_suffix,lexical
indexclinic.store,nic,0.93,prefix_suffix,lexical
aadhyaaclinic.com,nic,0.93,prefix_suffix,lexical
vitreous.us,vi,0.93,prefix_suffix,lexical
dipkb.vip,vi,0.93,prefix_suffix,lexical
viktoriia.info,vi,0.93,prefix_suffix,lexical
villasunoom.com,vi,0.93,prefix_suffix,lexical
loliche.vip,vi,0.93,prefix_suffix,lexical
vividt33.cfd,vi,0.93,prefix_suffix,lexical
44se.vip,vi,0.93,prefix_suffix,lexical
bailety68.vip,vi,0.93,prefix_suffix,lexical
chronicntonic.com,nic,0.93,prefix_suffix,lexical
vllc.site,vi,0.93,prefix_suffix,lexical
gzrwt.vip,vi,0.93,prefix_suffix,lexical
jrosser0808.com,bob,0.93,prefix_suffix,lexical
bb44ap.vip,vi,0.93,prefix_suffix,lexical
y7124455.vip,vi,0.93,prefix_suffix,lexical
vinooz.com,vi,0.93,prefix_suffix,lexical
yjooj.vip,vi,0.93,prefix_suffix,lexical
t6wz.vip,vi,0.93,prefix_suffix,lexical
07314.vip,vi,0.93,prefix_suffix,lexical
op2e13.vip,vi,0.93,prefix_suffix,lexical
emdrpraxis.com,axis,0.93,prefix_suffix,lexical
emigenic.web.id,nic,0.93,prefix_suffix,lexical
f4777.vip,vi,0.93,prefix_suffix,lexical
vistaproconstruction.com,vi,0.93,prefix_suffix,lexical
fixhh.vip,vi,0.93,prefix_suffix,lexical
viajaseguroyeconomico.site,vi,0.93,prefix_suffix,lexical
virtismanagement.net,vi,0.93,prefix_suffix,lexical
boboqiu-zhibo.org,bob,0.93,prefix_suffix,lexical
vihi.design,vi,0.93,prefix_suffix,lexical
villasatoakwood.com,vi,0.93,prefix_suffix,lexical
xy71.vip,vi,0.93,prefix_suffix,lexical
chtikihtks.vip,vi,0.93,prefix_suffix,lexical
817rr.vip,vi,0.93,prefix_suffix,lexical
nickb.us,nic,0.93,prefix_suffix,lexical
vitallab.us,vi,0.93,prefix_suffix,lexical
betkolik-login.vip,vi,0.93,prefix_suffix,lexical
nhagovilla.com,nha,0.93,prefix_suffix,lexical
vizzini.us,vi,0.93,prefix_suffix,lexical
wuxvr.vip,vi,0.93,prefix_suffix,lexical
yl2378.vip,vi,0.93,prefix_suffix,lexical
via-avignette.best,vi,0.93,prefix_suffix,lexical
niceseek.top,nic,0.93,prefix_suffix,lexical
axiosvi.com,vi,0.93,prefix_suffix,lexical
visionverhuur.com,vi,0.93,prefix_suffix,lexical
crb5.vip,vi,0.93,prefix_suffix,lexical
score808.beer,bob,0.93,prefix_suffix,lexical
naplesantiagingclinic.com,nic,0.93,prefix_suffix,lexical
viareachteam.com,vi,0.93,prefix_suffix,lexical
vibbly.website,vi,0.93,prefix_suffix,lexical
mm456.vip,vi,0.93,prefix_suffix,lexical
21489.vip,vi,0.93,prefix_suffix,lexical
84607.vip,vi,0.93,prefix_suffix,lexical
vietnampower.org,vi,0.93,prefix_suffix,lexical
785416a.vip,vi,0.93,prefix_suffix,lexical
viperproxies.link,vi,0.93,prefix_suffix,lexical
t-visionretailer.com,vi,0.93,prefix_suffix,lexical
viiiv.com,vi,0.93,prefix_suffix,lexical
contacto-visual.store,vi,0.93,prefix_suffix,lexical
vitalhommen.info,vi,0.93,prefix_suffix,lexical
916b1.vip,vi,0.93,prefix_suffix,lexical
xn--nterbahis1842-vib.com,vi,0.93,prefix_suffix,lexical
shenfan.vip,vi,0.93,prefix_suffix,lexical
110a.vip,vi,0.93,prefix_suffix,lexical
vitodraxlare.pro,vi,0.93,prefix_suffix,lexical
birolinha.com,nha,0.93,prefix_suffix,lexical
a7ty69.vip,vi,0.93,prefix_suffix,lexical
vibeforge.net,vi,0.93,prefix_suffix,lexical
vistaglobalarts.blog,vi,0.93,prefix_suffix,lexical
skandia-host.vip,vi,0.93,prefix_suffix,lexical
kfnum.vip,vi,0.93,prefix_suffix,lexical
villapoppy.com,vi,0.93,prefix_suffix,lexical
lapbo06.vip,vi,0.93,prefix_suffix,lexical
sacredsparrowtattoo.top,sac,0.93,prefix_suffix,lexical
spirityexpand.vip,vi,0.93,prefix_suffix,lexical
c770.vip,vi,0.93,prefix_suffix,lexical
tf319.vip,vi,0.93,prefix_suffix,lexical
vividinvest.us,vi,0.93,prefix_suffix,lexical
nicholsand.com,nic,0.93,prefix_suffix,lexical
virtualtesi.com,vi,0.93,prefix_suffix,lexical
vittabo.com,vi,0.93,prefix_suffix,lexical
h75vl.top,vi,0.93,prefix_suffix,lexical
visumeg.net,vi,0.93,prefix_suffix,lexical
50446.vip,vi,0.93,prefix_suffix,lexical
vinhomesquan9.com,vi,0.93,prefix_suffix,lexical
vitaprolabs.ca,vi,0.93,prefix_suffix,lexical
tbddev1.com,vi,0.93,prefix_suffix,lexical
victoryappeal.com,vi,0.93,prefix_suffix,lexical
vinix38.com,vi,0.93,prefix_suffix,lexical
vistascooters.com,vi,0.93,prefix_suffix,lexical
c793.vip,vi,0.93,prefix_suffix,lexical
beautyfoxclinic.com,nic,0.93,prefix_suffix,lexical
visitpetoskeymi.com,vi,0.93,prefix_suffix,lexical
rmzqh.vip,vi,0.93,prefix_suffix,lexical
nudds.vip,vi,0.93,prefix_suffix,lexical
vimergybuy.shop,vi,0.93,prefix_suffix,lexical
96276.vip,vi,0.93,prefix_suffix,lexical
xt23.vip,vi,0.93,prefix_suffix,lexical
kgmbrcodehgz.vip,vi,0.93,prefix_suffix,lexical
visitblackford.com,vi,0.93,prefix_suffix,lexical
aujee.vip,vi,0.93,prefix_suffix,lexical
kulisbete-giris.vip,vi,0.93,prefix_suffix,lexical
girisbetra.vip,vi,0.93,prefix_suffix,lexical
casi-girisadresimiz2026.vip,vi,0.93,prefix_suffix,lexical
p88u.vip,vi,0.93,prefix_suffix,lexical
t-visiontech.com,vi,0.93,prefix_suffix,lexical
vitaconseilu.info,vi,0.93,prefix_suffix,lexical
villarhetaise.com,vi,0.93,prefix_suffix,lexical
777arvore07.vip,vi,0.93,prefix_suffix,lexical
irreplaceable.vip,vi,0.93,prefix_suffix,lexical
vistacorporate.group,vi,0.93,prefix_suffix,lexical
jojobet-aktifadresimiz.vip,vi,0.93,prefix_suffix,lexical
ag198.vip,vi,0.93,prefix_suffix,lexical
nickpiredda.com,nic,0.93,prefix_suffix,lexical
cyebasisiht.vip,vi,0.93,prefix_suffix,lexical
atauto-vingett.site,vi,0.93,prefix_suffix,lexical
9659by2.vip,vi,0.93,prefix_suffix,lexical
eclimber-sg02.xyz,eci,0.93,prefix_suffix,lexical
mumbadevi.com,vi,0.93,prefix_suffix,lexical
vivereonline.com,vi,0.93,prefix_suffix,lexical
viscerafilmfestival.com,vi,0.93,prefix_suffix,lexical
victorvilleminibuscompany.com,vi,0.93,prefix_suffix,lexical
zebar.vip,vi,0.93,prefix_suffix,lexical
globaladsbot.vip,vi,0.93,prefix_suffix,lexical
0009tv3obwab.vip,vi,0.93,prefix_suffix,lexical
vittaleonline.com,vi,0.93,prefix_suffix,lexical
h73cl.top,eci,0.93,prefix_suffix,lexical
virhillyo.xyz,vi,0.93,prefix_suffix,lexical
y7124503.vip,vi,0.93,prefix_suffix,lexical
visitourkitchen.com,vi,0.93,prefix_suffix,lexical
logisticplatonic.space,nic,0.93,prefix_suffix,lexical
viizitor.com,vi,0.93,prefix_suffix,lexical
arventechnic.com,nic,0.93,prefix_suffix,lexical
visioncam.shop,vi,0.93,prefix_suffix,lexical
vivadigitalstudio.net,vi,0.93,prefix_suffix,lexical
amc88.vip,vi,0.93,prefix_suffix,lexical
com-iordaw.vip,vi,0.93,prefix_suffix,lexical
xrfx-bobsport.com,bob,0.93,prefix_suffix,lexical
vitalitypeptide.com,vi,0.93,prefix_suffix,lexical
y7124583.vip,vi,0.93,prefix_suffix,lexical
mediwellhairclinic.com,nic,0.93,prefix_suffix,lexical
vitalya.bio,vi,0.93,prefix_suffix,lexical
lvs297.vip,vi,0.93,prefix_suffix,lexical
vitalitaid.com,vi,0.93,prefix_suffix,lexical
nicheloansurge.com,nic,0.93,prefix_suffix,lexical
pnbtgfbr.xyz,pnb,0.93,prefix_suffix,lexical
viii.us,vi,0.93,prefix_suffix,lexical
vahanetax.com,parivahan,0.93,prefix_suffix,lexical
violetmoon.us,vi,0.93,prefix_suffix,lexical
odsports-vip.com,vi,0.93,prefix_suffix,lexical
26124358.vip,vi,0.93,prefix_suffix,lexical
nicestock.store,nic,0.93,prefix_suffix,lexical
vitasupps.shop,vi,0.93,prefix_suffix,lexical
vlrt6.website,vi,0.93,prefix_suffix,lexical
vitalhealth-care.com,vi,0.93,prefix_suffix,lexical
fashionaxis.store,axis,0.93,prefix_suffix,lexical
nickarlabs.digital,nic,0.93,prefix_suffix,lexical
m158l.xyz,sbi,0.93,prefix_suffix,lexical
vivobareshoes-eu.shop,vi,0.93,prefix_suffix,lexical
vicecitywater.com,vi,0.93,prefix_suffix,lexical
vlxsk.qpon,vi,0.93,prefix_suffix,lexical
gabsa.vip,vi,0.93,prefix_suffix,lexical
vl66j9.cfd,vi,0.93,prefix_suffix,lexical
ioclud.com,iocl,0.93,prefix_suffix,lexical
suzukimethod-violin-cello-haraclass.com,vi,0.93,prefix_suffix,lexical
virtualpure.com,vi,0.93,prefix_suffix,lexical
ajhqy.vip,vi,0.93,prefix_suffix,lexical
vinfastauto-mydinh.com,vi,0.93,prefix_suffix,lexical
tuanclinic.com,nic,0.93,prefix_suffix,lexical
villip.xyz,vi,0.93,prefix_suffix,lexical
1xbet-j10om.xyz,jio,0.93,prefix_suffix,lexical
vitanutrienteai.info,vi,0.93,prefix_suffix,lexical
hudebnidedictvi.cz,vi,0.93,prefix_suffix,lexical
kxdvi.com,vi,0.93,prefix_suffix,lexical
vlsi.xyz,vi,0.93,prefix_suffix,lexical
wdpaev.vip,vi,0.93,prefix_suffix,lexical
viewiptv.online,vi,0.93,prefix_suffix,lexical
viethuongcementtile.com,vi,0.93,prefix_suffix,lexical
advancedsurgicalclinic.com,nic,0.93,prefix_suffix,lexical
kivls.vip,vi,0.93,prefix_suffix,lexical
vibhudujari.com,vi,0.93,prefix_suffix,lexical
visitbyron.com,vi,0.93,prefix_suffix,lexical
hopeclinic.us,nic,0.93,prefix_suffix,lexical
viamaestro.com,vi,0.93,prefix_suffix,lexical
808gk.sbs,bob,0.93,prefix_suffix,lexical
abhamonbec.fr,nha,0.93,prefix_suffix,lexical
vitoschippy.co.uk,vi,0.93,prefix_suffix,lexical
visiononline.church,vi,0.93,prefix_suffix,lexical
villageresponsable.com,vi,0.93,prefix_suffix,lexical
0009tvoxynj5.vip,vi,0.93,prefix_suffix,lexical
vivainvestment.com,vi,0.93,prefix_suffix,lexical
h38vl.top,vi,0.93,prefix_suffix,lexical
cqfshvx808.top,bob,0.93,prefix_suffix,lexical
allroadmechanic.site,nic,0.93,prefix_suffix,lexical
09769.vip,vi,0.93,prefix_suffix,lexical
vitalfitnesscare.com,vi,0.93,prefix_suffix,lexical
y7124548.vip,vi,0.93,prefix_suffix,lexical
vibrantyogaspace.com,vi,0.93,prefix_suffix,lexical
bxaah.vip,vi,0.93,prefix_suffix,lexical
chongtoico.vip,vi,0.93,prefix_suffix,lexical
zura.vip,vi,0.93,prefix_suffix,lexical
vivendum.us,vi,0.93,prefix_suffix,lexical
eciputra.com,eci,0.93,prefix_suffix,lexical
mbse.us,bse,0.93,prefix_suffix,lexical
vital-shop.living,vi,0.93,prefix_suffix,lexical
vibeonline.xyz,vi,0.93,prefix_suffix,lexical
ykkvl.info,vi,0.93,prefix_suffix,lexical
cinpr.com,nic,0.93,prefix_suffix,lexical
vinslet.com,vi,0.93,prefix_suffix,lexical
villageofgranville-2.xyz,vi,0.93,prefix_suffix,lexical
agodaa.vip,vi,0.93,prefix_suffix,lexical
blgj150.vip,vi,0.93,prefix_suffix,lexical
visualtempo.com,vi,0.93,prefix_suffix,lexical
axis-tec.top,axis,0.98,exact_label,lexical
virtualpet.us,vi,0.93,prefix_suffix,lexical
93435.vip,vi,0.93,prefix_suffix,lexical
vivrantvague.com,vi,0.93,prefix_suffix,lexical
80878aa.com,bob,0.93,prefix_suffix,lexical
vitaltru.com,vi,0.93,prefix_suffix,lexical
bailety43.vip,vi,0.93,prefix_suffix,lexical
vislenha.shop,nha,0.93,prefix_suffix,lexical
hbo8.org,bob,0.93,prefix_suffix,lexical
viruz.us,vi,0.93,prefix_suffix,lexical
bobbleaward.info,bob,0.93,prefix_suffix,lexical
02936.vip,vi,0.93,prefix_suffix,lexical
comex1331.vip,vi,0.93,prefix_suffix,lexical
vigani.com,vi,0.93,prefix_suffix,lexical
05958.vip,vi,0.93,prefix_suffix,lexical
virtualsports.world,vi,0.93,prefix_suffix,lexical
76678.vip,vi,0.93,prefix_suffix,lexical
bailety12.vip,vi,0.93,prefix_suffix,lexical
gndx58.vip,vi,0.93,prefix_suffix,lexical
vibemoney.com,vi,0.93,prefix_suffix,lexical
76626.vip,vi,0.93,prefix_suffix,lexical
luzonic.tech,nic,0.93,prefix_suffix,lexical
ctujaguarfx.vip,vi,0.93,prefix_suffix,lexical
bedroom-villa-715902583.click,vi,0.93,prefix_suffix,lexical
vipgame2025.click,vi,0.93,prefix_suffix,lexical
visaprotection.us,vi,0.93,prefix_suffix,lexical
vedikastrolojievi.com,vi,0.93,prefix_suffix,lexical
signon250nlc.info,nic,0.93,prefix_suffix,lexical
hathor.vip,vi,0.93,prefix_suffix,lexical
ozhop1011.vip,vi,0.93,prefix_suffix,lexical
873rr.vip,vi,0.93,prefix_suffix,lexical
nickel-photography.com,nic,0.93,prefix_suffix,lexical
vlnub.vip,vi,0.93,prefix_suffix,lexical
nichepropertynetwork.com,nic,0.93,prefix_suffix,lexical
76156.vip,vi,0.93,prefix_suffix,lexical
viadigltal-pass.site,vi,0.93,prefix_suffix,lexical
telegranm.vip,vi,0.93,prefix_suffix,lexical
harmonic.life,nic,0.93,prefix_suffix,lexical
kmgrozdanovi.com,vi,0.93,prefix_suffix,lexical
vickerylondon.com,vi,0.93,prefix_suffix,lexical
vishwaspathak.com,vi,0.93,prefix_suffix,lexical
visionpalace380.com,vi,0.93,prefix_suffix,lexical
26124476.vip,vi,0.93,prefix_suffix,lexical
vibefm.lol,vi,0.93,prefix_suffix,lexical
26124525.vip,vi,0.93,prefix_suffix,lexical
bobbywinestore.com,bob,0.93,prefix_suffix,lexical
visionaryeyepartners.com,vi,0.93,prefix_suffix,lexical
nicolarsen.com,nic,0.93,prefix_suffix,lexical
victoryup.xyz,vi,0.93,prefix_suffix,lexical
vincequek.com,vi,0.93,prefix_suffix,lexical
visitvegas.nl,vi,0.93,prefix_suffix,lexical
nicksender.com,nic,0.93,prefix_suffix,lexical
vitelmo.com,vi,0.93,prefix_suffix,lexical
edusac.com,sac,0.93,prefix_suffix,lexical
com-elsejdf.vip,vi,0.93,prefix_suffix,lexical
virucidalfilter.com,vi,0.93,prefix_suffix,lexical
ibanavi.pro,vi,0.93,prefix_suffix,lexical
agriturismosottogliulivi.com,vi,0.93,prefix_suffix,lexical
nhaxeducanh.xyz,nha,0.93,prefix_suffix,lexical
sportybet.vip,vi,0.93,prefix_suffix,lexical
vibespread.com,vi,0.93,prefix_suffix,lexical
vita-fast.com,vi,0.93,prefix_suffix,lexical
40423.vip,vi,0.93,prefix_suffix,lexical
djia231.vip,vi,0.93,prefix_suffix,lexical
code-violation.com,vi,0.93,prefix_suffix,lexical
1111-vip-bet.app,vi,0.93,prefix_suffix,lexical
viola-salon.ru,vi,0.93,prefix_suffix,lexical
vitechafrica.com,vi,0.93,prefix_suffix,lexical
28quanh5.vip,vi,0.93,prefix_suffix,lexical
859612.vip,vi,0.93,prefix_suffix,lexical
vip-xpj.com,vi,0.93,prefix_suffix,lexical
58131887.com,sbi,0.93,prefix_suffix,lexical
72850.vip,vi,0.93,prefix_suffix,lexical
rblxnews.online,rbi,0.93,prefix_suffix,lexical
villaluxuryrocktirri.org,vi,0.93,prefix_suffix,lexical
viresfit.com,vi,0.93,prefix_suffix,lexical
telegraom.vip,vi,0.93,prefix_suffix,lexical
viajesesvi.com,vi,0.93,prefix_suffix,lexical
bald-vio.click,vi,0.93,prefix_suffix,lexical
visionariesreach.com,vi,0.93,prefix_suffix,lexical
visiting-austin-texas.com,vi,0.93,prefix_suffix,lexical
danha.shop,nha,0.93,prefix_suffix,lexical
vivanoxcream.com,vi,0.93,prefix_suffix,lexical
praxis-hppmueller.com,axis,0.93,prefix_suffix,lexical
hodledjlo.top,jio,0.93,prefix_suffix,lexical
nicola-bellamy-lymphatic-flow.com,nic,0.93,prefix_suffix,lexical
ptcom.vip,vi,0.93,prefix_suffix,lexical
kyapp-vip.com,vi,0.93,prefix_suffix,lexical
visminds.com,vi,0.93,prefix_suffix,lexical
gr-11-health-clinic-solution.online,nic,0.93,prefix_suffix,lexical
amcun.vip,vi,0.93,prefix_suffix,lexical
vostokmotovl.store,vi,0.93,prefix_suffix,lexical
viennabridge.com,vi,0.93,prefix_suffix,lexical
didi51-t0371.vip,vi,0.93,prefix_suffix,lexical
t789-vip.org,vi,0.93,prefix_suffix,lexical
78382.vip,vi,0.93,prefix_suffix,lexical
nicholsvirtualassistant.com,nic,0.93,prefix_suffix,lexical
cdsznyy.vip,vi,0.93,prefix_suffix,lexical
virpool.com,vi,0.93,prefix_suffix,lexical
vipaitoken.com,vi,0.93,prefix_suffix,lexical
viamar.us,vi,0.93,prefix_suffix,lexical
668881ldv1.pro,vi,0.93,prefix_suffix,lexical
bailety71.vip,vi,0.93,prefix_suffix,lexical
com-elitqt.vip,vi,0.93,prefix_suffix,lexical
3p3x.vip,vi,0.93,prefix_suffix,lexical
bailety27.vip,vi,0.93,prefix_suffix,lexical
rizzio.vip,vi,0.93,prefix_suffix,lexical
vibeshotel.xyz,vi,0.93,prefix_suffix,lexical
vlovenature.com,vi,0.93,prefix_suffix,lexical
basbous.vip,vi,0.93,prefix_suffix,lexical
betixir-baglantigirisi.vip,vi,0.93,prefix_suffix,lexical
vibeplusvows.com,vi,0.93,prefix_suffix,lexical
vlovideo.online,vi,0.93,prefix_suffix,lexical
07608.vip,vi,0.93,prefix_suffix,lexical
virtualmagix.com,vi,0.93,prefix_suffix,lexical
summvi.site,vi,0.93,prefix_suffix,lexical
26124362.vip,vi,0.93,prefix_suffix,lexical
vibana.app,vi,0.93,prefix_suffix,lexical
26124313.vip,vi,0.93,prefix_suffix,lexical
viewleadfield.help,vi,0.93,prefix_suffix,lexical
sapphirelove.vip,vi,0.93,prefix_suffix,lexical
kulisbet-app01.vip,vi,0.93,prefix_suffix,lexical
vistaictopleidingen.online,vi,0.93,prefix_suffix,lexical
lxpzx.vip,vi,0.93,prefix_suffix,lexical
vibradominicana.net,vi,0.93,prefix_suffix,lexical
y7123857.vip,vi,0.93,prefix_suffix,lexical
manga-alegria-pg.vip,vi,0.93,prefix_suffix,lexical
crb15.vip,vi,0.93,prefix_suffix,lexical
vibenest.us,vi,0.93,prefix_suffix,lexical
vidmuse.info,vi,0.93,prefix_suffix,lexical
laservitaskinclinic.com,nic,0.93,prefix_suffix,lexical
visaliasoccerleagueinfantil.com,vi,0.93,prefix_suffix,lexical
nickhansoncreates.com,nic,0.93,prefix_suffix,lexical
eclairbodyandmind.com,eci,0.93,prefix_suffix,lexical
visto-app.com,vi,0.93,prefix_suffix,lexical
viiaan.shop,vi,0.93,prefix_suffix,lexical
com-eqp.vip,vi,0.93,prefix_suffix,lexical
94033.vip,vi,0.93,prefix_suffix,lexical
vividx49.cfd,vi,0.93,prefix_suffix,lexical
videodoormansafebuilding.com,vi,0.93,prefix_suffix,lexical
visokiy.shop,vi,0.93,prefix_suffix,lexical
bk33vip.vip,vi,0.93,prefix_suffix,lexical
osteopathe-violaine-croci.com,vi,0.93,prefix_suffix,lexical
videocenter.us,vi,0.93,prefix_suffix,lexical
jaqyp.vip,vi,0.93,prefix_suffix,lexical
visibleprotectivehalf.site,vi,0.93,prefix_suffix,lexical
virgintoyou.com,vi,0.93,prefix_suffix,lexical
c723.vip,vi,0.93,prefix_suffix,lexical
videoproductionschicago.com,vi,0.93,prefix_suffix,lexical
a7ty75.vip,vi,0.93,prefix_suffix,lexical
vittaprama.com,vi,0.93,prefix_suffix,lexical
vipgame-invip.com,vi,0.93,prefix_suffix,lexical
hongkongjinhua.vip,vi,0.93,prefix_suffix,lexical
99602.vip,vi,0.93,prefix_suffix,lexical
optimus.vin,vi,0.93,prefix_suffix,lexical
vina-gjerkes.com,vi,0.93,prefix_suffix,lexical
ecasvx.vip,vi,0.93,prefix_suffix,lexical
vivabono.info,vi,0.93,prefix_suffix,lexical
yazilimodevi.com,vi,0.93,prefix_suffix,lexical
t-visioncustomercare.com,vi,0.93,prefix_suffix,lexical
koblik.vip,vi,0.93,prefix_suffix,lexical
mavibet-maviadres.vip,vi,0.93,prefix_suffix,lexical
vividvsolution.com,vi,0.93,prefix_suffix,lexical
videomarodon.com,vi,0.93,prefix_suffix,lexical
visitadorvirtual.online,vi,0.93,prefix_suffix,lexical
stanovi-vodice.com,vi,0.93,prefix_suffix,lexical
massagepraxis-11880.com,axis,0.93,prefix_suffix,lexical
3637a3.vip,vi,0.93,prefix_suffix,lexical
virautofix.com,vi,0.93,prefix_suffix,lexical
vincehss.be,vi,0.93,prefix_suffix,lexical
a7ty61.vip,vi,0.93,prefix_suffix,lexical
oxbjw.vip,vi,0.93,prefix_suffix,lexical
virtualgamepit.info,vi,0.93,prefix_suffix,lexical
knaxis.org,axis,0.93,prefix_suffix,lexical
a7ty60.vip,vi,0.93,prefix_suffix,lexical
bobroserealestate.com,bob,0.93,prefix_suffix,lexical
vidottimacedo.store,vi,0.93,prefix_suffix,lexical
vibesintegrator.xyz,vi,0.93,prefix_suffix,lexical
cfintech.xyz,kfintech,0.85,typo,lexical
765898.vip,vi,0.93,prefix_suffix,lexical
robotaxis.site,axis,0.93,prefix_suffix,lexical
45658.vip,vi,0.93,prefix_suffix,lexical
niceshoe.online,nic,0.93,prefix_suffix,lexical
jlozrqdp.xyz,jio,0.93,prefix_suffix,lexical
nicksfixitshop.com,nic,0.93,prefix_suffix,lexical
whats-uz.vip,vi,0.93,prefix_suffix,lexical
vidmuse.vip,vi,0.93,prefix_suffix,lexical
vinix338b.cfd,vi,0.93,prefix_suffix,lexical
firya-leom.vip,vi,0.93,prefix_suffix,lexical
opivi.com,vi,0.93,prefix_suffix,lexical
visualyell.com,vi,0.93,prefix_suffix,lexical
512sh.vip,vi,0.93,prefix_suffix,lexical
3232wx.vip,vi,0.93,prefix_suffix,lexical
y7124399.vip,vi,0.93,prefix_suffix,lexical
maitreleavi.com,vi,0.93,prefix_suffix,lexical
betvn13.vip,vi,0.93,prefix_suffix,lexical
81704.vip,vi,0.93,prefix_suffix,lexical
522658.vip,vi,0.93,prefix_suffix,lexical
sol-inclnerator.vip,vi,0.93,prefix_suffix,lexical
vivoarg.com,vi,0.93,prefix_suffix,lexical
th362.vip,vi,0.93,prefix_suffix,lexical
viji.us,vi,0.93,prefix_suffix,lexical
vibrant-ot.org,vi,0.93,prefix_suffix,lexical
vinotekel.com,vi,0.93,prefix_suffix,lexical
vicola.com,vi,0.93,prefix_suffix,lexical
viquee.com,vi,0.93,prefix_suffix,lexical
wheel-store-vip.com,vi,0.93,prefix_suffix,lexical
vicclubbet.com,vi,0.93,prefix_suffix,lexical
y7124599.vip,vi,0.93,prefix_suffix,lexical
oduweci.info,eci,0.93,prefix_suffix,lexical
viqls.com,vi,0.93,prefix_suffix,lexical
goldenhome.vip,vi,0.93,prefix_suffix,lexical
viznexmedia.com,vi,0.93,prefix_suffix,lexical
vickyinresearch.blog,vi,0.93,prefix_suffix,lexical
xn--xhq115aftcxyi5r0anvl.com,vi,0.93,prefix_suffix,lexical
vzusz.vip,vi,0.93,prefix_suffix,lexical
sacramentoadus.com,sac,0.93,prefix_suffix,lexical
lhthb18.vip,vi,0.93,prefix_suffix,lexical
vintnerevent.com,vi,0.93,prefix_suffix,lexical
vitawell.us,vi,0.93,prefix_suffix,lexical
26124411.vip,vi,0.93,prefix_suffix,lexical
vihgroup.org,vi,0.93,prefix_suffix,lexical
bobsmomo.com,bob,0.93,prefix_suffix,lexical
jojobetgiris-mobil.vip,vi,0.93,prefix_suffix,lexical
vitamarthk.com,vi,0.93,prefix_suffix,lexical
rds9528.vip,vi,0.93,prefix_suffix,lexical
didi51-t0361.vip,vi,0.93,prefix_suffix,lexical
mh7plr.vip,vi,0.93,prefix_suffix,lexical
dgnal.vip,vi,0.93,prefix_suffix,lexical
bellatonic.com,nic,0.93,prefix_suffix,lexical
tvl-mart.com,vi,0.93,prefix_suffix,lexical
8mtyvq.vip,vi,0.93,prefix_suffix,lexical
visualdrive.org,vi,0.93,prefix_suffix,lexical
detranpr-licenciameto.com,nic,0.93,prefix_suffix,lexical
757853.cc,bse,0.93,prefix_suffix,lexical
visitshendi.com,vi,0.93,prefix_suffix,lexical
eclinken.com,eci,0.93,prefix_suffix,lexical
pnclognqqy.vip,vi,0.93,prefix_suffix,lexical
astranic.com,nic,0.93,prefix_suffix,lexical
308613.vip,vi,0.93,prefix_suffix,lexical
7stt3u.vip,vi,0.93,prefix_suffix,lexical
holosonic.com,nic,0.93,prefix_suffix,lexical
bob-sushi.top,bob,0.98,exact_label,lexical
m88u.vip,vi,0.93,prefix_suffix,lexical
infiniti-of-scottsdale.com,icici,0.98,exact_label,lexical
26124366.vip,vi,0.93,prefix_suffix,lexical
sulaite.vip,vi,0.93,prefix_suffix,lexical
bobdobbs.xyz,bob,0.93,prefix_suffix,lexical
zirvegiris.vip,vi,0.93,prefix_suffix,lexical
cvgza.vip,vi,0.93,prefix_suffix,lexical
vlifezone.com,vi,0.93,prefix_suffix,lexical
vibecreate.com.cn,vi,0.93,prefix_suffix,lexical
31550.vip,vi,0.93,prefix_suffix,lexical
nickandnicole.com,nic,0.93,prefix_suffix,lexical
vidycoin.com,vi,0.93,prefix_suffix,lexical
04869.vip,vi,0.93,prefix_suffix,lexical
78726.vip,vi,0.93,prefix_suffix,lexical
eclatdeauraparfums.com,eci,0.93,prefix_suffix,lexical
visions2dreamsllc.info,vi,0.93,prefix_suffix,lexical
netanyahu.vip,vi,0.93,prefix_suffix,lexical
25581.com,sbi,0.93,prefix_suffix,lexical
toll-bill.vip,vi,0.93,prefix_suffix,lexical
v1go83.top,vi,0.93,prefix_suffix,lexical
viralstudio.us,vi,0.93,prefix_suffix,lexical
vitashapeboost.online,vi,0.93,prefix_suffix,lexical
reparaya.vip,vi,0.93,prefix_suffix,lexical
axishorizonglobal.org,axis,0.93,prefix_suffix,lexical
65372.vip,vi,0.93,prefix_suffix,lexical
bctjt.vip,vi,0.93,prefix_suffix,lexical
visitingangels-cbch.com,vi,0.93,prefix_suffix,lexical
hgvfuturebvi.com,vi,0.93,prefix_suffix,lexical
6298dh17.vip,vi,0.93,prefix_suffix,lexical
843193.vip,vi,0.93,prefix_suffix,lexical
y7124325.vip,vi,0.93,prefix_suffix,lexical
cartaocontinenteea.vip,vi,0.93,prefix_suffix,lexical
viperido.info,vi,0.93,prefix_suffix,lexical
vigornow.ca,vi,0.93,prefix_suffix,lexical
xn--legemyaynevi-84b.com,vi,0.93,prefix_suffix,lexical
3cloverspotsextra.com,eci,0.93,prefix_suffix,lexical
anyangvi.com,vi,0.93,prefix_suffix,lexical
vitalstoffbombe.com,vi,0.93,prefix_suffix,lexical
vidanaturalbr.fun,vi,0.93,prefix_suffix,lexical
viagogocol.com,vi,0.93,prefix_suffix,lexical
jezsw.vip,vi,0.93,prefix_suffix,lexical
5853.us,bse,0.93,prefix_suffix,lexical
vinteromalyse.store,vi,0.93,prefix_suffix,lexical
vinelitehash.com,vi,0.93,prefix_suffix,lexical
sukienkhachhang.vip,vi,0.93,prefix_suffix,lexical
399bet11.vip,vi,0.93,prefix_suffix,lexical
vip-qy.com,vi,0.93,prefix_suffix,lexical
virtuebotanicalhealth.co.uk,vi,0.93,prefix_suffix,lexical
wind-vip.net,vi,0.93,prefix_suffix,lexical
vitalitatemasculina.site,vi,0.93,prefix_suffix,lexical
2bbx.vip,vi,0.93,prefix_suffix,lexical
pulse-vida.com,vi,0.93,prefix_suffix,lexical
hpkqo.vip,vi,0.93,prefix_suffix,lexical
vivekroy.online,vi,0.93,prefix_suffix,lexical
viadigital-pass.online,vi,0.93,prefix_suffix,lexical
vintag.world,vi,0.93,prefix_suffix,lexical
61637.vip,vi,0.93,prefix_suffix,lexical
nicekish.com,nic,0.93,prefix_suffix,lexical
carltonclinic.com,nic,0.93,prefix_suffix,lexical
vibrantdealsboom.shop,vi,0.93,prefix_suffix,lexical
vietnampalace.com,vi,0.93,prefix_suffix,lexical
videowalls.us,vi,0.93,prefix_suffix,lexical
vibecodemonkey.com,vi,0.93,prefix_suffix,lexical
via-avignette.lat,vi,0.93,prefix_suffix,lexical
ganamosnet.vip,vi,0.93,prefix_suffix,lexical
vibrantoutback.digital,vi,0.93,prefix_suffix,lexical
virginlion.com,vi,0.93,prefix_suffix,lexical
ecl9auh5api.shop,eci,0.93,prefix_suffix,lexical
afedfew.vip,vi,0.93,prefix_suffix,lexical
sailingcharters-bvi.com,vi,0.93,prefix_suffix,lexical
shortev.vip,vi,0.93,prefix_suffix,lexical
vinniaproducts.com,vi,0.93,prefix_suffix,lexical
89558bj.vip,vi,0.93,prefix_suffix,lexical
vizlla.app,vi,0.93,prefix_suffix,lexical
bobbygerry.com,bob,0.93,prefix_suffix,lexical
vitalewelt.com,vi,0.93,prefix_suffix,lexical
eclipseresults.com,eci,0.93,prefix_suffix,lexical
infinitioncamelbacknews.com,icici,0.93,prefix_suffix,lexical
cbatv.vip,vi,0.93,prefix_suffix,lexical
dodoa.vip,vi,0.93,prefix_suffix,lexical
xaumt.vip,vi,0.93,prefix_suffix,lexical
visaafarin.com,vi,0.93,prefix_suffix,lexical
vignette-path.online,vi,0.93,prefix_suffix,lexical
1111-vip-bet.net,vi,0.93,prefix_suffix,lexical
vincispin.games,vi,0.93,prefix_suffix,lexical
nickpopov.com,nic,0.93,prefix_suffix,lexical
growpraxis.com,axis,0.93,prefix_suffix,lexical
sacmacbook.com,sac,0.93,prefix_suffix,lexical
bobiabsorba.com,bob,0.93,prefix_suffix,lexical
xovrf.vip,vi,0.93,prefix_suffix,lexical
peek-vitals.com,vi,0.93,prefix_suffix,lexical
25245.vip,vi,0.93,prefix_suffix,lexical
cjwgv.vip,vi,0.93,prefix_suffix,lexical
nice12.eu.cc,nic,0.93,prefix_suffix,lexical
vinosdelduero.com,vi,0.93,prefix_suffix,lexical
bhnre.vip,vi,0.93,prefix_suffix,lexical
bobatoto123hsl.site,bob,0.93,prefix_suffix,lexical
688goal.vip,vi,0.93,prefix_suffix,lexical
95866.vip,vi,0.93,prefix_suffix,lexical
bob-cc.com,bob,0.98,exact_label,lexical
vioaz.town,vi,0.93,prefix_suffix,lexical
433vl.top,vi,0.93,prefix_suffix,lexical
nickdevito2.com,nic,0.93,prefix_suffix,lexical
videoreplicate.com,vi,0.93,prefix_suffix,lexical
vinhosdealtitude.net,vi,0.93,prefix_suffix,lexical
com-elitsa.vip,vi,0.93,prefix_suffix,lexical
nhshjfsq0.vip,vi,0.93,prefix_suffix,lexical
saccosrl.com,sac,0.93,prefix_suffix,lexical
virtenz.com,vi,0.93,prefix_suffix,lexical
eqb5a4.vip,vi,0.93,prefix_suffix,lexical
gavi-fr.com,vi,0.93,prefix_suffix,lexical
t-visiondistributors.com,vi,0.93,prefix_suffix,lexical
thangnavi.com,vi,0.93,prefix_suffix,lexical
avocats-clermont-michelarsac.com,sac,0.93,prefix_suffix,lexical
nicenailsalon.com,nic,0.93,prefix_suffix,lexical
solobiz-navi.com,vi,0.93,prefix_suffix,lexical
epigonic.biz,nic,0.93,prefix_suffix,lexical
ypoek.vip,vi,0.93,prefix_suffix,lexical
rornabet-saglam.vip,vi,0.93,prefix_suffix,lexical
785414a.vip,vi,0.93,prefix_suffix,lexical
viboraapp.com,vi,0.93,prefix_suffix,lexical
cmgalegrink.vip,vi,0.93,prefix_suffix,lexical
ai-videomarketplace.info,vi,0.93,prefix_suffix,lexical
niuniu111.vip,vi,0.93,prefix_suffix,lexical
sacramentocondominium.com,sac,0.93,prefix_suffix,lexical
violatel.com,vi,0.93,prefix_suffix,lexical
cn-paopaozhibo.vip,vi,0.93,prefix_suffix,lexical
vis-test.org,vi,0.93,prefix_suffix,lexical
kala88.vip,vi,0.93,prefix_suffix,lexical
nnha41.vip,vi,0.93,prefix_suffix,lexical
victoryhotpot.store,vi,0.93,prefix_suffix,lexical
3318a8.vip,vi,0.93,prefix_suffix,lexical
vindgaver.com,vi,0.93,prefix_suffix,lexical
matbetorijinalgiris.vip,vi,0.93,prefix_suffix,lexical
8599974.vip,vi,0.93,prefix_suffix,lexical
abondance-vibrations.com,vi,0.93,prefix_suffix,lexical
hiltonbet-b0nus.vip,vi,0.93,prefix_suffix,lexical
nicecompany.shop,nic,0.93,prefix_suffix,lexical
vizitisurvey.com,vi,0.93,prefix_suffix,lexical
techtapasvi.com,vi,0.93,prefix_suffix,lexical
casi-girsyapmobil2026.vip,vi,0.93,prefix_suffix,lexical
98yl973.vip,vi,0.93,prefix_suffix,lexical
888-bob.com,bob,0.98,exact_label,lexical
0055a5.vip,vi,0.93,prefix_suffix,lexical
viverenonostante.com,vi,0.93,prefix_suffix,lexical
telsonic.us,nic,0.93,prefix_suffix,lexical
lakesdentalclinic.com,nic,0.93,prefix_suffix,lexical
manga-alegriapg.vip,vi,0.93,prefix_suffix,lexical
32244.vip,vi,0.93,prefix_suffix,lexical
viajandoando.info,vi,0.93,prefix_suffix,lexical
orelia.vip,vi,0.93,prefix_suffix,lexical
vicsotix.com,vi,0.93,prefix_suffix,lexical
vivo-entertainment.com,vi,0.93,prefix_suffix,lexical
859510.vip,vi,0.93,prefix_suffix,lexical
80878b.com,bob,0.93,prefix_suffix,lexical
68v66f.vip,vi,0.93,prefix_suffix,lexical
vintageclassictrucks.com,vi,0.93,prefix_suffix,lexical
t-visiongear.com,vi,0.93,prefix_suffix,lexical
v1nb0stwawap1.icu,vi,0.93,prefix_suffix,lexical
y7124343.vip,vi,0.93,prefix_suffix,lexical
43863.vip,vi,0.93,prefix_suffix,lexical
vipath.site,vi,0.93,prefix_suffix,lexical
softenic.com,nic,0.93,prefix_suffix,lexical
justintv-patron13.vip,vi,0.93,prefix_suffix,lexical
t-visioncomplaints.com,vi,0.93,prefix_suffix,lexical
vinfastvf3.io.vn,vi,0.93,prefix_suffix,lexical
myvip-vip.cloud,vi,0.93,prefix_suffix,lexical
foundation-sonic.digital,nic,0.93,prefix_suffix,lexical
etherism.vip,vi,0.93,prefix_suffix,lexical
2002aa.vip,vi,0.93,prefix_suffix,lexical
grandriverbi.com,rbi,0.93,prefix_suffix,lexical
vitahealthmedicalcenter.com,vi,0.93,prefix_suffix,lexical
kindhealth.clinic,nic,0.93,prefix_suffix,lexical
26124547.vip,vi,0.93,prefix_suffix,lexical
vinera.us,vi,0.93,prefix_suffix,lexical
besyayinevi.com,vi,0.93,prefix_suffix,lexical
viaspace.us,vi,0.93,prefix_suffix,lexical
37712.vip,vi,0.93,prefix_suffix,lexical
betvn8.vip,vi,0.93,prefix_suffix,lexical
xovi.online,vi,0.93,prefix_suffix,lexical
myhitbet-adresim.vip,vi,0.93,prefix_suffix,lexical
543vl.top,vi,0.93,prefix_suffix,lexical
vibesapp.xyz,vi,0.93,prefix_suffix,lexical
com-elitde.vip,vi,0.93,prefix_suffix,lexical
4zvufwaput.vip,vi,0.93,prefix_suffix,lexical
vivailhaturismo.com,vi,0.93,prefix_suffix,lexical
virtual-land.top,vi,0.93,prefix_suffix,lexical
bailety333.vip,vi,0.93,prefix_suffix,lexical
vitabistroitaliano.com,vi,0.93,prefix_suffix,lexical
md-clinic.ru,nic,0.93,prefix_suffix,lexical
eizmui.vip,vi,0.93,prefix_suffix,lexical
vibedrinks.website,vi,0.93,prefix_suffix,lexical
abcdy.vip,vi,0.93,prefix_suffix,lexical
ville-en-commun.net,vi,0.93,prefix_suffix,lexical
nicolastoll.com,nic,0.93,prefix_suffix,lexical
didi51-t0308.vip,vi,0.93,prefix_suffix,lexical
myvipautocare.com,vi,0.93,prefix_suffix,lexical
nhatkycuocsong.com,nha,0.93,prefix_suffix,lexical
peem999.vip,vi,0.93,prefix_suffix,lexical
intlhumanrightsclinic.org,nic,0.93,prefix_suffix,lexical
vipbraslots1.com,vi,0.93,prefix_suffix,lexical
werbob.shop,bob,0.93,prefix_suffix,lexical
vibesbychrisdylan.com,vi,0.93,prefix_suffix,lexical
a7ty77.vip,vi,0.93,prefix_suffix,lexical
bnjmo.vip,vi,0.93,prefix_suffix,lexical
fterq.vip,vi,0.93,prefix_suffix,lexical
vladikavkaz-24.ru,vi,0.93,prefix_suffix,lexical
betplay-adresorjinal.vip,vi,0.93,prefix_suffix,lexical
bailety888.vip,vi,0.93,prefix_suffix,lexical
stbarts-villa-oceanview.com,vi,0.93,prefix_suffix,lexical
virtualjournalist.net,vi,0.93,prefix_suffix,lexical
vdcasinogirisc.vip,vi,0.93,prefix_suffix,lexical
vidos.us,vi,0.93,prefix_suffix,lexical
2000aa.vip,vi,0.93,prefix_suffix,lexical
vitaskincaps.com.br,vi,0.93,prefix_suffix,lexical
restorehyperwellness.vip,vi,0.93,prefix_suffix,lexical
63575.vip,vi,0.93,prefix_suffix,lexical
nzgwwi.vip,vi,0.93,prefix_suffix,lexical
nhakhoasp.com,nha,0.93,prefix_suffix,lexical
victordelpuerto.com,vi,0.93,prefix_suffix,lexical
vitalitymenslab.shop,vi,0.93,prefix_suffix,lexical
53909.vip,vi,0.93,prefix_suffix,lexical
mellowpairtpnb.info,pnb,0.93,prefix_suffix,lexical
vibrantgemhut.shop,vi,0.93,prefix_suffix,lexical
com-elitqx.vip,vi,0.93,prefix_suffix,lexical
vignettepath.online,vi,0.93,prefix_suffix,lexical
visitbougainville.com,vi,0.93,prefix_suffix,lexical
bongdanha.com,nha,0.93,prefix_suffix,lexical
pbhbv.vip,vi,0.93,prefix_suffix,lexical
nicosiaprepaidcard.com,nic,0.93,prefix_suffix,lexical
okokoklf.vip,vi,0.93,prefix_suffix,lexical
virtuwoolfiberfestival.com,vi,0.93,prefix_suffix,lexical
znimg.vip,vi,0.93,prefix_suffix,lexical
99348.vip,vi,0.93,prefix_suffix,lexical
mamacitas-vibesz.com,vi,0.93,prefix_suffix,lexical
301660.vip,vi,0.93,prefix_suffix,lexical
sacramentomediation.com,sac,0.93,prefix_suffix,lexical
ggvip.vip,vi,0.93,prefix_suffix,lexical
sacred-wellness.space,sac,0.93,prefix_suffix,lexical
morriltonvetclinic.com,nic,0.93,prefix_suffix,lexical
selectvi.com,vi,0.93,prefix_suffix,lexical
zgsy77999.vip,vi,0.93,prefix_suffix,lexical
homehealthclinic.com,nic,0.93,prefix_suffix,lexical
visiondesign.us,vi,0.93,prefix_suffix,lexical
orgimedan.org,census,0.93,prefix_suffix,lexical
viv24.com,vi,0.93,prefix_suffix,lexical
virec-market.com,vi,0.93,prefix_suffix,lexical
visualizationhub.com,vi,0.93,prefix_suffix,lexical
vietmeducla.org,vi,0.93,prefix_suffix,lexical
vixfinance.tech,vi,0.93,prefix_suffix,lexical
virtual-path.com,vi,0.93,prefix_suffix,lexical
ggdqs.vip,vi,0.93,prefix_suffix,lexical
vincenturban.com,vi,0.93,prefix_suffix,lexical
vieasltd.com,vi,0.93,prefix_suffix,lexical
nicholasbagshawcompany.com,nic,0.93,prefix_suffix,lexical
victoria-radio.com,vi,0.93,prefix_suffix,lexical
76565.vip,vi,0.93,prefix_suffix,lexical
viaggionow.com,vi,0.93,prefix_suffix,lexical
bazi-vip.net,vi,0.93,prefix_suffix,lexical
859541.vip,vi,0.93,prefix_suffix,lexical
virtualacademy.us,vi,0.93,prefix_suffix,lexical
t-visionstuff.com,vi,0.93,prefix_suffix,lexical
jxuqfbtavl.top,vi,0.93,prefix_suffix,lexical
gnwox.vip,vi,0.93,prefix_suffix,lexical
tactonic.info,nic,0.93,prefix_suffix,lexical
villageplains.com,vi,0.93,prefix_suffix,lexical
visagecare.store,vi,0.93,prefix_suffix,lexical
vibeproblemsolving.com,vi,0.93,prefix_suffix,lexical
whats-zyo.vip,vi,0.93,prefix_suffix,lexical
codesasac.com,sac,0.93,prefix_suffix,lexical
615913.vip,vi,0.93,prefix_suffix,lexical
vionaer.online,vi,0.93,prefix_suffix,lexical
nicemommyevileditor.com,nic,0.93,prefix_suffix,lexical
capitalaxis.net,axis,0.93,prefix_suffix,lexical
virtusproglobal.com,vi,0.93,prefix_suffix,lexical
xy27.vip,vi,0.93,prefix_suffix,lexical
vavada-nvl.top,vi,0.93,prefix_suffix,lexical
vindmolle-montor-4124.click,vi,0.93,prefix_suffix,lexical
wijrw.vip,vi,0.93,prefix_suffix,lexical
vizsure.com,vi,0.93,prefix_suffix,lexical
voitronic.com,nic,0.93,prefix_suffix,lexical
vitalforce.us,vi,0.93,prefix_suffix,lexical
vistacad.com,vi,0.93,prefix_suffix,lexical
29969.vip,vi,0.93,prefix_suffix,lexical
savoybetting-guncel-sitesi.vip,vi,0.93,prefix_suffix,lexical
vilar.nl,vi,0.93,prefix_suffix,lexical
camsnotchsolutions.com,cams,0.93,prefix_suffix,lexical
corpodieci.com,eci,0.93,prefix_suffix,lexical
idojg.vip,vi,0.93,prefix_suffix,lexical
betcio-orjinal-site.vip,vi,0.93,prefix_suffix,lexical
vinayakvoguetreaders.com,vi,0.93,prefix_suffix,lexical
vitasphere.com,vi,0.93,prefix_suffix,lexical
y7124304.vip,vi,0.93,prefix_suffix,lexical
y7124385.vip,vi,0.93,prefix_suffix,lexical
bustyfun-love.vip,vi,0.93,prefix_suffix,lexical
villarex.com,vi,0.93,prefix_suffix,lexical
theshoresofloci.com,iocl,0.93,prefix_suffix,lexical
virtualassinstant.com,vi,0.93,prefix_suffix,lexical
slon-5at.vip,vi,0.93,prefix_suffix,lexical
subsitxkvi.xyz,vi,0.93,prefix_suffix,lexical
betcio-zeusseo7.vip,vi,0.93,prefix_suffix,lexical
vikqu.com,vi,0.93,prefix_suffix,lexical
cslvqr.vip,vi,0.93,prefix_suffix,lexical
alphastonic.com,nic,0.93,prefix_suffix,lexical
nicolemark.social,nic,0.93,prefix_suffix,lexical
amyhs.vip,vi,0.93,prefix_suffix,lexical
taraftarium24-izle33.vip,vi,0.93,prefix_suffix,lexical
oebvi.com,vi,0.93,prefix_suffix,lexical
vier-pfoten-satt.com,vi,0.93,prefix_suffix,lexical
nggiilvi.xyz,vi,0.93,prefix_suffix,lexical
26124451.vip,vi,0.93,prefix_suffix,lexical
farshadmoosavi.com,vi,0.93,prefix_suffix,lexical
vince-travel-design.com,vi,0.93,prefix_suffix,lexical
ccszx.vip,vi,0.93,prefix_suffix,lexical
foxza.vip,vi,0.93,prefix_suffix,lexical
26124424.vip,vi,0.93,prefix_suffix,lexical
hgtboa.vip,vi,0.93,prefix_suffix,lexical
otcjdzone.vip,vi,0.93,prefix_suffix,lexical
ab52.vip,vi,0.93,prefix_suffix,lexical
vizizi.com,vi,0.93,prefix_suffix,lexical
5blhxr.sbs,sbi,0.93,prefix_suffix,lexical
citrusburn.vip,vi,0.93,prefix_suffix,lexical
ohiomarijuanaovi.com,vi,0.93,prefix_suffix,lexical
pnclognqqw.vip,vi,0.93,prefix_suffix,lexical
vipissyfan.com,vi,0.93,prefix_suffix,lexical
hiltonbet-guncelgiris.vip,vi,0.93,prefix_suffix,lexical
prestigecleaning.vip,vi,0.93,prefix_suffix,lexical
maliya.vip,vi,0.93,prefix_suffix,lexical
visualspace.us,vi,0.93,prefix_suffix,lexical
vitbody.com,vi,0.93,prefix_suffix,lexical
zhibo8-records.com,bob,0.93,prefix_suffix,lexical
hello88vi.com,vi,0.93,prefix_suffix,lexical
g46red.vip,vi,0.93,prefix_suffix,lexical
37608.vip,vi,0.93,prefix_suffix,lexical
viamapcourtier.com,vi,0.93,prefix_suffix,lexical
bmedk.vip,vi,0.93,prefix_suffix,lexical
mobile-uoe.vip,vi,0.93,prefix_suffix,lexical
hudjs392.vip,vi,0.93,prefix_suffix,lexical
viratmansion.com,vi,0.93,prefix_suffix,lexical
virtueltmuseum.us,vi,0.93,prefix_suffix,lexical
virsces.com,vi,0.93,prefix_suffix,lexical
nicheland.com,nic,0.93,prefix_suffix,lexical
vibecarats.com,vi,0.93,prefix_suffix,lexical
bailety63.vip,vi,0.93,prefix_suffix,lexical
tlw-jd3555.vip,vi,0.93,prefix_suffix,lexical
didi51-t0351.vip,vi,0.93,prefix_suffix,lexical
vidream.net,vi,0.93,prefix_suffix,lexical
pre-views.com,vi,0.93,prefix_suffix,lexical
vibe.estate,vi,0.93,prefix_suffix,lexical
bailety39.vip,vi,0.93,prefix_suffix,lexical
nichefitness.store,nic,0.93,prefix_suffix,lexical
vibeplaybook.dev,vi,0.93,prefix_suffix,lexical
vip-win-ez.xyz,vi,0.93,prefix_suffix,lexical
virtualcumbria.net,vi,0.93,prefix_suffix,lexical
buddybot.vip,vi,0.93,prefix_suffix,lexical
gsfkn.vip,vi,0.93,prefix_suffix,lexical
victorpuentes76icloud.com,vi,0.93,prefix_suffix,lexical
trendbet-guncelgiris.vip,vi,0.93,prefix_suffix,lexical
zonemaxs.vip,vi,0.93,prefix_suffix,lexical
vixx.us,vi,0.93,prefix_suffix,lexical
vitalityresidence.com,vi,0.93,prefix_suffix,lexical
vibessummer.com,vi,0.93,prefix_suffix,lexical
dknrtp.vip,vi,0.93,prefix_suffix,lexical
gswpd.vip,vi,0.93,prefix_suffix,lexical
cgupartirzh.vip,vi,0.93,prefix_suffix,lexical
viniciuseluizajoias.com.br,vi,0.93,prefix_suffix,lexical
26124520.vip,vi,0.93,prefix_suffix,lexical
vietnamtour.us,vi,0.93,prefix_suffix,lexical
vinfast3shanoi.com,vi,0.93,prefix_suffix,lexical
vinylpulse.space,vi,0.93,prefix_suffix,lexical
alx9vo5s8l.work,sbi,0.93,prefix_suffix,lexical
victoryme.com,vi,0.93,prefix_suffix,lexical
jointribe.vip,vi,0.93,prefix_suffix,lexical
904robotaxis.com,axis,0.93,prefix_suffix,lexical
vikingstudio.shop,vi,0.93,prefix_suffix,lexical
myvitanews.org,vi,0.93,prefix_suffix,lexical
44290.vip,vi,0.93,prefix_suffix,lexical
vilamalsvetikliment.com,vi,0.93,prefix_suffix,lexical
vibetron.com,vi,0.93,prefix_suffix,lexical
rbi-ksa.com,rbi,0.98,exact_label,lexical
nicicr.com,nic,0.93,prefix_suffix,lexical
pikpedcams.com,cams,0.93,prefix_suffix,lexical
42580.vip,vi,0.93,prefix_suffix,lexical
hk80b.top,bob,0.93,prefix_suffix,lexical
26124397.vip,vi,0.93,prefix_suffix,lexical
afcgz.vip,vi,0.93,prefix_suffix,lexical
01735.vip,vi,0.93,prefix_suffix,lexical
c45723983.vip,vi,0.93,prefix_suffix,lexical
vipthing.com,vi,0.93,prefix_suffix,lexical
askmvl.com,vi,0.93,prefix_suffix,lexical
virginiacleaningservices.com,vi,0.93,prefix_suffix,lexical
777abc-vip.org,vi,0.93,prefix_suffix,lexical
sukeskinbeauty.vip,vi,0.93,prefix_suffix,lexical
vi88vi.com,vi,0.93,prefix_suffix,lexical
websitenic.com,nic,0.93,prefix_suffix,lexical
efe6su.vip,vi,0.93,prefix_suffix,lexical
cerberus6.vip,vi,0.93,prefix_suffix,lexical
virtualsdao.xyz,vi,0.93,prefix_suffix,lexical
jlgj853.top,bse,0.93,prefix_suffix,lexical
vip168.app,vi,0.93,prefix_suffix,lexical
cyiqierbban.vip,vi,0.93,prefix_suffix,lexical
y7123903.vip,vi,0.93,prefix_suffix,lexical
kesng.vip,vi,0.93,prefix_suffix,lexical
niceholidaysindia.net,nic,0.93,prefix_suffix,lexical
bisonausp.vip,vi,0.93,prefix_suffix,lexical
76632.vip,vi,0.93,prefix_suffix,lexical
nicest.us,nic,0.93,prefix_suffix,lexical
thevinesac.com,sac,0.93,prefix_suffix,lexical
bobmckown.com,bob,0.93,prefix_suffix,lexical
slotpg89.vip,vi,0.93,prefix_suffix,lexical
sacowiope.pro,sac,0.93,prefix_suffix,lexical
vitalleanthermogenic.com,nic,0.93,prefix_suffix,lexical
visolen.click,vi,0.93,prefix_suffix,lexical
y7123789.vip,vi,0.93,prefix_suffix,lexical
vitaspringgh.info,vi,0.93,prefix_suffix,lexical
20497.vip,vi,0.93,prefix_suffix,lexical
maltepe-solist.vip,vi,0.93,prefix_suffix,lexical
bsebquiz.com,bse,0.93,prefix_suffix,lexical
abramsthealpha.vip,vi,0.93,prefix_suffix,lexical
vintners.us,vi,0.93,prefix_suffix,lexical
ituvi.com,vi,0.93,prefix_suffix,lexical
virabianca.com,vi,0.93,prefix_suffix,lexical
zcdfg.vip,vi,0.93,prefix_suffix,lexical
hi-visculture.org,vi,0.93,prefix_suffix,lexical
mgsqc.vip,vi,0.93,prefix_suffix,lexical
43837.vip,vi,0.93,prefix_suffix,lexical
vidualized.com,vi,0.93,prefix_suffix,lexical
com-ity.vip,vi,0.93,prefix_suffix,lexical
liveweathercams.com,cams,0.93,prefix_suffix,lexical
fiwja.vip,vi,0.93,prefix_suffix,lexical
virtuallyjohnscreek.com,vi,0.93,prefix_suffix,lexical
vitalstatwellness.online,vi,0.93,prefix_suffix,lexical
vlolsinformation.sbs,vi,0.93,prefix_suffix,lexical
victor-guyot.org,vi,0.93,prefix_suffix,lexical
zhengrun0808.com,bob,0.93,prefix_suffix,lexical
vivasorteofficial.online,vi,0.93,prefix_suffix,lexical
climatisation-vichy.com,vi,0.93,prefix_suffix,lexical
xinhao8.vip,vi,0.93,prefix_suffix,lexical
26124405.vip,vi,0.93,prefix_suffix,lexical
vintiquity.store,vi,0.93,prefix_suffix,lexical
achat-viager.com,vi,0.93,prefix_suffix,lexical
308679.vip,vi,0.93,prefix_suffix,lexical
vigilupbot.ru,vi,0.93,prefix_suffix,lexical
vibeblogkr.com,vi,0.93,prefix_suffix,lexical
58ls5z.beauty,sbi,0.93,prefix_suffix,lexical
bobtivation.com,bob,0.93,prefix_suffix,lexical
vibesandvolumes.com,vi,0.93,prefix_suffix,lexical
vitaphoto.com,vi,0.93,prefix_suffix,lexical
eciebtri.buzz,eci,0.93,prefix_suffix,lexical
77jaya.vip,vi,0.93,prefix_suffix,lexical
videowallpanel.com,vi,0.93,prefix_suffix,lexical
visibilityinsight.co,vi,0.93,prefix_suffix,lexical
curbi.us,rbi,0.93,prefix_suffix,lexical
vleeho.com,vi,0.93,prefix_suffix,lexical
jszys.vip,vi,0.93,prefix_suffix,lexical
u8556.vip,vi,0.93,prefix_suffix,lexical
via-avignette.boats,vi,0.93,prefix_suffix,lexical
26124428.vip,vi,0.93,prefix_suffix,lexical
vip-hongcai.com,vi,0.93,prefix_suffix,lexical
dashu789.vip,vi,0.93,prefix_suffix,lexical
victoragencypro.com,vi,0.93,prefix_suffix,lexical
virakngauv.com,vi,0.93,prefix_suffix,lexical
vitalinsights.online,vi,0.93,prefix_suffix,lexical
nlchat.xyz,nic,0.93,prefix_suffix,lexical
vibiano.com,vi,0.93,prefix_suffix,lexical
vicherylondon.com,vi,0.93,prefix_suffix,lexical
b236j.vip,vi,0.93,prefix_suffix,lexical
kuapq.vip,vi,0.93,prefix_suffix,lexical
22-28mechanic.com,nic,0.93,prefix_suffix,lexical
nlh17o.vip,vi,0.93,prefix_suffix,lexical
vidmazing.com,vi,0.93,prefix_suffix,lexical
j1oeew.sbs,jio,0.93,prefix_suffix,lexical
uzjlo.info,jio,0.93,prefix_suffix,lexical
bailety77.vip,vi,0.93,prefix_suffix,lexical
yl2278.vip,vi,0.93,prefix_suffix,lexical
visutra.com,vi,0.93,prefix_suffix,lexical
vizra.live,vi,0.93,prefix_suffix,lexical
pnclognqqr.vip,vi,0.93,prefix_suffix,lexical
785415a.vip,vi,0.93,prefix_suffix,lexical
c767.vip,vi,0.93,prefix_suffix,lexical
ab31.vip,vi,0.93,prefix_suffix,lexical
virtualcalmingspace.com,vi,0.93,prefix_suffix,lexical
tttnd.vip,vi,0.93,prefix_suffix,lexical
87mjogo.vip,vi,0.93,prefix_suffix,lexical
nicolemark.wtf,nic,0.93,prefix_suffix,lexical
eniyi-iptv.vip,vi,0.93,prefix_suffix,lexical
26124458.vip,vi,0.93,prefix_suffix,lexical
bbbbance.vip,vi,0.93,prefix_suffix,lexical
villainfinitylake.com,vi,0.93,prefix_suffix,lexical
dingsheng888.vip,vi,0.93,prefix_suffix,lexical
brandliftl.vip,vi,0.93,prefix_suffix,lexical
sincegermanic.site,nic,0.93,prefix_suffix,lexical
sacredshorewines.com,sac,0.93,prefix_suffix,lexical
ibizabet2026hizli.vip,vi,0.93,prefix_suffix,lexical
virtualtax.ai,vi,0.93,prefix_suffix,lexical
batjili.vip,vi,0.93,prefix_suffix,lexical
vistudio.us,vi,0.93,prefix_suffix,lexical
gordianic.com,nic,0.93,prefix_suffix,lexical
28120.vip,vi,0.93,prefix_suffix,lexical
fqty116.vip,vi,0.93,prefix_suffix,lexical
jetsobuy.vip,vi,0.93,prefix_suffix,lexical
drnobelikasdentalclinic.com,nic,0.93,prefix_suffix,lexical
xy69.vip,vi,0.93,prefix_suffix,lexical
vodafonetestdomain01.com,vi,0.93,prefix_suffix,lexical
electronicsretail.vip,vi,0.93,prefix_suffix,lexical
vivesano-blog.com,vi,0.93,prefix_suffix,lexical
26124389.vip,vi,0.93,prefix_suffix,lexical
livinavi-invest.org,vi,0.93,prefix_suffix,lexical
com-xks.vip,vi,0.93,prefix_suffix,lexical
virtualmusicshow.com,vi,0.93,prefix_suffix,lexical
vivobeautygroup.com,vi,0.93,prefix_suffix,lexical
vidaativa.xyz,vi,0.93,prefix_suffix,lexical
hiran.vip,vi,0.93,prefix_suffix,lexical
vikkimus.com,vi,0.93,prefix_suffix,lexical
whats-yv.vip,vi,0.93,prefix_suffix,lexical
sugarcore.vip,vi,0.93,prefix_suffix,lexical
balticspineclinic.com,nic,0.93,prefix_suffix,lexical
y7124394.vip,vi,0.93,prefix_suffix,lexical
vineracks.com,vi,0.93,prefix_suffix,lexical
visithopetown.com,vi,0.93,prefix_suffix,lexical
eastel.vip,vi,0.93,prefix_suffix,lexical
aitennis.vip,vi,0.93,prefix_suffix,lexical
ppclsav1.com,vi,0.93,prefix_suffix,lexical
v11qasw3e.buzz,vi,0.93,prefix_suffix,lexical
vhbwxza.vip,vi,0.93,prefix_suffix,lexical
didi51-t0331.vip,vi,0.93,prefix_suffix,lexical
ffylh5.vip,vi,0.93,prefix_suffix,lexical
top1ai.vip,vi,0.93,prefix_suffix,lexical
vizmeetings.com,vi,0.93,prefix_suffix,lexical
vinty.us,vi,0.93,prefix_suffix,lexical
y7124466.vip,vi,0.93,prefix_suffix,lexical
videocorestream.click,vi,0.93,prefix_suffix,lexical
t-visionreseller.com,vi,0.93,prefix_suffix,lexical
violagancitano.com,vi,0.93,prefix_suffix,lexical
vokzaltambov1.ru,vi,0.93,prefix_suffix,lexical
vitolvigan.org,vi,0.93,prefix_suffix,lexical
crb11.vip,vi,0.93,prefix_suffix,lexical
1088hg17.vip,vi,0.93,prefix_suffix,lexical
inmrvi.sbs,vi,0.93,prefix_suffix,lexical
opalventjio.com,jio,0.93,prefix_suffix,lexical
nichedelightz.com,nic,0.93,prefix_suffix,lexical
vladivostok.us,vi,0.93,prefix_suffix,lexical
virentanews.com,vi,0.93,prefix_suffix,lexical
crb20.vip,vi,0.93,prefix_suffix,lexical
vitopedia.com,vi,0.93,prefix_suffix,lexical
kewgardens.clinic,nic,0.93,prefix_suffix,lexical
yd99721.vip,vi,0.93,prefix_suffix,lexical
vibecodeinternational.com,vi,0.93,prefix_suffix,lexical
pgzeedavav1.top,vi,0.93,prefix_suffix,lexical
pofop7043.vip,vi,0.93,prefix_suffix,lexical
visitlimesparkhk.com,vi,0.93,prefix_suffix,lexical
26124588.vip,vi,0.93,prefix_suffix,lexical
nicontracts.com,nic,0.93,prefix_suffix,lexical
vrinvi.com,vi,0.93,prefix_suffix,lexical
y7124573.vip,vi,0.93,prefix_suffix,lexical
bhumiorganic.shop,nic,0.93,prefix_suffix,lexical
didi51-t0339.vip,vi,0.93,prefix_suffix,lexical
www-jojobet.vip,vi,0.93,prefix_suffix,lexical
sacredsoundenergeticsoul.com,sac,0.93,prefix_suffix,lexical
viennexus.com,vi,0.93,prefix_suffix,lexical
640148.vip,vi,0.93,prefix_suffix,lexical
senseaxis.io,axis,0.93,prefix_suffix,lexical
vimed.in,vi,0.93,prefix_suffix,lexical
t-visioncomplaint.com,vi,0.93,prefix_suffix,lexical
aloohemengir.vip,vi,0.93,prefix_suffix,lexical
happydiabetescareclinic.com,nic,0.93,prefix_suffix,lexical
y7124506.vip,vi,0.93,prefix_suffix,lexical
bobafett.us,bob,0.93,prefix_suffix,lexical
vic.pizza,vi,0.93,prefix_suffix,lexical
miluvi.com,vi,0.93,prefix_suffix,lexical
vitapp.me,vi,0.93,prefix_suffix,lexical
natural-vi.click,vi,0.98,exact_label,lexical
bailety6.vip,vi,0.93,prefix_suffix,lexical
y7124451.vip,vi,0.93,prefix_suffix,lexical
visitstbart.com,vi,0.93,prefix_suffix,lexical
628199.vip,vi,0.93,prefix_suffix,lexical
vicktormoberg.com,vi,0.93,prefix_suffix,lexical
rabbit-pearl-vibrators.com,vi,0.93,prefix_suffix,lexical
yiolb.vip,vi,0.93,prefix_suffix,lexical
oaxru424.vip,vi,0.93,prefix_suffix,lexical
vibefranchise.com,vi,0.93,prefix_suffix,lexical
ipawivi.info,vi,0.93,prefix_suffix,lexical
cheesevl.info,vi,0.93,prefix_suffix,lexical
betbabagir.vip,vi,0.93,prefix_suffix,lexical
viasatgovernment.com,vi,0.93,prefix_suffix,lexical
el-vik-varna.com,vi,0.93,prefix_suffix,lexical
26124412.vip,vi,0.93,prefix_suffix,lexical
vililinger.com,vi,0.93,prefix_suffix,lexical
zhybcnic.com,nic,0.93,prefix_suffix,lexical
location-villas-prestige.com,vi,0.93,prefix_suffix,lexical
bailety64.vip,vi,0.93,prefix_suffix,lexical
vitafitnex.store,vi,0.93,prefix_suffix,lexical
vintageway.store,vi,0.93,prefix_suffix,lexical
78592.vip,vi,0.93,prefix_suffix,lexical
aedmechanic.com,nic,0.93,prefix_suffix,lexical
drassiclinic.com,nic,0.93,prefix_suffix,lexical
bcyxs.vip,vi,0.93,prefix_suffix,lexical
virginiabeachcoachbusservice.com,vi,0.93,prefix_suffix,lexical
praxis-studio.app,axis,0.93,prefix_suffix,lexical
93851.vip,vi,0.93,prefix_suffix,lexical
xvhsc.vip,vi,0.93,prefix_suffix,lexical
vipgame0.com,vi,0.93,prefix_suffix,lexical
locinluck.win,iocl,0.93,prefix_suffix,lexical
szdpc.vip,vi,0.93,prefix_suffix,lexical
7lionspineu.vip,vi,0.93,prefix_suffix,lexical
849nn355.vip,vi,0.93,prefix_suffix,lexical
11600.vip,vi,0.93,prefix_suffix,lexical
su7.vip,vi,0.93,prefix_suffix,lexical
sacbigbug.com,sac,0.93,prefix_suffix,lexical
uqxbz.vip,vi,0.93,prefix_suffix,lexical
63134.vip,vi,0.93,prefix_suffix,lexical
toll-notice.vip,vi,0.93,prefix_suffix,lexical
aberry.vip,vi,0.93,prefix_suffix,lexical
529712.vip,vi,0.93,prefix_suffix,lexical
afffqcvi.com,vi,0.93,prefix_suffix,lexical
vignetteforaustria.online,vi,0.93,prefix_suffix,lexical
mhrfh.vip,vi,0.93,prefix_suffix,lexical
toniciconic.com,nic,0.93,prefix_suffix,lexical
visiva.us,vi,0.93,prefix_suffix,lexical
viralvizions.com,vi,0.93,prefix_suffix,lexical
nickkillian.com,nic,0.93,prefix_suffix,lexical
visionskylightsystems.com,vi,0.93,prefix_suffix,lexical
corgi-bet-casinos.org,census,0.93,prefix_suffix,lexical
vitriervillardbonnot.org,vi,0.93,prefix_suffix,lexical
vivrowdon.com,vi,0.93,prefix_suffix,lexical
182rr.vip,vi,0.93,prefix_suffix,lexical
ee9test.vip,vi,0.93,prefix_suffix,lexical
com-elitsi.vip,vi,0.93,prefix_suffix,lexical
vishalkalita.com,vi,0.93,prefix_suffix,lexical
07614.vip,vi,0.93,prefix_suffix,lexical
nickorta.com,nic,0.93,prefix_suffix,lexical
vitalspace.com,vi,0.93,prefix_suffix,lexical
bnlc.app,nic,0.93,prefix_suffix,lexical
visionairvideos.net,vi,0.93,prefix_suffix,lexical
rcpax.vip,vi,0.93,prefix_suffix,lexical
victorferrerfeliu.com,vi,0.93,prefix_suffix,lexical
vlznh.rocks,vi,0.93,prefix_suffix,lexical
vip17k.xyz,vi,0.93,prefix_suffix,lexical
codewarrior.vip,vi,0.93,prefix_suffix,lexical
marsbahisguncel-giris2026.vip,vi,0.93,prefix_suffix,lexical
via4d-nice2.site,nic,0.93,prefix_suffix,lexical
svkdu.vip,vi,0.93,prefix_suffix,lexical
coupon-viewer.com,vi,0.93,prefix_suffix,lexical
vientrelibre.com,vi,0.93,prefix_suffix,lexical
vijayadhwaja.com,vi,0.93,prefix_suffix,lexical
vickieshearer.com,vi,0.93,prefix_suffix,lexical
853926.com,bse,0.93,prefix_suffix,lexical
visionflow.app,vi,0.93,prefix_suffix,lexical
viptaxi.pro,vi,0.93,prefix_suffix,lexical
adventurehannahmechanic.com,nic,0.93,prefix_suffix,lexical
patmj.vip,vi,0.93,prefix_suffix,lexical
vianzo.online,vi,0.93,prefix_suffix,lexical
phaistos-villas.com,vi,0.93,prefix_suffix,lexical
dajisq.vip,vi,0.93,prefix_suffix,lexical
movchanpr.com,nic,0.93,prefix_suffix,lexical
vizrank.com,vi,0.93,prefix_suffix,lexical
vidasquared.com,vi,0.93,prefix_suffix,lexical
bobbybora.com,bob,0.93,prefix_suffix,lexical
msfaz.vip,vi,0.93,prefix_suffix,lexical
sacanmedya.com.tr,sac,0.93,prefix_suffix,lexical
virtualseasia.com,vi,0.93,prefix_suffix,lexical
blackroom-casino.vip,vi,0.93,prefix_suffix,lexical
orisbetklasplus.vip,vi,0.93,prefix_suffix,lexical
vitaryl.com,vi,0.93,prefix_suffix,lexical
cirobahistv1.live,vi,0.93,prefix_suffix,lexical
vivelacuisine.com,vi,0.93,prefix_suffix,lexical
bahiscasino-aktif.vip,vi,0.93,prefix_suffix,lexical
visnextsol.com,vi,0.93,prefix_suffix,lexical
76orgi.cfd,census,0.93,prefix_suffix,lexical
nik-sachverstaendige-sued.com,sac,0.93,prefix_suffix,lexical
gt77.vip,vi,0.93,prefix_suffix,lexical
pcuzr.vip,vi,0.93,prefix_suffix,lexical
pzvma.vip,vi,0.93,prefix_suffix,lexical
qq1288.vip,vi,0.93,prefix_suffix,lexical
y7124442.vip,vi,0.93,prefix_suffix,lexical
xbse.com,bse,0.93,prefix_suffix,lexical
thespeechmechanic.com,nic,0.93,prefix_suffix,lexical
vizionconsultingfirm.com,vi,0.93,prefix_suffix,lexical
3318a2.vip,vi,0.93,prefix_suffix,lexical
analizefotbal.vip,vi,0.93,prefix_suffix,lexical
llamaclinic.app,nic,0.93,prefix_suffix,lexical
leilybeautyclinic.com,nic,0.93,prefix_suffix,lexical
viriliax.com,vi,0.93,prefix_suffix,lexical
hi937.vip,vi,0.93,prefix_suffix,lexical
bwhvi.forsale,vi,0.93,prefix_suffix,lexical
dsnasplus.vip,vi,0.93,prefix_suffix,lexical
levi-epstein.com,vi,0.93,prefix_suffix,lexical
y448.vip,vi,0.93,prefix_suffix,lexical
nicks4x4.com,nic,0.93,prefix_suffix,lexical
zhibo8-leqiutv.com,bob,0.93,prefix_suffix,lexical
03769.vip,vi,0.93,prefix_suffix,lexical
mcneelymedicalclinic.com,nic,0.93,prefix_suffix,lexical
foundationorganic.pro,nic,0.93,prefix_suffix,lexical
t-visionsupport.com,vi,0.93,prefix_suffix,lexical
ccclinic.life,nic,0.93,prefix_suffix,lexical
mvoss.vip,vi,0.93,prefix_suffix,lexical
megaparigiris.vip,vi,0.93,prefix_suffix,lexical
bedronic.info,nic,0.93,prefix_suffix,lexical
01684.vip,vi,0.93,prefix_suffix,lexical
9313ff.vip,vi,0.93,prefix_suffix,lexical
vibesphereonline.shop,vi,0.93,prefix_suffix,lexical
76314.vip,vi,0.93,prefix_suffix,lexical
03104.vip,vi,0.93,prefix_suffix,lexical
vibraniumsteel.com,vi,0.93,prefix_suffix,lexical
tb53.com,bse,0.93,prefix_suffix,lexical
nickos.xyz,nic,0.93,prefix_suffix,lexical
gayavnavi.com,vi,0.93,prefix_suffix,lexical
communic.us,nic,0.93,prefix_suffix,lexical
virtualleadershiptips.com,vi,0.93,prefix_suffix,lexical
outout.vip,vi,0.93,prefix_suffix,lexical
panetsselaslactogenic.info,nic,0.93,prefix_suffix,lexical
pasvp.vip,vi,0.93,prefix_suffix,lexical
btcexovalt-v15.net,vi,0.93,prefix_suffix,lexical
free-massage-videos.com,vi,0.93,prefix_suffix,lexical
zabzeed.vip,vi,0.93,prefix_suffix,lexical
vishalsingh.me,vi,0.93,prefix_suffix,lexical
pvvmf.vip,vi,0.93,prefix_suffix,lexical
visser-cdn.vip,vi,0.93,prefix_suffix,lexical
khonkaenclinic.com,nic,0.93,prefix_suffix,lexical
eclecticcurl.com,eci,0.93,prefix_suffix,lexical
yhy728.vip,vi,0.93,prefix_suffix,lexical
4tonic.com,nic,0.93,prefix_suffix,lexical
49820.vip,vi,0.93,prefix_suffix,lexical
villa-atlantis.com,vi,0.93,prefix_suffix,lexical
visaaeternum.com,vi,0.93,prefix_suffix,lexical
vip168m.bet,vi,0.93,prefix_suffix,lexical
y7124327.vip,vi,0.93,prefix_suffix,lexical
b8092.vip,vi,0.93,prefix_suffix,lexical
vikinggutterguard.com,vi,0.93,prefix_suffix,lexical
n3f121.vip,vi,0.93,prefix_suffix,lexical
dst-1.online,dst,0.98,exact_label,lexical
jloayr.info,jio,0.93,prefix_suffix,lexical
vintageportsite.com,vi,0.93,prefix_suffix,lexical
millenaire-visceral-montpellier.com,vi,0.93,prefix_suffix,lexical
nickcearley.com,nic,0.93,prefix_suffix,lexical
violin88best.com,vi,0.93,prefix_suffix,lexical
vinfinskills.com,vi,0.93,prefix_suffix,lexical
eclatunique.net,eci,0.93,prefix_suffix,lexical
76430.vip,vi,0.93,prefix_suffix,lexical
virginialegionellatesting.com,vi,0.93,prefix_suffix,lexical
vitacupcdn2.com,vi,0.93,prefix_suffix,lexical
c709.vip,vi,0.93,prefix_suffix,lexical
vitalisdirect.com,vi,0.93,prefix_suffix,lexical
hqgybfxl.vip,vi,0.93,prefix_suffix,lexical
virginislandsforsale.com,vi,0.93,prefix_suffix,lexical
tnwlf.vip,vi,0.93,prefix_suffix,lexical
198-vip.com,vi,0.93,prefix_suffix,lexical
3rd-vip.com,vi,0.93,prefix_suffix,lexical
vivaday31.com,vi,0.93,prefix_suffix,lexical
nicanor-perlas.com,nic,0.93,prefix_suffix,lexical
cshti.vip,vi,0.93,prefix_suffix,lexical
didi51-t0315.vip,vi,0.93,prefix_suffix,lexical
qyc27.vip,vi,0.93,prefix_suffix,lexical
vibeware.pro,vi,0.93,prefix_suffix,lexical
victory77-vip.xyz,vi,0.93,prefix_suffix,lexical
stray-vistamedia.com,vi,0.93,prefix_suffix,lexical
sacredgregorianchant.com,sac,0.93,prefix_suffix,lexical
gxwnb.vip,vi,0.93,prefix_suffix,lexical
eclipsewizard962.shop,eci,0.93,prefix_suffix,lexical
vision8workforce.com,vi,0.93,prefix_suffix,lexical
vitasong.com,vi,0.93,prefix_suffix,lexical
galaxydg.vip,vi,0.93,prefix_suffix,lexical
aredabob.info,bob,0.93,prefix_suffix,lexical
vipmonthlycompanion.com,vi,0.93,prefix_suffix,lexical
nickandmikebarandgrillclemson.com,nic,0.93,prefix_suffix,lexical
anossamatinha.com,nha,0.93,prefix_suffix,lexical
tophillbet-resmi11.vip,vi,0.93,prefix_suffix,lexical
vikingo.us,vi,0.93,prefix_suffix,lexical
vivendosemdor.com,vi,0.93,prefix_suffix,lexical
visualhub.us,vi,0.93,prefix_suffix,lexical
68291.vip,vi,0.93,prefix_suffix,lexical
98yl972.vip,vi,0.93,prefix_suffix,lexical
propertiesclinic.com,nic,0.93,prefix_suffix,lexical
vibecoding.foo,vi,0.93,prefix_suffix,lexical
profiton.vip,vi,0.93,prefix_suffix,lexical
bankcoin.vip,vi,0.93,prefix_suffix,lexical
nicospace.xyz,nic,0.93,prefix_suffix,lexical
vipship.com,vi,0.93,prefix_suffix,lexical
doctoruodbvi.sbs,vi,0.93,prefix_suffix,lexical
xy25.vip,vi,0.93,prefix_suffix,lexical
moneyhub-capitalaxis.click,axis,0.93,prefix_suffix,lexical
t-visionappeal.com,vi,0.93,prefix_suffix,lexical
estrategiadeinversionbajio.com,jio,0.93,prefix_suffix,lexical
yl3u1p.vip,vi,0.93,prefix_suffix,lexical
maryjaneclinic.com,nic,0.93,prefix_suffix,lexical
visionflip.shop,vi,0.93,prefix_suffix,lexical
9659booyss.vip,vi,0.93,prefix_suffix,lexical
visir.shop,vi,0.93,prefix_suffix,lexical
moneyhub-moneyaxis.click,axis,0.93,prefix_suffix,lexical
vizgotechnologies.com,vi,0.93,prefix_suffix,lexical
aziende-di-magazzino-vicino-a-me.sbs,vi,0.93,prefix_suffix,lexical
virtisholdings.net,vi,0.93,prefix_suffix,lexical
cynthiacrooms.vip,vi,0.93,prefix_suffix,lexical
vicrenovations.com,vi,0.93,prefix_suffix,lexical
26124488.vip,vi,0.93,prefix_suffix,lexical
pielganic.shop,nic,0.93,prefix_suffix,lexical
vmieros.vip,vi,0.93,prefix_suffix,lexical
viagensforadacaixa.com,vi,0.93,prefix_suffix,lexical
virtualcardshub.site,vi,0.93,prefix_suffix,lexical
vibesfilm.site,vi,0.93,prefix_suffix,lexical
vintageraffles.com,vi,0.93,prefix_suffix,lexical
hgztt.vip,vi,0.93,prefix_suffix,lexical
vlan5.org,vi,0.93,prefix_suffix,lexical
dressbycams.com,cams,0.93,prefix_suffix,lexical
kissora.vip,vi,0.93,prefix_suffix,lexical
kratosbi.com,sbi,0.93,prefix_suffix,lexical
tbdparivahan.com,parivahan,0.93,prefix_suffix,lexical
bobbiesusa.us,bob,0.93,prefix_suffix,lexical
marsbahisadresc.vip,vi,0.93,prefix_suffix,lexical
votre-maison-a-vienne.com,vi,0.93,prefix_suffix,lexical
livfitorganic.com,nic,0.93,prefix_suffix,lexical
visitorvision.studio,vi,0.93,prefix_suffix,lexical
vivihealth.ltd,vi,0.93,prefix_suffix,lexical
dorevi.shop,vi,0.93,prefix_suffix,lexical
vlv8877.com,vi,0.93,prefix_suffix,lexical
virtualcondo.com,vi,0.93,prefix_suffix,lexical
bigonic.shop,nic,0.93,prefix_suffix,lexical
vinhomes-longan.online,vi,0.93,prefix_suffix,lexical
hkhkk.vip,vi,0.93,prefix_suffix,lexical
vizcayacreative.com,vi,0.93,prefix_suffix,lexical
kissmylashclinic.com,nic,0.93,prefix_suffix,lexical
nicecoffe.com,nic,0.93,prefix_suffix,lexical
visibilitymethod.com,vi,0.93,prefix_suffix,lexical
bobatoto9xrp.lat,bob,0.93,prefix_suffix,lexical
viellechner.com,vi,0.93,prefix_suffix,lexical
betkolikklasplus.vip,vi,0.93,prefix_suffix,lexical
jobapp.vip,vi,0.93,prefix_suffix,lexical
26124414.vip,vi,0.93,prefix_suffix,lexical
shcuz7048.vip,vi,0.93,prefix_suffix,lexical
1xmt.vip,vi,0.93,prefix_suffix,lexical
jproltd.vip,vi,0.93,prefix_suffix,lexical
vietnamready.com,vi,0.93,prefix_suffix,lexical
12097.vip,vi,0.93,prefix_suffix,lexical
data808.com,bob,0.93,prefix_suffix,lexical
vishawtek.com,vi,0.93,prefix_suffix,lexical
535535.vip,vi,0.93,prefix_suffix,lexical
coast-villas-elite.com,vi,0.93,prefix_suffix,lexical
benjamin-academy-village.net,vi,0.93,prefix_suffix,lexical
49402.vip,vi,0.93,prefix_suffix,lexical
viviagency.com,vi,0.93,prefix_suffix,lexical
vi68vips.com,vi,0.93,prefix_suffix,lexical
viviendas.my,vi,0.93,prefix_suffix,lexical
dg0108.vip,vi,0.93,prefix_suffix,lexical
thecollectiveorganic.com,nic,0.93,prefix_suffix,lexical
5acreland.com,sac,0.93,prefix_suffix,lexical
visagepress.com,vi,0.93,prefix_suffix,lexical
26124551.vip,vi,0.93,prefix_suffix,lexical
vipking.world,vi,0.93,prefix_suffix,lexical
vintageweddingcarwilmington.com,vi,0.93,prefix_suffix,lexical
vitalityandwealth.com,vi,0.93,prefix_suffix,lexical
vinnarna.com,vi,0.93,prefix_suffix,lexical
sachaamoyel.com,sac,0.93,prefix_suffix,lexical
sachinwithbabi.com,sac,0.93,prefix_suffix,lexical
90804.vip,vi,0.93,prefix_suffix,lexical
com-elitdo.vip,vi,0.93,prefix_suffix,lexical
vitalsignal.health,vi,0.93,prefix_suffix,lexical
rmdfc7046.vip,vi,0.93,prefix_suffix,lexical
vignettollinfo.online,vi,0.93,prefix_suffix,lexical
bobandbraduk.com,bob,0.93,prefix_suffix,lexical
vic.porn,vi,0.93,prefix_suffix,lexical
21530.vip,vi,0.93,prefix_suffix,lexical
5blanks.com,sbi,0.93,prefix_suffix,lexical
h88u.vip,vi,0.93,prefix_suffix,lexical
uknetcams.com,cams,0.93,prefix_suffix,lexical
dwpxj.vip,vi,0.93,prefix_suffix,lexical
86216.vip,vi,0.93,prefix_suffix,lexical
eclecticmindstudio.com,eci,0.93,prefix_suffix,lexical
vimobet.org,vi,0.93,prefix_suffix,lexical
visionhawk.art,vi,0.93,prefix_suffix,lexical
11853.sbs,bse,0.93,prefix_suffix,lexical
realtorhelp.vip,vi,0.93,prefix_suffix,lexical
virtual-jazz-edition.com,vi,0.93,prefix_suffix,lexical
vip.archi,vi,0.93,prefix_suffix,lexical
vidyb9xvw.top,vi,0.93,prefix_suffix,lexical
shaoxiansen.vip,vi,0.93,prefix_suffix,lexical
didi51-t0372.vip,vi,0.93,prefix_suffix,lexical
c725.vip,vi,0.93,prefix_suffix,lexical
vip-dublin-escorts.com,vi,0.93,prefix_suffix,lexical
myvip-vips.hair,vi,0.93,prefix_suffix,lexical
oncoursecams.com,cams,0.93,prefix_suffix,lexical
vitaminintake.com,vi,0.93,prefix_suffix,lexical
viajes-tour-2026.com,vi,0.93,prefix_suffix,lexical
jisvj7041.vip,vi,0.93,prefix_suffix,lexical
sacredearth.us,sac,0.93,prefix_suffix,lexical
eclatsatinluxe.com,eci,0.93,prefix_suffix,lexical
y7124593.vip,vi,0.93,prefix_suffix,lexical
18064.vip,vi,0.93,prefix_suffix,lexical
npcashback.vip,vi,0.93,prefix_suffix,lexical
pnclognqqn.vip,vi,0.93,prefix_suffix,lexical
7lionspineus.vip,vi,0.93,prefix_suffix,lexical
flash877v1.com,vi,0.93,prefix_suffix,lexical
bk69q8.vip,vi,0.93,prefix_suffix,lexical
va958.vip,vi,0.93,prefix_suffix,lexical
vitaminext.xyz,vi,0.93,prefix_suffix,lexical
nbiqy.vip,vi,0.93,prefix_suffix,lexical
90508.vip,vi,0.93,prefix_suffix,lexical
cbaqiyimrji.vip,vi,0.93,prefix_suffix,lexical
93853.com,bse,0.93,prefix_suffix,lexical
victorantoun.com.br,vi,0.93,prefix_suffix,lexical
npr.fyi,nic,0.98,exact_label,lexical
vldey.top,vi,0.93,prefix_suffix,lexical
poseidonpr.com,nic,0.93,prefix_suffix,lexical
center-cskhpanasonic.online,nic,0.93,prefix_suffix,lexical
rbltransfer.com,rbi,0.93,prefix_suffix,lexical
vitaltribecounseling.com,vi,0.93,prefix_suffix,lexical
lbmaplus.vip,vi,0.93,prefix_suffix,lexical
klkdq.vip,vi,0.93,prefix_suffix,lexical
682.vin,vi,0.93,prefix_suffix,lexical
com-elitdy.vip,vi,0.93,prefix_suffix,lexical
vivoahora.cloud,vi,0.93,prefix_suffix,lexical
vie-saine.xyz,vi,0.93,prefix_suffix,lexical
xbajje.vip,vi,0.93,prefix_suffix,lexical
optelios-vie.com,vi,0.93,prefix_suffix,lexical
victoriaryder.com,vi,0.93,prefix_suffix,lexical
t-visionappeals.com,vi,0.93,prefix_suffix,lexical
coquicoinpr.com,nic,0.93,prefix_suffix,lexical
gangnamdermclinic.com,nic,0.93,prefix_suffix,lexical
vibehive.us,vi,0.93,prefix_suffix,lexical
viniciuscravo.com,vi,0.93,prefix_suffix,lexical
viabenefitssolutions.com,vi,0.93,prefix_suffix,lexical
villbp24.hu,vi,0.93,prefix_suffix,lexical
viacrosstraining.net,vi,0.93,prefix_suffix,lexical
vip-dhaka.app,vi,0.93,prefix_suffix,lexical
villasdeencantada.com,vi,0.93,prefix_suffix,lexical
sameerclinic.com,nic,0.93,prefix_suffix,lexical
y7124386.vip,vi,0.93,prefix_suffix,lexical
amelieloves.vip,vi,0.93,prefix_suffix,lexical
hthapp-vip.com,vi,0.93,prefix_suffix,lexical
easystyle.vip,vi,0.93,prefix_suffix,lexical
cuernavaca.vip,vi,0.93,prefix_suffix,lexical
h16vl.top,vi,0.93,prefix_suffix,lexical
visecsecuritas.com,vi,0.93,prefix_suffix,lexical
alifredbehavioralhealthclinic.com,nic,0.93,prefix_suffix,lexical
26124336.vip,vi,0.93,prefix_suffix,lexical
theadventuresofbob.com,bob,0.93,prefix_suffix,lexical
nz5kv1.top,vi,0.93,prefix_suffix,lexical
ptaskg.vip,vi,0.93,prefix_suffix,lexical
nngam.vip,vi,0.93,prefix_suffix,lexical
phillarmonic.com,nic,0.93,prefix_suffix,lexical
nvqngjnv1.garden,vi,0.93,prefix_suffix,lexical
iixs1x.vip,vi,0.93,prefix_suffix,lexical
voy-coffeecatpg.vip,vi,0.93,prefix_suffix,lexical
citystay-vienna.com,vi,0.93,prefix_suffix,lexical
sachinamanushi.us,sac,0.93,prefix_suffix,lexical
627pe.vip,vi,0.93,prefix_suffix,lexical
bobdavidhomes.com,bob,0.93,prefix_suffix,lexical
videomuggi.pro,vi,0.93,prefix_suffix,lexical
bobty2007.com,bob,0.93,prefix_suffix,lexical
didi51-t0309.vip,vi,0.93,prefix_suffix,lexical
victorygold.cloud,vi,0.93,prefix_suffix,lexical
kqteci.store,eci,0.93,prefix_suffix,lexical
vibeinlife.com,vi,0.93,prefix_suffix,lexical
videoanimacia.online,vi,0.93,prefix_suffix,lexical
vixoralabs.com,vi,0.93,prefix_suffix,lexical
hgzsn.vip,vi,0.93,prefix_suffix,lexical
a7ty32.vip,vi,0.93,prefix_suffix,lexical
9659bdh77.vip,vi,0.93,prefix_suffix,lexical
bailety9.vip,vi,0.93,prefix_suffix,lexical
vivonsweb.com,vi,0.93,prefix_suffix,lexical
vic996admin.com,vi,0.93,prefix_suffix,lexical
manclubvi.jp.net,vi,0.93,prefix_suffix,lexical
uywbo.vip,vi,0.93,prefix_suffix,lexical
9t7zzmeqvi.garden,vi,0.93,prefix_suffix,lexical
visitwf.com,vi,0.93,prefix_suffix,lexical
vietlocaltravel.com,vi,0.93,prefix_suffix,lexical
nickyjampr.com,nic,0.93,prefix_suffix,lexical
hszfi.vip,vi,0.93,prefix_suffix,lexical
nhakaviation.store,nha,0.93,prefix_suffix,lexical
vlyveno.help,vi,0.93,prefix_suffix,lexical
jinmacdn.vip,vi,0.93,prefix_suffix,lexical
892951.vip,vi,0.93,prefix_suffix,lexical
vivobarefoot-online.shop,vi,0.93,prefix_suffix,lexical
implantist.clinic,nic,0.93,prefix_suffix,lexical
fb-google5.vip,vi,0.93,prefix_suffix,lexical
y7124520.vip,vi,0.93,prefix_suffix,lexical
vintagetechnologymuseum.com,vi,0.93,prefix_suffix,lexical
viotp.online,vi,0.93,prefix_suffix,lexical
vipmmohome.com,vi,0.93,prefix_suffix,lexical
enjoybet2026hizli.vip,vi,0.93,prefix_suffix,lexical
a7ty46.vip,vi,0.93,prefix_suffix,lexical
liminalclinic.net,nic,0.93,prefix_suffix,lexical
8535win.vip,bse,0.93,prefix_suffix,lexical
mrvoautoclinic.org,nic,0.93,prefix_suffix,lexical
com-acabq.vip,vi,0.93,prefix_suffix,lexical
hlblp.vip,vi,0.93,prefix_suffix,lexical
boxmf.vip,vi,0.93,prefix_suffix,lexical
xpj2131.vip,vi,0.93,prefix_suffix,lexical
violettourbillion.com,vi,0.93,prefix_suffix,lexical
casiboma-giris2026.vip,vi,0.93,prefix_suffix,lexical
vietnamesepage.com,vi,0.93,prefix_suffix,lexical
icucevi.info,vi,0.93,prefix_suffix,lexical
dcgyg.vip,vi,0.93,prefix_suffix,lexical
dfueeo.vip,vi,0.93,prefix_suffix,lexical
visibleforceservices.com,vi,0.93,prefix_suffix,lexical
landscapegvl.com,vi,0.93,prefix_suffix,lexical
be-technic.com,nic,0.93,prefix_suffix,lexical
telegtambotubob.pro,bob,0.93,prefix_suffix,lexical
3hhvl.com,vi,0.93,prefix_suffix,lexical
eclipsisofficial.com,eci,0.93,prefix_suffix,lexical
axiswellnesshospital.com,axis,0.93,prefix_suffix,lexical
t-visioncourtaction.com,vi,0.93,prefix_suffix,lexical
vibe-aura.site,vi,0.93,prefix_suffix,lexical
fequ5007.vip,vi,0.93,prefix_suffix,lexical
vignetteid.space,vi,0.93,prefix_suffix,lexical
visitorsmart.com,vi,0.93,prefix_suffix,lexical
26124475.vip,vi,0.93,prefix_suffix,lexical
viewmymedia.com,vi,0.93,prefix_suffix,lexical
v171fx.cfd,vi,0.93,prefix_suffix,lexical
visionaryamplifyysolutions.info,vi,0.93,prefix_suffix,lexical
nhatlogin.com,nha,0.93,prefix_suffix,lexical
carioca-vibes.com,vi,0.93,prefix_suffix,lexical
h78vl.top,vi,0.93,prefix_suffix,lexical
quadrophonic.com,nic,0.93,prefix_suffix,lexical
yoloclassicluxury.vip,vi,0.93,prefix_suffix,lexical
viettrustnotary.com,vi,0.93,prefix_suffix,lexical
hafley.vip,vi,0.93,prefix_suffix,lexical
jlgj1853.top,bse,0.93,prefix_suffix,lexical
virtualsolutionscontactcenter.com,vi,0.93,prefix_suffix,lexical
visualin.site,vi,0.93,prefix_suffix,lexical
vincispin-casino.app,vi,0.93,prefix_suffix,lexical
viksitbharatshop.com,vi,0.93,prefix_suffix,lexical
159172.vip,vi,0.93,prefix_suffix,lexical
loughboroughtherapyclinic.com,nic,0.93,prefix_suffix,lexical
lily-white.vip,vi,0.93,prefix_suffix,lexical
videoproxy.com,vi,0.93,prefix_suffix,lexical
thisisthetonic.com,nic,0.93,prefix_suffix,lexical
wbawmvi.top,vi,0.93,prefix_suffix,lexical
violetgardencicekligi.com.tr,vi,0.93,prefix_suffix,lexical
26024481.vip,vi,0.93,prefix_suffix,lexical
bobatoto658bts.site,bob,0.93,prefix_suffix,lexical
cnyun.vip,vi,0.93,prefix_suffix,lexical
eilcv.vip,vi,0.93,prefix_suffix,lexical
vinidemenor.com,vi,0.93,prefix_suffix,lexical
byy7.vip,vi,0.93,prefix_suffix,lexical
5casino52.vip,vi,0.93,prefix_suffix,lexical
crb29.vip,vi,0.93,prefix_suffix,lexical
qaqsd.vip,vi,0.93,prefix_suffix,lexical
virudhunagardroptaxi.com,vi,0.93,prefix_suffix,lexical
leadra.vip,vi,0.93,prefix_suffix,lexical
virtualassistant4mybusiness.com,vi,0.93,prefix_suffix,lexical
bdg6.vip,vi,0.93,prefix_suffix,lexical
orilevi.com,vi,0.93,prefix_suffix,lexical
infinitiofscottsdalepalooza.com,icici,0.93,prefix_suffix,lexical
videosvirais.lol,vi,0.93,prefix_suffix,lexical
vinqki.xyz,vi,0.93,prefix_suffix,lexical
nicholas-stephanopoulos.com,nic,0.93,prefix_suffix,lexical
ttsac.org,sac,0.93,prefix_suffix,lexical
betzullaguncelgiris-2026.vip,vi,0.93,prefix_suffix,lexical
cvnwd06.vip,vi,0.93,prefix_suffix,lexical
netbahisgiris.vip,vi,0.93,prefix_suffix,lexical
vins-d-alsace-herr.xyz,vi,0.93,prefix_suffix,lexical
khushiyanclinic.com,nic,0.93,prefix_suffix,lexical
bobstandup.com,bob,0.93,prefix_suffix,lexical
ehonnavi.com,vi,0.93,prefix_suffix,lexical
jlouisephoto.com,jio,0.93,prefix_suffix,lexical
axisly.shop,axis,0.93,prefix_suffix,lexical
h8kvbq.vip,vi,0.93,prefix_suffix,lexical
uthtbvl.cn,vi,0.93,prefix_suffix,lexical
willowecoservi.com,vi,0.93,prefix_suffix,lexical
vipmodsapk.com,vi,0.93,prefix_suffix,lexical
viva32tequila.com,vi,0.93,prefix_suffix,lexical
eclipsesaga623.top,eci,0.93,prefix_suffix,lexical
vivefeliz-blog.com,vi,0.93,prefix_suffix,lexical
dqnjn630.vip,vi,0.93,prefix_suffix,lexical
hobo-sack.com,sac,0.93,prefix_suffix,lexical
emoie.vip,vi,0.93,prefix_suffix,lexical
23868.vip,vi,0.93,prefix_suffix,lexical
eclairbakery.com,eci,0.93,prefix_suffix,lexical
betpasresmiadresi1.vip,vi,0.93,prefix_suffix,lexical
h53vl.top,vi,0.93,prefix_suffix,lexical
833zhibo-videos.com,vi,0.93,prefix_suffix,lexical
vitalharvest.info,vi,0.93,prefix_suffix,lexical
detectronic-data.org,nic,0.93,prefix_suffix,lexical
bailety28.vip,vi,0.93,prefix_suffix,lexical
visitorbetjpxhoki.live,vi,0.93,prefix_suffix,lexical
b814dov1.com,vi,0.93,prefix_suffix,lexical
writingsonic.com,nic,0.93,prefix_suffix,lexical
vlrt6.store,vi,0.93,prefix_suffix,lexical
vivnatural.shop,vi,0.93,prefix_suffix,lexical
kirtidangadhvi.in,vi,0.93,prefix_suffix,lexical
849jj577.vip,vi,0.93,prefix_suffix,lexical
qzycj.vip,vi,0.93,prefix_suffix,lexical
cbaji-vip.app,vi,0.93,prefix_suffix,lexical
electric.clinic,nic,0.93,prefix_suffix,lexical
com-nce.vip,vi,0.93,prefix_suffix,lexical
52646.vip,vi,0.93,prefix_suffix,lexical
viralyinc.com,vi,0.93,prefix_suffix,lexical
villatriana.com,vi,0.93,prefix_suffix,lexical
bitcoinwallet7777.vip,vi,0.93,prefix_suffix,lexical
14r05s.vip,vi,0.93,prefix_suffix,lexical
vingtsun-leonberg.org,vi,0.93,prefix_suffix,lexical
1xbet-apk.vip,vi,0.93,prefix_suffix,lexical
vlot-dashboard.site,vi,0.93,prefix_suffix,lexical
vitalishospitaleshumanizadosboutique.com,vi,0.93,prefix_suffix,lexical
vinilusmokeshop.com,vi,0.93,prefix_suffix,lexical
06785.vip,vi,0.93,prefix_suffix,lexical
rzhnn.vip,vi,0.93,prefix_suffix,lexical
tmsiwin-env1.com,vi,0.93,prefix_suffix,lexical
86543.vip,vi,0.93,prefix_suffix,lexical
promptstudio.vip,vi,0.93,prefix_suffix,lexical
jessicamaffia.vip,vi,0.93,prefix_suffix,lexical
panasonic.com,nic,0.93,prefix_suffix,lexical
amc99.vip,vi,0.93,prefix_suffix,lexical
yiwuyou.vip,vi,0.93,prefix_suffix,lexical
madeiradentalclinic.com,nic,0.93,prefix_suffix,lexical
town-center-luxury-apartments-85369.click,bse,0.93,prefix_suffix,lexical
virtualprinttech.com,vi,0.93,prefix_suffix,lexical
bristolearclinic.com,nic,0.93,prefix_suffix,lexical
vibe-check.net,vi,0.93,prefix_suffix,lexical
vistalebrand.com.br,vi,0.93,prefix_suffix,lexical
sbindo.com,sbi,0.93,prefix_suffix,lexical
vioxnews.com,vi,0.93,prefix_suffix,lexical
jeetbuz.vip,vi,0.93,prefix_suffix,lexical
betciomobil2026.vip,vi,0.93,prefix_suffix,lexical
didi51-t0321.vip,vi,0.93,prefix_suffix,lexical
vivekandaditi.com,vi,0.93,prefix_suffix,lexical
61078.vip,vi,0.93,prefix_suffix,lexical
lawclinic.online,nic,0.93,prefix_suffix,lexical
villamagnolia.us,vi,0.93,prefix_suffix,lexical
1b1b.vip,vi,0.93,prefix_suffix,lexical
nickmayerhyudai.com,nic,0.93,prefix_suffix,lexical
vidcreatorssummit.com,vi,0.93,prefix_suffix,lexical
vishap.com,vi,0.93,prefix_suffix,lexical
casibom-yenixadresi.vip,vi,0.93,prefix_suffix,lexical
video2checkoutai.info,vi,0.93,prefix_suffix,lexical
nickelfreetitaniumbuckles.com,nic,0.93,prefix_suffix,lexical
pkzxj.vip,vi,0.93,prefix_suffix,lexical
virtual-christ.com,vi,0.93,prefix_suffix,lexical
28647.vip,vi,0.93,prefix_suffix,lexical
visiummax.net,vi,0.93,prefix_suffix,lexical
26124514.vip,vi,0.93,prefix_suffix,lexical
kaqzz.vip,vi,0.93,prefix_suffix,lexical
nicolo.us,nic,0.93,prefix_suffix,lexical
visaliacharterbus.com,vi,0.93,prefix_suffix,lexical
duobaowu.vip,vi,0.93,prefix_suffix,lexical
t-visionreview.com,vi,0.93,prefix_suffix,lexical
vikinghomeservicepro.com,vi,0.93,prefix_suffix,lexical
vinpkrgame.com,vi,0.93,prefix_suffix,lexical
hyyyy.vip,vi,0.93,prefix_suffix,lexical
26124587.vip,vi,0.93,prefix_suffix,lexical
xpj6666.vip,vi,0.93,prefix_suffix,lexical
violatrading.com,vi,0.93,prefix_suffix,lexical
26124566.vip,vi,0.93,prefix_suffix,lexical
bobbleheaddesigns.com,bob,0.93,prefix_suffix,lexical
mgejvkvl.xyz,vi,0.93,prefix_suffix,lexical
bs3.casino,bse,0.98,exact_label,lexical
37819.vip,vi,0.93,prefix_suffix,lexical
villaalmencino.com,vi,0.93,prefix_suffix,lexical
94018.vip,vi,0.93,prefix_suffix,lexical
vintageminted.com,vi,0.93,prefix_suffix,lexical
41755.vip,vi,0.93,prefix_suffix,lexical
xojili.vip,vi,0.93,prefix_suffix,lexical
58083.vip,vi,0.93,prefix_suffix,lexical
doctorkaronmedicalclinic.com,nic,0.93,prefix_suffix,lexical
nehayadavi.life,vi,0.93,prefix_suffix,lexical
vinnos.net,vi,0.93,prefix_suffix,lexical
vic.legal,vi,0.93,prefix_suffix,lexical
hj58l.top,sbi,0.93,prefix_suffix,lexical
forestlakesnfusionclinic.online,nic,0.93,prefix_suffix,lexical
bobbleheadfans.com,bob,0.93,prefix_suffix,lexical
eclika.com,eci,0.93,prefix_suffix,lexical
vibescleaning.xyz,vi,0.93,prefix_suffix,lexical
kydzt.vip,vi,0.93,prefix_suffix,lexical
virtualteammanagers.com,vi,0.93,prefix_suffix,lexical
analuvi.xyz,vi,0.93,prefix_suffix,lexical
y524.vip,vi,0.93,prefix_suffix,lexical
gzqan.vip,vi,0.93,prefix_suffix,lexical
vincentvandervalk.com,vi,0.93,prefix_suffix,lexical
10348.vip,vi,0.93,prefix_suffix,lexical
digitalclinic.us,nic,0.93,prefix_suffix,lexical
village76.com,vi,0.93,prefix_suffix,lexical
jurilabpro.vip,vi,0.93,prefix_suffix,lexical
vietabank-vn.com,vi,0.93,prefix_suffix,lexical
sacramentoshometowninternet.com,sac,0.93,prefix_suffix,lexical
madhvi.pl,vi,0.93,prefix_suffix,lexical
axisscan.net,axis,0.93,prefix_suffix,lexical
vialattitude.com,vi,0.93,prefix_suffix,lexical
8e88-vip.net,vi,0.93,prefix_suffix,lexical
vivacoshopp.online,vi,0.93,prefix_suffix,lexical
hehyv.vip,vi,0.93,prefix_suffix,lexical
vivozmusoramsk.ru,vi,0.93,prefix_suffix,lexical
3cics.cyou,eci,0.93,prefix_suffix,lexical
67858.vip,vi,0.93,prefix_suffix,lexical
sachetech-ie.com,sac,0.93,prefix_suffix,lexical
virginiaandnathan.wedding,vi,0.93,prefix_suffix,lexical
empoweringchildrenvi.org,vi,0.93,prefix_suffix,lexical
h27vl.top,vi,0.93,prefix_suffix,lexical
26124402.vip,vi,0.93,prefix_suffix,lexical
viplinkneko4d.store,vi,0.93,prefix_suffix,lexical
divaorganic.info,nic,0.93,prefix_suffix,lexical
cathedrale-sacrecoeur-bzv.com,sac,0.93,prefix_suffix,lexical
vilanakids.com,vi,0.93,prefix_suffix,lexical
dufkvl.store,vi,0.93,prefix_suffix,lexical
68640.vip,vi,0.93,prefix_suffix,lexical
vignttollinfo.site,vi,0.93,prefix_suffix,lexical
viidey.cloud,vi,0.93,prefix_suffix,lexical
26124303.vip,vi,0.93,prefix_suffix,lexical
177d9.vip,vi,0.93,prefix_suffix,lexical
zaloha-corebit-ai.net,rebit,0.93,prefix_suffix,lexical
vinenest.shop,vi,0.93,prefix_suffix,lexical
20998.vip,vi,0.93,prefix_suffix,lexical
h21vl.top,vi,0.93,prefix_suffix,lexical
villagelabfoundation.org,vi,0.93,prefix_suffix,lexical
villaclassic.com,vi,0.93,prefix_suffix,lexical
sacredrhythmsofselfcare.com,sac,0.93,prefix_suffix,lexical
nicegramservice.ru,nic,0.93,prefix_suffix,lexical
vibethencode.com,vi,0.93,prefix_suffix,lexical
vivaypro.top,vi,0.93,prefix_suffix,lexical
26024571.vip,vi,0.93,prefix_suffix,lexical
yjdistant.vip,vi,0.93,prefix_suffix,lexical
28425.vip,vi,0.93,prefix_suffix,lexical
gnovi.io,vi,0.93,prefix_suffix,lexical
myvintagetaste.com,vi,0.93,prefix_suffix,lexical
virdanith.com,vi,0.93,prefix_suffix,lexical
com-wdasdjg.vip,vi,0.93,prefix_suffix,lexical
victoriamarinefuels.com,vi,0.93,prefix_suffix,lexical
bs42s5.vip,vi,0.93,prefix_suffix,lexical
06794.vip,vi,0.93,prefix_suffix,lexical
glarilybatavi.qpon,vi,0.93,prefix_suffix,lexical
7763251.vip,vi,0.93,prefix_suffix,lexical
zjksl.vip,vi,0.93,prefix_suffix,lexical
agvtk217.vip,vi,0.93,prefix_suffix,lexical
vivredesonart.online,vi,0.93,prefix_suffix,lexical
ubeit.vip,vi,0.93,prefix_suffix,lexical
26124559.vip,vi,0.93,prefix_suffix,lexical
notebook.vip,vi,0.93,prefix_suffix,lexical
reklamhub.vip,vi,0.93,prefix_suffix,lexical
26124417.vip,vi,0.93,prefix_suffix,lexical
findyourclinic.online,nic,0.93,prefix_suffix,lexical
vimvum.bet,vi,0.93,prefix_suffix,lexical
cerepashka-viruchashka.ru,vi,0.93,prefix_suffix,lexical
849rr588.vip,vi,0.93,prefix_suffix,lexical
shop-vinyl.com,vi,0.93,prefix_suffix,lexical
v1aackba.top,vi,0.93,prefix_suffix,lexical
vippers.us,vi,0.93,prefix_suffix,lexical
nickheiner.com,nic,0.93,prefix_suffix,lexical
visualsbyjaydengreen.com,vi,0.93,prefix_suffix,lexical
vigilhub.io,vi,0.93,prefix_suffix,lexical
vistasocialpartners.com,vi,0.93,prefix_suffix,lexical
viwoplus.site,vi,0.93,prefix_suffix,lexical
nickmassian.com,nic,0.93,prefix_suffix,lexical
atendimentoclientesac.online,sac,0.93,prefix_suffix,lexical
lovi.cash,vi,0.93,prefix_suffix,lexical
vipgold.org,vi,0.93,prefix_suffix,lexical
messianic-mafia.com,nic,0.93,prefix_suffix,lexical
eveclinic.com,nic,0.93,prefix_suffix,lexical
lbfavi.top,vi,0.93,prefix_suffix,lexical
nicemedics.com,nic,0.93,prefix_suffix,lexical
vigab.com,vi,0.93,prefix_suffix,lexical
villaaloria.com,vi,0.93,prefix_suffix,lexical
victoriafallswaterfront.com,vi,0.93,prefix_suffix,lexical
tl5979.vip,vi,0.93,prefix_suffix,lexical
grupoaxis.com,axis,0.93,prefix_suffix,lexical
vietanwrites.online,vi,0.93,prefix_suffix,lexical
hhhb5355.vip,vi,0.93,prefix_suffix,lexical
visiblelocal-pro.store,vi,0.93,prefix_suffix,lexical
03282-vip888.sbs,vi,0.93,prefix_suffix,lexical
vividtrendtreasury.shop,vi,0.93,prefix_suffix,lexical
ky558022.vip,vi,0.93,prefix_suffix,lexical
vip-king.shop,vi,0.93,prefix_suffix,lexical
vintiqueguitars.com,vi,0.93,prefix_suffix,lexical
visualbyjb.com,vi,0.93,prefix_suffix,lexical
xn--atualizar-proteo-snb5e.online,bse,0.93,prefix_suffix,lexical
threeoaksequineclinic.com,nic,0.93,prefix_suffix,lexical
betebetresmigiris2026.vip,vi,0.93,prefix_suffix,lexical
vigvault.com,vi,0.93,prefix_suffix,lexical
ciubth.vip,vi,0.93,prefix_suffix,lexical
09307.vip,vi,0.93,prefix_suffix,lexical
lfzoc.vip,vi,0.93,prefix_suffix,lexical
30569.vip,vi,0.93,prefix_suffix,lexical
videolunch.com,vi,0.93,prefix_suffix,lexical
visualizapaisajes.com,vi,0.93,prefix_suffix,lexical
26124420.vip,vi,0.93,prefix_suffix,lexical
y7124470.vip,vi,0.93,prefix_suffix,lexical
oocrr.vip,vi,0.93,prefix_suffix,lexical
visitmalysia.info,vi,0.93,prefix_suffix,lexical
vidriopse.co,vi,0.93,prefix_suffix,lexical
visitidahospringscolorado.com,vi,0.93,prefix_suffix,lexical
zqlhe.vip,vi,0.93,prefix_suffix,lexical
visutech.us,vi,0.93,prefix_suffix,lexical
victorinox-eui.top,vi,0.93,prefix_suffix,lexical
villarosesolutions.com,vi,0.93,prefix_suffix,lexical
c785.vip,vi,0.93,prefix_suffix,lexical
villa-maja.com,vi,0.93,prefix_suffix,lexical
vlessexpress.sbs,vi,0.93,prefix_suffix,lexical
vishalandkomal.com,vi,0.93,prefix_suffix,lexical
weilife.vip,vi,0.93,prefix_suffix,lexical
vijapmu.nl,vi,0.93,prefix_suffix,lexical
wghbd.vip,vi,0.93,prefix_suffix,lexical
villagepointmotors.com,vi,0.93,prefix_suffix,lexical
bailety80.vip,vi,0.93,prefix_suffix,lexical
35998.vip,vi,0.93,prefix_suffix,lexical
vitalitymethodpress.lat,vi,0.93,prefix_suffix,lexical
eqiya.vip,vi,0.93,prefix_suffix,lexical
viewlogic.net,vi,0.93,prefix_suffix,lexical
jiahong.vip,vi,0.93,prefix_suffix,lexical
28083.vip,vi,0.93,prefix_suffix,lexical
virjeansjob.com,vi,0.93,prefix_suffix,lexical
visiocore.com,vi,0.93,prefix_suffix,lexical
vitalleben.info,vi,0.93,prefix_suffix,lexical
ls0uhb.vip,vi,0.93,prefix_suffix,lexical
h70vl.top,vi,0.93,prefix_suffix,lexical
neredebahisaff2026.vip,vi,0.93,prefix_suffix,lexical
hpaka.vip,vi,0.93,prefix_suffix,lexical
viralmedia.cz,vi,0.93,prefix_suffix,lexical
26124406.vip,vi,0.93,prefix_suffix,lexical
vitalverify.click,vi,0.93,prefix_suffix,lexical
vitadietm.com,vi,0.93,prefix_suffix,lexical
849aa366.vip,vi,0.93,prefix_suffix,lexical
virtown.com,vi,0.93,prefix_suffix,lexical
bksqk.vip,vi,0.93,prefix_suffix,lexical
viecreativebrands.com,vi,0.93,prefix_suffix,lexical
zqjvz.vip,vi,0.93,prefix_suffix,lexical
visionglobalmba.com,vi,0.93,prefix_suffix,lexical
vidsrc.us,vi,0.93,prefix_suffix,lexical
vivacam.com,vi,0.93,prefix_suffix,lexical
painter-jobs-viewer-310.world,vi,0.93,prefix_suffix,lexical
ay555.vip,vi,0.93,prefix_suffix,lexical
viscountcies.com,vi,0.93,prefix_suffix,lexical
t6vk.vip,vi,0.93,prefix_suffix,lexical
casino-x-vip-0aq.monster,vi,0.93,prefix_suffix,lexical
sacredgroundpractice.com,sac,0.93,prefix_suffix,lexical
vintagevaultmagic.com,vi,0.93,prefix_suffix,lexical
bsp6.vip,vi,0.93,prefix_suffix,lexical
vlrnt-event.space,vi,0.93,prefix_suffix,lexical
mavibet-girislerim.vip,vi,0.93,prefix_suffix,lexical
visualpurpls.com,vi,0.93,prefix_suffix,lexical
vinylfences01.shop,vi,0.93,prefix_suffix,lexical
villasbytonia.com,vi,0.93,prefix_suffix,lexical
vincentpadalino.com,vi,0.93,prefix_suffix,lexical
26124324.vip,vi,0.93,prefix_suffix,lexical
vivernojapao.com.br,vi,0.93,prefix_suffix,lexical
go-viriflow.us,vi,0.93,prefix_suffix,lexical
vipcashai.xyz,vi,0.93,prefix_suffix,lexical
ckhbw.vip,vi,0.93,prefix_suffix,lexical
926688.vip,vi,0.93,prefix_suffix,lexical
eqsiaid.vip,vi,0.93,prefix_suffix,lexical
nickskit.com,nic,0.93,prefix_suffix,lexical
catch-ontv.vip,vi,0.93,prefix_suffix,lexical
jojobetadres-giris.vip,vi,0.93,prefix_suffix,lexical
dtrav.vip,vi,0.93,prefix_suffix,lexical
vividcolorphotographe.com,vi,0.93,prefix_suffix,lexical
znlid.vip,vi,0.93,prefix_suffix,lexical
visionfix.com,vi,0.93,prefix_suffix,lexical
04239.vip,vi,0.93,prefix_suffix,lexical
jlopo.vip,jio,0.93,prefix_suffix,lexical
acasf.vip,vi,0.93,prefix_suffix,lexical
vittoriasubdivision.com,vi,0.93,prefix_suffix,lexical
gbls988.vip,vi,0.93,prefix_suffix,lexical
y7123812.vip,vi,0.93,prefix_suffix,lexical
royalbetresmilink.vip,vi,0.93,prefix_suffix,lexical
vingett-path.site,vi,0.93,prefix_suffix,lexical
virtualphotographernearme.com,vi,0.93,prefix_suffix,lexical
vistaeducation.store,vi,0.93,prefix_suffix,lexical
plush808.com,bob,0.93,prefix_suffix,lexical
viro2ne.com,vi,0.93,prefix_suffix,lexical
v19968.com,vi,0.93,prefix_suffix,lexical
vipweixin.net,vi,0.93,prefix_suffix,lexical
guncele-gir2026.vip,vi,0.93,prefix_suffix,lexical
victorydigitalme.com,vi,0.93,prefix_suffix,lexical
omnic.us,nic,0.93,prefix_suffix,lexical
vietnamesetraveltips.com,vi,0.93,prefix_suffix,lexical
victimsofterrorism.com,vi,0.93,prefix_suffix,lexical
axisandveil.com,axis,0.93,prefix_suffix,lexical
vibesforever.xyz,vi,0.93,prefix_suffix,lexical
visittannenversand.shop,vi,0.93,prefix_suffix,lexical
rzjuq218.vip,vi,0.93,prefix_suffix,lexical
nlpcommunicator.vip,vi,0.93,prefix_suffix,lexical
vignette-path.site,vi,0.93,prefix_suffix,lexical
lh000.vip,vi,0.93,prefix_suffix,lexical
videokis.com,vi,0.93,prefix_suffix,lexical
eclecticent.info,eci,0.93,prefix_suffix,lexical
alibarbar8.vip,vi,0.93,prefix_suffix,lexical
vichy-outlet.site,vi,0.93,prefix_suffix,lexical
sgtmarkets.vip,vi,0.93,prefix_suffix,lexical
26024434.vip,vi,0.93,prefix_suffix,lexical
kucukcekmece-ses.vip,vi,0.93,prefix_suffix,lexical
villavicenta.com,vi,0.93,prefix_suffix,lexical
visionstoresneaker.com,vi,0.93,prefix_suffix,lexical
26124425.vip,vi,0.93,prefix_suffix,lexical
virginiagreasetrapservice.com,vi,0.93,prefix_suffix,lexical
youdao-fangyi-docs-vip.com,vi,0.93,prefix_suffix,lexical
vinocidra.com,vi,0.93,prefix_suffix,lexical
vigilantegriffons.com,vi,0.93,prefix_suffix,lexical
bet-bob.com,bob,0.98,exact_label,lexical
vikavpn.online,vi,0.93,prefix_suffix,lexical
sanqv.vip,vi,0.93,prefix_suffix,lexical
virtualvideowalk.com,vi,0.93,prefix_suffix,lexical
psikopatinevi.com,vi,0.93,prefix_suffix,lexical
h83vl.top,vi,0.93,prefix_suffix,lexical
viralideasvideoeditingstrategies.com,vi,0.93,prefix_suffix,lexical
vinley.dev,vi,0.93,prefix_suffix,lexical
47439.vip,vi,0.93,prefix_suffix,lexical
dpuejey.vip,vi,0.93,prefix_suffix,lexical
dmrgc.vip,vi,0.93,prefix_suffix,lexical
debessac.com,sac,0.93,prefix_suffix,lexical
vip555lvfc.site,vi,0.93,prefix_suffix,lexical
t-visionapps.com,vi,0.93,prefix_suffix,lexical
vitafybrand.com,vi,0.93,prefix_suffix,lexical
abhanyaenterprises.com,nha,0.93,prefix_suffix,lexical
31396.vip,vi,0.93,prefix_suffix,lexical
victoriagate.skin,vi,0.93,prefix_suffix,lexical
hvhds.vip,vi,0.93,prefix_suffix,lexical
67830.vip,vi,0.93,prefix_suffix,lexical
drrashminaiksclinic.com,nic,0.93,prefix_suffix,lexical
vimat.org,vi,0.93,prefix_suffix,lexical
victoryframecoach.com,vi,0.93,prefix_suffix,lexical
sacrificemovie.com,sac,0.93,prefix_suffix,lexical
vipkalyanmatka.com,vi,0.93,prefix_suffix,lexical
viventa.com.tr,vi,0.93,prefix_suffix,lexical
26124463.vip,vi,0.93,prefix_suffix,lexical
villahoogheheide.com,vi,0.93,prefix_suffix,lexical
vivafarma-es.com,vi,0.93,prefix_suffix,lexical
58134.vip,sbi,0.93,prefix_suffix,lexical
vippgslots4.com,vi,0.93,prefix_suffix,lexical
bobotex.us,bob,0.93,prefix_suffix,lexical
dentalclinic-watanabe.com,nic,0.93,prefix_suffix,lexical
demoeverything.vip,vi,0.93,prefix_suffix,lexical
org16ubx.top,census,0.93,prefix_suffix,lexical
viapivot.com,vi,0.93,prefix_suffix,lexical
vigorsanas.com,vi,0.93,prefix_suffix,lexical
y7124462.vip,vi,0.93,prefix_suffix,lexical
virtuefromgod.com,vi,0.93,prefix_suffix,lexical
26124503.vip,vi,0.93,prefix_suffix,lexical
vialmar.com,vi,0.93,prefix_suffix,lexical
leyu-vip-download.com,vi,0.93,prefix_suffix,lexical
lw996.vip,vi,0.93,prefix_suffix,lexical
axistia.org,axis,0.93,prefix_suffix,lexical
yjcontract.vip,vi,0.93,prefix_suffix,lexical
videogamingmall.com,vi,0.93,prefix_suffix,lexical
genyclinic.com,nic,0.93,prefix_suffix,lexical
vitacore.sbs,vi,0.93,prefix_suffix,lexical
vivelibregt.com,vi,0.93,prefix_suffix,lexical
vit-admission-search.xyz,vi,0.93,prefix_suffix,lexical
vioglow.online,vi,0.93,prefix_suffix,lexical
visionexpress24.com,vi,0.93,prefix_suffix,lexical
vibesmanagement.xyz,vi,0.93,prefix_suffix,lexical
sweetbonanza-zeusbonus10.vip,vi,0.93,prefix_suffix,lexical
visitcamiguin.com,vi,0.93,prefix_suffix,lexical
vidakits.com,vi,0.93,prefix_suffix,lexical
vintageclothing4u.com,vi,0.93,prefix_suffix,lexical
grcos.vip,vi,0.93,prefix_suffix,lexical
betciomobilgiris2026.vip,vi,0.93,prefix_suffix,lexical
v15599.com,vi,0.93,prefix_suffix,lexical
vignetteautopass.online,vi,0.93,prefix_suffix,lexical
vip5559dp.live,vi,0.93,prefix_suffix,lexical
lavanderiamaxiburprovi.com,vi,0.93,prefix_suffix,lexical
weststreetcapitalpartners.vip,vi,0.93,prefix_suffix,lexical
y7124517.vip,vi,0.93,prefix_suffix,lexical
viralmp3.com,vi,0.93,prefix_suffix,lexical
pvsvr.vip,vi,0.93,prefix_suffix,lexical
vindollar.com,vi,0.93,prefix_suffix,lexical
sovadvi.website,vi,0.93,prefix_suffix,lexical
512sd.vip,vi,0.93,prefix_suffix,lexical
real-viso.com,vi,0.93,prefix_suffix,lexical
vivasaudavel.com,vi,0.93,prefix_suffix,lexical
haafs-sacker-roup.site,sac,0.93,prefix_suffix,lexical
vibrantskinbrowartist.com,vi,0.93,prefix_suffix,lexical
kxbtn.vip,vi,0.93,prefix_suffix,lexical
vlogvlog.com,vi,0.93,prefix_suffix,lexical
vinetx.com,vi,0.93,prefix_suffix,lexical
prensbetlivebahis.vip,vi,0.93,prefix_suffix,lexical
visionedge-insuretrack.com,vi,0.93,prefix_suffix,lexical
y7124516.vip,vi,0.93,prefix_suffix,lexical
pingo666.vip,vi,0.93,prefix_suffix,lexical
zealthcaremedicalclinic.com,nic,0.93,prefix_suffix,lexical
www11x.vip,vi,0.93,prefix_suffix,lexical
virtuva.pro,vi,0.93,prefix_suffix,lexical
1uv1.com,vi,0.93,prefix_suffix,lexical
ht50xz716.vip,vi,0.93,prefix_suffix,lexical
csorganic.com,nic,0.93,prefix_suffix,lexical
vitaalkompasbyfles.com,vi,0.93,prefix_suffix,lexical
ht45xz716.vip,vi,0.93,prefix_suffix,lexical
holiganresmiadresii.vip,vi,0.93,prefix_suffix,lexical
111bo71.vip,vi,0.93,prefix_suffix,lexical
bobatoto22ac.site,bob,0.93,prefix_suffix,lexical
viagracokr.com,vi,0.93,prefix_suffix,lexical
play-pajak.vip,vi,0.93,prefix_suffix,lexical
bansos188eci.site,eci,0.93,prefix_suffix,lexical
0203com0417.vip,vi,0.93,prefix_suffix,lexical
hdfcind.com,hdfc,0.93,prefix_suffix,lexical
viewmysite.com,vi,0.93,prefix_suffix,lexical
crb21.vip,vi,0.93,prefix_suffix,lexical
1688883.vip,vi,0.93,prefix_suffix,lexical
viibunhf.xyz,vi,0.93,prefix_suffix,lexical
yotaylor.vip,vi,0.93,prefix_suffix,lexical
viplimogroup.com,vi,0.93,prefix_suffix,lexical
villagecourtyardil.com,vi,0.93,prefix_suffix,lexical
blockchaincensus.com,census,0.93,prefix_suffix,lexical
zh-vip-manguansports.com,vi,0.93,prefix_suffix,lexical
devi-stairlifts.com,vi,0.93,prefix_suffix,lexical
visitgiliair.com,vi,0.93,prefix_suffix,lexical
ho969t.vip,vi,0.93,prefix_suffix,lexical
axisimpresa.com,axis,0.93,prefix_suffix,lexical
villabertaresort.com,vi,0.93,prefix_suffix,lexical
benu-vip.top,vi,0.93,prefix_suffix,lexical
litechnic.com,nic,0.93,prefix_suffix,lexical
tucasaya.vip,vi,0.93,prefix_suffix,lexical
viptoto.buzz,vi,0.93,prefix_suffix,lexical
visitcentrallouisiana.com,vi,0.93,prefix_suffix,lexical
ibizabetgunceladresi.vip,vi,0.93,prefix_suffix,lexical
vladimirsofya-06-06-2026.ru,vi,0.93,prefix_suffix,lexical
vinculoo.com.br,vi,0.93,prefix_suffix,lexical
vibradftoy.shop,vi,0.93,prefix_suffix,lexical
misophonic.com,nic,0.93,prefix_suffix,lexical
vip-wcpicks2026.com,vi,0.93,prefix_suffix,lexical
vl9o9q.top,vi,0.93,prefix_suffix,lexical
euzsi.vip,vi,0.93,prefix_suffix,lexical
visioniqch.com,vi,0.93,prefix_suffix,lexical
organic-p.com,nic,0.93,prefix_suffix,lexical
vincstream.site,vi,0.93,prefix_suffix,lexical
vinearbour.ca,vi,0.93,prefix_suffix,lexical
camslaw.store,cams,0.93,prefix_suffix,lexical
grovi.space,vi,0.93,prefix_suffix,lexical
bitnestcoinapp.vip,vi,0.93,prefix_suffix,lexical
vireoonline.com,vi,0.93,prefix_suffix,lexical
vincentleo3227.xyz,vi,0.93,prefix_suffix,lexical
v1nc.cfd,vi,0.93,prefix_suffix,lexical
primenowstay.vip,vi,0.93,prefix_suffix,lexical
vitality.cafe,vi,0.93,prefix_suffix,lexical
vionat.com,vi,0.93,prefix_suffix,lexical
sbi-ripoff.com,sbi,0.98,exact_label,lexical
paycio.vip,vi,0.93,prefix_suffix,lexical
videosavezone.com,vi,0.93,prefix_suffix,lexical
lw699.vip,vi,0.93,prefix_suffix,lexical
xmizdsvl.xyz,vi,0.93,prefix_suffix,lexical
y7124530.vip,vi,0.93,prefix_suffix,lexical
xfruk.vip,vi,0.93,prefix_suffix,lexical
nhadatanphu.com,nha,0.93,prefix_suffix,lexical
nickykerslake.com,nic,0.93,prefix_suffix,lexical
sacreddelights.net,sac,0.93,prefix_suffix,lexical
197vip88.vip,vi,0.93,prefix_suffix,lexical
boby-net.com,bob,0.93,prefix_suffix,lexical
villaluxuryrocktirri.store,vi,0.93,prefix_suffix,lexical
bia-photonic.academy,nic,0.93,prefix_suffix,lexical
v1pm8.xyz,vi,0.93,prefix_suffix,lexical
sdbizaxis.xyz,axis,0.93,prefix_suffix,lexical
vida.farm,vi,0.93,prefix_suffix,lexical
virasystem.com,vi,0.93,prefix_suffix,lexical
cse-vinay.fr,vi,0.93,prefix_suffix,lexical
sms654c.net,sac,0.93,prefix_suffix,lexical
gpt-image-2.vip,vi,0.93,prefix_suffix,lexical
fanvi.top,vi,0.93,prefix_suffix,lexical
ctkars1.vip,vi,0.93,prefix_suffix,lexical
vip-shijiebei2026.com,vi,0.93,prefix_suffix,lexical
villa-allende.com,vi,0.93,prefix_suffix,lexical
virtuelleai.com,vi,0.93,prefix_suffix,lexical
cjilevaryu.vip,vi,0.93,prefix_suffix,lexical
krikia.vip,vi,0.93,prefix_suffix,lexical
com-faksdjw.vip,vi,0.93,prefix_suffix,lexical
iocl.us,iocl,0.98,exact_label,lexical
ykrll.vip,vi,0.93,prefix_suffix,lexical
i-visionholding.xyz,vi,0.93,prefix_suffix,lexical
50746.vip,vi,0.93,prefix_suffix,lexical
bilisplus.vip,vi,0.93,prefix_suffix,lexical
watsenz.vip,vi,0.93,prefix_suffix,lexical
davidvi.com,vi,0.93,prefix_suffix,lexical
myscronic.com,nic,0.93,prefix_suffix,lexical
41tuv1.top,vi,0.93,prefix_suffix,lexical
duck1688.vip,vi,0.93,prefix_suffix,lexical
thetoyclinic.com,nic,0.93,prefix_suffix,lexical
haluvi.com,vi,0.93,prefix_suffix,lexical
yellow-vine.com,vi,0.93,prefix_suffix,lexical
baeyj.vip,vi,0.93,prefix_suffix,lexical
vlttcr.sbs,vi,0.93,prefix_suffix,lexical
lasecretaire.vip,vi,0.93,prefix_suffix,lexical
alcoygoloc1.store,iocl,0.93,prefix_suffix,lexical
a7ty25.vip,vi,0.93,prefix_suffix,lexical
pastoral-visions.com,vi,0.93,prefix_suffix,lexical
sacramentoautomators.com,sac,0.93,prefix_suffix,lexical
myvideollamadas.site,vi,0.93,prefix_suffix,lexical
vocotvi.com,vi,0.93,prefix_suffix,lexical
26124349.vip,vi,0.93,prefix_suffix,lexical
ayigky379.vip,vi,0.93,prefix_suffix,lexical
849ww899.vip,vi,0.93,prefix_suffix,lexical
bbbanke.vip,vi,0.93,prefix_suffix,lexical
myvip-vips.skin,vi,0.93,prefix_suffix,lexical
vip-wc2026odds.com,vi,0.93,prefix_suffix,lexical
04543.vip,vi,0.93,prefix_suffix,lexical
xy56.vip,vi,0.93,prefix_suffix,lexical
virol.org,vi,0.93,prefix_suffix,lexical
vicentiniromano.com,vi,0.93,prefix_suffix,lexical
1xbet-vin.top,vi,0.93,prefix_suffix,lexical
y437.vip,vi,0.93,prefix_suffix,lexical
porn-videoxxx.org,vi,0.93,prefix_suffix,lexical
telegram-vip-lottery-win.top,vi,0.93,prefix_suffix,lexical
26124407.vip,vi,0.93,prefix_suffix,lexical
37806.vip,vi,0.93,prefix_suffix,lexical
anchovi.com,vi,0.93,prefix_suffix,lexical
vibesocks.top,vi,0.93,prefix_suffix,lexical
virtualsecondchair.com,vi,0.93,prefix_suffix,lexical
920rr.vip,vi,0.93,prefix_suffix,lexical
16303.vip,vi,0.93,prefix_suffix,lexical
vikingisle.com,vi,0.93,prefix_suffix,lexical
bahiscasino-linkim.vip,vi,0.93,prefix_suffix,lexical
vivachefs.com,vi,0.93,prefix_suffix,lexical
violacami.com,vi,0.93,prefix_suffix,lexical
vinhomes-haunghia.online,vi,0.93,prefix_suffix,lexical
com-cvt.vip,vi,0.93,prefix_suffix,lexical
vloer070.nl,vi,0.93,prefix_suffix,lexical
qyc22.vip,vi,0.93,prefix_suffix,lexical
nicebrowser.com,nic,0.93,prefix_suffix,lexical
9yh-vip.com,vi,0.93,prefix_suffix,lexical
688trophy.vip,vi,0.93,prefix_suffix,lexical
vinayak-collections.com,vi,0.93,prefix_suffix,lexical
78253.vip,vi,0.93,prefix_suffix,lexical
ap-vaycasino.vip,vi,0.93,prefix_suffix,lexical
villa-family.com,vi,0.93,prefix_suffix,lexical
luminousaxis.com,axis,0.93,prefix_suffix,lexical
vidmuse.site,vi,0.93,prefix_suffix,lexical
h30vl.top,vi,0.93,prefix_suffix,lexical
vlzqb5soyx.net,vi,0.93,prefix_suffix,lexical
y7124347.vip,vi,0.93,prefix_suffix,lexical
4v55err.vip,vi,0.93,prefix_suffix,lexical
47247.vip,vi,0.93,prefix_suffix,lexical
bobobeluga.online,bob,0.93,prefix_suffix,lexical
vl5uqvgk.asia,vi,0.93,prefix_suffix,lexical
lurox.vip,vi,0.93,prefix_suffix,lexical
virtualescorts.com,vi,0.93,prefix_suffix,lexical
6f0tv1.sbs,vi,0.93,prefix_suffix,lexical
timelinetonic.click,nic,0.93,prefix_suffix,lexical
niceai.art,nic,0.93,prefix_suffix,lexical
vitalscience.blog,vi,0.93,prefix_suffix,lexical
bobbarino.com,bob,0.93,prefix_suffix,lexical
visionstcg.com,vi,0.93,prefix_suffix,lexical
84709.vip,vi,0.93,prefix_suffix,lexical
vlaholding.com,vi,0.93,prefix_suffix,lexical
moaac.vip,vi,0.93,prefix_suffix,lexical
vincentinsuresme.com,vi,0.93,prefix_suffix,lexical
nakarii.vip,vi,0.93,prefix_suffix,lexical
viewprovider.com,vi,0.93,prefix_suffix,lexical
etafn.vip,vi,0.93,prefix_suffix,lexical
crb28.vip,vi,0.93,prefix_suffix,lexical
grupo-fusac.com,sac,0.93,prefix_suffix,lexical
asterbetting2026.vip,vi,0.93,prefix_suffix,lexical
vigier.us,vi,0.93,prefix_suffix,lexical
vier400.com,vi,0.93,prefix_suffix,lexical
subby-electronic.store,nic,0.93,prefix_suffix,lexical
vitarise.org,vi,0.93,prefix_suffix,lexical
h37vl.top,vi,0.93,prefix_suffix,lexical
vintaglam.com,vi,0.93,prefix_suffix,lexical
jetbuz.vip,vi,0.93,prefix_suffix,lexical
dima-vika-04-07-2026.ru,vi,0.93,prefix_suffix,lexical
betcioadresigiris.vip,vi,0.93,prefix_suffix,lexical
diac-electronic.com,nic,0.93,prefix_suffix,lexical
mallorca-vip-villas.com,vi,0.93,prefix_suffix,lexical
varsity-vibes.com,vi,0.93,prefix_suffix,lexical
visualcode.us,vi,0.93,prefix_suffix,lexical
corpuschristiwebcams.com,cams,0.93,prefix_suffix,lexical
eclatdumorvan.com,eci,0.93,prefix_suffix,lexical
com-elitim.vip,vi,0.93,prefix_suffix,lexical
viajarporgalicia.com,vi,0.93,prefix_suffix,lexical
ggkab.vip,vi,0.93,prefix_suffix,lexical
y7124526.vip,vi,0.93,prefix_suffix,lexical
ht42xz716.vip,vi,0.93,prefix_suffix,lexical
viganbanco.com,vi,0.93,prefix_suffix,lexical
vip5555gc.live,vi,0.93,prefix_suffix,lexical
jinzheng.vip,vi,0.93,prefix_suffix,lexical
42549.vip,vi,0.93,prefix_suffix,lexical
eclipseinshelbycountyin.com,eci,0.93,prefix_suffix,lexical
xn--nica-pra.net,nic,0.93,prefix_suffix,lexical
fukucareer-navi.com,vi,0.93,prefix_suffix,lexical
vidioblog.com,vi,0.93,prefix_suffix,lexical
c168j.vip,vi,0.93,prefix_suffix,lexical
zwceo.vip,vi,0.93,prefix_suffix,lexical
sacerdotalism.shop,sac,0.93,prefix_suffix,lexical
vikopnc.com,vi,0.93,prefix_suffix,lexical
victorum-learning-center.com,vi,0.93,prefix_suffix,lexical
pgkh15.vip,vi,0.93,prefix_suffix,lexical
177p9.vip,vi,0.93,prefix_suffix,lexical
cowpanic.com,nic,0.93,prefix_suffix,lexical
99bh.vip,vi,0.93,prefix_suffix,lexical
villniss.com,vi,0.93,prefix_suffix,lexical
viscountserviceslimited.com,vi,0.93,prefix_suffix,lexical
vistacoachbusservice.com,vi,0.93,prefix_suffix,lexical
t-visionapp.com,vi,0.93,prefix_suffix,lexical
bet317.vip,vi,0.93,prefix_suffix,lexical
bobobaodan.online,bob,0.93,prefix_suffix,lexical
eclipse.watch,eci,0.93,prefix_suffix,lexical
vip333sih.live,vi,0.93,prefix_suffix,lexical
vip2344.com,vi,0.93,prefix_suffix,lexical
virtualgoat.com,vi,0.93,prefix_suffix,lexical
sbit.chat,sbi,0.93,prefix_suffix,lexical
nicheloansprint.com,nic,0.93,prefix_suffix,lexical
royalbt.vip,vi,0.93,prefix_suffix,lexical
viewline.io,vi,0.93,prefix_suffix,lexical
infiniticollision.com,icici,0.93,prefix_suffix,lexical
htkso.vip,vi,0.93,prefix_suffix,lexical
twcp2525.vip,vi,0.93,prefix_suffix,lexical
vip-huohu.com,vi,0.93,prefix_suffix,lexical
vitorhcfernandes.com,vi,0.93,prefix_suffix,lexical
xo-vi-deo.site,vi,0.98,exact_label,lexical
villadupyla.com,vi,0.93,prefix_suffix,lexical
y7124564.vip,vi,0.93,prefix_suffix,lexical
ated010426.vip,vi,0.93,prefix_suffix,lexical
vivicatering.com,vi,0.93,prefix_suffix,lexical
vinegaryard.info,vi,0.93,prefix_suffix,lexical
maltbahismobil.vip,vi,0.93,prefix_suffix,lexical
waldheilpraxis.com,axis,0.93,prefix_suffix,lexical
visapetitioners.com,vi,0.93,prefix_suffix,lexical
vira-latadanoticia.online,vi,0.93,prefix_suffix,lexical
0203com0411.vip,vi,0.93,prefix_suffix,lexical
kanlaya-massagepraxis.berlin,axis,0.93,prefix_suffix,lexical
nham.us,nha,0.93,prefix_suffix,lexical
axis.watch,axis,0.98,exact_label,lexical
vitalwellusa.com,vi,0.93,prefix_suffix,lexical
airfel.org,airtel,0.85,typo,lexical
pusuladresigiris.vip,vi,0.93,prefix_suffix,lexical
y7123998.vip,vi,0.93,prefix_suffix,lexical
54clny.top,sac,0.93,prefix_suffix,lexical
26124342.vip,vi,0.93,prefix_suffix,lexical
vision2030.app,vi,0.93,prefix_suffix,lexical
visalinkapp.online,vi,0.93,prefix_suffix,lexical
viralayer.click,vi,0.93,prefix_suffix,lexical
vic.pub,vi,0.93,prefix_suffix,lexical
visionsourcetexas.com,vi,0.93,prefix_suffix,lexical
vgj52z.vip,vi,0.93,prefix_suffix,lexical
axisboston.legal,axis,0.93,prefix_suffix,lexical
villagepointtoyota.com,vi,0.93,prefix_suffix,lexical
vibew.xyz,vi,0.93,prefix_suffix,lexical
nicecat.us,nic,0.93,prefix_suffix,lexical
via-avignette.autos,vi,0.93,prefix_suffix,lexical
rycsxt.vip,vi,0.93,prefix_suffix,lexical
90794.vip,vi,0.93,prefix_suffix,lexical
9811ff.vip,vi,0.93,prefix_suffix,lexical
vip-bet9.com,vi,0.93,prefix_suffix,lexical
boboszone.com,bob,0.93,prefix_suffix,lexical
parobet-adresimyeni.vip,vi,0.93,prefix_suffix,lexical
vistarafintech.com,vi,0.93,prefix_suffix,lexical
viraldospuntocero.com,vi,0.93,prefix_suffix,lexical
vibesloans.xyz,vi,0.93,prefix_suffix,lexical
acfed-asbl.com,sbi,0.93,prefix_suffix,lexical
atvivi.com,vi,0.93,prefix_suffix,lexical
111bo78.vip,vi,0.93,prefix_suffix,lexical
xy57.vip,vi,0.93,prefix_suffix,lexical
sacrificetheirsimilar.site,sac,0.93,prefix_suffix,lexical
fpfbo.vip,vi,0.93,prefix_suffix,lexical
casibom-2026xadresi.vip,vi,0.93,prefix_suffix,lexical
visionacts.io,vi,0.93,prefix_suffix,lexical
nicolascheron.com,nic,0.93,prefix_suffix,lexical
loveclinic.org,nic,0.93,prefix_suffix,lexical
lndsh.vip,vi,0.93,prefix_suffix,lexical
gold.organic,nic,0.93,prefix_suffix,lexical
nicolacallaghanstudio.co.uk,nic,0.93,prefix_suffix,lexical
appla.vip,vi,0.93,prefix_suffix,lexical
m-viberush119.store,vi,0.93,prefix_suffix,lexical
bo88bo.com,bob,0.93,prefix_suffix,lexical
dcfbs.vip,vi,0.93,prefix_suffix,lexical
videofetch.site,vi,0.93,prefix_suffix,lexical
h64vl.top,vi,0.93,prefix_suffix,lexical
mendwoundclinic.com,nic,0.93,prefix_suffix,lexical
jht9p2.vip,vi,0.93,prefix_suffix,lexical
koreci.com,eci,0.93,prefix_suffix,lexical
resmi-tambetgir3.vip,vi,0.93,prefix_suffix,lexical
lbcfw.vip,vi,0.93,prefix_suffix,lexical
tiktok-mall.vip,vi,0.93,prefix_suffix,lexical
663389.vip,vi,0.93,prefix_suffix,lexical
trendorastorecl.com,eci,0.93,prefix_suffix,lexical
victoradegbite.com,vi,0.93,prefix_suffix,lexical
virtualchill.com,vi,0.93,prefix_suffix,lexical
visualclassic.com,vi,0.93,prefix_suffix,lexical
23c1.com,eci,0.93,prefix_suffix,lexical
vikingcharitiesinc.com,vi,0.93,prefix_suffix,lexical
nlcookies.com,nic,0.93,prefix_suffix,lexical
nickmayerhk.com,nic,0.93,prefix_suffix,lexical
maxwin288-vip.space,vi,0.93,prefix_suffix,lexical
vistabridgeb.online,vi,0.93,prefix_suffix,lexical
visioninstallatie.com,vi,0.93,prefix_suffix,lexical
lkhbw.vip,vi,0.93,prefix_suffix,lexical
viahe.site,vi,0.93,prefix_suffix,lexical
castel-victoria.com,vi,0.93,prefix_suffix,lexical
vimizimpcf.com,vi,0.93,prefix_suffix,lexical
nickenkotak.com,nic,0.93,prefix_suffix,lexical
sribrammarishiclinic.com,nic,0.93,prefix_suffix,lexical
goingbionic.org,nic,0.93,prefix_suffix,lexical
77299k.vip,vi,0.93,prefix_suffix,lexical
viemonjob.com,vi,0.93,prefix_suffix,lexical
vichudsonsnot-so-secretdiary.com,vi,0.93,prefix_suffix,lexical
resmi-jojobetgir9.vip,vi,0.93,prefix_suffix,lexical
nickandjess2025.com,nic,0.93,prefix_suffix,lexical
bybitaivi.com,vi,0.93,prefix_suffix,lexical
viaggiterme.com,vi,0.93,prefix_suffix,lexical
smbsrten.vip,vi,0.93,prefix_suffix,lexical
bff8888.vip,vi,0.93,prefix_suffix,lexical
lxzge.vip,vi,0.93,prefix_suffix,lexical
v1278.com,vi,0.93,prefix_suffix,lexical
78446808.xyz,bob,0.93,prefix_suffix,lexical
bojaro.vip,vi,0.93,prefix_suffix,lexical
365518.vip,vi,0.93,prefix_suffix,lexical
viaggididattici.com,vi,0.93,prefix_suffix,lexical
cellularregeneration.clinic,nic,0.93,prefix_suffix,lexical
vickyvenus.com,vi,0.93,prefix_suffix,lexical
visitandamanislands.com,vi,0.93,prefix_suffix,lexical
wwgroup.vip,vi,0.93,prefix_suffix,lexical
tnxoo.vip,vi,0.93,prefix_suffix,lexical
shorvi.fi,vi,0.93,prefix_suffix,lexical
visioncapital.us,vi,0.93,prefix_suffix,lexical
w3i8jl.vip,vi,0.93,prefix_suffix,lexical
osteopathic-clinic-472892325.click,nic,0.93,prefix_suffix,lexical
bbaymsk.vip,vi,0.93,prefix_suffix,lexical
1xbet-yenigiris.vip,vi,0.93,prefix_suffix,lexical
pakpraxis.com,axis,0.93,prefix_suffix,lexical
buildanddesigngvl.com,vi,0.93,prefix_suffix,lexical
vidimarket.com,vi,0.93,prefix_suffix,lexical
ehxud.vip,vi,0.93,prefix_suffix,lexical
viptina77.com,vi,0.93,prefix_suffix,lexical
videour.info,vi,0.93,prefix_suffix,lexical
vibebiz.com,vi,0.93,prefix_suffix,lexical
fortune99th.vip,vi,0.93,prefix_suffix,lexical
ktfrvv.vip,vi,0.93,prefix_suffix,lexical
visionsourcemidland.com,vi,0.93,prefix_suffix,lexical
not-vless.ru,vi,0.93,prefix_suffix,lexical
vibraelle.com,vi,0.93,prefix_suffix,lexical
y7124313.vip,vi,0.93,prefix_suffix,lexical
4wztpu.vip,vi,0.93,prefix_suffix,lexical
gglwdka808.top,bob,0.93,prefix_suffix,lexical
viberstreet.com,vi,0.93,prefix_suffix,lexical
visitunalaska.com,vi,0.93,prefix_suffix,lexical
y7124432.vip,vi,0.93,prefix_suffix,lexical
p152.vip,vi,0.93,prefix_suffix,lexical
butor.vip,vi,0.93,prefix_suffix,lexical
victorian-ebooks.com,vi,0.93,prefix_suffix,lexical
nrchk.vip,vi,0.93,prefix_suffix,lexical
didi51-t0307.vip,vi,0.93,prefix_suffix,lexical
virginiaofficialrecords.com,vi,0.93,prefix_suffix,lexical
bettilt-giris724.vip,vi,0.93,prefix_suffix,lexical
74148.vip,vi,0.93,prefix_suffix,lexical
vivohealt.onl,vi,0.93,prefix_suffix,lexical
spezialpraxis-kappacher.com,axis,0.93,prefix_suffix,lexical
villaslosnogales.com,vi,0.93,prefix_suffix,lexical
vivianmore.store,vi,0.93,prefix_suffix,lexical
go-viral.online,vi,0.93,prefix_suffix,lexical
sacramentorealestate.broker,sac,0.93,prefix_suffix,lexical
364279.vip,vi,0.93,prefix_suffix,lexical
didi51-t0394.vip,vi,0.93,prefix_suffix,lexical
jl0osz.garden,jio,0.93,prefix_suffix,lexical
vimaj.cl,vi,0.93,prefix_suffix,lexical
7aa02.vip,vi,0.93,prefix_suffix,lexical
nickbfirewood.com,nic,0.93,prefix_suffix,lexical
hlrtp.vip,vi,0.93,prefix_suffix,lexical
y7124576.vip,vi,0.93,prefix_suffix,lexical
vipdrvr.com,vi,0.93,prefix_suffix,lexical
60369.vip,vi,0.93,prefix_suffix,lexical
visconticoffee.com,vi,0.93,prefix_suffix,lexical
ht13xz716.vip,vi,0.93,prefix_suffix,lexical
vlxht.garden,vi,0.93,prefix_suffix,lexical
h55vl.top,vi,0.93,prefix_suffix,lexical
imajbet-limitsiz.vip,vi,0.93,prefix_suffix,lexical
sud-chaqiruvi.help,vi,0.93,prefix_suffix,lexical
xn--wcso60d.vip,vi,0.93,prefix_suffix,lexical
vini.estate,vi,0.93,prefix_suffix,lexical
c794.vip,vi,0.93,prefix_suffix,lexical
sacredpawspetcremation.ink,sac,0.93,prefix_suffix,lexical
lhetg8.vip,vi,0.93,prefix_suffix,lexical
nordictelecom.vip,vi,0.93,prefix_suffix,lexical
intoclinic.com,nic,0.93,prefix_suffix,lexical
vip345-u.com,vi,0.93,prefix_suffix,lexical
hao50.vip,vi,0.93,prefix_suffix,lexical
zxnqm.vip,vi,0.93,prefix_suffix,lexical
saint-pierre-les-viaducs.com,vi,0.93,prefix_suffix,lexical
myball-vip.com,vi,0.93,prefix_suffix,lexical
vrjee.vip,vi,0.93,prefix_suffix,lexical
visibuild.xyz,vi,0.93,prefix_suffix,lexical
lzito.vip,vi,0.93,prefix_suffix,lexical
vitabloom.us,vi,0.93,prefix_suffix,lexical
oldetymepicnic.com,nic,0.93,prefix_suffix,lexical
sackschwitz.com,sac,0.93,prefix_suffix,lexical
lc88888.vip,vi,0.93,prefix_suffix,lexical
vic.loans,vi,0.93,prefix_suffix,lexical
vibranttrendvista.shop,vi,0.93,prefix_suffix,lexical
vietnamcave.com,vi,0.93,prefix_suffix,lexical
virtual-meeting-software-sdni-t4.click,vi,0.93,prefix_suffix,lexical
vifea.com,vi,0.93,prefix_suffix,lexical
videobypandy.store,vi,0.93,prefix_suffix,lexical
xy26.vip,vi,0.93,prefix_suffix,lexical
c45723745.vip,vi,0.93,prefix_suffix,lexical
ogonek-villas.ru,vi,0.93,prefix_suffix,lexical
vivalalobaproductions.com,vi,0.93,prefix_suffix,lexical
bailety44.vip,vi,0.93,prefix_suffix,lexical
glennafreedmanpr.com,nic,0.93,prefix_suffix,lexical
cikvi.com,vi,0.93,prefix_suffix,lexical
mahindan.vip,vi,0.93,prefix_suffix,lexical
244111.vip,vi,0.93,prefix_suffix,lexical
payc2c.vip,vi,0.93,prefix_suffix,lexical
nhatvip.codes,nha,0.93,prefix_suffix,lexical
elite1solutions.vip,vi,0.93,prefix_suffix,lexical
98yl231.vip,vi,0.93,prefix_suffix,lexical
ngsbahis-guncel-sitesi.vip,vi,0.93,prefix_suffix,lexical
30605.vip,vi,0.93,prefix_suffix,lexical
yjdisplay.vip,vi,0.93,prefix_suffix,lexical
stray-vistaproductions.com,vi,0.93,prefix_suffix,lexical
1winsgd.vip,vi,0.93,prefix_suffix,lexical
visag.eu.cc,vi,0.93,prefix_suffix,lexical
victoryfly.website,vi,0.93,prefix_suffix,lexical
vitol.online,vi,0.93,prefix_suffix,lexical
bukaan8.vip,vi,0.93,prefix_suffix,lexical
skcqu.vip,vi,0.93,prefix_suffix,lexical
viumes.com,vi,0.93,prefix_suffix,lexical
gloriatrevi.net,vi,0.93,prefix_suffix,lexical
pavox.vip,vi,0.93,prefix_suffix,lexical
swefsbem.vip,vi,0.93,prefix_suffix,lexical
betvn777.vip,vi,0.93,prefix_suffix,lexical
24-7-orchard-lake-village-lock-and-key.site,vi,0.93,prefix_suffix,lexical
h1vl.top,vi,0.93,prefix_suffix,lexical
entrellawhub.vip,vi,0.93,prefix_suffix,lexical
austinmedicineclinic.com,nic,0.93,prefix_suffix,lexical
ayroc.vip,vi,0.93,prefix_suffix,lexical
villageappliancerepair.com,vi,0.93,prefix_suffix,lexical
54574.vip,vi,0.93,prefix_suffix,lexical
7aa04.vip,vi,0.93,prefix_suffix,lexical
vibemarketing.space,vi,0.93,prefix_suffix,lexical
vivarinorp.com,vi,0.93,prefix_suffix,lexical
vitalina.com,vi,0.93,prefix_suffix,lexical
lw698.vip,vi,0.93,prefix_suffix,lexical
26124314.vip,vi,0.93,prefix_suffix,lexical
vlkkkp.cn,vi,0.93,prefix_suffix,lexical
clubiciclyj.vip,vi,0.93,prefix_suffix,lexical
visitfira.com,vi,0.93,prefix_suffix,lexical
nicheloanescalate.com,nic,0.93,prefix_suffix,lexical
viewwtdojw.sbs,vi,0.93,prefix_suffix,lexical
gurudwarasinghsabha.org,nha,0.93,prefix_suffix,lexical
bhajio.com,jio,0.93,prefix_suffix,lexical
viboralounge.com,vi,0.93,prefix_suffix,lexical
xy76.vip,vi,0.93,prefix_suffix,lexical
38320.vip,vi,0.93,prefix_suffix,lexical
vidadi.com,vi,0.93,prefix_suffix,lexical
mypcpclinic.net,nic,0.93,prefix_suffix,lexical
vlrt6.site,vi,0.93,prefix_suffix,lexical
betvn3.vip,vi,0.93,prefix_suffix,lexical
puskas.vip,vi,0.93,prefix_suffix,lexical
kevindoeshomeloans.com,sbi,0.93,prefix_suffix,lexical
visitinghouston.com,vi,0.93,prefix_suffix,lexical
87789.vip,vi,0.93,prefix_suffix,lexical
vdcasino-girisadresi.vip,vi,0.93,prefix_suffix,lexical
weespin.vip,vi,0.93,prefix_suffix,lexical
bsn111.com,bsnl,0.93,prefix_suffix,lexical
virelaxi.cfd,vi,0.93,prefix_suffix,lexical
vittest.com,vi,0.93,prefix_suffix,lexical
vietnamairways.com,vi,0.93,prefix_suffix,lexical
vicinotiholidays.store,vi,0.93,prefix_suffix,lexical
8886d68.vip,vi,0.93,prefix_suffix,lexical
512tj.vip,vi,0.93,prefix_suffix,lexical
reosorensenpr.com,nic,0.93,prefix_suffix,lexical
vibeu.xyz,vi,0.93,prefix_suffix,lexical
viywpkz96.shop,vi,0.93,prefix_suffix,lexical
cidnn.vip,vi,0.93,prefix_suffix,lexical
vitamindoctor.us,vi,0.93,prefix_suffix,lexical
bbtnx.vip,vi,0.93,prefix_suffix,lexical
26124550.vip,vi,0.93,prefix_suffix,lexical
h6vl.top,vi,0.93,prefix_suffix,lexical
pnbaobao.com,pnb,0.93,prefix_suffix,lexical
87949.vip,vi,0.93,prefix_suffix,lexical
new-api.vip,vi,0.93,prefix_suffix,lexical
kralbetonline.vip,vi,0.93,prefix_suffix,lexical
polyterminal.vip,vi,0.93,prefix_suffix,lexical
v1jqcso.top,vi,0.93,prefix_suffix,lexical
vectoraxis.click,axis,0.93,prefix_suffix,lexical
jinyuanai.vip,vi,0.93,prefix_suffix,lexical
vimasia.com,vi,0.93,prefix_suffix,lexical
y7123909.vip,vi,0.93,prefix_suffix,lexical
7day22.vip,vi,0.93,prefix_suffix,lexical
t6t7.vip,vi,0.93,prefix_suffix,lexical
slotravex.vip,vi,0.93,prefix_suffix,lexical
japsr.vip,vi,0.93,prefix_suffix,lexical
vitadomi.store,vi,0.93,prefix_suffix,lexical
b258i.xyz,sbi,0.93,prefix_suffix,lexical
iy53y8.vip,vi,0.93,prefix_suffix,lexical
didi51-t0375.vip,vi,0.93,prefix_suffix,lexical
videory.top,vi,0.93,prefix_suffix,lexical
26124354.vip,vi,0.93,prefix_suffix,lexical
ss1266.vip,vi,0.93,prefix_suffix,lexical
visibleforai.ch,vi,0.93,prefix_suffix,lexical
betciomobile.vip,vi,0.93,prefix_suffix,lexical
kikly.vip,vi,0.93,prefix_suffix,lexical
t-visionsuits.com,vi,0.93,prefix_suffix,lexical
via-j-eros-his-panos.com,vi,0.93,prefix_suffix,lexical
vineworkhr.com,vi,0.93,prefix_suffix,lexical
ys4c.top,sac,0.93,prefix_suffix,lexical
nicholaswickes.com,nic,0.93,prefix_suffix,lexical
erikorganic.com,nic,0.93,prefix_suffix,lexical
vitacupcdn.com,vi,0.93,prefix_suffix,lexical
xbajj.vip,vi,0.93,prefix_suffix,lexical
happydad.vip,vi,0.93,prefix_suffix,lexical
26124345.vip,vi,0.93,prefix_suffix,lexical
oy522.vip,vi,0.93,prefix_suffix,lexical
virtualbeautytraining.com,vi,0.93,prefix_suffix,lexical
visionlifepro.com,vi,0.93,prefix_suffix,lexical
xpj2277.vip,vi,0.93,prefix_suffix,lexical
victoriainnovation.com,vi,0.93,prefix_suffix,lexical
vilasgovindraokarande.com,vi,0.93,prefix_suffix,lexical
vitalfertilizers.com,vi,0.93,prefix_suffix,lexical
victorypathum.com,vi,0.93,prefix_suffix,lexical
superbetingercek.vip,vi,0.93,prefix_suffix,lexical
kzyorganic.com,nic,0.93,prefix_suffix,lexical
vlezot.com,vi,0.93,prefix_suffix,lexical
virtualclinical.com,vi,0.93,prefix_suffix,lexical
virtuousventure.com,vi,0.93,prefix_suffix,lexical
7700bet1.vip,vi,0.93,prefix_suffix,lexical
vitalwear.living,vi,0.93,prefix_suffix,lexical
elevo.vip,vi,0.93,prefix_suffix,lexical
vipsphoneservice.com,vi,0.93,prefix_suffix,lexical
videocompress.net,vi,0.93,prefix_suffix,lexical
hiltonbet-tegiris.vip,vi,0.93,prefix_suffix,lexical
victorasesoriaono.com,vi,0.93,prefix_suffix,lexical
chinahnha.com,nha,0.93,prefix_suffix,lexical
vizagsteel.store,vi,0.93,prefix_suffix,lexical
camster.us,cams,0.93,prefix_suffix,lexical
vitalplus.us,vi,0.93,prefix_suffix,lexical
slimdoo-tonic.com,nic,0.93,prefix_suffix,lexical
kulisbetenguncel.vip,vi,0.93,prefix_suffix,lexical
vistavueconnecthub.com,vi,0.93,prefix_suffix,lexical
vincyrecess.com,vi,0.93,prefix_suffix,lexical
bigjoy789-vip.com,vi,0.93,prefix_suffix,lexical
en-vitalwristmonitor.com,vi,0.93,prefix_suffix,lexical
02831.vip,vi,0.93,prefix_suffix,lexical
novasonic.online,nic,0.93,prefix_suffix,lexical
vlogclaims.com,vi,0.93,prefix_suffix,lexical
violentbothrelax.site,vi,0.93,prefix_suffix,lexical
vipani.tech,vi,0.93,prefix_suffix,lexical
734yc.vip,vi,0.93,prefix_suffix,lexical
casibomgiris-guncel.vip,vi,0.93,prefix_suffix,lexical
vivianpic.com,vi,0.93,prefix_suffix,lexical
vibesmaker.com,vi,0.93,prefix_suffix,lexical
eclectico.us,eci,0.93,prefix_suffix,lexical
viveclatebeauty.com,vi,0.93,prefix_suffix,lexical
sacredka.info,sac,0.93,prefix_suffix,lexical
healclinic.us,nic,0.93,prefix_suffix,lexical
vidafdev.com,vi,0.93,prefix_suffix,lexical
ha58l.top,sbi,0.93,prefix_suffix,lexical
xwgzq.vip,vi,0.93,prefix_suffix,lexical
viokara.com,vi,0.93,prefix_suffix,lexical
ugm6rc.vip,vi,0.93,prefix_suffix,lexical
virgopay.net,vi,0.93,prefix_suffix,lexical
lw899.vip,vi,0.93,prefix_suffix,lexical
78932.vip,vi,0.93,prefix_suffix,lexical
y7124490.vip,vi,0.93,prefix_suffix,lexical
nichoscope.com,nic,0.93,prefix_suffix,lexical
dorama-tv1.life,vi,0.93,prefix_suffix,lexical
vianyxgroup.org,vi,0.93,prefix_suffix,lexical
vihreapuutarhafiba.info,vi,0.93,prefix_suffix,lexical
vivitoken.online,vi,0.93,prefix_suffix,lexical
vishwax.com,vi,0.93,prefix_suffix,lexical
virtualassistantassociates.com,vi,0.93,prefix_suffix,lexical
yyuonk.vip,vi,0.93,prefix_suffix,lexical
viviuseg.com,vi,0.93,prefix_suffix,lexical
h8vl.top,vi,0.93,prefix_suffix,lexical
swisschems.vip,vi,0.93,prefix_suffix,lexical
xbhhs.vip,vi,0.93,prefix_suffix,lexical
vincentpiraino.org,vi,0.93,prefix_suffix,lexical
smpricingcalculator.vip,vi,0.93,prefix_suffix,lexical
bonuscum.vip,vi,0.93,prefix_suffix,lexical
iconic-gaming.com,nic,0.93,prefix_suffix,lexical
artemisbet-gir.vip,vi,0.93,prefix_suffix,lexical
xn--viveirofloramelfera-z1b.com.br,vi,0.93,prefix_suffix,lexical
31732.vip,vi,0.93,prefix_suffix,lexical
villagehairstyles.com,vi,0.93,prefix_suffix,lexical
vibebranding.agency,vi,0.93,prefix_suffix,lexical
cofee462.vip,vi,0.93,prefix_suffix,lexical
imluz.vip,vi,0.93,prefix_suffix,lexical
viutogel.com,vi,0.93,prefix_suffix,lexical
miumo.vip,vi,0.93,prefix_suffix,lexical
h95bl.top,sbi,0.93,prefix_suffix,lexical
didi51-t0352.vip,vi,0.93,prefix_suffix,lexical
virtual-event-platform-ts15.click,vi,0.93,prefix_suffix,lexical
26124560.vip,vi,0.93,prefix_suffix,lexical
gopanasonic.com,nic,0.93,prefix_suffix,lexical
dst.boats,dst,0.98,exact_label,lexical
512nmg.vip,vi,0.93,prefix_suffix,lexical
512gs.vip,vi,0.93,prefix_suffix,lexical
26124530.vip,vi,0.93,prefix_suffix,lexical
98yl53.vip,vi,0.93,prefix_suffix,lexical
cijxh.vip,vi,0.93,prefix_suffix,lexical
vieracapecod.com,vi,0.93,prefix_suffix,lexical
asjio.com,jio,0.93,prefix_suffix,lexical
vinaekspertiz.com,vi,0.93,prefix_suffix,lexical
73060.vip,vi,0.93,prefix_suffix,lexical
bc-bob.com,bob,0.98,exact_label,lexical
infinitis-on-sale.com,icici,0.93,prefix_suffix,lexical
45972.vip,vi,0.93,prefix_suffix,lexical
nickwo.com,nic,0.93,prefix_suffix,lexical
vier-400.com,vi,0.93,prefix_suffix,lexical
h91vl.top,vi,0.93,prefix_suffix,lexical
xvideos-vip.com,vi,0.93,prefix_suffix,lexical
vidio.us,vi,0.93,prefix_suffix,lexical
849aa577.vip,vi,0.93,prefix_suffix,lexical
betvn02.vip,vi,0.93,prefix_suffix,lexical
nicolesskinspa.com,nic,0.93,prefix_suffix,lexical
vlqdsister.cyou,vi,0.93,prefix_suffix,lexical
73808.id,bob,0.93,prefix_suffix,lexical
axis-fn.info,axis,0.98,exact_label,lexical
xn--nshayaynevi-thb90e.com,vi,0.93,prefix_suffix,lexical
xhkft.vip,vi,0.93,prefix_suffix,lexical
pleinmonsac.com,sac,0.93,prefix_suffix,lexical
ughgf.vip,vi,0.93,prefix_suffix,lexical
qpubw.vip,vi,0.93,prefix_suffix,lexical
functionalpraxis.com,axis,0.93,prefix_suffix,lexical
mamibet36.vip,vi,0.93,prefix_suffix,lexical
vlculture.com,vi,0.93,prefix_suffix,lexical
virbs.com,vi,0.93,prefix_suffix,lexical
vidr.us,vi,0.93,prefix_suffix,lexical
whats-hz.vip,vi,0.93,prefix_suffix,lexical
cctoken.vip,vi,0.93,prefix_suffix,lexical
vixmfo.com,vi,0.93,prefix_suffix,lexical
vinhomegreenparadise.net,vi,0.93,prefix_suffix,lexical
8sejpppv.top,bse,0.93,prefix_suffix,lexical
kanabmechanic.com,nic,0.93,prefix_suffix,lexical
racine-de-ma-vie.com,vi,0.93,prefix_suffix,lexical
deadlock.vip,vi,0.93,prefix_suffix,lexical
bibior.vip,vi,0.93,prefix_suffix,lexical
vine.rip,vi,0.93,prefix_suffix,lexical
vinisiciliadoc.com,vi,0.93,prefix_suffix,lexical
vistory.top,vi,0.93,prefix_suffix,lexical
viennaprepaidcard.com,vi,0.93,prefix_suffix,lexical
t6kc.vip,vi,0.93,prefix_suffix,lexical
vibebasket.com,vi,0.93,prefix_suffix,lexical
videsfront.com,vi,0.93,prefix_suffix,lexical
nhakhoacongdong.com,nha,0.93,prefix_suffix,lexical
visionaryconstructionremodeling.com,vi,0.93,prefix_suffix,lexical
martclinic.com,nic,0.93,prefix_suffix,lexical
co-so.vip,vi,0.93,prefix_suffix,lexical
y7124563.vip,vi,0.93,prefix_suffix,lexical
sdiqw.vip,vi,0.93,prefix_suffix,lexical
bilujcd.vip,vi,0.93,prefix_suffix,lexical
qm999.vip,vi,0.93,prefix_suffix,lexical
masterworksac.com,sac,0.93,prefix_suffix,lexical
bamkza323.vip,vi,0.93,prefix_suffix,lexical
y7024500.vip,vi,0.93,prefix_suffix,lexical
vizlens.net,vi,0.93,prefix_suffix,lexical
seesmatronic.com,nic,0.93,prefix_suffix,lexical
boboloc.com,bob,0.93,prefix_suffix,lexical
viralx.us,vi,0.93,prefix_suffix,lexical
nicelah.com,nic,0.93,prefix_suffix,lexical
victorlawani.com,vi,0.93,prefix_suffix,lexical
viivpc.com,vi,0.93,prefix_suffix,lexical
bdgamesofficial.vip,vi,0.93,prefix_suffix,lexical
vividlyretro.co.uk,vi,0.93,prefix_suffix,lexical
adamavi.fr,vi,0.93,prefix_suffix,lexical
vityaz.online,vi,0.93,prefix_suffix,lexical
ab62.vip,vi,0.93,prefix_suffix,lexical
globalhelp.vip,vi,0.93,prefix_suffix,lexical
upcye.vip,vi,0.93,prefix_suffix,lexical
yesphv1.net,vi,0.93,prefix_suffix,lexical
visitorsignin.com,vi,0.93,prefix_suffix,lexical
vicwi.com,vi,0.93,prefix_suffix,lexical
11743.vip,vi,0.93,prefix_suffix,lexical
visiongambleonline.com,vi,0.93,prefix_suffix,lexical
re-vibe.online,vi,0.93,prefix_suffix,lexical
bobatoto78hs.site,bob,0.93,prefix_suffix,lexical
nexusinfiniti.org,icici,0.93,prefix_suffix,lexical
tylmoraxis.com,axis,0.93,prefix_suffix,lexical
vldixc.top,vi,0.93,prefix_suffix,lexical
cytopathogenic.com,nic,0.93,prefix_suffix,lexical
pudyv221.vip,vi,0.93,prefix_suffix,lexical
y7124587.vip,vi,0.93,prefix_suffix,lexical
7yqj2i.vip,vi,0.93,prefix_suffix,lexical
vinfastvfgchaudoc.com.vn,vi,0.93,prefix_suffix,lexical
vietnamveteransofamerica-ms.com,vi,0.93,prefix_suffix,lexical
849nn577.vip,vi,0.93,prefix_suffix,lexical
vivamaster78a.store,vi,0.93,prefix_suffix,lexical
viktorija.us,vi,0.93,prefix_suffix,lexical
mjr1y5.vip,vi,0.93,prefix_suffix,lexical
villagepointscion.com,vi,0.93,prefix_suffix,lexical
95781.vip,vi,0.93,prefix_suffix,lexical
vlines.online,vi,0.93,prefix_suffix,lexical
vidcash.shop,vi,0.93,prefix_suffix,lexical
dhlqj.vip,vi,0.93,prefix_suffix,lexical
vingtsun-leonberg.store,vi,0.93,prefix_suffix,lexical
viniguedes.com,vi,0.93,prefix_suffix,lexical
didi51-t0376.vip,vi,0.93,prefix_suffix,lexical
kwyrn.vip,vi,0.93,prefix_suffix,lexical
nicholasjlee.com,nic,0.93,prefix_suffix,lexical
94151.vip,vi,0.93,prefix_suffix,lexical
nicalisports.com,nic,0.93,prefix_suffix,lexical
yokohama-vip-ladys.com,vi,0.93,prefix_suffix,lexical
setrabetklasplus.vip,vi,0.93,prefix_suffix,lexical
vierwegen.com,vi,0.93,prefix_suffix,lexical
vipmarbellaescorts.com,vi,0.93,prefix_suffix,lexical
vishwaganga.com,vi,0.93,prefix_suffix,lexical
26124335.vip,vi,0.93,prefix_suffix,lexical
vitacart.store,vi,0.93,prefix_suffix,lexical
fewersoundmechanic.site,nic,0.93,prefix_suffix,lexical
ptaskb.vip,vi,0.93,prefix_suffix,lexical
vilelectro.com,vi,0.93,prefix_suffix,lexical
26124332.vip,vi,0.93,prefix_suffix,lexical
vipauto247.com,vi,0.93,prefix_suffix,lexical
vipeventpass.com,vi,0.93,prefix_suffix,lexical
czkqh.vip,vi,0.93,prefix_suffix,lexical
vibrantbuyvista.shop,vi,0.93,prefix_suffix,lexical
durioo.vip,vi,0.93,prefix_suffix,lexical
ecoscavi.com,vi,0.93,prefix_suffix,lexical
vibvo.com,vi,0.93,prefix_suffix,lexical
official-plays-vip.com,vi,0.93,prefix_suffix,lexical
66889949.vip,vi,0.93,prefix_suffix,lexical
nhahangdaihy.com,nha,0.93,prefix_suffix,lexical
34049.vip,vi,0.93,prefix_suffix,lexical
bxvva.vip,vi,0.93,prefix_suffix,lexical
thecvi.com,vi,0.93,prefix_suffix,lexical
swissmechanic.com,nic,0.93,prefix_suffix,lexical
ennevi.net,vi,0.93,prefix_suffix,lexical
ht18789.vip,vi,0.93,prefix_suffix,lexical
viaggis.com,vi,0.93,prefix_suffix,lexical
bobfloatgrid.click,bob,0.93,prefix_suffix,lexical
94624.vip,vi,0.93,prefix_suffix,lexical
92145.vip,vi,0.93,prefix_suffix,lexical
t-viion.com,vi,0.93,prefix_suffix,lexical
vip777vn88.com,vi,0.93,prefix_suffix,lexical
quiz4dx12.vip,vi,0.93,prefix_suffix,lexical
82929.vip,vi,0.93,prefix_suffix,lexical
vichyshopping.online,vi,0.93,prefix_suffix,lexical
axisgrind.online,axis,0.93,prefix_suffix,lexical
virtualrosa.com,vi,0.93,prefix_suffix,lexical
antiagingclinicnaples.vip,vi,0.93,prefix_suffix,lexical
khdim.vip,vi,0.93,prefix_suffix,lexical
vizzkartglobal.info,vi,0.93,prefix_suffix,lexical
vicica.com,vi,0.93,prefix_suffix,lexical
vipelitespa.com,vi,0.93,prefix_suffix,lexical
vietanhmobile.com,vi,0.93,prefix_suffix,lexical
virvet.com,vi,0.93,prefix_suffix,lexical
whats-jw.vip,vi,0.93,prefix_suffix,lexical
vintagechronograph.com,vi,0.93,prefix_suffix,lexical
cvmfj.vip,vi,0.93,prefix_suffix,lexical
cordkiller.vip,vi,0.93,prefix_suffix,lexical
vintagehappiness.com,vi,0.93,prefix_suffix,lexical
viagralp.com,vi,0.93,prefix_suffix,lexical
viralsocialgrowth.com,vi,0.93,prefix_suffix,lexical
vl-bim.com,vi,0.98,exact_label,lexical
tempecoflow.vip,vi,0.93,prefix_suffix,lexical
campus-vle.info,vi,0.93,prefix_suffix,lexical
meritkiingresmisayfa.vip,vi,0.93,prefix_suffix,lexical
vitaminseaboatcharters.com,vi,0.93,prefix_suffix,lexical
visionsheet.com,vi,0.93,prefix_suffix,lexical
vitacupcdn1.com,vi,0.93,prefix_suffix,lexical
380vipqifzqm.vip,vi,0.93,prefix_suffix,lexical
iseta.vip,vi,0.93,prefix_suffix,lexical
postcallhub.vip,vi,0.93,prefix_suffix,lexical
vibeawarex.com,vi,0.93,prefix_suffix,lexical
vier-4000.com,vi,0.93,prefix_suffix,lexical
419325.vip,vi,0.93,prefix_suffix,lexical
rrbbcc.vip,vi,0.93,prefix_suffix,lexical
visualskydrone.com,vi,0.93,prefix_suffix,lexical
atlas.villas,vi,0.93,prefix_suffix,lexical
vlight.us,vi,0.93,prefix_suffix,lexical
vibepaper.online,vi,0.93,prefix_suffix,lexical
aliav1.com,vi,0.93,prefix_suffix,lexical
42908.vip,vi,0.93,prefix_suffix,lexical
cisjz215.vip,vi,0.93,prefix_suffix,lexical
viitodut.com,vi,0.93,prefix_suffix,lexical
wine-vinegar.com,vi,0.93,prefix_suffix,lexical
thymogenic.biz,nic,0.93,prefix_suffix,lexical
rblessed.com,rbi,0.93,prefix_suffix,lexical
idea-fintech.xyz,kfintech,0.85,typo,lexical
vikingtemplates.com,vi,0.93,prefix_suffix,lexical
vividvalut.com,vi,0.93,prefix_suffix,lexical
neirbi.net,rbi,0.93,prefix_suffix,lexical
hsnouvi.online,vi,0.93,prefix_suffix,lexical
victorymarineinc.com,vi,0.93,prefix_suffix,lexical
y7124346.vip,vi,0.93,prefix_suffix,lexical
vigalere.com,vi,0.93,prefix_suffix,lexical
09305.vip,vi,0.93,prefix_suffix,lexical
avvabetguncel01.vip,vi,0.93,prefix_suffix,lexical
bolaodozequinha.site,nha,0.93,prefix_suffix,lexical
nicogay.video,nic,0.93,prefix_suffix,lexical
ouemt.vip,vi,0.93,prefix_suffix,lexical
starchainbvi.com,vi,0.93,prefix_suffix,lexical
xn--60-6kci4al1aasrb5e.xn--p1ai,bse,0.93,prefix_suffix,lexical
26124387.vip,vi,0.93,prefix_suffix,lexical
07341.vip,vi,0.93,prefix_suffix,lexical
bsexjjz.sbs,bse,0.93,prefix_suffix,lexical
xy49.vip,vi,0.93,prefix_suffix,lexical
77299m.vip,vi,0.93,prefix_suffix,lexical
anyrl.vip,vi,0.93,prefix_suffix,lexical
p1111.vip,vi,0.93,prefix_suffix,lexical
nicholasloudermilk.com,nic,0.93,prefix_suffix,lexical
jilidd66.vip,vi,0.93,prefix_suffix,lexical
tttrh.vip,vi,0.93,prefix_suffix,lexical
viknyc.com,vi,0.93,prefix_suffix,lexical
betvn03.vip,vi,0.93,prefix_suffix,lexical
betbat.vip,vi,0.93,prefix_suffix,lexical
05938.vip,vi,0.93,prefix_suffix,lexical
cmd6gq.vip,vi,0.93,prefix_suffix,lexical
visualstatepath.digital,vi,0.93,prefix_suffix,lexical
sacredyonico.com,sac,0.93,prefix_suffix,lexical
vic.broker,vi,0.93,prefix_suffix,lexical
ftrxh1014.vip,vi,0.93,prefix_suffix,lexical
vitalforces.com,vi,0.93,prefix_suffix,lexical
qneef.vip,vi,0.93,prefix_suffix,lexical
visinsita.com,vi,0.93,prefix_suffix,lexical
ud-vinduer.com,vi,0.93,prefix_suffix,lexical
vibetrainer.xyz,vi,0.93,prefix_suffix,lexical
asymptonic.com,nic,0.93,prefix_suffix,lexical
ototemizlemeci.com,eci,0.93,prefix_suffix,lexical
mrjio.app,jio,0.93,prefix_suffix,lexical
luluvi.com,vi,0.93,prefix_suffix,lexical
gol-bobsport.com,bob,0.93,prefix_suffix,lexical
nicole-brooke.com,nic,0.93,prefix_suffix,lexical
com-itt.vip,vi,0.93,prefix_suffix,lexical
virochi.com,vi,0.93,prefix_suffix,lexical
visitdutchharbor.com,vi,0.93,prefix_suffix,lexical
vixeco.online,vi,0.93,prefix_suffix,lexical
btbett-girs2026mobil.vip,vi,0.93,prefix_suffix,lexical
vintrun.com,vi,0.93,prefix_suffix,lexical
vistocloud.click,vi,0.93,prefix_suffix,lexical
nuvjm.vip,vi,0.93,prefix_suffix,lexical
apkproject.vip,vi,0.93,prefix_suffix,lexical
victoryleathergroup.com,vi,0.93,prefix_suffix,lexical
com-elitki.vip,vi,0.93,prefix_suffix,lexical
tonicandchronic.com,nic,0.93,prefix_suffix,lexical
viksitbharatconnect.com,vi,0.93,prefix_suffix,lexical
vidandapsicologia.store,vi,0.93,prefix_suffix,lexical
vikiagami.com,vi,0.93,prefix_suffix,lexical
viaasa.com,vi,0.93,prefix_suffix,lexical
vibecultures.website,vi,0.93,prefix_suffix,lexical
ixntm.vip,vi,0.93,prefix_suffix,lexical
organicaxis.shop,axis,0.93,prefix_suffix,lexical
vidafit365.com,vi,0.93,prefix_suffix,lexical
robotaxis.solutions,axis,0.93,prefix_suffix,lexical
sabha.us,nha,0.93,prefix_suffix,lexical
corumanha.com,nha,0.93,prefix_suffix,lexical
vinesandsonenterprisesllc.com,vi,0.93,prefix_suffix,lexical
uui-v.vip,vi,0.93,prefix_suffix,lexical
linon24.vip,vi,0.93,prefix_suffix,lexical
522652.vip,vi,0.93,prefix_suffix,lexical
581si.top,sbi,0.93,prefix_suffix,lexical
nicotineforweightloss.com,nic,0.93,prefix_suffix,lexical
visualspeechintelligence.com,vi,0.93,prefix_suffix,lexical
ruwkl.vip,vi,0.93,prefix_suffix,lexical
visionaryframe.xyz,vi,0.93,prefix_suffix,lexical
xn--sbiologiefoglals-tmb3k.com,sbi,0.93,prefix_suffix,lexical
vibrantgoodsgrove.shop,vi,0.93,prefix_suffix,lexical
vishwagurubharattrust.com,vi,0.93,prefix_suffix,lexical
agg223.vip,vi,0.93,prefix_suffix,lexical
vigitrack.ca,vi,0.93,prefix_suffix,lexical
84505.vip,vi,0.93,prefix_suffix,lexical
vitek.site,vi,0.93,prefix_suffix,lexical
vibovit.us,vi,0.93,prefix_suffix,lexical
victoriahlam.com,vi,0.93,prefix_suffix,lexical
nuravi.sbs,vi,0.93,prefix_suffix,lexical
avatradetw.vip,vi,0.93,prefix_suffix,lexical
dylnw.vip,vi,0.93,prefix_suffix,lexical
vivasorteoriginal-promo.site,vi,0.93,prefix_suffix,lexical
uufkl.vip,vi,0.93,prefix_suffix,lexical
98yl330.vip,vi,0.93,prefix_suffix,lexical
virtualmagick.com,vi,0.93,prefix_suffix,lexical
vivopops.com,vi,0.93,prefix_suffix,lexical
nickrampe.com,nic,0.93,prefix_suffix,lexical
vldupihi.xyz,vi,0.93,prefix_suffix,lexical
lelosensonic.com,nic,0.93,prefix_suffix,lexical
viaaurora.com,vi,0.93,prefix_suffix,lexical
tavi.services,vi,0.93,prefix_suffix,lexical
infinitiofscottsdalenews.com,icici,0.93,prefix_suffix,lexical
kkale.vip,vi,0.93,prefix_suffix,lexical
30867.vip,vi,0.93,prefix_suffix,lexical
05818.vip,vi,0.93,prefix_suffix,lexical
virtualparalegalbiz.com,vi,0.93,prefix_suffix,lexical
p155.vip,vi,0.93,prefix_suffix,lexical
virtualadapt.com,vi,0.93,prefix_suffix,lexical
vitragesetfenetres.com,vi,0.93,prefix_suffix,lexical
80878006.com,bob,0.93,prefix_suffix,lexical
comfortcareclinic.com,nic,0.93,prefix_suffix,lexical
dhwclinic.com,nic,0.93,prefix_suffix,lexical
lxwlq.vip,vi,0.93,prefix_suffix,lexical
viajeporai.com,vi,0.93,prefix_suffix,lexical
ojakivi.com,vi,0.93,prefix_suffix,lexical
y7124353.vip,vi,0.93,prefix_suffix,lexical
367272.vip,vi,0.93,prefix_suffix,lexical
victoryfortexas.com,vi,0.93,prefix_suffix,lexical
nickwhomesepoxyresin.com,nic,0.93,prefix_suffix,lexical
inmobiliariacorbi.com,rbi,0.93,prefix_suffix,lexical
ehkczy.vip,vi,0.93,prefix_suffix,lexical
ktmjx.vip,vi,0.93,prefix_suffix,lexical
pnclognmn.vip,vi,0.93,prefix_suffix,lexical
viewwithexit.com,vi,0.93,prefix_suffix,lexical
didi51-t0378.vip,vi,0.93,prefix_suffix,lexical
jilidd88.vip,vi,0.93,prefix_suffix,lexical
arkivi.app,vi,0.93,prefix_suffix,lexical
funic-swisslink.com,nic,0.93,prefix_suffix,lexical
vindgarage.online,vi,0.93,prefix_suffix,lexical
vibetoad.com,vi,0.93,prefix_suffix,lexical
85371179---61652.com,bse,0.93,prefix_suffix,lexical
vina88vina.com,vi,0.93,prefix_suffix,lexical
viralcreationsmarketing.com,vi,0.93,prefix_suffix,lexical
bjbaji7.vip,vi,0.93,prefix_suffix,lexical
order-46581.info,sbi,0.93,prefix_suffix,lexical
victoriaqwilliams.com,vi,0.93,prefix_suffix,lexical
viez.xyz,vi,0.93,prefix_suffix,lexical
reviews-increase-visibility.com,vi,0.93,prefix_suffix,lexical
villadiyafa.com,vi,0.93,prefix_suffix,lexical
via4d-new10.click,vi,0.93,prefix_suffix,lexical
vitalumats.com,vi,0.93,prefix_suffix,lexical
bizstone.vip,vi,0.93,prefix_suffix,lexical
saczoo.net,sac,0.93,prefix_suffix,lexical
34664.vip,vi,0.93,prefix_suffix,lexical
bobosobo.com,bob,0.93,prefix_suffix,lexical
visualmemoryunit.net,vi,0.93,prefix_suffix,lexical
ciganinha.app,nha,0.93,prefix_suffix,lexical
vip-king.pro,vi,0.93,prefix_suffix,lexical
vipburger-docentro.site,vi,0.93,prefix_suffix,lexical
com-iti.vip,vi,0.93,prefix_suffix,lexical
viertt.com.br,vi,0.93,prefix_suffix,lexical
5736app10.vip,vi,0.93,prefix_suffix,lexical
ds4488.vip,vi,0.93,prefix_suffix,lexical
vitrialabs.com,vi,0.93,prefix_suffix,lexical
holiganbet-girisitr.vip,vi,0.93,prefix_suffix,lexical
vic.bingo,vi,0.93,prefix_suffix,lexical
vitalvpn.sbs,vi,0.93,prefix_suffix,lexical
viura.com,vi,0.93,prefix_suffix,lexical
