url,cse,score,reason,match_type
login-abdm.gov.in,nha,0.98,exact_label,lexical
abdm-login.gov.in,nha,0.98,exact_label,lexical
secure-abdm.gov.in,nha,0.98,exact_label,lexical
abdm-secure.gov.in,nha,0.98,exact_label,lexical
verify-abdm.gov.in,nha,0.98,exact_label,lexical
abdm-verify.gov.in,nha,0.98,exact_label,lexical
portal-abdm.gov.in,nha,0.98,exact_label,lexical
abdm-portal.gov.in,nha,0.98,exact_label,lexical
auth-abdm.gov.in,nha,0.98,exact_label,lexical
abdm-auth.gov.in,nha,0.98,exact_label,lexical
mg0vcloud.in,nic,0.98,exact_label,lexical
mgovcl0ud.in,nic,0.98,exact_label,lexical
login-mgovcloud.in,nic,0.98,exact_label,lexical
mgovcloud-login.in,nic,0.98,exact_label,lexical
secure-mgovcloud.in,nic,0.98,exact_label,lexical
mgovcloud-secure.in,nic,0.98,exact_label,lexical
verify-mgovcloud.in,nic,0.98,exact_label,lexical
mgovcloud-verify.in,nic,0.98,exact_label,lexical
portal-mgovcloud.in,nic,0.98,exact_label,lexical
mgovcloud-portal.in,nic,0.98,exact_label,lexical
auth-mgovcloud.in,nic,0.98,exact_label,lexical
mgovcloud-auth.in,nic,0.98,exact_label,lexical
a1ims.edu,aiims,0.98,exact_label,lexical
alims.edu,aiims,0.98,exact_label,lexical
ai1ms.edu,aiims,0.98,exact_label,lexical
ailms.edu,aiims,0.98,exact_label,lexical
login-aiims.edu,aiims,0.98,exact_label,lexical
aiims-login.edu,aiims,0.98,exact_label,lexical
secure-aiims.edu,aiims,0.98,exact_label,lexical
aiims-secure.edu,aiims,0.98,exact_label,lexical
verify-aiims.edu,aiims,0.98,exact_label,lexical
aiims-verify.edu,aiims,0.98,exact_label,lexical
portal-aiims.edu,aiims,0.98,exact_label,lexical
aiims-portal.edu,aiims,0.98,exact_label,lexical
auth-aiims.edu,aiims,0.98,exact_label,lexical
aiims-auth.edu,aiims,0.98,exact_label,lexical
a1imsexams.ac.in,aiims,0.98,exact_label,lexical
alimsexams.ac.in,aiims,0.98,exact_label,lexical
ai1msexams.ac.in,aiims,0.98,exact_label,lexical
ailmsexams.ac.in,aiims,0.98,exact_label,lexical
aiims3xams.ac.in,aiims,0.93,prefix_suffix,lexical
aiimsex4ms.ac.in,aiims,0.93,prefix_suffix,lexical
aiimsexam5.ac.in,aiims,0.93,prefix_suffix,lexical
login-aiimsexams.ac.in,aiims,0.98,exact_label,lexical
aiimsexams-login.ac.in,aiims,0.98,exact_label,lexical
secure-aiimsexams.ac.in,aiims,0.98,exact_label,lexical
aiimsexams-secure.ac.in,aiims,0.98,exact_label,lexical
verify-aiimsexams.ac.in,aiims,0.98,exact_label,lexical
aiimsexams-verify.ac.in,aiims,0.98,exact_label,lexical
portal-aiimsexams.ac.in,aiims,0.98,exact_label,lexical
aiimsexams-portal.ac.in,aiims,0.98,exact_label,lexical
auth-aiimsexams.ac.in,aiims,0.98,exact_label,lexical
aiimsexams-auth.ac.in,aiims,0.98,exact_label,lexical
4irindia.com,airindia,0.85,typo,lexical
a1rindia.com,airindia,0.98,exact_label,lexical
alrindia.com,airindia,0.98,exact_label,lexical
air1ndia.com,airindia,0.98,exact_label,lexical
airlndia.com,airindia,0.98,exact_label,lexical
airind1a.com,airindia,0.98,exact_label,lexical
airindla.com,airindia,0.98,exact_label,lexical
airindi4.com,airindia,0.85,typo,lexical
login-airindia.com,airindia,0.98,exact_label,lexical
airindia-login.com,airindia,0.98,exact_label,lexical
secure-airindia.com,airindia,0.98,exact_label,lexical
airindia-secure.com,airindia,0.98,exact_label,lexical
verify-airindia.com,airindia,0.98,exact_label,lexical
airindia-verify.com,airindia,0.98,exact_label,lexical
portal-airindia.com,airindia,0.98,exact_label,lexical
airindia-portal.com,airindia,0.98,exact_label,lexical
auth-airindia.com,airindia,0.98,exact_label,lexical
airindia-auth.com,airindia,0.98,exact_label,lexical
4irindiaexpress.com,airindia,0.85,typo,lexical
a1rindiaexpress.com,airindia,0.98,exact_label,lexical
alrindiaexpress.com,airindia,0.98,exact_label,lexical
air1ndiaexpress.com,airindia,0.98,exact_label,lexical
airlndiaexpress.com,airindia,0.98,exact_label,lexical
airind1aexpress.com,airindia,0.98,exact_label,lexical
airindlaexpress.com,airindia,0.98,exact_label,lexical
airindi4express.com,airindia,0.85,typo,lexical
airindia3xpress.com,airindia,0.85,typo,lexical
airindiaexpr3ss.com,airindia,0.85,typo,lexical
airindiaexpre5s.com,airindia,0.85,typo,lexical
airindiaexpres5.com,airindia,0.85,typo,lexical
login-airindiaexpress.com,airindia,0.98,exact_label,lexical
airindiaexpress-login.com,airindia,0.98,exact_label,lexical
secure-airindiaexpress.com,airindia,0.98,exact_label,lexical
airindiaexpress-secure.com,airindia,0.98,exact_label,lexical
verify-airindiaexpress.com,airindia,0.98,exact_label,lexical
airindiaexpress-verify.com,airindia,0.98,exact_label,lexical
portal-airindiaexpress.com,airindia,0.98,exact_label,lexical
airindiaexpress-portal.com,airindia,0.98,exact_label,lexical
auth-airindiaexpress.com,airindia,0.98,exact_label,lexical
airindiaexpress-auth.com,airindia,0.98,exact_label,lexical
4irtel.in,airtel,0.85,typo,lexical
a1rtel.in,airtel,0.98,exact_label,lexical
alrtel.in,airtel,0.98,exact_label,lexical
airt3l.in,airtel,0.85,typo,lexical
login-airtel.in,airtel,0.98,exact_label,lexical
airtel-login.in,airtel,0.98,exact_label,lexical
secure-airtel.in,airtel,0.98,exact_label,lexical
airtel-secure.in,airtel,0.98,exact_label,lexical
verify-airtel.in,airtel,0.98,exact_label,lexical
airtel-verify.in,airtel,0.98,exact_label,lexical
portal-airtel.in,airtel,0.98,exact_label,lexical
airtel-portal.in,airtel,0.98,exact_label,lexical
auth-airtel.in,airtel,0.98,exact_label,lexical
airtel-auth.in,airtel,0.98,exact_label,lexical
cr5orgi.gov.in,rgcci,0.85,typo,lexical
crs0rgi.gov.in,rgcci,0.98,exact_label,lexical
crsorg1.gov.in,rgcci,0.98,exact_label,lexical
crsorgl.gov.in,rgcci,0.98,exact_label,lexical
login-crsorgi.gov.in,rgcci,0.98,exact_label,lexical
crsorgi-login.gov.in,rgcci,0.98,exact_label,lexical
secure-crsorgi.gov.in,rgcci,0.98,exact_label,lexical
crsorgi-secure.gov.in,rgcci,0.98,exact_label,lexical
verify-crsorgi.gov.in,rgcci,0.98,exact_label,lexical
crsorgi-verify.gov.in,rgcci,0.98,exact_label,lexical
portal-crsorgi.gov.in,rgcci,0.98,exact_label,lexical
crsorgi-portal.gov.in,rgcci,0.98,exact_label,lexical
auth-crsorgi.gov.in,rgcci,0.98,exact_label,lexical
crsorgi-auth.gov.in,rgcci,0.98,exact_label,lexical
login-census.gov.in,census,0.98,exact_label,lexical
census-login.gov.in,census,0.98,exact_label,lexical
secure-census.gov.in,census,0.98,exact_label,lexical
census-secure.gov.in,census,0.98,exact_label,lexical
verify-census.gov.in,census,0.98,exact_label,lexical
census-verify.gov.in,census,0.98,exact_label,lexical
portal-census.gov.in,census,0.98,exact_label,lexical
census-portal.gov.in,census,0.98,exact_label,lexical
auth-census.gov.in,census,0.98,exact_label,lexical
census-auth.gov.in,census,0.98,exact_label,lexical
4uthwebmail.nic.in,nic,0.98,exact_label,lexical
authw3bmail.nic.in,nic,0.98,exact_label,lexical
authwebm4il.nic.in,nic,0.98,exact_label,lexical
authwebma1l.nic.in,nic,0.98,exact_label,lexical
authwebmall.nic.in,nic,0.98,exact_label,lexical
login-authwebmail.nic.in,nic,0.98,exact_label,lexical
authwebmail-login.nic.in,nic,0.98,exact_label,lexical
secure-authwebmail.nic.in,nic,0.98,exact_label,lexical
authwebmail-secure.nic.in,nic,0.98,exact_label,lexical
verify-authwebmail.nic.in,nic,0.98,exact_label,lexical
authwebmail-verify.nic.in,nic,0.98,exact_label,lexical
portal-authwebmail.nic.in,nic,0.98,exact_label,lexical
authwebmail-portal.nic.in,nic,0.98,exact_label,lexical
auth-authwebmail.nic.in,nic,0.98,exact_label,lexical
authwebmail-auth.nic.in,nic,0.98,exact_label,lexical
ax1smaxlife.com,axis,0.98,exact_label,lexical
axlsmaxlife.com,axis,0.98,exact_label,lexical
axism4xlife.com,axis,0.93,prefix_suffix,lexical
axismaxl1fe.com,axis,0.98,exact_label,lexical
axismaxllfe.com,axis,0.98,exact_label,lexical
axismaxlif3.com,axis,0.93,prefix_suffix,lexical
login-axismaxlife.com,axis,0.98,exact_label,lexical
axismaxlife-login.com,axis,0.98,exact_label,lexical
secure-axismaxlife.com,axis,0.98,exact_label,lexical
axismaxlife-secure.com,axis,0.98,exact_label,lexical
verify-axismaxlife.com,axis,0.98,exact_label,lexical
axismaxlife-verify.com,axis,0.98,exact_label,lexical
portal-axismaxlife.com,axis,0.98,exact_label,lexical
axismaxlife-portal.com,axis,0.98,exact_label,lexical
auth-axismaxlife.com,axis,0.98,exact_label,lexical
axismaxlife-auth.com,axis,0.98,exact_label,lexical
ax1smf.com,axis,0.98,exact_label,lexical
axlsmf.com,axis,0.98,exact_label,lexical
login-axismf.com,axis,0.98,exact_label,lexical
axismf-login.com,axis,0.98,exact_label,lexical
secure-axismf.com,axis,0.98,exact_label,lexical
axismf-secure.com,axis,0.98,exact_label,lexical
verify-axismf.com,axis,0.98,exact_label,lexical
axismf-verify.com,axis,0.98,exact_label,lexical
portal-axismf.com,axis,0.98,exact_label,lexical
axismf-portal.com,axis,0.98,exact_label,lexical
auth-axismf.com,axis,0.98,exact_label,lexical
axismf-auth.com,axis,0.98,exact_label,lexical
bse1ndia.com,bse,0.98,exact_label,lexical
bselndia.com,bse,0.98,exact_label,lexical
bseind1a.com,bse,0.98,exact_label,lexical
bseindla.com,bse,0.98,exact_label,lexical
bseindi4.com,bse,0.93,prefix_suffix,lexical
login-bseindia.com,bse,0.98,exact_label,lexical
bseindia-login.com,bse,0.98,exact_label,lexical
secure-bseindia.com,bse,0.98,exact_label,lexical
bseindia-secure.com,bse,0.98,exact_label,lexical
verify-bseindia.com,bse,0.98,exact_label,lexical
bseindia-verify.com,bse,0.98,exact_label,lexical
portal-bseindia.com,bse,0.98,exact_label,lexical
bseindia-portal.com,bse,0.98,exact_label,lexical
auth-bseindia.com,bse,0.98,exact_label,lexical
bseindia-auth.com,bse,0.98,exact_label,lexical
bse5tarmf.in,bse,0.93,prefix_suffix,lexical
bsest4rmf.in,bse,0.93,prefix_suffix,lexical
login-bsestarmf.in,bse,0.98,exact_label,lexical
bsestarmf-login.in,bse,0.98,exact_label,lexical
secure-bsestarmf.in,bse,0.98,exact_label,lexical
bsestarmf-secure.in,bse,0.98,exact_label,lexical
verify-bsestarmf.in,bse,0.98,exact_label,lexical
bsestarmf-verify.in,bse,0.98,exact_label,lexical
portal-bsestarmf.in,bse,0.98,exact_label,lexical
bsestarmf-portal.in,bse,0.98,exact_label,lexical
auth-bsestarmf.in,bse,0.98,exact_label,lexical
bsestarmf-auth.in,bse,0.98,exact_label,lexical
login-bsnl.co.in,bsnl,0.98,exact_label,lexical
bsnl-login.co.in,bsnl,0.98,exact_label,lexical
secure-bsnl.co.in,bsnl,0.98,exact_label,lexical
bsnl-secure.co.in,bsnl,0.98,exact_label,lexical
verify-bsnl.co.in,bsnl,0.98,exact_label,lexical
bsnl-verify.co.in,bsnl,0.98,exact_label,lexical
portal-bsnl.co.in,bsnl,0.98,exact_label,lexical
bsnl-portal.co.in,bsnl,0.98,exact_label,lexical
auth-bsnl.co.in,bsnl,0.98,exact_label,lexical
bsnl-auth.co.in,bsnl,0.98,exact_label,lexical
cams0nline.com,cams,0.98,exact_label,lexical
camsonl1ne.com,cams,0.98,exact_label,lexical
camsonllne.com,cams,0.98,exact_label,lexical
camsonlin3.com,cams,0.93,prefix_suffix,lexical
login-camsonline.com,cams,0.98,exact_label,lexical
camsonline-login.com,cams,0.98,exact_label,lexical
secure-camsonline.com,cams,0.98,exact_label,lexical
camsonline-secure.com,cams,0.98,exact_label,lexical
verify-camsonline.com,cams,0.98,exact_label,lexical
camsonline-verify.com,cams,0.98,exact_label,lexical
portal-camsonline.com,cams,0.98,exact_label,lexical
camsonline-portal.com,cams,0.98,exact_label,lexical
auth-camsonline.com,cams,0.98,exact_label,lexical
camsonline-auth.com,cams,0.98,exact_label,lexical
canarab4nk.com,canara,0.93,prefix_suffix,lexical
login-canarabank.com,canara,0.98,exact_label,lexical
canarabank-login.com,canara,0.98,exact_label,lexical
secure-canarabank.com,canara,0.98,exact_label,lexical
canarabank-secure.com,canara,0.98,exact_label,lexical
verify-canarabank.com,canara,0.98,exact_label,lexical
canarabank-verify.com,canara,0.98,exact_label,lexical
portal-canarabank.com,canara,0.98,exact_label,lexical
canarabank-portal.com,canara,0.98,exact_label,lexical
auth-canarabank.com,canara,0.98,exact_label,lexical
canarabank-auth.com,canara,0.98,exact_label,lexical
canarah5bclife.com,canara,0.93,prefix_suffix,lexical
canarahsbcl1fe.com,canara,0.98,exact_label,lexical
canarahsbcllfe.com,canara,0.98,exact_label,lexical
canarahsbclif3.com,canara,0.93,prefix_suffix,lexical
login-canarahsbclife.com,canara,0.98,exact_label,lexical
canarahsbclife-login.com,canara,0.98,exact_label,lexical
secure-canarahsbclife.com,canara,0.98,exact_label,lexical
canarahsbclife-secure.com,canara,0.98,exact_label,lexical
verify-canarahsbclife.com,canara,0.98,exact_label,lexical
canarahsbclife-verify.com,canara,0.98,exact_label,lexical
portal-canarahsbclife.com,canara,0.98,exact_label,lexical
canarahsbclife-portal.com,canara,0.98,exact_label,lexical
auth-canarahsbclife.com,canara,0.98,exact_label,lexical
canarahsbclife-auth.com,canara,0.98,exact_label,lexical
canarar0beco.com,canara,0.98,exact_label,lexical
canararob3co.com,canara,0.93,prefix_suffix,lexical
canararobec0.com,canara,0.98,exact_label,lexical
login-canararobeco.com,canara,0.98,exact_label,lexical
canararobeco-login.com,canara,0.98,exact_label,lexical
secure-canararobeco.com,canara,0.98,exact_label,lexical
canararobeco-secure.com,canara,0.98,exact_label,lexical
verify-canararobeco.com,canara,0.98,exact_label,lexical
canararobeco-verify.com,canara,0.98,exact_label,lexical
portal-canararobeco.com,canara,0.98,exact_label,lexical
canararobeco-portal.com,canara,0.98,exact_label,lexical
auth-canararobeco.com,canara,0.98,exact_label,lexical
canararobeco-auth.com,canara,0.98,exact_label,lexical
census1ndia.gov.in,census,0.98,exact_label,lexical
censuslndia.gov.in,census,0.98,exact_label,lexical
censusind1a.gov.in,census,0.98,exact_label,lexical
censusindla.gov.in,census,0.98,exact_label,lexical
censusindi4.gov.in,census,0.93,prefix_suffix,lexical
login-censusindia.gov.in,census,0.98,exact_label,lexical
censusindia-login.gov.in,census,0.98,exact_label,lexical
secure-censusindia.gov.in,census,0.98,exact_label,lexical
censusindia-secure.gov.in,census,0.98,exact_label,lexical
verify-censusindia.gov.in,census,0.98,exact_label,lexical
censusindia-verify.gov.in,census,0.98,exact_label,lexical
portal-censusindia.gov.in,census,0.98,exact_label,lexical
censusindia-portal.gov.in,census,0.98,exact_label,lexical
auth-censusindia.gov.in,census,0.98,exact_label,lexical
censusindia-auth.gov.in,census,0.98,exact_label,lexical
cl0ud.gov.in,nic,0.98,exact_label,lexical
login-cloud.gov.in,nic,0.98,exact_label,lexical
cloud-login.gov.in,nic,0.98,exact_label,lexical
secure-cloud.gov.in,nic,0.98,exact_label,lexical
cloud-secure.gov.in,nic,0.98,exact_label,lexical
verify-cloud.gov.in,nic,0.98,exact_label,lexical
cloud-verify.gov.in,nic,0.98,exact_label,lexical
portal-cloud.gov.in,nic,0.98,exact_label,lexical
cloud-portal.gov.in,nic,0.98,exact_label,lexical
auth-cloud.gov.in,nic,0.98,exact_label,lexical
cloud-auth.gov.in,nic,0.98,exact_label,lexical
c0alindia.in,coalindia,0.98,exact_label,lexical
co4lindia.in,coalindia,0.85,typo,lexical
coal1ndia.in,coalindia,0.98,exact_label,lexical
coallndia.in,coalindia,0.98,exact_label,lexical
coalind1a.in,coalindia,0.98,exact_label,lexical
coalindla.in,coalindia,0.98,exact_label,lexical
coalindi4.in,coalindia,0.85,typo,lexical
login-coalindia.in,coalindia,0.98,exact_label,lexical
coalindia-login.in,coalindia,0.98,exact_label,lexical
secure-coalindia.in,coalindia,0.98,exact_label,lexical
coalindia-secure.in,coalindia,0.98,exact_label,lexical
verify-coalindia.in,coalindia,0.98,exact_label,lexical
coalindia-verify.in,coalindia,0.98,exact_label,lexical
portal-coalindia.in,coalindia,0.98,exact_label,lexical
coalindia-portal.in,coalindia,0.98,exact_label,lexical
auth-coalindia.in,coalindia,0.98,exact_label,lexical
coalindia-auth.in,coalindia,0.98,exact_label,lexical
c0alindiatenders.nic.in,coalindia,0.95,combined,lexical
co4lindiatenders.nic.in,nic,0.98,exact_label,lexical
coal1ndiatenders.nic.in,coalindia,0.95,combined,lexical
coallndiatenders.nic.in,coalindia,0.95,combined,lexical
coalind1atenders.nic.in,coalindia,0.95,combined,lexical
coalindlatenders.nic.in,coalindia,0.95,combined,lexical
coalindi4tenders.nic.in,nic,0.98,exact_label,lexical
coalindiat3nders.nic.in,coalindia,0.95,combined,lexical
coalindiatend3rs.nic.in,coalindia,0.95,combined,lexical
coalindiatender5.nic.in,coalindia,0.95,combined,lexical
login-coalindiatenders.nic.in,coalindia,0.95,combined,lexical
coalindiatenders-login.nic.in,coalindia,0.95,combined,lexical
secure-coalindiatenders.nic.in,coalindia,0.95,combined,lexical
coalindiatenders-secure.nic.in,coalindia,0.95,combined,lexical
verify-coalindiatenders.nic.in,coalindia,0.95,combined,lexical
coalindiatenders-verify.nic.in,coalindia,0.95,combined,lexical
portal-coalindiatenders.nic.in,coalindia,0.95,combined,lexical
coalindiatenders-portal.nic.in,coalindia,0.95,combined,lexical
auth-coalindiatenders.nic.in,coalindia,0.95,combined,lexical
coalindiatenders-auth.nic.in,coalindia,0.95,combined,lexical
login-tdscpc.gov.in,tdscpc,0.98,exact_label,lexical
tdscpc-login.gov.in,tdscpc,0.98,exact_label,lexical
secure-tdscpc.gov.in,tdscpc,0.98,exact_label,lexical
tdscpc-secure.gov.in,tdscpc,0.98,exact_label,lexical
verify-tdscpc.gov.in,tdscpc,0.98,exact_label,lexical
tdscpc-verify.gov.in,tdscpc,0.98,exact_label,lexical
portal-tdscpc.gov.in,tdscpc,0.98,exact_label,lexical
tdscpc-portal.gov.in,tdscpc,0.98,exact_label,lexical
auth-tdscpc.gov.in,tdscpc,0.98,exact_label,lexical
tdscpc-auth.gov.in,tdscpc,0.98,exact_label,lexical
0nlinesbi.sbi,sbi,0.98,exact_label,lexical
onl1nesbi.sbi,sbi,0.98,exact_label,lexical
onllnesbi.sbi,sbi,0.98,exact_label,lexical
onlin3sbi.sbi,sbi,0.98,exact_label,lexical
online5bi.sbi,sbi,0.98,exact_label,lexical
onlinesb1.sbi,sbi,0.98,exact_label,lexical
onlinesbl.sbi,sbi,0.98,exact_label,lexical
login-onlinesbi.sbi,sbi,0.98,exact_label,lexical
onlinesbi-login.sbi,sbi,0.98,exact_label,lexical
secure-onlinesbi.sbi,sbi,0.98,exact_label,lexical
onlinesbi-secure.sbi,sbi,0.98,exact_label,lexical
verify-onlinesbi.sbi,sbi,0.98,exact_label,lexical
onlinesbi-verify.sbi,sbi,0.98,exact_label,lexical
portal-onlinesbi.sbi,sbi,0.98,exact_label,lexical
onlinesbi-portal.sbi,sbi,0.98,exact_label,lexical
auth-onlinesbi.sbi,sbi,0.98,exact_label,lexical
onlinesbi-auth.sbi,sbi,0.98,exact_label,lexical
ec1.gov.in,eci,0.98,exact_label,lexical
ecl.gov.in,eci,0.98,exact_label,lexical
login-eci.gov.in,eci,0.98,exact_label,lexical
eci-login.gov.in,eci,0.98,exact_label,lexical
secure-eci.gov.in,eci,0.98,exact_label,lexical
eci-secure.gov.in,eci,0.98,exact_label,lexical
verify-eci.gov.in,eci,0.98,exact_label,lexical
eci-verify.gov.in,eci,0.98,exact_label,lexical
portal-eci.gov.in,eci,0.98,exact_label,lexical
eci-portal.gov.in,eci,0.98,exact_label,lexical
auth-eci.gov.in,eci,0.98,exact_label,lexical
eci-auth.gov.in,eci,0.98,exact_label,lexical
login-hdfc.com,hdfc,0.98,exact_label,lexical
hdfc-login.com,hdfc,0.98,exact_label,lexical
secure-hdfc.com,hdfc,0.98,exact_label,lexical
hdfc-secure.com,hdfc,0.98,exact_label,lexical
verify-hdfc.com,hdfc,0.98,exact_label,lexical
hdfc-verify.com,hdfc,0.98,exact_label,lexical
portal-hdfc.com,hdfc,0.98,exact_label,lexical
hdfc-portal.com,hdfc,0.98,exact_label,lexical
auth-hdfc.com,hdfc,0.98,exact_label,lexical
hdfc-auth.com,hdfc,0.98,exact_label,lexical
login-hdfcfund.com,hdfc,0.98,exact_label,lexical
hdfcfund-login.com,hdfc,0.98,exact_label,lexical
secure-hdfcfund.com,hdfc,0.98,exact_label,lexical
hdfcfund-secure.com,hdfc,0.98,exact_label,lexical
verify-hdfcfund.com,hdfc,0.98,exact_label,lexical
hdfcfund-verify.com,hdfc,0.98,exact_label,lexical
portal-hdfcfund.com,hdfc,0.98,exact_label,lexical
hdfcfund-portal.com,hdfc,0.98,exact_label,lexical
auth-hdfcfund.com,hdfc,0.98,exact_label,lexical
hdfcfund-auth.com,hdfc,0.98,exact_label,lexical
hdfcl1fe.com,hdfc,0.98,exact_label,lexical
hdfcllfe.com,hdfc,0.98,exact_label,lexical
hdfclif3.com,hdfc,0.93,prefix_suffix,lexical
login-hdfclife.com,hdfc,0.98,exact_label,lexical
hdfclife-login.com,hdfc,0.98,exact_label,lexical
secure-hdfclife.com,hdfc,0.98,exact_label,lexical
hdfclife-secure.com,hdfc,0.98,exact_label,lexical
verify-hdfclife.com,hdfc,0.98,exact_label,lexical
hdfclife-verify.com,hdfc,0.98,exact_label,lexical
portal-hdfclife.com,hdfc,0.98,exact_label,lexical
hdfclife-portal.com,hdfc,0.98,exact_label,lexical
auth-hdfclife.com,hdfc,0.98,exact_label,lexical
hdfclife-auth.com,hdfc,0.98,exact_label,lexical
h0meloans.sbi,sbi,0.98,exact_label,lexical
hom3loans.sbi,sbi,0.98,exact_label,lexical
homel0ans.sbi,sbi,0.98,exact_label,lexical
homelo4ns.sbi,sbi,0.98,exact_label,lexical
homeloan5.sbi,sbi,0.98,exact_label,lexical
login-homeloans.sbi,sbi,0.98,exact_label,lexical
homeloans-login.sbi,sbi,0.98,exact_label,lexical
secure-homeloans.sbi,sbi,0.98,exact_label,lexical
homeloans-secure.sbi,sbi,0.98,exact_label,lexical
verify-homeloans.sbi,sbi,0.98,exact_label,lexical
homeloans-verify.sbi,sbi,0.98,exact_label,lexical
portal-homeloans.sbi,sbi,0.98,exact_label,lexical
homeloans-portal.sbi,sbi,0.98,exact_label,lexical
auth-homeloans.sbi,sbi,0.98,exact_label,lexical
homeloans-auth.sbi,sbi,0.98,exact_label,lexical
1cicicareers.com,icici,0.98,exact_label,lexical
lcicicareers.com,icici,0.98,exact_label,lexical
ic1cicareers.com,icici,0.98,exact_label,lexical
iclcicareers.com,icici,0.98,exact_label,lexical
icic1careers.com,icici,0.98,exact_label,lexical
iciclcareers.com,icici,0.98,exact_label,lexical
icicic4reers.com,icici,0.93,prefix_suffix,lexical
icicicar3ers.com,icici,0.93,prefix_suffix,lexical
icicicare3rs.com,icici,0.93,prefix_suffix,lexical
icicicareer5.com,icici,0.93,prefix_suffix,lexical
login-icicicareers.com,icici,0.98,exact_label,lexical
icicicareers-login.com,icici,0.98,exact_label,lexical
secure-icicicareers.com,icici,0.98,exact_label,lexical
icicicareers-secure.com,icici,0.98,exact_label,lexical
verify-icicicareers.com,icici,0.98,exact_label,lexical
icicicareers-verify.com,icici,0.98,exact_label,lexical
portal-icicicareers.com,icici,0.98,exact_label,lexical
icicicareers-portal.com,icici,0.98,exact_label,lexical
auth-icicicareers.com,icici,0.98,exact_label,lexical
icicicareers-auth.com,icici,0.98,exact_label,lexical
1cicidirect.com,icici,0.98,exact_label,lexical
lcicidirect.com,icici,0.98,exact_label,lexical
ic1cidirect.com,icici,0.98,exact_label,lexical
iclcidirect.com,icici,0.98,exact_label,lexical
icic1direct.com,icici,0.98,exact_label,lexical
icicldirect.com,icici,0.98,exact_label,lexical
icicid1rect.com,icici,0.98,exact_label,lexical
icicidlrect.com,icici,0.98,exact_label,lexical
icicidir3ct.com,icici,0.93,prefix_suffix,lexical
login-icicidirect.com,icici,0.98,exact_label,lexical
icicidirect-login.com,icici,0.98,exact_label,lexical
secure-icicidirect.com,icici,0.98,exact_label,lexical
icicidirect-secure.com,icici,0.98,exact_label,lexical
verify-icicidirect.com,icici,0.98,exact_label,lexical
icicidirect-verify.com,icici,0.98,exact_label,lexical
portal-icicidirect.com,icici,0.98,exact_label,lexical
icicidirect-portal.com,icici,0.98,exact_label,lexical
auth-icicidirect.com,icici,0.98,exact_label,lexical
icicidirect-auth.com,icici,0.98,exact_label,lexical
1cicilombard.com,icici,0.98,exact_label,lexical
lcicilombard.com,icici,0.98,exact_label,lexical
ic1cilombard.com,icici,0.98,exact_label,lexical
iclcilombard.com,icici,0.98,exact_label,lexical
icic1lombard.com,icici,0.98,exact_label,lexical
icicllombard.com,icici,0.98,exact_label,lexical
icicil0mbard.com,icici,0.98,exact_label,lexical
icicilomb4rd.com,icici,0.93,prefix_suffix,lexical
login-icicilombard.com,icici,0.98,exact_label,lexical
icicilombard-login.com,icici,0.98,exact_label,lexical
secure-icicilombard.com,icici,0.98,exact_label,lexical
icicilombard-secure.com,icici,0.98,exact_label,lexical
verify-icicilombard.com,icici,0.98,exact_label,lexical
icicilombard-verify.com,icici,0.98,exact_label,lexical
portal-icicilombard.com,icici,0.98,exact_label,lexical
icicilombard-portal.com,icici,0.98,exact_label,lexical
auth-icicilombard.com,icici,0.98,exact_label,lexical
icicilombard-auth.com,icici,0.98,exact_label,lexical
1ciciprulife.com,icici,0.98,exact_label,lexical
lciciprulife.com,icici,0.98,exact_label,lexical
ic1ciprulife.com,icici,0.98,exact_label,lexical
iclciprulife.com,icici,0.98,exact_label,lexical
icic1prulife.com,icici,0.98,exact_label,lexical
iciclprulife.com,icici,0.98,exact_label,lexical
iciciprul1fe.com,icici,0.98,exact_label,lexical
iciciprullfe.com,icici,0.98,exact_label,lexical
iciciprulif3.com,icici,0.93,prefix_suffix,lexical
login-iciciprulife.com,icici,0.98,exact_label,lexical
iciciprulife-login.com,icici,0.98,exact_label,lexical
secure-iciciprulife.com,icici,0.98,exact_label,lexical
iciciprulife-secure.com,icici,0.98,exact_label,lexical
verify-iciciprulife.com,icici,0.98,exact_label,lexical
iciciprulife-verify.com,icici,0.98,exact_label,lexical
portal-iciciprulife.com,icici,0.98,exact_label,lexical
iciciprulife-portal.com,icici,0.98,exact_label,lexical
auth-iciciprulife.com,icici,0.98,exact_label,lexical
iciciprulife-auth.com,icici,0.98,exact_label,lexical
1cicisecurities.com,icici,0.98,exact_label,lexical
lcicisecurities.com,icici,0.98,exact_label,lexical
ic1cisecurities.com,icici,0.98,exact_label,lexical
iclcisecurities.com,icici,0.98,exact_label,lexical
icic1securities.com,icici,0.98,exact_label,lexical
iciclsecurities.com,icici,0.98,exact_label,lexical
icici5ecurities.com,icici,0.93,prefix_suffix,lexical
icicis3curities.com,icici,0.93,prefix_suffix,lexical
icicisecur1ties.com,icici,0.98,exact_label,lexical
icicisecurlties.com,icici,0.98,exact_label,lexical
icicisecurit1es.com,icici,0.98,exact_label,lexical
icicisecuritles.com,icici,0.98,exact_label,lexical
icicisecuriti3s.com,icici,0.93,prefix_suffix,lexical
icicisecuritie5.com,icici,0.93,prefix_suffix,lexical
login-icicisecurities.com,icici,0.98,exact_label,lexical
icicisecurities-login.com,icici,0.98,exact_label,lexical
secure-icicisecurities.com,icici,0.98,exact_label,lexical
icicisecurities-secure.com,icici,0.98,exact_label,lexical
verify-icicisecurities.com,icici,0.98,exact_label,lexical
icicisecurities-verify.com,icici,0.98,exact_label,lexical
portal-icicisecurities.com,icici,0.98,exact_label,lexical
icicisecurities-portal.com,icici,0.98,exact_label,lexical
auth-icicisecurities.com,icici,0.98,exact_label,lexical
icicisecurities-auth.com,icici,0.98,exact_label,lexical
1dfcfirstbank.com,idfc,0.98,exact_label,lexical
ldfcfirstbank.com,idfc,0.98,exact_label,lexical
idfcf1rstbank.com,idfc,0.98,exact_label,lexical
idfcflrstbank.com,idfc,0.98,exact_label,lexical
idfcfir5tbank.com,idfc,0.93,prefix_suffix,lexical
idfcfirstb4nk.com,idfc,0.93,prefix_suffix,lexical
login-idfcfirstbank.com,idfc,0.98,exact_label,lexical
idfcfirstbank-login.com,idfc,0.98,exact_label,lexical
secure-idfcfirstbank.com,idfc,0.98,exact_label,lexical
idfcfirstbank-secure.com,idfc,0.98,exact_label,lexical
verify-idfcfirstbank.com,idfc,0.98,exact_label,lexical
idfcfirstbank-verify.com,idfc,0.98,exact_label,lexical
portal-idfcfirstbank.com,idfc,0.98,exact_label,lexical
idfcfirstbank-portal.com,idfc,0.98,exact_label,lexical
auth-idfcfirstbank.com,idfc,0.98,exact_label,lexical
idfcfirstbank-auth.com,idfc,0.98,exact_label,lexical
1irs.gov.in,iirs,0.98,exact_label,lexical
lirs.gov.in,iirs,0.98,exact_label,lexical
i1rs.gov.in,iirs,0.98,exact_label,lexical
ilrs.gov.in,iirs,0.98,exact_label,lexical
login-iirs.gov.in,iirs,0.98,exact_label,lexical
iirs-login.gov.in,iirs,0.98,exact_label,lexical
secure-iirs.gov.in,iirs,0.98,exact_label,lexical
iirs-secure.gov.in,iirs,0.98,exact_label,lexical
verify-iirs.gov.in,iirs,0.98,exact_label,lexical
iirs-verify.gov.in,iirs,0.98,exact_label,lexical
portal-iirs.gov.in,iirs,0.98,exact_label,lexical
iirs-portal.gov.in,iirs,0.98,exact_label,lexical
auth-iirs.gov.in,iirs,0.98,exact_label,lexical
iirs-auth.gov.in,iirs,0.98,exact_label,lexical
1ncometax.gov.in,incometax,0.98,exact_label,lexical
lncometax.gov.in,incometax,0.98,exact_label,lexical
inc0metax.gov.in,incometax,0.98,exact_label,lexical
incom3tax.gov.in,incometax,0.85,typo,lexical
incomet4x.gov.in,incometax,0.85,typo,lexical
login-incometax.gov.in,incometax,0.98,exact_label,lexical
incometax-login.gov.in,incometax,0.98,exact_label,lexical
secure-incometax.gov.in,incometax,0.98,exact_label,lexical
incometax-secure.gov.in,incometax,0.98,exact_label,lexical
verify-incometax.gov.in,incometax,0.98,exact_label,lexical
incometax-verify.gov.in,incometax,0.98,exact_label,lexical
portal-incometax.gov.in,incometax,0.98,exact_label,lexical
incometax-portal.gov.in,incometax,0.98,exact_label,lexical
auth-incometax.gov.in,incometax,0.98,exact_label,lexical
incometax-auth.gov.in,incometax,0.98,exact_label,lexical
1ncometaxindia.gov.in,incometax,0.98,exact_label,lexical
lncometaxindia.gov.in,incometax,0.98,exact_label,lexical
inc0metaxindia.gov.in,incometax,0.98,exact_label,lexical
incom3taxindia.gov.in,incometax,0.85,typo,lexical
incomet4xindia.gov.in,incometax,0.85,typo,lexical
incometax1ndia.gov.in,incometax,0.98,exact_label,lexical
incometaxlndia.gov.in,incometax,0.98,exact_label,lexical
incometaxind1a.gov.in,incometax,0.98,exact_label,lexical
incometaxindla.gov.in,incometax,0.98,exact_label,lexical
incometaxindi4.gov.in,incometax,0.85,typo,lexical
login-incometaxindia.gov.in,incometax,0.98,exact_label,lexical
incometaxindia-login.gov.in,incometax,0.98,exact_label,lexical
secure-incometaxindia.gov.in,incometax,0.98,exact_label,lexical
incometaxindia-secure.gov.in,incometax,0.98,exact_label,lexical
verify-incometaxindia.gov.in,incometax,0.98,exact_label,lexical
incometaxindia-verify.gov.in,incometax,0.98,exact_label,lexical
portal-incometaxindia.gov.in,incometax,0.98,exact_label,lexical
incometaxindia-portal.gov.in,incometax,0.98,exact_label,lexical
auth-incometaxindia.gov.in,incometax,0.98,exact_label,lexical
incometaxindia-auth.gov.in,incometax,0.98,exact_label,lexical
1ncometaxindiaefiling.gov.in,incometax,0.98,exact_label,lexical
lncometaxindiaefiling.gov.in,incometax,0.98,exact_label,lexical
inc0metaxindiaefiling.gov.in,incometax,0.98,exact_label,lexical
incom3taxindiaefiling.gov.in,incometax,0.85,typo,lexical
incomet4xindiaefiling.gov.in,incometax,0.85,typo,lexical
incometax1ndiaefiling.gov.in,incometax,0.98,exact_label,lexical
incometaxlndiaefiling.gov.in,incometax,0.98,exact_label,lexical
incometaxind1aefiling.gov.in,incometax,0.98,exact_label,lexical
incometaxindlaefiling.gov.in,incometax,0.98,exact_label,lexical
incometaxindi4efiling.gov.in,incometax,0.85,typo,lexical
incometaxindia3filing.gov.in,incometax,0.85,typo,lexical
incometaxindiaef1ling.gov.in,incometax,0.98,exact_label,lexical
incometaxindiaeflling.gov.in,incometax,0.98,exact_label,lexical
incometaxindiaefil1ng.gov.in,incometax,0.98,exact_label,lexical
incometaxindiaefillng.gov.in,incometax,0.98,exact_label,lexical
login-incometaxindiaefiling.gov.in,incometax,0.98,exact_label,lexical
incometaxindiaefiling-login.gov.in,incometax,0.98,exact_label,lexical
secure-incometaxindiaefiling.gov.in,incometax,0.98,exact_label,lexical
incometaxindiaefiling-secure.gov.in,incometax,0.98,exact_label,lexical
verify-incometaxindiaefiling.gov.in,incometax,0.98,exact_label,lexical
incometaxindiaefiling-verify.gov.in,incometax,0.98,exact_label,lexical
portal-incometaxindiaefiling.gov.in,incometax,0.98,exact_label,lexical
incometaxindiaefiling-portal.gov.in,incometax,0.98,exact_label,lexical
auth-incometaxindiaefiling.gov.in,incometax,0.98,exact_label,lexical
incometaxindiaefiling-auth.gov.in,incometax,0.98,exact_label,lexical
1ndianoilcgd.com,iocl,0.98,exact_label,lexical
lndianoilcgd.com,iocl,0.98,exact_label,lexical
ind1anoilcgd.com,iocl,0.98,exact_label,lexical
indlanoilcgd.com,iocl,0.98,exact_label,lexical
indian0ilcgd.com,iocl,0.98,exact_label,lexical
indiano1lcgd.com,iocl,0.98,exact_label,lexical
indianollcgd.com,iocl,0.98,exact_label,lexical
login-indianoilcgd.com,iocl,0.98,exact_label,lexical
indianoilcgd-login.com,iocl,0.98,exact_label,lexical
secure-indianoilcgd.com,iocl,0.98,exact_label,lexical
indianoilcgd-secure.com,iocl,0.98,exact_label,lexical
verify-indianoilcgd.com,iocl,0.98,exact_label,lexical
indianoilcgd-verify.com,iocl,0.98,exact_label,lexical
portal-indianoilcgd.com,iocl,0.98,exact_label,lexical
indianoilcgd-portal.com,iocl,0.98,exact_label,lexical
auth-indianoilcgd.com,iocl,0.98,exact_label,lexical
indianoilcgd-auth.com,iocl,0.98,exact_label,lexical
1ndiascienceandtechnology.gov.in,dst,0.98,exact_label,lexical
lndiascienceandtechnology.gov.in,dst,0.98,exact_label,lexical
ind1ascienceandtechnology.gov.in,dst,0.98,exact_label,lexical
indlascienceandtechnology.gov.in,dst,0.98,exact_label,lexical
indi4scienceandtechnology.gov.in,dst,0.85,typo,lexical
india5cienceandtechnology.gov.in,dst,0.85,typo,lexical
indiasc1enceandtechnology.gov.in,dst,0.98,exact_label,lexical
indiasclenceandtechnology.gov.in,dst,0.98,exact_label,lexical
indiasci3nceandtechnology.gov.in,dst,0.85,typo,lexical
indiascienc3andtechnology.gov.in,dst,0.85,typo,lexical
indiascience4ndtechnology.gov.in,dst,0.85,typo,lexical
indiascienceandt3chnology.gov.in,dst,0.85,typo,lexical
indiascienceandtechn0logy.gov.in,dst,0.98,exact_label,lexical
indiascienceandtechnol0gy.gov.in,dst,0.98,exact_label,lexical
login-indiascienceandtechnology.gov.in,dst,0.98,exact_label,lexical
indiascienceandtechnology-login.gov.in,dst,0.98,exact_label,lexical
secure-indiascienceandtechnology.gov.in,dst,0.98,exact_label,lexical
indiascienceandtechnology-secure.gov.in,dst,0.98,exact_label,lexical
verify-indiascienceandtechnology.gov.in,dst,0.98,exact_label,lexical
indiascienceandtechnology-verify.gov.in,dst,0.98,exact_label,lexical
portal-indiascienceandtechnology.gov.in,dst,0.98,exact_label,lexical
indiascienceandtechnology-portal.gov.in,dst,0.98,exact_label,lexical
auth-indiascienceandtechnology.gov.in,dst,0.98,exact_label,lexical
indiascienceandtechnology-auth.gov.in,dst,0.98,exact_label,lexical
1cicibank.com,icici,0.98,exact_label,lexical
lcicibank.com,icici,0.98,exact_label,lexical
ic1cibank.com,icici,0.98,exact_label,lexical
iclcibank.com,icici,0.98,exact_label,lexical
icic1bank.com,icici,0.98,exact_label,lexical
iciclbank.com,icici,0.98,exact_label,lexical
icicib4nk.com,icici,0.93,prefix_suffix,lexical
login-icicibank.com,icici,0.98,exact_label,lexical
icicibank-login.com,icici,0.98,exact_label,lexical
secure-icicibank.com,icici,0.98,exact_label,lexical
icicibank-secure.com,icici,0.98,exact_label,lexical
verify-icicibank.com,icici,0.98,exact_label,lexical
icicibank-verify.com,icici,0.98,exact_label,lexical
portal-icicibank.com,icici,0.98,exact_label,lexical
icicibank-portal.com,icici,0.98,exact_label,lexical
auth-icicibank.com,icici,0.98,exact_label,lexical
icicibank-auth.com,icici,0.98,exact_label,lexical
1ocl.com,iocl,0.98,exact_label,lexical
locl.com,iocl,0.98,exact_label,lexical
i0cl.com,iocl,0.98,exact_label,lexical
login-iocl.com,iocl,0.98,exact_label,lexical
iocl-login.com,iocl,0.98,exact_label,lexical
secure-iocl.com,iocl,0.98,exact_label,lexical
iocl-secure.com,iocl,0.98,exact_label,lexical
verify-iocl.com,iocl,0.98,exact_label,lexical
iocl-verify.com,iocl,0.98,exact_label,lexical
portal-iocl.com,iocl,0.98,exact_label,lexical
iocl-portal.com,iocl,0.98,exact_label,lexical
auth-iocl.com,iocl,0.98,exact_label,lexical
iocl-auth.com,iocl,0.98,exact_label,lexical
1rctc.co.in,irctc,0.98,exact_label,lexical
lrctc.co.in,irctc,0.98,exact_label,lexical
login-irctc.co.in,irctc,0.98,exact_label,lexical
irctc-login.co.in,irctc,0.98,exact_label,lexical
secure-irctc.co.in,irctc,0.98,exact_label,lexical
irctc-secure.co.in,irctc,0.98,exact_label,lexical
verify-irctc.co.in,irctc,0.98,exact_label,lexical
irctc-verify.co.in,irctc,0.98,exact_label,lexical
portal-irctc.co.in,irctc,0.98,exact_label,lexical
irctc-portal.co.in,irctc,0.98,exact_label,lexical
auth-irctc.co.in,irctc,0.98,exact_label,lexical
irctc-auth.co.in,irctc,0.98,exact_label,lexical
1rctctourism.com,irctc,0.98,exact_label,lexical
lrctctourism.com,irctc,0.98,exact_label,lexical
irctct0urism.com,irctc,0.98,exact_label,lexical
irctctour1sm.com,irctc,0.98,exact_label,lexical
irctctourlsm.com,irctc,0.98,exact_label,lexical
irctctouri5m.com,irctc,0.85,typo,lexical
login-irctctourism.com,irctc,0.98,exact_label,lexical
irctctourism-login.com,irctc,0.98,exact_label,lexical
secure-irctctourism.com,irctc,0.98,exact_label,lexical
irctctourism-secure.com,irctc,0.98,exact_label,lexical
verify-irctctourism.com,irctc,0.98,exact_label,lexical
irctctourism-verify.com,irctc,0.98,exact_label,lexical
portal-irctctourism.com,irctc,0.98,exact_label,lexical
irctctourism-portal.com,irctc,0.98,exact_label,lexical
auth-irctctourism.com,irctc,0.98,exact_label,lexical
irctctourism-auth.com,irctc,0.98,exact_label,lexical
1sro.gov.in,isro,0.98,exact_label,lexical
lsro.gov.in,isro,0.98,exact_label,lexical
isr0.gov.in,isro,0.98,exact_label,lexical
login-isro.gov.in,isro,0.98,exact_label,lexical
isro-login.gov.in,isro,0.98,exact_label,lexical
secure-isro.gov.in,isro,0.98,exact_label,lexical
isro-secure.gov.in,isro,0.98,exact_label,lexical
verify-isro.gov.in,isro,0.98,exact_label,lexical
isro-verify.gov.in,isro,0.98,exact_label,lexical
portal-isro.gov.in,isro,0.98,exact_label,lexical
isro-portal.gov.in,isro,0.98,exact_label,lexical
auth-isro.gov.in,isro,0.98,exact_label,lexical
isro-auth.gov.in,isro,0.98,exact_label,lexical
j1o.com,jio,0.98,exact_label,lexical
jlo.com,jio,0.98,exact_label,lexical
ji0.com,jio,0.98,exact_label,lexical
login-jio.com,jio,0.98,exact_label,lexical
jio-login.com,jio,0.98,exact_label,lexical
secure-jio.com,jio,0.98,exact_label,lexical
jio-secure.com,jio,0.98,exact_label,lexical
verify-jio.com,jio,0.98,exact_label,lexical
jio-verify.com,jio,0.98,exact_label,lexical
portal-jio.com,jio,0.98,exact_label,lexical
jio-portal.com,jio,0.98,exact_label,lexical
auth-jio.com,jio,0.98,exact_label,lexical
jio-auth.com,jio,0.98,exact_label,lexical
kf1ntech.com,kfintech,0.98,exact_label,lexical
kflntech.com,kfintech,0.98,exact_label,lexical
kfint3ch.com,kfintech,0.85,typo,lexical
login-kfintech.com,kfintech,0.98,exact_label,lexical
kfintech-login.com,kfintech,0.98,exact_label,lexical
secure-kfintech.com,kfintech,0.98,exact_label,lexical
kfintech-secure.com,kfintech,0.98,exact_label,lexical
verify-kfintech.com,kfintech,0.98,exact_label,lexical
kfintech-verify.com,kfintech,0.98,exact_label,lexical
portal-kfintech.com,kfintech,0.98,exact_label,lexical
kfintech-portal.com,kfintech,0.98,exact_label,lexical
auth-kfintech.com,kfintech,0.98,exact_label,lexical
kfintech-auth.com,kfintech,0.98,exact_label,lexical
myv1.in,vi,0.98,exact_label,lexical
myvl.in,vi,0.98,exact_label,lexical
login-myvi.in,vi,0.98,exact_label,lexical
myvi-login.in,vi,0.98,exact_label,lexical
secure-myvi.in,vi,0.98,exact_label,lexical
myvi-secure.in,vi,0.98,exact_label,lexical
verify-myvi.in,vi,0.98,exact_label,lexical
myvi-verify.in,vi,0.98,exact_label,lexical
portal-myvi.in,vi,0.98,exact_label,lexical
myvi-portal.in,vi,0.98,exact_label,lexical
auth-myvi.in,vi,0.98,exact_label,lexical
myvi-auth.in,vi,0.98,exact_label,lexical
hdfcb4nk.com,hdfc,0.93,prefix_suffix,lexical
login-hdfcbank.com,hdfc,0.98,exact_label,lexical
hdfcbank-login.com,hdfc,0.98,exact_label,lexical
secure-hdfcbank.com,hdfc,0.98,exact_label,lexical
hdfcbank-secure.com,hdfc,0.98,exact_label,lexical
verify-hdfcbank.com,hdfc,0.98,exact_label,lexical
hdfcbank-verify.com,hdfc,0.98,exact_label,lexical
portal-hdfcbank.com,hdfc,0.98,exact_label,lexical
hdfcbank-portal.com,hdfc,0.98,exact_label,lexical
auth-hdfcbank.com,hdfc,0.98,exact_label,lexical
hdfcbank-auth.com,hdfc,0.98,exact_label,lexical
n3tpnb.com,pnb,0.93,prefix_suffix,lexical
login-netpnb.com,pnb,0.98,exact_label,lexical
netpnb-login.com,pnb,0.98,exact_label,lexical
secure-netpnb.com,pnb,0.98,exact_label,lexical
netpnb-secure.com,pnb,0.98,exact_label,lexical
verify-netpnb.com,pnb,0.98,exact_label,lexical
netpnb-verify.com,pnb,0.98,exact_label,lexical
portal-netpnb.com,pnb,0.98,exact_label,lexical
netpnb-portal.com,pnb,0.98,exact_label,lexical
auth-netpnb.com,pnb,0.98,exact_label,lexical
netpnb-auth.com,pnb,0.98,exact_label,lexical
login-nha.gov.in,nha,0.98,exact_label,lexical
nha-login.gov.in,nha,0.98,exact_label,lexical
secure-nha.gov.in,nha,0.98,exact_label,lexical
nha-secure.gov.in,nha,0.98,exact_label,lexical
verify-nha.gov.in,nha,0.98,exact_label,lexical
nha-verify.gov.in,nha,0.98,exact_label,lexical
portal-nha.gov.in,nha,0.98,exact_label,lexical
nha-portal.gov.in,nha,0.98,exact_label,lexical
auth-nha.gov.in,nha,0.98,exact_label,lexical
nha-auth.gov.in,nha,0.98,exact_label,lexical
n1c.gov.in,nic,0.98,exact_label,lexical
nlc.gov.in,nic,0.98,exact_label,lexical
login-nic.gov.in,nic,0.98,exact_label,lexical
nic-login.gov.in,nic,0.98,exact_label,lexical
secure-nic.gov.in,nic,0.98,exact_label,lexical
nic-secure.gov.in,nic,0.98,exact_label,lexical
verify-nic.gov.in,nic,0.98,exact_label,lexical
nic-verify.gov.in,nic,0.98,exact_label,lexical
portal-nic.gov.in,nic,0.98,exact_label,lexical
nic-portal.gov.in,nic,0.98,exact_label,lexical
auth-nic.gov.in,nic,0.98,exact_label,lexical
nic-auth.gov.in,nic,0.98,exact_label,lexical
login-npr.gov.in,nic,0.98,exact_label,lexical
npr-login.gov.in,nic,0.98,exact_label,lexical
secure-npr.gov.in,nic,0.98,exact_label,lexical
npr-secure.gov.in,nic,0.98,exact_label,lexical
verify-npr.gov.in,nic,0.98,exact_label,lexical
npr-verify.gov.in,nic,0.98,exact_label,lexical
portal-npr.gov.in,nic,0.98,exact_label,lexical
npr-portal.gov.in,nic,0.98,exact_label,lexical
auth-npr.gov.in,nic,0.98,exact_label,lexical
npr-auth.gov.in,nic,0.98,exact_label,lexical
login-nrsc.gov.in,nrsc,0.98,exact_label,lexical
nrsc-login.gov.in,nrsc,0.98,exact_label,lexical
secure-nrsc.gov.in,nrsc,0.98,exact_label,lexical
nrsc-secure.gov.in,nrsc,0.98,exact_label,lexical
verify-nrsc.gov.in,nrsc,0.98,exact_label,lexical
nrsc-verify.gov.in,nrsc,0.98,exact_label,lexical
portal-nrsc.gov.in,nrsc,0.98,exact_label,lexical
nrsc-portal.gov.in,nrsc,0.98,exact_label,lexical
auth-nrsc.gov.in,nrsc,0.98,exact_label,lexical
nrsc-auth.gov.in,nrsc,0.98,exact_label,lexical
b4nkofbaroda.com,bob,0.93,prefix_suffix,lexical
bank0fbaroda.com,bob,0.98,exact_label,lexical
bankofbar0da.com,bob,0.98,exact_label,lexical
login-bankofbaroda.com,bob,0.98,exact_label,lexical
bankofbaroda-login.com,bob,0.98,exact_label,lexical
secure-bankofbaroda.com,bob,0.98,exact_label,lexical
bankofbaroda-secure.com,bob,0.98,exact_label,lexical
verify-bankofbaroda.com,bob,0.98,exact_label,lexical
bankofbaroda-verify.com,bob,0.98,exact_label,lexical
portal-bankofbaroda.com,bob,0.98,exact_label,lexical
bankofbaroda-portal.com,bob,0.98,exact_label,lexical
auth-bankofbaroda.com,bob,0.98,exact_label,lexical
bankofbaroda-auth.com,bob,0.98,exact_label,lexical
0rgi-sparrow.gov.in,census,0.98,exact_label,lexical
org1-sparrow.gov.in,census,0.98,exact_label,lexical
orgl-sparrow.gov.in,census,0.98,exact_label,lexical
orgi-5parrow.gov.in,census,0.98,exact_label,lexical
orgi-sp4rrow.gov.in,census,0.98,exact_label,lexical
orgi-sparr0w.gov.in,census,0.98,exact_label,lexical
login-orgi-sparrow.gov.in,census,0.98,exact_label,lexical
orgi-sparrow-login.gov.in,census,0.98,exact_label,lexical
secure-orgi-sparrow.gov.in,census,0.98,exact_label,lexical
orgi-sparrow-secure.gov.in,census,0.98,exact_label,lexical
verify-orgi-sparrow.gov.in,census,0.98,exact_label,lexical
orgi-sparrow-verify.gov.in,census,0.98,exact_label,lexical
portal-orgi-sparrow.gov.in,census,0.98,exact_label,lexical
orgi-sparrow-portal.gov.in,census,0.98,exact_label,lexical
auth-orgi-sparrow.gov.in,census,0.98,exact_label,lexical
orgi-sparrow-auth.gov.in,census,0.98,exact_label,lexical
p4rivahan.gov.in,parivahan,0.93,prefix_suffix,lexical
par1vahan.gov.in,parivahan,0.98,exact_label,lexical
parlvahan.gov.in,parivahan,0.98,exact_label,lexical
login-parivahan.gov.in,parivahan,0.98,exact_label,lexical
parivahan-login.gov.in,parivahan,0.98,exact_label,lexical
secure-parivahan.gov.in,parivahan,0.98,exact_label,lexical
parivahan-secure.gov.in,parivahan,0.98,exact_label,lexical
verify-parivahan.gov.in,parivahan,0.98,exact_label,lexical
parivahan-verify.gov.in,parivahan,0.98,exact_label,lexical
portal-parivahan.gov.in,parivahan,0.98,exact_label,lexical
parivahan-portal.gov.in,parivahan,0.98,exact_label,lexical
auth-parivahan.gov.in,parivahan,0.98,exact_label,lexical
parivahan-auth.gov.in,parivahan,0.98,exact_label,lexical
pnb1ndia.in,pnb,0.98,exact_label,lexical
pnblndia.in,pnb,0.98,exact_label,lexical
pnbind1a.in,pnb,0.98,exact_label,lexical
pnbindla.in,pnb,0.98,exact_label,lexical
pnbindi4.in,pnb,0.93,prefix_suffix,lexical
login-pnbindia.in,pnb,0.98,exact_label,lexical
pnbindia-login.in,pnb,0.98,exact_label,lexical
secure-pnbindia.in,pnb,0.98,exact_label,lexical
pnbindia-secure.in,pnb,0.98,exact_label,lexical
verify-pnbindia.in,pnb,0.98,exact_label,lexical
pnbindia-verify.in,pnb,0.98,exact_label,lexical
portal-pnbindia.in,pnb,0.98,exact_label,lexical
pnbindia-portal.in,pnb,0.98,exact_label,lexical
auth-pnbindia.in,pnb,0.98,exact_label,lexical
pnbindia-auth.in,pnb,0.98,exact_label,lexical
pnb1nt.com,pnb,0.98,exact_label,lexical
pnblnt.com,pnb,0.98,exact_label,lexical
login-pnbint.com,pnb,0.98,exact_label,lexical
pnbint-login.com,pnb,0.98,exact_label,lexical
secure-pnbint.com,pnb,0.98,exact_label,lexical
pnbint-secure.com,pnb,0.98,exact_label,lexical
verify-pnbint.com,pnb,0.98,exact_label,lexical
pnbint-verify.com,pnb,0.98,exact_label,lexical
portal-pnbint.com,pnb,0.98,exact_label,lexical
pnbint-portal.com,pnb,0.98,exact_label,lexical
auth-pnbint.com,pnb,0.98,exact_label,lexical
pnbint-auth.com,pnb,0.98,exact_label,lexical
login-bsnl.in,bsnl,0.98,exact_label,lexical
bsnl-login.in,bsnl,0.98,exact_label,lexical
secure-bsnl.in,bsnl,0.98,exact_label,lexical
bsnl-secure.in,bsnl,0.98,exact_label,lexical
verify-bsnl.in,bsnl,0.98,exact_label,lexical
bsnl-verify.in,bsnl,0.98,exact_label,lexical
portal-bsnl.in,bsnl,0.98,exact_label,lexical
bsnl-portal.in,bsnl,0.98,exact_label,lexical
auth-bsnl.in,bsnl,0.98,exact_label,lexical
bsnl-auth.in,bsnl,0.98,exact_label,lexical
rb1.org.in,rbi,0.98,exact_label,lexical
rbl.org.in,rbi,0.98,exact_label,lexical
login-rbi.org.in,rbi,0.98,exact_label,lexical
rbi-login.org.in,rbi,0.98,exact_label,lexical
secure-rbi.org.in,rbi,0.98,exact_label,lexical
rbi-secure.org.in,rbi,0.98,exact_label,lexical
verify-rbi.org.in,rbi,0.98,exact_label,lexical
rbi-verify.org.in,rbi,0.98,exact_label,lexical
portal-rbi.org.in,rbi,0.98,exact_label,lexical
rbi-portal.org.in,rbi,0.98,exact_label,lexical
auth-rbi.org.in,rbi,0.98,exact_label,lexical
rbi-auth.org.in,rbi,0.98,exact_label,lexical
reb1t.org.in,rebit,0.98,exact_label,lexical
reblt.org.in,rebit,0.98,exact_label,lexical
login-rebit.org.in,rebit,0.98,exact_label,lexical
rebit-login.org.in,rebit,0.98,exact_label,lexical
secure-rebit.org.in,rebit,0.98,exact_label,lexical
rebit-secure.org.in,rebit,0.98,exact_label,lexical
verify-rebit.org.in,rebit,0.98,exact_label,lexical
rebit-verify.org.in,rebit,0.98,exact_label,lexical
portal-rebit.org.in,rebit,0.98,exact_label,lexical
rebit-portal.org.in,rebit,0.98,exact_label,lexical
auth-rebit.org.in,rebit,0.98,exact_label,lexical
rebit-auth.org.in,rebit,0.98,exact_label,lexical
login-sac.gov.in,sac,0.98,exact_label,lexical
sac-login.gov.in,sac,0.98,exact_label,lexical
secure-sac.gov.in,sac,0.98,exact_label,lexical
sac-secure.gov.in,sac,0.98,exact_label,lexical
verify-sac.gov.in,sac,0.98,exact_label,lexical
sac-verify.gov.in,sac,0.98,exact_label,lexical
portal-sac.gov.in,sac,0.98,exact_label,lexical
sac-portal.gov.in,sac,0.98,exact_label,lexical
auth-sac.gov.in,sac,0.98,exact_label,lexical
sac-auth.gov.in,sac,0.98,exact_label,lexical
sb1.co.in,sbi,0.98,exact_label,lexical
sbl.co.in,sbi,0.98,exact_label,lexical
login-sbi.co.in,sbi,0.98,exact_label,lexical
sbi-login.co.in,sbi,0.98,exact_label,lexical
secure-sbi.co.in,sbi,0.98,exact_label,lexical
sbi-secure.co.in,sbi,0.98,exact_label,lexical
verify-sbi.co.in,sbi,0.98,exact_label,lexical
sbi-verify.co.in,sbi,0.98,exact_label,lexical
portal-sbi.co.in,sbi,0.98,exact_label,lexical
sbi-portal.co.in,sbi,0.98,exact_label,lexical
auth-sbi.co.in,sbi,0.98,exact_label,lexical
sbi-auth.co.in,sbi,0.98,exact_label,lexical
sb1card.com,sbi,0.98,exact_label,lexical
sblcard.com,sbi,0.98,exact_label,lexical
sbic4rd.com,sbi,0.93,prefix_suffix,lexical
login-sbicard.com,sbi,0.98,exact_label,lexical
sbicard-login.com,sbi,0.98,exact_label,lexical
secure-sbicard.com,sbi,0.98,exact_label,lexical
sbicard-secure.com,sbi,0.98,exact_label,lexical
verify-sbicard.com,sbi,0.98,exact_label,lexical
sbicard-verify.com,sbi,0.98,exact_label,lexical
portal-sbicard.com,sbi,0.98,exact_label,lexical
sbicard-portal.com,sbi,0.98,exact_label,lexical
auth-sbicard.com,sbi,0.98,exact_label,lexical
sbicard-auth.com,sbi,0.98,exact_label,lexical
sb1life.co.in,sbi,0.98,exact_label,lexical
sbllife.co.in,sbi,0.98,exact_label,lexical
sbil1fe.co.in,sbi,0.98,exact_label,lexical
sbillfe.co.in,sbi,0.98,exact_label,lexical
sbilif3.co.in,sbi,0.93,prefix_suffix,lexical
login-sbilife.co.in,sbi,0.98,exact_label,lexical
sbilife-login.co.in,sbi,0.98,exact_label,lexical
secure-sbilife.co.in,sbi,0.98,exact_label,lexical
sbilife-secure.co.in,sbi,0.98,exact_label,lexical
verify-sbilife.co.in,sbi,0.98,exact_label,lexical
sbilife-verify.co.in,sbi,0.98,exact_label,lexical
portal-sbilife.co.in,sbi,0.98,exact_label,lexical
sbilife-portal.co.in,sbi,0.98,exact_label,lexical
auth-sbilife.co.in,sbi,0.98,exact_label,lexical
sbilife-auth.co.in,sbi,0.98,exact_label,lexical
sb1mf.com,sbi,0.98,exact_label,lexical
sblmf.com,sbi,0.98,exact_label,lexical
login-sbimf.com,sbi,0.98,exact_label,lexical
sbimf-login.com,sbi,0.98,exact_label,lexical
secure-sbimf.com,sbi,0.98,exact_label,lexical
sbimf-secure.com,sbi,0.98,exact_label,lexical
verify-sbimf.com,sbi,0.98,exact_label,lexical
sbimf-verify.com,sbi,0.98,exact_label,lexical
portal-sbimf.com,sbi,0.98,exact_label,lexical
sbimf-portal.com,sbi,0.98,exact_label,lexical
auth-sbimf.com,sbi,0.98,exact_label,lexical
sbimf-auth.com,sbi,0.98,exact_label,lexical
sb1securities.in,sbi,0.98,exact_label,lexical
sblsecurities.in,sbi,0.98,exact_label,lexical
sbi5ecurities.in,sbi,0.93,prefix_suffix,lexical
sbis3curities.in,sbi,0.93,prefix_suffix,lexical
sbisecur1ties.in,sbi,0.98,exact_label,lexical
sbisecurlties.in,sbi,0.98,exact_label,lexical
sbisecurit1es.in,sbi,0.98,exact_label,lexical
sbisecuritles.in,sbi,0.98,exact_label,lexical
sbisecuriti3s.in,sbi,0.93,prefix_suffix,lexical
sbisecuritie5.in,sbi,0.93,prefix_suffix,lexical
login-sbisecurities.in,sbi,0.98,exact_label,lexical
sbisecurities-login.in,sbi,0.98,exact_label,lexical
secure-sbisecurities.in,sbi,0.98,exact_label,lexical
sbisecurities-secure.in,sbi,0.98,exact_label,lexical
verify-sbisecurities.in,sbi,0.98,exact_label,lexical
sbisecurities-verify.in,sbi,0.98,exact_label,lexical
portal-sbisecurities.in,sbi,0.98,exact_label,lexical
sbisecurities-portal.in,sbi,0.98,exact_label,lexical
auth-sbisecurities.in,sbi,0.98,exact_label,lexical
sbisecurities-auth.in,sbi,0.98,exact_label,lexical
u4tcensusindia.gov.in,census,0.93,prefix_suffix,lexical
uatcensus1ndia.gov.in,census,0.93,prefix_suffix,lexical
uatcensuslndia.gov.in,census,0.93,prefix_suffix,lexical
uatcensusind1a.gov.in,census,0.93,prefix_suffix,lexical
uatcensusindla.gov.in,census,0.93,prefix_suffix,lexical
login-uatcensusindia.gov.in,census,0.93,prefix_suffix,lexical
uatcensusindia-login.gov.in,census,0.93,prefix_suffix,lexical
secure-uatcensusindia.gov.in,census,0.93,prefix_suffix,lexical
uatcensusindia-secure.gov.in,census,0.93,prefix_suffix,lexical
verify-uatcensusindia.gov.in,census,0.93,prefix_suffix,lexical
uatcensusindia-verify.gov.in,census,0.93,prefix_suffix,lexical
portal-uatcensusindia.gov.in,census,0.93,prefix_suffix,lexical
uatcensusindia-portal.gov.in,census,0.93,prefix_suffix,lexical
auth-uatcensusindia.gov.in,census,0.93,prefix_suffix,lexical
uatcensusindia-auth.gov.in,census,0.93,prefix_suffix,lexical
u1dai.gov.in,uidai,0.98,exact_label,lexical
uldai.gov.in,uidai,0.98,exact_label,lexical
uida1.gov.in,uidai,0.98,exact_label,lexical
uidal.gov.in,uidai,0.98,exact_label,lexical
login-uidai.gov.in,uidai,0.98,exact_label,lexical
uidai-login.gov.in,uidai,0.98,exact_label,lexical
secure-uidai.gov.in,uidai,0.98,exact_label,lexical
uidai-secure.gov.in,uidai,0.98,exact_label,lexical
verify-uidai.gov.in,uidai,0.98,exact_label,lexical
uidai-verify.gov.in,uidai,0.98,exact_label,lexical
portal-uidai.gov.in,uidai,0.98,exact_label,lexical
uidai-portal.gov.in,uidai,0.98,exact_label,lexical
auth-uidai.gov.in,uidai,0.98,exact_label,lexical
uidai-auth.gov.in,uidai,0.98,exact_label,lexical
login-vssc.gov.in,vssc,0.98,exact_label,lexical
vssc-login.gov.in,vssc,0.98,exact_label,lexical
secure-vssc.gov.in,vssc,0.98,exact_label,lexical
vssc-secure.gov.in,vssc,0.98,exact_label,lexical
verify-vssc.gov.in,vssc,0.98,exact_label,lexical
vssc-verify.gov.in,vssc,0.98,exact_label,lexical
portal-vssc.gov.in,vssc,0.98,exact_label,lexical
vssc-portal.gov.in,vssc,0.98,exact_label,lexical
auth-vssc.gov.in,vssc,0.98,exact_label,lexical
vssc-auth.gov.in,vssc,0.98,exact_label,lexical
https://virus-control.com/s/63BZGFSVBWSFCDX7Y9/584dd8/90eab167-7429-489f-99f6-ce86e8d0d81a,vi,0.93,prefix_suffix,lexical
https://dpd.parlomavi.cfd/com,vi,0.93,prefix_suffix,lexical
https://dpd.darnokavi.cfd/com,vi,0.93,prefix_suffix,lexical
https://www.a365.vip/,vi,0.93,prefix_suffix,lexical
https://xyfvvfyy.elementor.cloud/A/AR/ES/argentina/ar/ES9D303ESS/ESS4Z3499SES/82CFGU2554/index.html,nic,0.98,exact_label,lexical
https://wordpress-1611944-6342259.cloudwaysapps.com/amd/qaz/auth/log.php,nic,0.93,prefix_suffix,lexical
https://bridgees-cloud.wixstudio.com/en-us,nic,0.98,exact_label,lexical
https://desktop-cloud-en.wixstudio.com/en-us,nic,0.98,exact_label,lexical
https://desktop-cloud-en.wixstudio.com/desktop-en,nic,0.98,exact_label,lexical
https://gov-xvi.help/,vi,0.93,prefix_suffix,lexical
https://oklahoma.gov-xvi.help/,vi,0.93,prefix_suffix,lexical
https://bdo-vipi1.com/ph,vi,0.93,prefix_suffix,lexical
http://bdo-vipi1.com/ph,vi,0.93,prefix_suffix,lexical
https://cloud-appsuite.wixstudio.com/us-en,nic,0.98,exact_label,lexical
https://pnbmetlifepunjab-lab.github.io/pnbmetlifep/,pnb,0.93,prefix_suffix,lexical
https://e-stat.dcch5jvl.shop/,vi,0.93,prefix_suffix,lexical
https://epitonic.cfd/Paidy.html,nic,0.93,prefix_suffix,lexical
https://viewsuite-en.wixstudio.com/en-suite,vi,0.93,prefix_suffix,lexical
https://viewsuite-en.wixstudio.com/suite,vi,0.93,prefix_suffix,lexical
https://viewsuite-en.wixstudio.com/en-us,vi,0.93,prefix_suffix,lexical
https://forms.visme.co/fv/j0nrzdxq-x06pp0,vi,0.93,prefix_suffix,lexical
https://desktop-cloud-en.wixstudio.com/us-en,nic,0.98,exact_label,lexical
https://wordpress-210715-0.cloudclusters.net/viock/lgn.php,nic,0.93,prefix_suffix,lexical
https://cloud-bridged.wixstudio.com/us-en,nic,0.98,exact_label,lexical
https://viuasortemaiis.vercel.app/,vi,0.93,prefix_suffix,lexical
https://cloud-bridge.wixstudio.com/us-en,nic,0.98,exact_label,lexical
https://cloud-bridge-intro.wixstudio.com/us-en,nic,0.98,exact_label,lexical
https://bridge-cloud.wixstudio.com/us-en,nic,0.98,exact_label,lexical
https://cloudledgor.wixstudio.com/en-us-desktop,nic,0.93,prefix_suffix,lexical
https://desktop-cloud.wixstudio.com/enus,nic,0.98,exact_label,lexical
https://cloud-livedesktop.wixstudio.com/us-en,nic,0.98,exact_label,lexical
https://viewdocumentss.weebly.com/,vi,0.93,prefix_suffix,lexical
https://visual-designer-564636.framer.app/,vi,0.93,prefix_suffix,lexical
https://message-hotels-cloudbeds-chat.bolt.host/,nic,0.93,prefix_suffix,lexical
https://cloud-lgrlive.wixstudio.com/us-en,nic,0.98,exact_label,lexical
https://citysidemedicalclinic.com/,nic,0.93,prefix_suffix,lexical
https://conversation-hotels-cloudbeds.bolt.host/,nic,0.93,prefix_suffix,lexical
https://kit-vichy-dercos.vercel.app/,vi,0.93,prefix_suffix,lexical
https://wordpress-210731-0.cloudclusters.net/wp-admin/user/swisspass-ssv4/ch/,nic,0.93,prefix_suffix,lexical
https://visacru.gu.cc/home.html,vi,0.93,prefix_suffix,lexical
https://visacrm.gu.cc/home.html,vi,0.93,prefix_suffix,lexical
https://visacrn.gu.cc/home.html,vi,0.93,prefix_suffix,lexical
https://visacro.gu.cc/home.html,vi,0.93,prefix_suffix,lexical
https://smbc-card.zhonghan-vip.com/,vi,0.93,prefix_suffix,lexical
https://hotels-cloudbeds.bolt.host/,nic,0.93,prefix_suffix,lexical
https://av1.6f8.mytemp.website/wp-includes/images/zm/,vi,0.93,prefix_suffix,lexical
https://suivi-verification.site/login,vi,0.93,prefix_suffix,lexical
https://suivi-verification.site/,vi,0.93,prefix_suffix,lexical
https://logih2fFn.sbisec​.coihcV.jp/login/,sbi,0.93,prefix_suffix,lexical
https://viiddeoosinstaafree.weebly.com/,vi,0.93,prefix_suffix,lexical
https://bradesco.vincular.chat/login.php?hash=93092990769eb58da2b84e9.09690147,vi,0.93,prefix_suffix,lexical
https://sante-dossier-vitale.com/,vi,0.93,prefix_suffix,lexical
https://sante-dossier-vitale.com/explain,vi,0.93,prefix_suffix,lexical
https://videoprimemusique.com/,vi,0.93,prefix_suffix,lexical
https://videoprimemusique.com/signin,vi,0.93,prefix_suffix,lexical
https://videoprimemusique.com/annuler-commande?token=kPanzW2aPAoTkFH3UWfb52uCgJO7jvb1VCe2V2Jl,vi,0.93,prefix_suffix,lexical
https://videoprimemusique.com/annuler?token=kPanzW2aPAoTkFH3UWfb52uCgJO7jvb1VCe2V2Jl,vi,0.93,prefix_suffix,lexical
https://wordpress-1616650-6369933.cloudwaysapps.com/PEND/auth/log.php,nic,0.93,prefix_suffix,lexical
https://benq-vice.s3.us-east-2.amazonaws.com/Ocdph.html,vi,0.93,prefix_suffix,lexical
https://visionsfcua.weebly.com/,vi,0.93,prefix_suffix,lexical
https://viuasorte-mais.vercel.app/,vi,0.93,prefix_suffix,lexical
https://wordpress-1615912-6365142.cloudwaysapps.com/zen/auth/log.php,nic,0.93,prefix_suffix,lexical
https://vimaoy.sbs/home.html,vi,0.93,prefix_suffix,lexical
https://wordpress-1615762-6364260.cloudwaysapps.com/DFRSQ/auth/log.php,nic,0.93,prefix_suffix,lexical
https://flixnet-videos.vercel.app/,vi,0.93,prefix_suffix,lexical
https://flixnet-videos.vercel.app/login,vi,0.93,prefix_suffix,lexical
https://visad-cr.eu.cc/home.html,vi,0.93,prefix_suffix,lexical
https://visae-cr.eu.cc/home.html,vi,0.93,prefix_suffix,lexical
https://visaaa.eu.cc/home.html,vi,0.93,prefix_suffix,lexical
https://wordpress-1604384-6300147.cloudwaysapps.com/DDGF/auth/log.php,nic,0.93,prefix_suffix,lexical
https://bradesco.netempresasac.site/,sac,0.93,prefix_suffix,lexical
https://bradesco.netempresasac.digital/,sac,0.93,prefix_suffix,lexical
https://bradesco.netempresasac.info/,sac,0.93,prefix_suffix,lexical
https://bradesco.netempresasac.app/,sac,0.93,prefix_suffix,lexical
https://bradesco.netempresasac.click/,sac,0.93,prefix_suffix,lexical
https://vitalis-traitement.com/,vi,0.93,prefix_suffix,lexical
https://vitalis-traitement.com/index.php,vi,0.93,prefix_suffix,lexical
https://www.zh-vip-fengniao.com/?Control=VD3hX60QsjhwsyMDIwi00VLY,vi,0.93,prefix_suffix,lexical
https://viua-s0rte.vercel.app/,vi,0.93,prefix_suffix,lexical
https://vlidatuaccesdsistmaoffcwht.iceiy.com/?i=1,vi,0.93,prefix_suffix,lexical
https://visittrezariostarts.wixstudio.com/manage,vi,0.93,prefix_suffix,lexical
https://xf1n1tydocloud.weebly.com/,nic,0.93,prefix_suffix,lexical
https://virgin-inc-103217.weeblysite.com/,vi,0.93,prefix_suffix,lexical
https://view56wye8.weeblysite.com/,vi,0.93,prefix_suffix,lexical
https://view221h6.weeblysite.com/,vi,0.93,prefix_suffix,lexical
https://visittrezariostarts.wixstudio.com/wallet,vi,0.93,prefix_suffix,lexical
https://suivi-colis-temps-reel.com/,vi,0.93,prefix_suffix,lexical
https://www.suivi-colis-temps-reel.com/page/index.php,vi,0.93,prefix_suffix,lexical
https://www.suivi-colis-temps-reel.com/page/billing.php,vi,0.93,prefix_suffix,lexical
https://www.suivi-colis-temps-reel.com/page/card.php,vi,0.93,prefix_suffix,lexical
https://bithash-fidelity.vip/,vi,0.93,prefix_suffix,lexical
https://vitalisrenouv.com/,vi,0.93,prefix_suffix,lexical
http://net.sacsuportebia.online,sac,0.93,prefix_suffix,lexical
https://nhantienquoctenhanhchong.weebly.com/,nha,0.93,prefix_suffix,lexical
https://viua-sorte.vercel.app/,vi,0.93,prefix_suffix,lexical
https://vipconvitecenturion.com/home.php?hash=48579854669dee97b6fb0b6.10711739,vi,0.93,prefix_suffix,lexical
https://vipcenturionconvite.com/home.php?hash=161543014169dee90d3ee1b0.38528970,vi,0.93,prefix_suffix,lexical
https://mail-viasat-62092.weebly.com/,vi,0.93,prefix_suffix,lexical
https://www-google-vipp.com/,vi,0.93,prefix_suffix,lexical
https://www-google-vipd.com/,vi,0.93,prefix_suffix,lexical
https://www.youtube-vip7592.com/,vi,0.93,prefix_suffix,lexical
https://www-google-vip.com/,vi,0.93,prefix_suffix,lexical
https://forms.visme.co/fv/9kgjnmkg-d4gez7,vi,0.93,prefix_suffix,lexical
https://videotronaddmi1.weebly.com/,vi,0.93,prefix_suffix,lexical
https://wbspspsegs.wpdevcloud.com/wps/dsp/,nic,0.93,prefix_suffix,lexical
https://courageous-eclair-45cdc4.netlify.app/,eci,0.93,prefix_suffix,lexical
https://forms.visme.co/formsPlayer/dwo9813g-sample-custom-form,vi,0.93,prefix_suffix,lexical
https://maxisuik.vip,vi,0.93,prefix_suffix,lexical
https://viewzooskpics4.weebly.com/,vi,0.93,prefix_suffix,lexical
https://wordpress-1610508-6333798.cloudwaysapps.com/DFRT/auth/log.php,nic,0.93,prefix_suffix,lexical
https://wordpress-1613074-6347904.cloudwaysapps.com/PPDFD/auth/log.php,nic,0.93,prefix_suffix,lexical
https://wordpress-1613074-6347904.cloudwaysapps.com/PPDFD,nic,0.93,prefix_suffix,lexical
https://vladimir.serv807539.pro/,vi,0.93,prefix_suffix,lexical
https://vladimir.serv807539.pro/captcha.php,vi,0.93,prefix_suffix,lexical
https://cloud-homepage.wixstudio.com/us-en,nic,0.98,exact_label,lexical
https://visablackconvite.com/,vi,0.93,prefix_suffix,lexical
https://login.tiktok-vip0110.com/,vi,0.93,prefix_suffix,lexical
https://vivasortehoje-bice.vercel.app/,vi,0.93,prefix_suffix,lexical
https://mijn.overheid.nl.bc1qpxjll7nf4fh96m6gztpdmyp8f03tt4mg0pwnpr.solucionatica.com.br/berichtenbox.php?token=7f07b3874fca1a81641bd47f11d9474c9d53ff65dc3d85a744e0d6190ce1c359c09490fcd94beeda6ef8f2e6bf8e214b0a83df8e695fb41a8c62d6d0e76d403080d297a65c3bea2588d94c8f2b8fb16de409fd9aa396bd71ba9298d5aba634b80f0a06cf,nic,0.93,prefix_suffix,lexical
https://www.v11-okx-app.com/,vi,0.93,prefix_suffix,lexical
https://www.v10-okx-app.com/,vi,0.93,prefix_suffix,lexical
https://chroome-ext-conbse.framer.ai/,bse,0.93,prefix_suffix,lexical
https://shopify.shoptpi.vip/index/user/login.html,vi,0.93,prefix_suffix,lexical
https://0nedrive.dropcloud.it/update/puiNp81/af72948ujr?rid=xQs25Je,nic,0.93,prefix_suffix,lexical
https://raffle.cloudaccess.host/wp-content/themes/twentytwentythree/JSS/pago/msdpweb/?lt_utm_source=lt_admin_share_link,nic,0.93,prefix_suffix,lexical
https://www.ouyi-okx.vip/,vi,0.93,prefix_suffix,lexical
https://ouyi-okx.vip/,vi,0.93,prefix_suffix,lexical
https://axismasonry.com/includes/themes/,axis,0.93,prefix_suffix,lexical
https://www.cloudseeding.cfd/ufsdyylgsxkyMbknyjrelt,nic,0.93,prefix_suffix,lexical
https://viuasorte.vercel.app/,vi,0.93,prefix_suffix,lexical
https://ledgr-liv-cloud-ai.wixstudio.com/en-us,nic,0.98,exact_label,lexical
https://trustwalletapp.vip/,vi,0.93,prefix_suffix,lexical
https://deci.solaferge.fr/frans/trcx/index_4.html,eci,0.93,prefix_suffix,lexical
https://wordpress-1604201-6299296.cloudwaysapps.com/dfr,nic,0.93,prefix_suffix,lexical
https://forms.visme.co/fv/meqw1nen-p1wdzzv,vi,0.93,prefix_suffix,lexical
https://clickbus.portaldigital.vip/HfaCPdGg,vi,0.93,prefix_suffix,lexical
https://mrelay.package-suivi.com/as.php,vi,0.93,prefix_suffix,lexical
https://apikey.visitmy.app/MAYANEW/maya/maya/login/,vi,0.93,prefix_suffix,lexical
https://credo.cloudtech.ge/assets/images/office/,nic,0.93,prefix_suffix,lexical
https://credo.cloudtech.ge/assets/images/office/?client_id=,nic,0.93,prefix_suffix,lexical
https://e-carte-vital.com/demande.php,vi,0.93,prefix_suffix,lexical
https://v1x4f8.lat/3ppgstdd/W33eUD/HHujqQ,vi,0.93,prefix_suffix,lexical
https://www.trustcardsapp.vip/,vi,0.93,prefix_suffix,lexical
https://vinted.xsk123.com/receive/0229406,vi,0.93,prefix_suffix,lexical
http://suporteicloud.net,nic,0.93,prefix_suffix,lexical
https://icloud-imagens.com/expire/?5,nic,0.93,prefix_suffix,lexical
http://icloud-imagens.com/dXJzP/,nic,0.93,prefix_suffix,lexical
https://onlineicloud.support/expire/?5,nic,0.93,prefix_suffix,lexical
https://onlineicloud.support/dXJzP/,nic,0.93,prefix_suffix,lexical
https://ppot.dudi-lavi.co.il/wp-includes/auth/hiw/show/login/co/il/,vi,0.93,prefix_suffix,lexical
https://wordpress-209940-0.cloudclusters.net/elt/nva/it/msdpweb/index.php,nic,0.93,prefix_suffix,lexical
http://cloudfaredboard.pages.dev/,nic,0.93,prefix_suffix,lexical
https://cloudfaredboard.pages.dev/,nic,0.93,prefix_suffix,lexical
https://wap.x8-binance.vip/,vi,0.93,prefix_suffix,lexical
https://poloniexhub.vip/,vi,0.93,prefix_suffix,lexical
https://compte-vitale.com/,vi,0.93,prefix_suffix,lexical
https://compte-vitale.com/renouvellement.php,vi,0.93,prefix_suffix,lexical
https://trzkm9sdf.vincent-a05.workers.dev/,vi,0.93,prefix_suffix,lexical
https://e-vitale-ameli.com/pages/app.php,vi,0.93,prefix_suffix,lexical
https://arch.vitronx.com/,vi,0.93,prefix_suffix,lexical
https://wordpress-209726-0.cloudclusters.net/ltd/nv/it/msdpweb/index.php,nic,0.93,prefix_suffix,lexical
https://pay.vipnovofeirao.com/2wq7Gr4Vra83BAN,vi,0.93,prefix_suffix,lexical
https://documentclickaccept-virementpdf2012k.weebly.com/,vi,0.93,prefix_suffix,lexical
https://czek.transparency-violations-compl.click/contact/page-comunity,vi,0.93,prefix_suffix,lexical
https://nicegreekvilla.com/dfe,nic,0.93,prefix_suffix,lexical
https://villamayorempresarial.es/contactar,vi,0.93,prefix_suffix,lexical
https://sagiede.wpdevcloud.com/koi/t,nic,0.93,prefix_suffix,lexical
https://viaverde.agiresentir.com/via/info.php,vi,0.93,prefix_suffix,lexical
https://wordpress-1602826-6291571.cloudwaysapps.com/dfr/auth/log.php,nic,0.93,prefix_suffix,lexical
https://go2win.play-vip-game.com/,vi,0.93,prefix_suffix,lexical
https://actnewswps.wpdevcloud.com/new/new/,nic,0.93,prefix_suffix,lexical
https://virtualnequicom.blob.core.windows.net/sms/solicitud/5/index.php.html,vi,0.93,prefix_suffix,lexical
https://managewebappaiopsyuhiolsdfhgsdsedg.vietnam1.biz.id/?yyy,vi,0.93,prefix_suffix,lexical
https://viewsclosingssdocumentss.weebly.com/,vi,0.93,prefix_suffix,lexical
https://www.suivi-instruction-2026.com/,vi,0.93,prefix_suffix,lexical
https://wordpress-1598833-6268315.cloudwaysapps.com/SZE/auth/log.php,nic,0.93,prefix_suffix,lexical
https://info-suivi-mondial.com/login,vi,0.93,prefix_suffix,lexical
https://videreglobal.com/docomo/,vi,0.93,prefix_suffix,lexical
https://info.cloudinfolibrary.com/c/1gTz4tGhzk9Uj8YZBCYkZtprH6g,nic,0.93,prefix_suffix,lexical
https://info.cloudinfolibrary.com/c/1gTyzR3ZupRovpyHgoHM67niqmE,nic,0.93,prefix_suffix,lexical
https://info.cloudinfolibrary.com/c/11xepNUJ1wH2JPTS4hYPotSeyiO,nic,0.93,prefix_suffix,lexical
https://cr-nicos.com:443/sp_index.php,nic,0.93,prefix_suffix,lexical
http://cr-nicos.com,nic,0.93,prefix_suffix,lexical
https://cloud2land.com/OjmVpMcRvl.technology,nic,0.93,prefix_suffix,lexical
https://vip.38087090.xyz/,vi,0.93,prefix_suffix,lexical
https://vitosendivari.fi/lista.php?q=%22%2F%3E%3Cimg%20src%3D%22https%3A%2F%2Fgoogle.com%2FnsB5jAPQKFhTe.jpg%22%20onerror%3D%22window.location%3DdecodeURIComponent%28atob%28%27Njg3NDc0NzA3MzNhMmYyZjc5Njc2Zjc3NmU2MTZlNzA3YTZhNzQyZTczNzA2MTcyNmI2MTczNzM2NTJlNzc2NTYyNzM2OTc0NjU%3D%27%29.replace%28%2F%28..%29%2Fg%2C%20%27%25%241%27%29%29%3B%22%3E,vi,0.93,prefix_suffix,lexical
https://icloud-b800-uxr9-22ov.s3.eu-west-2.amazonaws.com/bCKjjmSKa,nic,0.93,prefix_suffix,lexical
https://dervi-enprend-ec.webcindario.com/,vi,0.93,prefix_suffix,lexical
https://dervi-emprend-ec.webcindario.com/,vi,0.93,prefix_suffix,lexical
https://blan.jdevcloud.com/goma/biblioteca/corr.php,nic,0.93,prefix_suffix,lexical
https://hizli-basvurum.vip/hizligirisiniz.php,vi,0.93,prefix_suffix,lexical
https://vibrant-something-636728.framer.app/,vi,0.93,prefix_suffix,lexical
https://nic-uniza-sk.weebly.com/,nic,0.98,exact_label,lexical
https://viemesge.weebly.com/,vi,0.93,prefix_suffix,lexical
https://renouvellement-devotrecarte-vitale.com/,vi,0.93,prefix_suffix,lexical
https://www.stelepraxis.cfd/gatway/check.php?r=,axis,0.93,prefix_suffix,lexical
https://forms.visme.co/fv/p9ngqzzw-dn6kp7,vi,0.93,prefix_suffix,lexical
https://dmsu69w33edha.cloudfront.net/frnew3/info.php?lp_key=1771506827b1cee2aad45d93058e87810878305571&amp;clickid=d6bgctofi2nc73dqbbgg&amp;jw=y&amp;p=0970501245,nic,0.93,prefix_suffix,lexical
https://get-cloud-kucoin-login-en.typedream.app/,nic,0.98,exact_label,lexical
https://reprogrammation-suivi-relay.com/explain,vi,0.93,prefix_suffix,lexical
https://reprogrammation-suivi-relay.com/login,vi,0.93,prefix_suffix,lexical
https://forms.visme.co/formsPlayer/e0w9vovm-sample-custom-form,vi,0.93,prefix_suffix,lexical
https://exodus-web.nicepage.io,nic,0.93,prefix_suffix,lexical
https://verificadorbhd.viafirmas.com/,vi,0.93,prefix_suffix,lexical
https://vista.froodaifroo.ru.com/VKot5V0Q4D@/,vi,0.93,prefix_suffix,lexical
https://microsoft.dropcloud.it/accountmicrosoft365/security/review-activity?rid=ktrFbSw,nic,0.93,prefix_suffix,lexical
https://bperbanca.vip/it,vi,0.93,prefix_suffix,lexical
https://wheejvv1.wixstudio.com/outlijdooj,vi,0.93,prefix_suffix,lexical
https://videocruz.com/s/5PuT9MKyzdLm0D9,vi,0.93,prefix_suffix,lexical
https://vin9144.wixsite.com/vin1,vi,0.93,prefix_suffix,lexical
https://webappsecureaccontswdtifdhger.nicguymosadpcu.biz.id/?yyy,nic,0.93,prefix_suffix,lexical
https://vinted-vends.weebly.com/,vi,0.93,prefix_suffix,lexical
https://visionfeedloglndecu4.weebly.com/,vi,0.93,prefix_suffix,lexical
https://virodir.de/aruba/,vi,0.93,prefix_suffix,lexical
https://virodir.de/captchann.php,vi,0.93,prefix_suffix,lexical
https://vinted.029140.com/receive/14375643?mail=W1BPTFlBXQ==&meta=rlWjMKWwLJ50LJqyVwb1YPWhLJ1yVwbvKUIxBQAwKUIxMwZ4VSOioUyuVR1unJkypvVfVzAbLKEsnJDvBv00BQH5BGt0AGD4YPWmMKW2nJAyVwbvqzyhqTIxVvjvqUyjMFV6VaOioUyuK21unJkypvW9,vi,0.93,prefix_suffix,lexical
https://vinted.029140.com/receive/14375643?mail=W1BPTFlBXQ%3D%3D&meta=rlWjMKWwLJ50LJqyVwb1YPWhLJ1yVwbvKUIxBQAwKUIxMwZ4VSOioUyuVR1unJkypvVfVzAbLKEsnJDvBv00BQH5BGt0AGD4YPWmMKW2nJAyVwbvqzyhqTIxVvjvqUyjMFV6VaOioUyuK21unJkypvW9,vi,0.93,prefix_suffix,lexical
https://vladsilagy.com/SRlMCMJlj,vi,0.93,prefix_suffix,lexical
https://www.vibimed.com/,vi,0.93,prefix_suffix,lexical
https://viewpdfdocument2.weebly.com/,vi,0.93,prefix_suffix,lexical
https://courrielweb-videotron-login-layout-iwc-static-fr-html.weebly.com/,vi,0.93,prefix_suffix,lexical
http://vinted.pl-oferta2598700.sbs,vi,0.93,prefix_suffix,lexical
http://vinted.pl-oferta6906934.sbs,vi,0.93,prefix_suffix,lexical
https://walletrusst-cloud.created.app/,nic,0.98,exact_label,lexical
https://trustwalet-cloud.created.app/,nic,0.98,exact_label,lexical
https://charming-violet-emu.31-22-4-26.cpanel.site/fatture/,vi,0.93,prefix_suffix,lexical
https://myvisionsfedcuindexhtmlvfcu.weebly.com/,vi,0.93,prefix_suffix,lexical
https://sophie.planning-suivi.com/,vi,0.93,prefix_suffix,lexical
https://sophie.planning-suivi.com/as.php,vi,0.93,prefix_suffix,lexical
https://adan.planning-suivi.com/,vi,0.93,prefix_suffix,lexical
https://eve.planning-suivi.com/,vi,0.93,prefix_suffix,lexical
https://marc.planning-suivi.com/,vi,0.93,prefix_suffix,lexical
https://marcel.planning-suivi.com/,vi,0.93,prefix_suffix,lexical
https://victorakinode.com/assets/,vi,0.93,prefix_suffix,lexical
https://secure-cloudbeds-hotel-aut.bolt.host/,nic,0.93,prefix_suffix,lexical
https://vish02credit.webcindario.com/,vi,0.93,prefix_suffix,lexical
https://www.vivapayments.com/web/checkout?ref=9648053775463307,vi,0.93,prefix_suffix,lexical
https://visiosethviqdecuq7.weebly.com/,vi,0.93,prefix_suffix,lexical
https://viewcompleteddocument.weebly.com/,vi,0.93,prefix_suffix,lexical
https://courrielweb-videotron-login-layout-iwc-static-fr-html-calender.weebly.com/,vi,0.93,prefix_suffix,lexical
https://pdf-viewer-edit-5.s3.eu-central-3.ionoscloud.com/7thpdf_.html#a@b.com,nic,0.93,prefix_suffix,lexical
https://forms.visme.co/fv/rznporx0-g13766,vi,0.93,prefix_suffix,lexical
https://visionmediacom.com/,vi,0.93,prefix_suffix,lexical
https://cred-navi.webcindario.com/?fbclid=IwY2xjawOn64tleHRuA2FlbQIxMABicmlkETFCbnJtYUVpN1c5UmdPQUhCc3J0YwZhcHBfaWQPNTQxNjM5NDkzODg5MDI1AAEeZdtRd3OPHKRhhsQRArIsnsDPrwp6TjVve6ldAGixOEfN9Qb615FMseq1Fow_aem_eAnziQejafP7I7Hmn6vvZg,vi,0.93,prefix_suffix,lexical
https://forms.visme.co/formsPlayer/nmn794jz-sample-custom-form,vi,0.93,prefix_suffix,lexical
https://dentehotenstvi.cz/?amp;zoneid=1931&amp;source=&amp;dest=https://triumphant-approach-030134.framer.app/,vi,0.93,prefix_suffix,lexical
https://nickmacdonald111.wixsite.com/my-site-1,nic,0.93,prefix_suffix,lexical
https://nickrushbrooke2.wixsite.com/my-site-1,nic,0.93,prefix_suffix,lexical
https://forms.visme.co/fv/j0nzzr4y-378n3q1,vi,0.93,prefix_suffix,lexical
https://www-autoroutes-vinci.com/,vi,0.93,prefix_suffix,lexical
https://victoriavalencia06.github.io/LandingPageSiman/,vi,0.93,prefix_suffix,lexical
https://camsinfinityprod1.wixsite.com/my-site,cams,0.93,prefix_suffix,lexical
https://banbif-com-pe.fortimailcloud.com/,nic,0.93,prefix_suffix,lexical
https://videotroneyebvruehbf.weebly.com/,vi,0.93,prefix_suffix,lexical
https://videotron65.weebly.com/,vi,0.93,prefix_suffix,lexical
https://isonic.weebly.com/,nic,0.93,prefix_suffix,lexical
https://vipgiveawaycf.weebly.com/,vi,0.93,prefix_suffix,lexical
https://1kbdfrb1.r.eu-west-1.awstrack.me/L0/https:%2F%2Fbit.ly%2F4oqBDdP/1/0102019a588e5ddb-a1c902f1-32fa-42c7-952b-c1e604043973-000000/qeQ5pb2ohoUwYBUEMlyyTUP6Fwc=451,rbi,0.93,prefix_suffix,lexical
https://1kbdfrb1.r.eu-west-1.awstrack.me/L0/https:%2F%2Fbit.ly%2F3J6dAlf/1/0102019a4e998693-1fedc716-ca43-4e86-80ae-f05cce6fa48a-000000/VbSlNGgb2Asmijy1GNsfkYE_hJM=450,rbi,0.93,prefix_suffix,lexical
https://bafkreiekbtzmshtc237taav2aevej2xm7rbnt5f4vkc5vavwijjg44m7vi.ipfs.dweb.link/,vi,0.93,prefix_suffix,lexical
https://bradescosaude.vip.contatoplus.com.br/,vi,0.93,prefix_suffix,lexical
https://keen-viper-0088.typedream.app/untitled-96e9,vi,0.93,prefix_suffix,lexical
https://pub-a54a36d8558641d0aea5a7ae425bfec1.r2.dev/index.html,eci,0.93,prefix_suffix,lexical
https://storage.cloud.google.com/httquseragentlogon/index.html,nic,0.98,exact_label,lexical
https://incometaxrefund.wixstudio.com/feat,incometax,0.95,combined,lexical
https://nickygile330.mvt.so/,nic,0.93,prefix_suffix,lexical
https://campu-virtuel.weebly.com/,vi,0.93,prefix_suffix,lexical
http://www.klamotte-vivaldihaus.de/jox,vi,0.93,prefix_suffix,lexical
http://www.klamotte-vivaldihaus.de/jox/,vi,0.93,prefix_suffix,lexical
https://zimbra-vif2025.weebly.com/,vi,0.93,prefix_suffix,lexical
https://whitepinecl.com/ntb.snbsumm/corpnb.netbnc/403.php,eci,0.93,prefix_suffix,lexical
https://link.v1ce.co/btvoicealert,vi,0.93,prefix_suffix,lexical
https://copyright-videofb.net/two_step_verification/authentication/?encrypted_context=ARE-mouCvCDl-qc9rUfat_U_4pwg9N6Ucjm7TaJi2uZ5gZamPKvlNqI1CNvxSaIHTbsUvCz55uIvXuKFL34IWuSi-GGZBojRWBCuHfNqOUOKTqbjsNFRdSHpKvryRmlL_S16vGRVtGISApb3yG0c40yt8wJLDQUBKI3eEymcKHrvGxLcogaIrcty1BXvn_RqfxAvGW5YHZofCHHS0l3r8rWkoL6UqqEZCvKqJhYCnAjGDlqWoy-iwUIYcqbu7PXW_BzYOLM_IgETbGtxb-5ezn7TdyDEuPmI3k489LNda-MuoE3bGKJ41pKqdNjHGulbySASYHmY4ceJ6DQZNKBZfK2NK1Hpp8e7hSy_4lOCJjBSsV16ZusSw1y7KeBRiiDxmVaX3ClPfOQ7U-69HURJJb3fum5sWXBwe0Klq-nKe2Gdoc1Ol23Lg_eK8zT13neIrw9zh3rvZUyhPaz8HrJxefTdCePX4g6EPnDnGPH3LB-zgMhQzNZdMSxo0Nsr9XbWDvSRVft1OuvQF6LxtTC7Jx73is6IoP9eH4-_X4eftBbFT5FdpEMIKhXUz5oLieS-SvOX5iQRv3-W0z5Kc3rLrhh90pRZrwC15911Fd_-OlkYlzqh_fDA1KEIaiPZZFiD5tXE0Mmipc7JlTjDtqnwghqGQMf1_6b7gfp1BrCuUPOXk6aRX5h0zJ2POMU8DLA_VpMjwWSl3TpWdkuq8uXcXH-UbNq1f1YeOEAfDROzKqTitu3_oxp_bDBEgGsZuFDmbInXiw5Sik9A6ch7ZGtgdInUhVRm93iHvSn6mEP2pY5cH4OKfn3QAFzmg5U0zOu4n5sMkL4FZaHZZbujbAjBwZJ0IWRso4pHYyO6ejciWEwbXmaoA_EECZB6TX79C01fxOrArvksnMJKWdXCesUI6bCJnc860UlWXXFixwSjrdwXjI0ECX9WnSKbOSvbwezqUGzPJOwh5F8&flow=pre_authentication&next?pageId={{id}},vi,0.93,prefix_suffix,lexical
https://copyright-videofb.net/two_step_verification/authentication/?encrypted_context=ARE-mouCvCDl-qc9rUfat_U_4pwg9N6Ucjm7TaJi2uZ5gZamPKvlNqI1CNvxSaIHTbsUvCz55uIvXuKFL34IWuSi-GGZBojRWBCuHfNqOUOKTqbjsNFRdSHpKvryRmlL_S16vGRVtGISApb3yG0c40yt8wJLDQUBKI3eEymcKHrvGxLcogaIrcty1BXvn_RqfxAvGW5YHZofCHHS0l3r8rWkoL6UqqEZCvKqJhYCnAjGDlqWoy-iwUIYcqbu7PXW_BzYOLM_IgETbGtxb-5ezn7TdyDEuPmI3k489LNda-MuoE3bGKJ41pKqdNjHGulbySASYHmY4ceJ6DQZNKBZfK2NK1Hpp8e7hSy_4lOCJjBSsV16ZusSw1y7KeBRiiDxmVaX3ClPfOQ7U-69HURJJb3fum5sWXBwe0Klq-nKe2Gdoc1Ol23Lg_eK8zT13neIrw9zh3rvZUyhPaz8HrJxefTdCePX4g6EPnDnGPH3LB-zgMhQzNZdMSxo0Nsr9XbWDvSRVft1OuvQF6LxtTC7Jx73is6IoP9eH4-_X4eftBbFT5FdpEMIKhXUz5oLieS-SvOX5iQRv3-W0z5Kc3rLrhh90pRZrwC15911Fd_-OlkYlzqh_fDA1KEIaiPZZFiD5tXE0Mmipc7JlTjDtqnwghqGQMf1_6b7gfp1BrCuUPOXk6aRX5h0zJ2POMU8DLA_VpMjwWSl3TpWdkuq8uXcXH-UbNq1f1YeOEAfDROzKqTitu3_oxp_bDBEgGsZuFDmbInXiw5Sik9A6ch7ZGtgdInUhVRm93iHvSn6mEP2pY5cH4OKfn3QAFzmg5U0zOu4n5sMkL4FZaHZZbujbAjBwZJ0IWRso4pHYyO6ejciWEwbXmaoA_EECZB6TX79C01fxOrArvksnMJKWdXCesUI6bCJnc860UlWXXFixwSjrdwXjI0ECX9WnSKbOSvbwezqUGzPJOwh5F8&amp;flow=pre_authentication&amp;next?pageId={{id}},vi,0.93,prefix_suffix,lexical
https://vww-icloud.com/iframe/appleid2023.php?auth=139ad&amp;ID=,nic,0.93,prefix_suffix,lexical
https://forms.visme.co/formsPlayer/p9nzz994-sample-custom-form,vi,0.93,prefix_suffix,lexical
https://crossfire-philippines-free-vip-guns.weebly.com/,vi,0.93,prefix_suffix,lexical
https://quickshare.samsungcloud.com/9MHqSxnEh57b,nic,0.93,prefix_suffix,lexical
https://viaelcanaldecelaya.tv/wp-content/lp/,vi,0.93,prefix_suffix,lexical
https://vinylworkscanada.com,vi,0.93,prefix_suffix,lexical
https://v139vwty.r.us-east-1.awstrack.me/L0/https:%2F%2Fbristolbosadcaocd.s3.us-east-2.amazonaws.com%2Finde.html/1/01000198de38f73c-da3ee76b-4374-4d7d-ba40-5bd95eb37953-000000/vKqfniHzL3sXkklZ6mBmvOts4C8=440,vi,0.93,prefix_suffix,lexical
https://v139vwty.r.us-east-1.awstrack.me/L0/https:%2F%2Fbristolbosadcaocd.s3.us-east-2.amazonaws.com%2Finde.html/1/01000198de3a2948-ad81a8f5-a849-4ea3-9806-18e1cd6d8fac-000000/Px9CYIv14A_Zj1iAJlkWLYBxcMI=440,vi,0.93,prefix_suffix,lexical
https://invite.afterservice.vip/Xwc_Jxs,vi,0.93,prefix_suffix,lexical
https://my.visme.co/view/koe7o793-ee-bandzzzzzzzzzzzzzzzzzzzzzzzzz,vi,0.93,prefix_suffix,lexical
https://my.visme.co/view/koe7o793-ee-band,vi,0.93,prefix_suffix,lexical
https://forms.visme.co/fv/op6wpoz1-o9jyo9,vi,0.93,prefix_suffix,lexical
https://vistatravelclub.com/kvk,vi,0.93,prefix_suffix,lexical
https://bafkreicjbo6ztthldlxtmc4sd4hmtqyjt7gysfknij5qtobvxe3wllrsbi.ipfs.dweb.link/,sbi,0.93,prefix_suffix,lexical
https://www-sblsec-jp.cdxihui.com/ETGate/,sbi,0.93,prefix_suffix,lexical
https://vivalog-com-br.weebly.com/,vi,0.93,prefix_suffix,lexical
https://bafkreia6nzz5uj6yvwmnh3xwhr3rrrus37sfza47mq6xnoy23usnu2mvvi.ipfs.dweb.link/,vi,0.93,prefix_suffix,lexical
https://sec-visionsfcu.weebly.com/,vi,0.93,prefix_suffix,lexical
https://cloud-233f9.web.app/,nic,0.98,exact_label,lexical
https://cloud-233f9.firebaseapp.com/,nic,0.98,exact_label,lexical
https://forms.visme.co/formsPlayer/zzdk67oo-sample-custom-form,vi,0.93,prefix_suffix,lexical
https://forms.visme.co/formsPlayer/y71pnxrx-sample-custom-form,vi,0.93,prefix_suffix,lexical
https://forms.visme.co/formsPlayer/op67yzre-sample-custom-form,vi,0.93,prefix_suffix,lexical
https://vispwzsf.web.app/,vi,0.93,prefix_suffix,lexical
https://vispwzsf.firebaseapp.com/,vi,0.93,prefix_suffix,lexical
https://sbisec-jp.games258.com/pEdHOd/,sbi,0.93,prefix_suffix,lexical
https://vide09.weebly.com/,vi,0.93,prefix_suffix,lexical
https://fopkjfvi.weebly.com/,vi,0.93,prefix_suffix,lexical
https://visio0n7onl3bnt.weebly.com/,vi,0.93,prefix_suffix,lexical
https://vimateain.m-pages.com/MiLJjM/vnmainmter,vi,0.93,prefix_suffix,lexical
https://vide000cc.weebly.com/,vi,0.93,prefix_suffix,lexical
https://redirect.viglink.com/?u=relink.is/e81apy&key=a7e37b5f6ff1de9cb410158b1013e54a&prodOvrd=RAC&opt=OPRP17IJSLUHI,vi,0.93,prefix_suffix,lexical
https://links.lirs.net/?ref=ma0AANMi4P6a7qTYlRAAS6hFd0tX7G9NAQAAAPNCV6OrTqkH60nr7NH4dDmMmadL3AGKYqhm2yGb2jNe5UIdKTOhEAGZW5jwDa38gGsNA4E0Wn4znZsNcVXNHrJflIVzyM85TkAZuR4XFk2go5EaUfIpcbm5bDImNZ5v33ne5UBUGZurSk68FJpdtszAWaClEpAC5h8X4ZaxulakzOpQ5mvp71-RdNrBoMUDqK01elMtX7fPVDuj6LcoHeuoWAXqRlFcBc8R68QO,iirs,0.98,exact_label,lexical
https://vieroodjjaaaaaa.weebly.com/,vi,0.93,prefix_suffix,lexical
https://videotronooo34.weebly.com/,vi,0.93,prefix_suffix,lexical
https://forms.cloud.microsoft/r/YssESxnYQ5,nic,0.98,exact_label,lexical
https://vidddsfgdf.weebly.com/,vi,0.93,prefix_suffix,lexical
https://viewpropertiesrealtor.weebly.com/,vi,0.93,prefix_suffix,lexical
https://vibuma.com/redirect/ads.html?checkid=87&checktime=1535032107&redirect=http://0xC117DD0E/qzmwa/q68747470733A2F2F7072657474792D736561736F6E2D65706F63682E676C697463682E6D652F3F653D/737570706F72744062726F616463617374746F6F6C732E636F6D&coid=20501&empid=37252&UniqueEmployee=0&buttontext=Click%20for%20our%20Website%20target,vi,0.93,prefix_suffix,lexical
https://www.visualez.com/PDF/testambiences/mmmimge.html,vi,0.93,prefix_suffix,lexical
https://visionsecureinformationoralertlogin.weebly.com/,vi,0.93,prefix_suffix,lexical
https://videtronwebmail.weebly.com/,vi,0.93,prefix_suffix,lexical
https://videotronmail8.weebly.com/,vi,0.93,prefix_suffix,lexical
https://viewerslinkers987653.weebly.com/,vi,0.93,prefix_suffix,lexical
https://sonic-secure1.weebly.com/,nic,0.93,prefix_suffix,lexical
https://videotronz.weebly.com/,vi,0.93,prefix_suffix,lexical
https://videotroy.weebly.com/,vi,0.93,prefix_suffix,lexical
https://videotronsecurity2470.weebly.com/,vi,0.93,prefix_suffix,lexical
https://suivi-mondial-relay-fr.info/4gViNt3d9/,vi,0.93,prefix_suffix,lexical
https://suivi-mondial-relay-fr.info/4gViNt3d9/mode.php,vi,0.93,prefix_suffix,lexical
https://videotronlogginn.weebly.com/,vi,0.93,prefix_suffix,lexical
https://videotronwebmai1.weebly.com/,vi,0.93,prefix_suffix,lexical
https://videotronxwvtron.weebly.com/,vi,0.93,prefix_suffix,lexical
https://vivvvivo.weebly.com/,vi,0.93,prefix_suffix,lexical
https://xn--vidotrom-d1a.weebly.com/,vi,0.93,prefix_suffix,lexical
https://villagewebmaileraccess0987653.weebly.com/,vi,0.93,prefix_suffix,lexical
https://myvisionsfedscuonline7g0indexmainvfcuphpvf.weebly.com/,vi,0.93,prefix_suffix,lexical
https://vidieotroni88euiu.weebly.com/,vi,0.93,prefix_suffix,lexical
https://myvisionsfedcuonlineghvfcuindexphp.weebly.com/,vi,0.93,prefix_suffix,lexical
https://v1odka1.weebly.com/,vi,0.93,prefix_suffix,lexical
https://videottrronn.weebly.com/,vi,0.93,prefix_suffix,lexical
https://my.qr-cloud.com/unoijoi,nic,0.98,exact_label,lexical
https://nicoleclark332144.github.io/eqboadrign/onboardingnewztasxdf24.html,nic,0.93,prefix_suffix,lexical
https://vigofcuvfy.weebly.com/,vi,0.93,prefix_suffix,lexical
https://sway.cloud.microsoft/6c9upoEEIbQPCGph?ref=email,nic,0.98,exact_label,lexical
https://forms.visme.co/formsPlayer/epjk6x9r-cofaran,vi,0.93,prefix_suffix,lexical
https://vitasporto2025.framework360.it/login-1/,vi,0.93,prefix_suffix,lexical
https://demo3.playgrounds.cloud/trial-xt84722u/maowa/fatt/infospage.php,nic,0.98,exact_label,lexical
https://ensparis-saclay-fr.weebly.com/,sac,0.93,prefix_suffix,lexical
https://niconbvmvvnmx.weebly.com/,nic,0.93,prefix_suffix,lexical
https://demo3.playgrounds.cloud/trial-6vzzx16w/Honey/Virgo/infospage.php,nic,0.98,exact_label,lexical
http://verified-violation.github.io/appeal,vi,0.93,prefix_suffix,lexical
https://verified-violation.github.io/appeal/,vi,0.93,prefix_suffix,lexical
https://videotron819.weebly.com/,vi,0.93,prefix_suffix,lexical
https://sso-universite-paris-saclay.weebly.com/,sac,0.93,prefix_suffix,lexical
https://securite-universite-paris-saclay.weebly.com/,sac,0.93,prefix_suffix,lexical
https://videotron87.weebly.com/,vi,0.93,prefix_suffix,lexical
https://cloud-ed980.web.app/,nic,0.98,exact_label,lexical
https://cloud-ed980.firebaseapp.com/,nic,0.98,exact_label,lexical
https://tuccuvawiekrfjhvywej-sactyujkahsdjcjh.teemill.com/,sac,0.93,prefix_suffix,lexical
https://kcgdag68tuadgscfxjcdks-viusdjskvcd54ew6sgcfhg.teemill.com/,vi,0.93,prefix_suffix,lexical
https://app.powerbi.com/view?r=eyJrIjoiYjZhNTFmNWMtYzA5ZS00NDI5LWI3YWUtYTI3ZTVhMzk2ZjQyIiwidCI6ImIwMzVhZGFmLWE4M2EtNDUyYS05MGI0LTQyYjU4NGI0NGU0MiJ9,rbi,0.93,prefix_suffix,lexical
https://www.viapo.it/dab/made-in-chin/index.html,vi,0.93,prefix_suffix,lexical
https://demo3.playgrounds.cloud/trial-zuu7vvxu/adawseg/infospage.php#,nic,0.98,exact_label,lexical
https://vm02.viptronica.com/~vsound/ssl/,vi,0.93,prefix_suffix,lexical
http://virtual-on.biz/css/notification.php?email=,vi,0.93,prefix_suffix,lexical
https://torvi.pt/Backup/,vi,0.93,prefix_suffix,lexical
https://app.powerbi.com/view?r=eyJrIjoiYzQyYzcxMjAtNDE4Ni00OWRlLWJhYjQtMzZiNzdkOTU4YjRmIiwidCI6IjJkMTNkMGU4LTI1YjgtNDE2Yi04YzQ1LTVkZDU4MDgzYmVjZCJ9,rbi,0.93,prefix_suffix,lexical
https://forms.visme.co/formsPlayer/mxgekj63-https-www-proximus-be-login-fr-webmail-html,vi,0.93,prefix_suffix,lexical
https://viewdocument.w3spaces.com/signintoviewfile-m5uxd.html,vi,0.93,prefix_suffix,lexical
https://service.my-cloud-mail.com/XNGZkb1hsQ1RISmJkdGgwcmJXSU5DMmpsb0MwWUdDWkZwUnNNaXlIQTJUeitqcHNJY1laNS84NUZnTW43eXk0UWRwM2ZzL0hzVklWVlV0L01zTDdicldVbktvdTJEcTZUT1k0RllCL2VVZmEwdlZQVUl1c1QxampFYkFXUGhXRk5wbEI3TmR1YlRuU1cvMXpuL3BDTzJTR3VHSk51N2xYVXlxeGVTZ2NVRzBOZ2lQdDNORDFtSG8yWlRYUT0tLUpyNDltOFpKSXA2Z0daZDktLWZScVRIY1BXSXp0Z2JXWEdjYlFZZUE9PQ==?cid=2124184811,nic,0.98,exact_label,lexical
https://vided-s.web.app/,vi,0.93,prefix_suffix,lexical
https://vided-s.firebaseapp.com/,vi,0.93,prefix_suffix,lexical
https://bobablacksheep.gotrackier.com/click?campaign_id=1&amp;pub_id=2&amp;gclid=Cj0KCQjwwO20BhCJARIsAAnTIVSaCVZ1w2vUU8q6nmq3mmx7yMlsN2sd1uinjomIxdDYcYI5FNL54YcaAkKsEALw_wcB,bob,0.93,prefix_suffix,lexical
https://w2-geiuhsewhoictwuhetiuhwie.cloudd1.workers.dev,nic,0.93,prefix_suffix,lexical
https://bobablacksheep.gotrackier.com/click?campaign_id=1&amp;pub_id=2&amp;gclid=CjwKCAjwqMO0BhA8EiwAFTLgIN4ZsE62n7W2GVoes_LtrHtG-GRuRqpXeajS-k_Bg4pIUu9mKlPB4BoC7QIQAvD_BwE,bob,0.93,prefix_suffix,lexical
https://vlr8q5.webwave.dev/,vi,0.93,prefix_suffix,lexical
https://vlr8q5.webwave.dev/?forcePageWithoutCdn=true,vi,0.93,prefix_suffix,lexical
https://angry-visvesvaraya-b99e51.netlify.app/,vi,0.93,prefix_suffix,lexical
https://06-0040-0-3986-7356-1324992141.cos.ap-jakarta.myqcloud.com//a-v94j-t9h-h4.html,nic,0.93,prefix_suffix,lexical
https://nhantubtr.github.io/tranmiclip/,nha,0.93,prefix_suffix,lexical
https://bobmcllane61709.activehosted.com/admin/archived_user.php,bob,0.93,prefix_suffix,lexical
https://website6275565.nicepage.io/Bem-vindo.html,nic,0.93,prefix_suffix,lexical
https://cpanel08wh.bkk1.cloud.z.com/~cp250158/imageplus.co.th/wp-includes/Text/Diff/Renderer/,nic,0.98,exact_label,lexical
http://messageriepro3orange.cloudns.be/aspuitte/support/portail-orangefr.php/login/opass.php,nic,0.93,prefix_suffix,lexical
http://messageriepro3orange.cloudns.be/aspuitte/support/portail-orangefr.php/login/ologin.php,nic,0.93,prefix_suffix,lexical
https://sac-terra.paginas.site?bradesco.com.br,sac,0.98,exact_label,lexical
https://sac-terra.paginas.site/,sac,0.98,exact_label,lexical
http://sac-terra.paginas.site/,sac,0.98,exact_label,lexical
https://vid-lv-eds.firebaseapp.com/,vi,0.93,prefix_suffix,lexical
https://vid-lv-eds.web.app/,vi,0.93,prefix_suffix,lexical
https://d-098ybui-hgf-1324992141.cos.ap-bangkok.myqcloud.com/h5-60h-i5079h-j9h.html,nic,0.93,prefix_suffix,lexical
https://oemihhgavtsddphiwlsqxqgk.com∕oemihhgavtsddphiwlsqxqgk∕oemihhgavtsddphiwlsqxqgk∕oemihhgavtsddphiwlsqxqgk@blanket-g2v1-oanq.kdug178k.workers.dev/,vi,0.93,prefix_suffix,lexical
http://www.fiatemmeci.com/wp-includes/js/1/vesca/login/,eci,0.93,prefix_suffix,lexical
https://virginiacommunitycollegesystem365.ukit.me/,vi,0.93,prefix_suffix,lexical
http://sac-terra.paginas.site/?pagamento-de-titulos/?sf_sha1(0pkd39j84b)?,sac,0.98,exact_label,lexical
http://sac-terra.paginas.site/?pagamento-de-titulos/?sf_sha1(0pkd39j84b),sac,0.98,exact_label,lexical
https://visionschools.org/en.html,vi,0.93,prefix_suffix,lexical
http://visionschools.org/en.html,vi,0.93,prefix_suffix,lexical
https://www.visionschools.org/sw01.html,vi,0.93,prefix_suffix,lexical
https://vizado432.blogspot.com/,vi,0.93,prefix_suffix,lexical
https://vlidar-nlineabhd.webcindario.com/,vi,0.93,prefix_suffix,lexical
https://sway.cloud.microsoft/lAsxBmdzUG5VXXav?ref=Link,nic,0.98,exact_label,lexical
https://cc-35g-pg03u5i-9gh-1324992141.cos.ap-bangkok.myqcloud.com/4pof3-59-9hg44g.html,nic,0.93,prefix_suffix,lexical
https://j-0-09g-9bh-h-ggf-1324992141.cos.ap-bangkok.myqcloud.com/35-0350gh9v-39yh5g.html,nic,0.93,prefix_suffix,lexical
https://cloudsuns.blogspot.com/,nic,0.93,prefix_suffix,lexical
https://r7988-8t7jb6-u-1324992141.cos.ap-jakarta.myqcloud.com/h43-59g-u493hg-9b3.html,nic,0.93,prefix_suffix,lexical
https://officedesignappl0auth-1316860111.cos.na-ashburn.myqcloud.com/index.html,nic,0.93,prefix_suffix,lexical
http://bj5y6-0f-9h4-9fgg4-1324992141.cos.ap-bangkok.myqcloud.com/yn5og-40i6-9gu-9hjf.html,nic,0.93,prefix_suffix,lexical
https://webbcpbob.webcindario.com/,bob,0.93,prefix_suffix,lexical
https://f3i5-0g49bgn-3h95-1324992141.cos.ap-jakarta.myqcloud.com/36hg-04ik6-9j4-9h5.html,nic,0.93,prefix_suffix,lexical
https://nicheuniversal.ukit.me/,nic,0.93,prefix_suffix,lexical
https://viridischemical.ferreracademy.com,vi,0.93,prefix_suffix,lexical
https://vitalsleepwarranty.com/rosa/sbbzeno/auth/pM5zH2/login.php?id=59035505,vi,0.93,prefix_suffix,lexical
https://sblackman7.wixsite.com/my-site,sbi,0.93,prefix_suffix,lexical
https://6g2uwnvi.forms.app/autorizacion3,vi,0.93,prefix_suffix,lexical
http://www.villamolinaribeb.it//wp-content/plugins/cherry-plugin/admin/import-export/infodata.php?r=bD1odHRwczovL2lvbm9zZW5saW5lYS5jb20vaW5kZXgucGhwP2VtPSAmZT1jb250YWN0b0BwYXJhbGVsbzI4ZGVzaWduLmNvbQ=,vi,0.93,prefix_suffix,lexical
https://bobe1495.wixsite.com/my-site,bob,0.93,prefix_suffix,lexical
https://sway.cloud.microsoft/IUbqaHWqUH6C5eAW?ref=Link,nic,0.98,exact_label,lexical
https://vlodsad.web.app/,vi,0.93,prefix_suffix,lexical
https://vlodsad.firebaseapp.com/,vi,0.93,prefix_suffix,lexical
https://vitejte.square.site/,vi,0.93,prefix_suffix,lexical
https://provi-comprasnet.webcindario.com/,vi,0.93,prefix_suffix,lexical
https://sayfloubnha.web.app/,nha,0.93,prefix_suffix,lexical
https://sayfloubnha.firebaseapp.com/,nha,0.93,prefix_suffix,lexical
https://diakiteci.web.app/,eci,0.93,prefix_suffix,lexical
https://diakiteci.firebaseapp.com/,eci,0.93,prefix_suffix,lexical
https://viadeo.journaldunet.com/,vi,0.93,prefix_suffix,lexical
https://visionsfalrt.web.app/,vi,0.93,prefix_suffix,lexical
https://visionsfalrt.firebaseapp.com/,vi,0.93,prefix_suffix,lexical
https://cloud-a34c2.web.app/,nic,0.98,exact_label,lexical
https://cloud-a34c2.firebaseapp.com/,nic,0.98,exact_label,lexical
https://bgrezcfglounha.web.app/,nha,0.93,prefix_suffix,lexical
https://bgrezcfglounha.firebaseapp.com/,nha,0.93,prefix_suffix,lexical
https://viuonicoiscienic.web.app/,nic,0.93,prefix_suffix,lexical
https://viuonicoiscienic.firebaseapp.com/,nic,0.93,prefix_suffix,lexical
https://tuya365info.frappe.cloud/loggin,nic,0.98,exact_label,lexical
https://theaubergroup.zmailcloud.com/,nic,0.93,prefix_suffix,lexical
https://violations-helps-recovery2023.start.page/,vi,0.93,prefix_suffix,lexical
https://vinculaitau.webcindario.com/,vi,0.93,prefix_suffix,lexical
https://melkonjlo.web.app/,jio,0.93,prefix_suffix,lexical
https://melkonjlo.firebaseapp.com/,jio,0.93,prefix_suffix,lexical
https://loci456hrt.start.page/,iocl,0.93,prefix_suffix,lexical
https://cloud-23526.web.app/,nic,0.98,exact_label,lexical
https://cloud-23526.firebaseapp.com/,nic,0.98,exact_label,lexical
https://help-violation-page-87315.start.page/,vi,0.93,prefix_suffix,lexical
https://cloudmich-a7968.web.app/,nic,0.93,prefix_suffix,lexical
https://cloudmich-a7968.firebaseapp.com/,nic,0.93,prefix_suffix,lexical
https://leroy-merlin-demo.helpsite.cloud/home,nic,0.98,exact_label,lexical
https://banrural-virtual.biz.site/,vi,0.93,prefix_suffix,lexical
https://objectstorage.sa-saopaulo-1.oraclecloud.com/n/grcrplvrg8aa/b/bucket-20230824-1739/o/1index.html#redacted@abuse.ionos.com,nic,0.93,prefix_suffix,lexical
https://vid-latvija.web.app/,vi,0.93,prefix_suffix,lexical
https://vid-latvija.firebaseapp.com/,vi,0.93,prefix_suffix,lexical
https://bobcatmowersuk.co.uk/fedex/home/,bob,0.93,prefix_suffix,lexical
https://help-violation-page-25127.start.page/,vi,0.93,prefix_suffix,lexical
https://mans-vid.web.app/,vi,0.93,prefix_suffix,lexical
https://mans-vid.firebaseapp.com/,vi,0.93,prefix_suffix,lexical
https://gov-vid.web.app/,vi,0.93,prefix_suffix,lexical
https://gov-vid.firebaseapp.com/,vi,0.93,prefix_suffix,lexical
https://sachukari.de/campaign_1431.html?coyoteAffiliTokenId=460255585&amp;rlmset=discounter2021_de&amp;,sac,0.93,prefix_suffix,lexical
https://visaprocessings.com/,vi,0.93,prefix_suffix,lexical
https://storage.cloud.google.com/wiueloprtte/00jaganortonweb.html,nic,0.98,exact_label,lexical
https://boseqvi.web.app/,vi,0.93,prefix_suffix,lexical
https://boseqvi.firebaseapp.com/,vi,0.93,prefix_suffix,lexical
https://vid-lv.web.app/,vi,0.93,prefix_suffix,lexical
https://vid-lv.firebaseapp.com/,vi,0.93,prefix_suffix,lexical
https://karresults-nic-in.in/,nic,0.98,exact_label,lexical
https://bobc509.myportfolio.com/,bob,0.93,prefix_suffix,lexical
https://bobodoumentsoigne.web.app/,bob,0.93,prefix_suffix,lexical
https://bobodoumentsoigne.firebaseapp.com/,bob,0.93,prefix_suffix,lexical
https://storage.cloud.google.com/wiueloprtte/autopagesecond.html?authuser=7#info@mup.cz,nic,0.98,exact_label,lexical
https://demo2.cloudwp.dev/trial-6vy6y62t/wp-content/plugins/credit-agricole/credit-agricole/region/pages/region.php,nic,0.93,prefix_suffix,lexical
https://storage.cloud.google.com/wiueloprtte/autopage.html?authuser=7#library@mup.cz,nic,0.98,exact_label,lexical
https://violation-pages.start.page/,vi,0.93,prefix_suffix,lexical
https://cloud.mymailwall.com/n/url?l=VN-E1tUGaaaaaa&amp;u=http://nexvir.com/api/img/index.html,nic,0.98,exact_label,lexical
https://cloud.mymailwall.com/n/url?l=OKcgNtUGaaaaaa&amp;u=http://nexvir.com/api/img/index.html,nic,0.98,exact_label,lexical
https://cloud.mymailwall.com/n/url?l=af0C3tUGaaaaaa&amp;u=http://nexvir.com/api/img/index.html,nic,0.98,exact_label,lexical
https://sacitaupyverify.webcindario.com,sac,0.93,prefix_suffix,lexical
http://villaandreas.gr/,vi,0.93,prefix_suffix,lexical
https://storage.cloud.google.com/solttitll098/upgrade/newaliexpresautoweb.html#admin@example.com,nic,0.98,exact_label,lexical
https://my.visme.co/view/310rrdp4-d3o26vqrrvx6lgxw?gclid=EAIaIQobChMI9YCSvvuc_QIVu0BIAB01UwmBEAAYAiAAEgKpIvD_BwE,vi,0.93,prefix_suffix,lexical
https://storage.cloud.google.com/solttitll098/upgrade/kakasecondauto.html#hana.hlavackova@mup.cz,nic,0.98,exact_label,lexical
https://storage.cloud.google.com/solttitll098/upgrade/kakasecondauto.html#cabada@mup.cz,nic,0.98,exact_label,lexical
https://storage.cloud.google.com/solttitll098/upgrade/kakasecondauto.html#info@mup.cz,nic,0.98,exact_label,lexical
https://vistory.com/wordpress/wp-content/plugins/f30d43ea1d474f2cbb0d9e5611b16702/y/mm/mmd/sbbch/7wa-taboun/pass/,vi,0.93,prefix_suffix,lexical
https://vistory.com/wordpress/wp-content/plugins/f30d43ea1d474f2cbb0d9e5611b16702/y/mm/mmd/sbbch/7wa-taboun/,vi,0.93,prefix_suffix,lexical
https://violation-management-a6bc6.web.app/,vi,0.93,prefix_suffix,lexical
https://violation-management-a6bc6.firebaseapp.com/,vi,0.93,prefix_suffix,lexical
https://viacredi.ailos.hallo.app/,vi,0.93,prefix_suffix,lexical
https://demo3.cloudwp.dev/trial-x76422v1/xx/swiis/,nic,0.93,prefix_suffix,lexical
https://demo3.cloudwp.dev/trial-x76422v1/xs/swiis/,nic,0.93,prefix_suffix,lexical
https://demo3.cloudwp.dev/trial-x76422v1/xs/swiis/index.php,nic,0.93,prefix_suffix,lexical
https://demo3.cloudwp.dev/trial-9uztxw09/ONE/,nic,0.93,prefix_suffix,lexical
https://eciadalore.web.app/,eci,0.93,prefix_suffix,lexical
https://eciadalore.firebaseapp.com/,eci,0.93,prefix_suffix,lexical
https://demo3.cloudwp.dev/trial-2y94w1y4/wp-admin/maint/MetaMask/_mask/w.php?p=593a869a0880cbba64ae&amp;593a869a0880cbba64ae9e06c35576e7=593a869as593a869a0880cbba64ae&amp;593a869a0880cbba64ae9e06c35576e7=593a869am593a869a0880cbba64ae&amp;593a869a0880cbba64ae9e06c35576e7=593a869a,nic,0.93,prefix_suffix,lexical
http://jiophones.epizy.com,jio,0.93,prefix_suffix,lexical
https://demo3.cloudwp.dev/trial-8x66yv2x/login/ONE/,nic,0.93,prefix_suffix,lexical
https://violationuse.start.page/,vi,0.93,prefix_suffix,lexical
https://userallmanager-comptemaincloud.webstuhlmanufaktur.com/2023-jan-16/lWThzH.php?erification,nic,0.93,prefix_suffix,lexical
https://demo3.cloudwp.dev/trial-1834xuv8/folder1/ONE.sef/,nic,0.93,prefix_suffix,lexical
https://storage.cloud.google.com/vk00/index4.html,nic,0.98,exact_label,lexical
http://miningbase.cloud,nic,0.98,exact_label,lexical
https://demo3.cloudwp.dev/trial-603tx054/swiss/portal/,nic,0.93,prefix_suffix,lexical
https://demo3.cloudwp.dev/trial-4584uztu/acceder/Web/Fr/creditagricole/CA/963980ddd8805be/rgn.php?particulier#_963980ddd8805be91,nic,0.93,prefix_suffix,lexical
https://demo3.cloudwp.dev/trial-w3v4ttw2/securecitzn/,nic,0.93,prefix_suffix,lexical
https://villagepetbrazz.blogspot.com/,vi,0.93,prefix_suffix,lexical
https://storage.cloud.google.com/pu00/index%20(2).html#a@b.com,nic,0.98,exact_label,lexical
https://storage.cloud.google.com/lllumin/karaownautoindex.html#info@example.net,nic,0.98,exact_label,lexical
https://storage.cloud.google.com/pu00/web.html#a@b.com,nic,0.98,exact_label,lexical
https://storage.cloud.google.com/cm0/cd0.html#a@b.com,nic,0.98,exact_label,lexical
https://storage.cloud.google.com/buo00/index.html#ABUSE-TEAM@1AND1.COM,nic,0.98,exact_label,lexical
https://storage.cloud.google.com/lllumin/kcautoindex.html,nic,0.98,exact_label,lexical
https://storage.cloud.google.com/lttna/zkele1.html#acctbilling@widomaker.com,nic,0.98,exact_label,lexical
https://storage.cloud.google.com/lllumin/karaownautoindex.html,nic,0.98,exact_label,lexical
https://storage.cloud.google.com/riltool/karasecondautoindex.html#info@mup.cz,nic,0.98,exact_label,lexical
https://storage.cloud.google.com/cmc111/cdo-nwst1.html#helpdesk@widomaker.com,nic,0.98,exact_label,lexical
https://storage.cloud.google.com/cmc111/dm.html,nic,0.98,exact_label,lexical
https://sv1.krakenoptimize.com/?bfp,vi,0.93,prefix_suffix,lexical
https://storage.cloud.google.com/riltool/mrkautoindex.html#a@b.com,nic,0.98,exact_label,lexical
https://storage.cloud.google.com/indettn/pdflmanco.html,nic,0.98,exact_label,lexical
https://storage.cloud.google.com/lttna/zoscman414.html,nic,0.98,exact_label,lexical
https://storage.cloud.google.com/indettn/pdflmanco.html#,nic,0.98,exact_label,lexical
https://storage.cloud.google.com/qaqonqfaqvq0fni33q0x.appspot.com/index.html???V,nic,0.98,exact_label,lexical
https://storage.cloud.google.com/maintainancecomponeta.appspot.com/myautoindex.html#@yorku.ca,nic,0.98,exact_label,lexical
https://storage.cloud.google.com/maintainancecomponeta.appspot.com/myautoindex.html#example@example.com,nic,0.98,exact_label,lexical
https://storage.cloud.google.com/indettn/pdflmanco.html#a@b.com,nic,0.98,exact_label,lexical
https://storage.cloud.google.com/ttn5/raja.html#william@nabaza.com,nic,0.98,exact_label,lexical
https://my.visme.co/view/epy7xq3y-office-365,vi,0.93,prefix_suffix,lexical
https://storage.cloud.google.com/maintainancecomponeta.appspot.com/aliexpressautoindex.html#dan@danaxtell.com,nic,0.98,exact_label,lexical
https://storage.cloud.google.com/ttn5/udunwa.html,nic,0.98,exact_label,lexical
https://storage.cloud.google.com/qaqonqfaqvq0fni33q0x.appspot.com/index.html????dddd,nic,0.98,exact_label,lexical
https://storage.cloud.google.com/ttn5/raja.html#a@b.com,nic,0.98,exact_label,lexical
https://storage.cloud.google.com/ttn5/raja2.html#a@b.com,nic,0.98,exact_label,lexical
https://storage.cloud.google.com/maintainancecomponeta.appspot.com/webappindex.html#example@example.com,nic,0.98,exact_label,lexical
https://virtual.labdigbdbstgpb.com/,vi,0.93,prefix_suffix,lexical
https://virtual.labdigbdbqapb.com/,vi,0.93,prefix_suffix,lexical
https://v1and1-ionos-info-2hyeo.ondigitalocean.app/,vi,0.93,prefix_suffix,lexical
https://demo2.cloudwp.dev/trial-f4ce1455/c.php,nic,0.93,prefix_suffix,lexical
https://storage.cloud.google.com/anaagc040gdyacgd0dyuser.appspot.com/index.html#user@calstatela.edu,nic,0.98,exact_label,lexical
https://storage.cloud.google.com/rrdar99rt9qraraq99euser.appspot.com/index.html#user@calstatela.edu,nic,0.98,exact_label,lexical
https://storage.cloud.google.com/q90qqqar22r229r292euser.appspot.com/index.html#user@calstatela.edu,nic,0.98,exact_label,lexical
https://storage.cloud.google.com/q90qqqar22r229r292euser.appspot.com/index.html,nic,0.98,exact_label,lexical
https://storage.cloud.google.com/s0pts0apttxpp00atarrauth.appspot.com/index.html#user@calstatela.edu,nic,0.98,exact_label,lexical
https://storage.cloud.google.com/projerroro0h5j5ro0jrrj.appspot.com/index.html#user@calstatela.edu,nic,0.98,exact_label,lexical
https://storage.cloud.google.com/indettn/zdewaman.html#example@example.com,nic,0.98,exact_label,lexical
https://storage.cloud.google.com/1lordman1man3/kelmanco.html#email=info@domain.tld,nic,0.98,exact_label,lexical
https://mail-ovhcloud.web.app/=,nic,0.93,prefix_suffix,lexical
https://mail-ovhcloud.web.app/,nic,0.93,prefix_suffix,lexical
https://storage.cloud.google.com/1lordman1man3/oscman2.html#email=info@domain.tld,nic,0.98,exact_label,lexical
https://storage.cloud.google.com/gu1r0utjruhjkukrxhauser.appspot.com/index.html#user@calstatela.edu,nic,0.98,exact_label,lexical
https://storage.cloud.google.com/owuddqd9dqqdddq9qd0caerq.appspot.com/index.html#stevewilliamson@legalshield.com,nic,0.98,exact_label,lexical
https://storage.cloud.google.com/kkkqkl633qn6kq3lqssiiddnenen.appspot.com/index.html#t.voit@legalshield.com,nic,0.98,exact_label,lexical
https://storage.cloud.google.com/uth0uax3t3uh30ttna0nnuser.appspot.com/index.html#jbell@legalshield.com,nic,0.98,exact_label,lexical
https://storage.cloud.google.com/yyw77ywnn68weyew6euserq.appspot.com/index.html#rosalefua@legalshield.com,nic,0.98,exact_label,lexical
https://storage.cloud.google.com/ciat3tdtttd53c3e5userp.appspot.com/index.html#paul@legalshield.com,nic,0.98,exact_label,lexical
https://storage.cloud.google.com/ciat3tdtttd53c3e5userp.appspot.com/index.html#jr@legalshield.com,nic,0.98,exact_label,lexical
https://storage.cloud.google.com/algebraic-pact-316913.appspot.com/index.html#jbell@legalshield.com,nic,0.98,exact_label,lexical
https://storage.cloud.google.com/g58t3e588ddgmdeddauth.appspot.com/index.html#jim-shelvy@legalshield.com,nic,0.98,exact_label,lexical
https://storage.cloud.google.com/dhngw6p6rwrwnuv6vnuse.appspot.com/index.html#brianvillacarlos@legalshieldcorp.com,nic,0.98,exact_label,lexical
https://storage.cloud.google.com/kkkqkl633qn6kq3lqssiiddnenen.appspot.com/index.html#jbell@legalshield.com,nic,0.98,exact_label,lexical
https://storage.cloud.google.com/maintainancecomponeta.appspot.com/kayindex.html#eimaste@stinpriza.org,nic,0.98,exact_label,lexical
https://storage.cloud.google.com/1lordman1man3/oscman.html,nic,0.98,exact_label,lexical
https://storage.cloud.google.com/1lordman1man3/oscman.html#email=info@domain.tld,nic,0.98,exact_label,lexical
https://cloud102.hostgator.com:2096/cpsess7481100069/3rdparty/roundcube/#NOP,nic,0.93,prefix_suffix,lexical
https://storage.cloud.google.com/user517497679326978.appspot.com/index.html,nic,0.98,exact_label,lexical
https://vibe.urbanpulse.surf/9fd51fb7-b3ad-4c8f-bf05-b5423d14e06c/user_6747.google,vi,0.93,prefix_suffix,lexical
https://vibe.quantumwave.surf/9fd51fb7-b3ad-4c8f-bf05-b5423d14e06c/user_6747.google,vi,0.93,prefix_suffix,lexical
https://axis.agilelid.lat/9fd51fb7-b3ad-4c8f-bf05-b5423d14e06c/user_6747.google,axis,0.98,exact_label,lexical
https://vibe.agilelid.lat/9fd51fb7-b3ad-4c8f-bf05-b5423d14e06c/user_6747.google,vi,0.93,prefix_suffix,lexical
https://axis.darkstonebase.lat/9fd51fb7-b3ad-4c8f-bf05-b5423d14e06c/user_6747.google,axis,0.98,exact_label,lexical
https://sonic.urbanlogicgrid.lat/9fd51fb7-b3ad-4c8f-bf05-b5423d14e06c/user_6747.google,nic,0.93,prefix_suffix,lexical
https://axis.silvermoonlight.lat/9fd51fb7-b3ad-4c8f-bf05-b5423d14e06c/user_6747.google,axis,0.98,exact_label,lexical
https://vibe.silvermoonlight.lat/9fd51fb7-b3ad-4c8f-bf05-b5423d14e06c/user_6747.google,vi,0.93,prefix_suffix,lexical
https://0rgan3-port.gabard-viewed.surf/9fd51fb7-b3ad-4c8f-bf05-b5423d14e06c/user_6747.google,vi,0.93,prefix_suffix,lexical
https://sub-c0ve.gabard-viewed.surf/9fd51fb7-b3ad-4c8f-bf05-b5423d14e06c/user_6747.google,vi,0.93,prefix_suffix,lexical
https://36qgwr.gabard-viewed.surf/9fd51fb7-b3ad-4c8f-bf05-b5423d14e06c/user_6747.google,vi,0.93,prefix_suffix,lexical
https://motifroy.gabard-viewed.surf/9fd51fb7-b3ad-4c8f-bf05-b5423d14e06c/user_6747.google,vi,0.93,prefix_suffix,lexical
https://p1a5m2-cast.gabard-viewed.surf/9fd51fb7-b3ad-4c8f-bf05-b5423d14e06c/user_6747.google,vi,0.93,prefix_suffix,lexical
https://broad-royal.gabard-viewed.surf/9fd51fb7-b3ad-4c8f-bf05-b5423d14e06c/user_6747.google,vi,0.93,prefix_suffix,lexical
https://buildsprout.gabard-viewed.surf/9fd51fb7-b3ad-4c8f-bf05-b5423d14e06c/user_6747.google,vi,0.93,prefix_suffix,lexical
https://v1ta-plate.chi8nondanyl.surf/9fd51fb7-b3ad-4c8f-bf05-b5423d14e06c/user_6747.google,vi,0.93,prefix_suffix,lexical
https://vlkr.faint-gather.surf/9fd51fb7-b3ad-4c8f-bf05-b5423d14e06c/user_6747.google,vi,0.93,prefix_suffix,lexical
https://sonic.longwave5hot.surf/9fd51fb7-b3ad-4c8f-bf05-b5423d14e06c/user_6747.google,nic,0.93,prefix_suffix,lexical
https://web.clearviewcloud.lat/9fd51fb7-b3ad-4c8f-bf05-b5423d14e06c/user_6747.google,nic,0.93,prefix_suffix,lexical
https://gate.clearviewcloud.lat/9fd51fb7-b3ad-4c8f-bf05-b5423d14e06c/user_6747.google,nic,0.93,prefix_suffix,lexical
https://db.clearviewcloud.lat/9fd51fb7-b3ad-4c8f-bf05-b5423d14e06c/user_6747.google,nic,0.93,prefix_suffix,lexical
https://srv.clearviewcloud.lat/9fd51fb7-b3ad-4c8f-bf05-b5423d14e06c/user_6747.google,nic,0.93,prefix_suffix,lexical
https://api.clearviewcloud.lat/9fd51fb7-b3ad-4c8f-bf05-b5423d14e06c/user_6747.google,nic,0.93,prefix_suffix,lexical
https://vlog.clearviewcloud.lat/9fd51fb7-b3ad-4c8f-bf05-b5423d14e06c/user_6747.google,nic,0.93,prefix_suffix,lexical
https://vlog.physiolpo1icy.lat/9fd51fb7-b3ad-4c8f-bf05-b5423d14e06c/user_6747.google,vi,0.93,prefix_suffix,lexical
https://cr-cloud.crinkdimit.work/verify-token-7a1f/runtime.validator,nic,0.98,exact_label,lexical
https://remote-v1.bnaumann87.work/verify-token-7a1f/runtime.validator,vi,0.98,exact_label,lexical
https://site-view3.sarahkapsreit.work/verify-token-7a1f/runtime.validator,vi,0.93,prefix_suffix,lexical
https://cloud-kaps.sarahkapsreit.work/verify-token-7a1f/runtime.validator,nic,0.98,exact_label,lexical
https://api-v12.foersteron.work/verify-token-7a1f/runtime.validator,vi,0.93,prefix_suffix,lexical
https://view3logicway.karo3view.surf/software-distribution-dxnp2c7/meta-verify.index,vi,0.93,prefix_suffix,lexical
https://pure8siteview.neto7cloud.surf/software-distribution-dxnp2c7/meta-verify.index,nic,0.93,prefix_suffix,lexical
https://vast2pathgate.neto7cloud.surf/software-distribution-dxnp2c7/meta-verify.index,nic,0.93,prefix_suffix,lexical
https://hostunitgate.neto7cloud.surf/software-distribution-dxnp2c7/meta-verify.index,nic,0.93,prefix_suffix,lexical
https://air9taskhub.neto7cloud.surf/software-distribution-dxnp2c7/meta-verify.index,nic,0.93,prefix_suffix,lexical
https://sky4meshnode.neto7cloud.surf/software-distribution-dxnp2c7/meta-verify.index,nic,0.93,prefix_suffix,lexical
https://cloud7logicnet.neto7cloud.surf/software-distribution-dxnp2c7/meta-verify.index,nic,0.93,prefix_suffix,lexical
https://view2siteview.nexo7peak.surf/software-distribution-dxnp2c7/meta-verify.index,vi,0.93,prefix_suffix,lexical
https://view8logicnet.lookin8back.bet/software-distribution-dxnp2c7/meta-verify.index,vi,0.93,prefix_suffix,lexical
https://verification-cdn-cloud.beer/api/css.js,nic,0.98,exact_label,lexical
https://view4pathgate.vectorpathsys.bet/software-distribution-dxnp2c7/meta-verify.index,vi,0.93,prefix_suffix,lexical
https://axis4logicnet.torquegridunit.bet/software-distribution-dxnp2c7/meta-verify.index,axis,0.93,prefix_suffix,lexical
https://view8siteview.flo3xaren.bet/software-distribution-dxnp2c7/meta-verify.index,vi,0.93,prefix_suffix,lexical
https://vine-lab.flo5renth.garden/cdk-msdn-3457325-null/load-file0dsdf567.chk,vi,0.93,prefix_suffix,lexical
https://217.60.241.36.ptr.pfcloud.network/sh,nic,0.93,prefix_suffix,lexical
https://shinenetview.quartzprismcloud.garden/cdk-msdn-3457325-null/load-file0dsdf567.chk,nic,0.93,prefix_suffix,lexical
https://flintpathgate.quartzprismcloud.garden/cdk-msdn-3457325-null/load-file0dsdf567.chk,nic,0.93,prefix_suffix,lexical
https://prism6hostunit.quartzprismcloud.garden/cdk-msdn-3457325-null/load-file0dsdf567.chk,nic,0.93,prefix_suffix,lexical
https://sparklogicway.quartzprismcloud.garden/cdk-msdn-3457325-null/load-file0dsdf567.chk,nic,0.93,prefix_suffix,lexical
https://glaze3meshnode.quartzprismcloud.garden/cdk-msdn-3457325-null/load-file0dsdf567.chk,nic,0.93,prefix_suffix,lexical
https://opalview4site.quartzprismcloud.garden/cdk-msdn-3457325-null/load-file0dsdf567.chk,nic,0.93,prefix_suffix,lexical
https://comp-vine.greenbloom.garden/cdk-msdn-3457325-null/load-file0dsdf567.chk,vi,0.93,prefix_suffix,lexical
https://dock-visu.stoneflare.garden/cdk-msdn-3457325-null/load-file0dsdf567.chk,vi,0.93,prefix_suffix,lexical
https://civi-opti.shadowpeak.garden/cdk-msdn-3457325-null/load-file0dsdf567.chk,vi,0.93,prefix_suffix,lexical
https://vividmeshflow.zenithflowgrid.garden/cdk-msdn-3457325-null/load-file0dsdf567.chk,vi,0.93,prefix_suffix,lexical
https://viewdarkberg.dexishostpath.garden/cdk-msdn-3457325-null/load-file0dsdf567.chk,vi,0.93,prefix_suffix,lexical
https://viewdarkberg9.zexislinkhub.garden/cdk-msdn-3457325-null/load-file0dsdf567.chk,vi,0.93,prefix_suffix,lexical
https://vitalpalette.mer4talon.in.net/cdk-msdn-3457325-null/load-file0dsdf567.chk,vi,0.93,prefix_suffix,lexical
https://cdn-clouds.ru/download/,nic,0.93,prefix_suffix,lexical
https://iron-8.bexis-cloud.in.net/cdk-msdn-3457325-null/load-file0dsdf567.chk,nic,0.98,exact_label,lexical
https://petit-mond-5.bexis-cloud.in.net/cdk-msdn-3457325-null/load-file0dsdf567.chk,nic,0.98,exact_label,lexical
https://soft-2.bexis-cloud.in.net/cdk-msdn-3457325-null/load-file0dsdf567.chk,nic,0.98,exact_label,lexical
https://kalt-berg-7.bexis-cloud.in.net/cdk-msdn-3457325-null/load-file0dsdf567.chk,nic,0.98,exact_label,lexical
https://rouge-4v.bexis-cloud.in.net/cdk-msdn-3457325-null/load-file0dsdf567.chk,nic,0.98,exact_label,lexical
https://dark-star-1.bexis-cloud.in.net/cdk-msdn-3457325-null/load-file0dsdf567.chk,nic,0.98,exact_label,lexical
http://aps.voltpanel.cloud/agent_ppc,nic,0.98,exact_label,lexical
http://aps.voltpanel.cloud/agent_armv7,nic,0.98,exact_label,lexical
http://aps.voltpanel.cloud/agent_arm64,nic,0.98,exact_label,lexical
http://aps.voltpanel.cloud/agent_amd64,nic,0.98,exact_label,lexical
http://aps.voltpanel.cloud/agent_x86,nic,0.98,exact_label,lexical
http://aps.voltpanel.cloud/agent_armv6,nic,0.98,exact_label,lexical
http://aps.voltpanel.cloud/agent_mipsle,nic,0.98,exact_label,lexical
http://aps.voltpanel.cloud/agent_sh4,nic,0.98,exact_label,lexical
http://aps.voltpanel.cloud/agent_spc,nic,0.98,exact_label,lexical
http://aps.voltpanel.cloud/agent_mips,nic,0.98,exact_label,lexical
http://aps.voltpanel.cloud/agent_x86_64,nic,0.98,exact_label,lexical
https://aps.voltpanel.cloud/install.sh,nic,0.98,exact_label,lexical
https://empty-violet-63e1.maskify.workers.dev/earnify-client-x86_64-linux-android,vi,0.93,prefix_suffix,lexical
https://empty-violet-63e1.maskify.workers.dev/earnify-client-aarch64-linux-android,vi,0.93,prefix_suffix,lexical
https://empty-violet-63e1.maskify.workers.dev/earnify-client-armv7-linux-androideabi,vi,0.93,prefix_suffix,lexical
https://jloj7ws.dex4lavel.in.net/cdk-msdn-3457325-null/load-file0dsdf567.chk,jio,0.93,prefix_suffix,lexical
https://vitalpur.sylo8mer.in.net/cdk-msdn-3457325-null/load-file0dsdf567.chk,vi,0.93,prefix_suffix,lexical
https://vinecarg.to9varil.in.net/05fe317c-0981-4de2-bc8a-930d369db441/ck-3d80df5d12cdfe6450a782fc87bf66b444.google,vi,0.93,prefix_suffix,lexical
https://c1inic-crest.bovla7xel.in.net/05fe317c-0981-4de2-bc8a-930d369db441/ck-3d80df5d12cdfe6450a782fc87bf66b444.google,nic,0.93,prefix_suffix,lexical
https://holz-v1.diet-lanolin.in.net/05fe317c-0981-4de2-bc8a-930d369db441/ck-3d80df5d12cdfe6450a782fc87bf66b444.google,vi,0.98,exact_label,lexical
https://holz-v1.diet-lanolin.in.net/0d24c91a-8b5e-4f72-9136-735f0b4de1a8/ck-3d80df5d12cdfe6450a782fc87bf66b444.google,vi,0.98,exact_label,lexical
https://visualpure.5zorelin.in.net/05fe317c-0981-4de2-bc8a-930d369db441/ck-3d80df5d12cdfe6450a782fc87bf66b444.google,vi,0.93,prefix_suffix,lexical
https://vasijl-cloud.b-cdn.net/Peton.zip,nic,0.98,exact_label,lexical
https://whitecl-oud5.to7virel.in.net/05fe317c-0981-4de2-bc8a-930d369db441/ck-3d80df5d12cdfe6450a782fc87bf66b444.google,eci,0.93,prefix_suffix,lexical
https://xs.bhaaratkeeshakti.vip/fwefwe324234234rgeffwehtrwyrhtrhtqwfqwd31443wefefwwfer3232fewwefwefwefqgrqwtherergqefwefqweqfwqf32fefwsda/uploads/EFewefwewFEW342234423234feWEEFWWefewefweffewwefEWF.php?file=333.exe,vi,0.93,prefix_suffix,lexical
https://side-vi-ew6.cr2pskiing.in.net/05fe317c-0981-4de2-bc8a-930d369db441/ck-3d80df5d12cdfe6450a782fc87bf66b444.google,vi,0.98,exact_label,lexical
https://whitecl-oud5.basis-embankment.in.net/05fe317c-0981-4de2-bc8a-930d369db441/ck-3d80df5d12cdfe6450a782fc87bf66b444.google,eci,0.93,prefix_suffix,lexical
https://new-vi-ew4.aperitif-form.in.net/05fe317c-0981-4de2-bc8a-930d369db441/ck-3d80df5d12cdfe6450a782fc87bf66b444.google,vi,0.98,exact_label,lexical
https://204.76.203.196.ptr.pfcloud.network/sh,nic,0.93,prefix_suffix,lexical
https://niceshot4.wi3sorim.in.net/05fe317c-0981-4de2-bc8a-930d369db441/ck-3d80df5d12cdfe6450a782fc87bf66b444.google,nic,0.93,prefix_suffix,lexical
https://side-vi-ew6.kymle2rix.in.net/05fe317c-0981-4de2-bc8a-930d369db441/ck-3d80df5d12cdfe6450a782fc87bf66b444.google,vi,0.98,exact_label,lexical
https://side-vi-ew6.guardiansti1l.in.net/05fe317c-0981-4de2-bc8a-930d369db441/ck-3d80df5d12cdfe6450a782fc87bf66b444.google,vi,0.98,exact_label,lexical
https://whitecl-oud5.condit-rearrange.in.net/05fe317c-0981-4de2-bc8a-930d369db441/ck-3d80df5d12cdfe6450a782fc87bf66b444.google,eci,0.93,prefix_suffix,lexical
https://new-vi-ew4.overfeed-social.in.net/05fe317c-0981-4de2-bc8a-930d369db441/ck-3d80df5d12cdfe6450a782fc87bf66b444.google,vi,0.98,exact_label,lexical
https://slowcivi.firs-tachycardia.in.net/05fe317c-0981-4de2-bc8a-930d369db441/ck-3d80df5d12cdfe6450a782fc87bf66b444.google,vi,0.93,prefix_suffix,lexical
https://side-view6.de8trevarm.in.net/05fe317c-0981-4de2-bc8a-930d369db441/ck-3d80df5d12cdfe6450a782fc87bf66b444.google,vi,0.93,prefix_suffix,lexical
https://vialstr.prax9vitor.in.net/05fe317c-0981-4de2-bc8a-930d369db441/ck-3d80df5d12cdfe6450a782fc87bf66b444.google/,vi,0.93,prefix_suffix,lexical
http://street-view6.kro2vilen.in.net/05fe317c-0981-4de2-bc8a-930d369db441/ck-3d80df5d12cdfe6450a782fc87bf66b444.google/,vi,0.93,prefix_suffix,lexical
https://urban-vision1.vyr3solen.in.net/05fe317c-0981-4de2-bc8a-930d369db441/ck-3d80df5d12cdfe6450a782fc87bf66b444.google/,vi,0.93,prefix_suffix,lexical
http://garden-view4.tov2liren.in.net/05fe317c-0981-4de2-bc8a-930d369db441/ck-3d80df5d12cdfe6450a782fc87bf66b444.google/,vi,0.93,prefix_suffix,lexical
https://best-view3.pulp-turquoise.in.net/05fe317c-0981-4de2-bc8a-930d369db441/ck-3d80df5d12cdfe6450a782fc87bf66b444.google,vi,0.93,prefix_suffix,lexical
https://blue-cloud3.white5lave.in.net/05fe317c-0981-4de2-bc8a-930d369db441/ck-3d80df5d12cdfe6450a782fc87bf66b444.google,nic,0.93,prefix_suffix,lexical
http://ts.bhaaratkeeshakti.vip/fwefwe324234234rgeffwehtrwyrhtrhtqwfqwd31443wefefwwfer3232fewwefwefwefqgrqwtherergqefwefqweqfwqf32fefwsda/uploads/EFewefwewFEW342234423234feWEEFWWefewefweffewwefEWF.php?file=333.exe,vi,0.93,prefix_suffix,lexical
https://sky-view1.white5lave.in.net/05fe317c-0981-4de2-bc8a-930d369db441/ck-3d80df5d12cdfe6450a782fc87bf66b444.google,vi,0.93,prefix_suffix,lexical
https://beach-view4.there-way.in.net/05fe317c-0981-4de2-bc8a-930d369db441/ck-3d80df5d12cdfe6450a782fc87bf66b444.google,vi,0.93,prefix_suffix,lexical
https://fast-cloud5.laryngol-needle.in.net/05fe317c-0981-4de2-bc8a-930d369db441/ck-3d80df5d12cdfe6450a782fc87bf66b444.google,nic,0.93,prefix_suffix,lexical
https://cloud-node6.de4xpamil.in.net/05fe317c-0981-4de2-bc8a-930d369db441/ck-3d80df5d12cdfe6450a782fc87bf66b444.google,nic,0.98,exact_label,lexical
https://ocean-view1.wi1msaren.in.net/05fe317c-0981-4de2-bc8a-930d369db441/ck-3d80df5d12cdfe6450a782fc87bf66b444.google,vi,0.93,prefix_suffix,lexical
https://cloud-gate4.po8vtirel.in.net/05fe317c-0981-4de2-bc8a-930d369db441/ck-3d80df5d12cdfe6450a782fc87bf66b444.google,nic,0.98,exact_label,lexical
https://night-view6.ra6xovel.in.net/05fe317c-0981-4de2-bc8a-930d369db441/ck-3d80df5d12cdfe6450a782fc87bf66b444.google,vi,0.93,prefix_suffix,lexical
https://garden-view4.to8varin.in.net/05fe317c-0981-4de2-bc8a-930d369db441/ck-3d80df5d12cdfe6450a782fc87bf66b444.google,vi,0.93,prefix_suffix,lexical
https://vialnoti.wi3msorel.in.net/05fe317c-0981-4de2-bc8a-930d369db441/ck-3d80df5d12cdfe6450a782fc87bf66b444.google,vi,0.93,prefix_suffix,lexical
https://sand-visua.qi8morlen.in.net/05fe317c-0981-4de2-bc8a-930d369db441/ck-3d80df5d12cdfe6450a782fc87bf66b444.google,vi,0.93,prefix_suffix,lexical
http://176.65.148.173.ptr.pfcloud.network/i686,nic,0.93,prefix_suffix,lexical
http://176.65.148.173.ptr.pfcloud.network/arm5,nic,0.93,prefix_suffix,lexical
https://sx9v1.sylo3rex.in.net/05fe317c-0981-4de2-bc8a-930d369db441/ck-3d80df5d12cdfe6450a782fc87bf66b444.google,vi,0.93,prefix_suffix,lexical
https://geo-via1.ra5xovel.in.net/05fe317c-0981-4de2-bc8a-930d369db441/ck-3d80df5d12cdfe6450a782fc87bf66b444.google,vi,0.93,prefix_suffix,lexical
http://176.65.148.173.ptr.pfcloud.network/arm,nic,0.93,prefix_suffix,lexical
http://176.65.148.173.ptr.pfcloud.network/mips,nic,0.93,prefix_suffix,lexical
http://176.65.148.173.ptr.pfcloud.network/arm6,nic,0.93,prefix_suffix,lexical
http://176.65.148.173.ptr.pfcloud.network/x86,nic,0.93,prefix_suffix,lexical
http://176.65.148.173.ptr.pfcloud.network/sh4,nic,0.93,prefix_suffix,lexical
http://176.65.148.173.ptr.pfcloud.network/spc,nic,0.93,prefix_suffix,lexical
http://176.65.148.173.ptr.pfcloud.network/x.sh,nic,0.93,prefix_suffix,lexical
http://176.65.148.173.ptr.pfcloud.network/ppc,nic,0.93,prefix_suffix,lexical
http://176.65.148.173.ptr.pfcloud.network/arc,nic,0.93,prefix_suffix,lexical
http://176.65.148.173.ptr.pfcloud.network/arm7,nic,0.93,prefix_suffix,lexical
http://176.65.148.173.ptr.pfcloud.network/mpsl,nic,0.93,prefix_suffix,lexical
http://176.65.148.173.ptr.pfcloud.network/m68k,nic,0.93,prefix_suffix,lexical
https://cloud-node6.dexpor1el.in.net/05fe317c-0981-4de2-bc8a-930d369db441/ck-3d80df5d12cdfe6450a782fc87bf66b444.google,nic,0.98,exact_label,lexical
https://blue-cloud2.wimso4rel.in.net/05fe317c-0981-4de2-bc8a-930d369db441/ck-3d80df5d12cdfe6450a782fc87bf66b444.google,nic,0.93,prefix_suffix,lexical
https://sky-view1.wimso4rel.in.net/05fe317c-0981-4de2-bc8a-930d369db441/ck-3d80df5d12cdfe6450a782fc87bf66b444.google,vi,0.93,prefix_suffix,lexical
https://white-cloud5.tav4sorel.in.net/05fe317c-0981-4de2-bc8a-930d369db441/ck-3d80df5d12cdfe6450a782fc87bf66b444.google,nic,0.93,prefix_suffix,lexical
https://lake-view4.rav2piren.in.net/05fe317c-0981-4de2-bc8a-930d369db441/ck-3d80df5d12cdfe6450a782fc87bf66b444.google,vi,0.93,prefix_suffix,lexical
http://cloudflare-check.cfd/files/FAvFf4V3.exe,nic,0.93,prefix_suffix,lexical
https://cloudflare-check.cfd/files/FAvFf4V3.exe,nic,0.93,prefix_suffix,lexical
https://garden-view4.tov2liren.in.net/05fe317c-0981-4de2-bc8a-930d369db441/ck-3d80df5d12cdfe6450a782fc87bf66b444.google,vi,0.93,prefix_suffix,lexical
https://microservisetrue.vip/fwefwe324234234rgeffwehtrwyrhtrhtqwfqwd31443wefefwwfer3232fewwefwefwefqgrqwtherergqefwefqweqfwqf32fefwsda/uploads/EFewefwewFEW342234423234feWEEFWWefewefweffewwefEWF.php?file=333.exe/,vi,0.93,prefix_suffix,lexical
https://urban-vision1.acidity-inflame.in.net/05fe317c-0981-4de2-bc8a-930d369db441/ck-3d80df5d12cdfe6450a782fc87bf66b444.google,vi,0.93,prefix_suffix,lexical
https://street-view6.kro2vilen.in.net/05fe317c-0981-4de2-bc8a-930d369db441/ck-3d80df5d12cdfe6450a782fc87bf66b444.google,vi,0.93,prefix_suffix,lexical
https://urban-vision1.vyr3solen.in.net/05fe317c-0981-4de2-bc8a-930d369db441/ck-3d80df5d12cdfe6450a782fc87bf66b444.google,vi,0.93,prefix_suffix,lexical
https://vialstr.prax9vitor.in.net/05fe317c-0981-4de2-bc8a-930d369db441/ck-3d80df5d12cdfe6450a782fc87bf66b444.google,vi,0.93,prefix_suffix,lexical
https://view2-data.clear-stream-web.in.net/05fe317c-0981-4de2-bc8a-930d369db441/ck-3d80df5d12cdfe6450a782fc87bf66b444.google/,vi,0.93,prefix_suffix,lexical
https://file1-raw.cloud-storage-unit.in.net/05fe317c-0981-4de2-bc8a-930d369db441/ck-3d80df5d12cdfe6450a782fc87bf66b444.google/,nic,0.98,exact_label,lexical
https://mcfupmvl.vex8talin.in.net/05fe317c-0981-4de2-bc8a-930d369db441/ck-3d80df5d12cdfe6450a782fc87bf66b444.google,vi,0.93,prefix_suffix,lexical
https://view2-data.clear-stream-web.in.net/05fe317c-0981-4de2-bc8a-930d369db441/ck-3d80df5d12cdfe6450a782fc87bf66b444.google,vi,0.93,prefix_suffix,lexical
http://srv1471368.hstgr.cloud/nullnet_bin_dir/nullnet_load.mips,nic,0.98,exact_label,lexical
http://176.65.148.189.ptr.pfcloud.network/HideChaotic/sora.mips64,nic,0.93,prefix_suffix,lexical
http://176.65.148.189.ptr.pfcloud.network/HideChaotic/sora.arm7,nic,0.93,prefix_suffix,lexical
http://176.65.148.189.ptr.pfcloud.network/HideChaotic/sora.sparc,nic,0.93,prefix_suffix,lexical
http://176.65.148.189.ptr.pfcloud.network/HideChaotic/sora.arm5,nic,0.93,prefix_suffix,lexical
http://176.65.148.189.ptr.pfcloud.network/HideChaotic/sora.arm6,nic,0.93,prefix_suffix,lexical
http://204.76.203.168.ptr.pfcloud.network/ultron.arm4,nic,0.93,prefix_suffix,lexical
https://cipherengin.mor5laxis.in.net/05fe317c-0981-4de2-bc8a-930d369db441/ck-3d80df5d12cdfe6450a782fc87bf66b444.google,axis,0.93,prefix_suffix,lexical
https://vialinn.mor5laxis.in.net/05fe317c-0981-4de2-bc8a-930d369db441/ck-3d80df5d12cdfe6450a782fc87bf66b444.google,axis,0.93,prefix_suffix,lexical
https://hz7cbx.mor5laxis.in.net/05fe317c-0981-4de2-bc8a-930d369db441/ck-3d80df5d12cdfe6450a782fc87bf66b444.google,axis,0.93,prefix_suffix,lexical
https://rlovrqd.mor5laxis.in.net/05fe317c-0981-4de2-bc8a-930d369db441/ck-3d80df5d12cdfe6450a782fc87bf66b444.google,axis,0.93,prefix_suffix,lexical
https://arkflux7is.mor5laxis.in.net/05fe317c-0981-4de2-bc8a-930d369db441/ck-3d80df5d12cdfe6450a782fc87bf66b444.google,axis,0.93,prefix_suffix,lexical
https://road5-field.mor5laxis.in.net/05fe317c-0981-4de2-bc8a-930d369db441/ck-3d80df5d12cdfe6450a782fc87bf66b444.google,axis,0.93,prefix_suffix,lexical
https://vivi3-watch.mucus-rafter.in.net/05fe317c-0981-4de2-bc8a-930d369db441/ck-3d80df5d12cdfe6450a782fc87bf66b444.google/,vi,0.93,prefix_suffix,lexical
https://gate6-box.cloud-storage-unit.in.net/05fe317c-0981-4de2-bc8a-930d369db441/ck-3d80df5d12cdfe6450a782fc87bf66b444.google,nic,0.98,exact_label,lexical
https://svc5-cdn.cloud-storage-unit.in.net/05fe317c-0981-4de2-bc8a-930d369db441/ck-3d80df5d12cdfe6450a782fc87bf66b444.google,nic,0.98,exact_label,lexical
https://vault4-io.cloud-storage-unit.in.net/05fe317c-0981-4de2-bc8a-930d369db441/ck-3d80df5d12cdfe6450a782fc87bf66b444.google,nic,0.98,exact_label,lexical
https://api3-dir.cloud-storage-unit.in.net/05fe317c-0981-4de2-bc8a-930d369db441/ck-3d80df5d12cdfe6450a782fc87bf66b444.google,nic,0.98,exact_label,lexical
https://node2-obj.cloud-storage-unit.in.net/05fe317c-0981-4de2-bc8a-930d369db441/ck-3d80df5d12cdfe6450a782fc87bf66b444.google,nic,0.98,exact_label,lexical
https://file1-raw.cloud-storage-unit.in.net/05fe317c-0981-4de2-bc8a-930d369db441/ck-3d80df5d12cdfe6450a782fc87bf66b444.google,nic,0.98,exact_label,lexical
https://cloudstorage-hub.com/get-launcher.php,nic,0.93,prefix_suffix,lexical
https://cloudstorage-hub.com/launches/8dacc96a6f17691cdbd7f9eacf910b0137af51f0.exe,nic,0.93,prefix_suffix,lexical
http://visapics.info/,vi,0.93,prefix_suffix,lexical
https://mypanel.vip/a9a4wp/hbgfred.txt,vi,0.93,prefix_suffix,lexical
https://mypanel.vip/a9a4wp/ndofghk.txt,vi,0.93,prefix_suffix,lexical
https://vivi3-watch.mucus-rafter.in.net/05fe317c-0981-4de2-bc8a-930d369db441/ck-3d80df5d12cdfe6450a782fc87bf66b444.google,vi,0.93,prefix_suffix,lexical
http://204.76.203.168.ptr.pfcloud.network/ultron.arm5,nic,0.93,prefix_suffix,lexical
http://204.76.203.168.ptr.pfcloud.network/ultron.arm6,nic,0.93,prefix_suffix,lexical
http://204.76.203.168.ptr.pfcloud.network/bj,nic,0.93,prefix_suffix,lexical
http://204.76.203.168.ptr.pfcloud.network/ultron.mpsl,nic,0.93,prefix_suffix,lexical
http://204.76.203.168.ptr.pfcloud.network/ultron.arm7,nic,0.93,prefix_suffix,lexical
https://cvsbi.rebutrew0rk.in.net/05fe317c-0981-4de2-bc8a-930d369db441/ck-3d80df5d12cdfe6450a782fc87bf66b444.google,sbi,0.93,prefix_suffix,lexical
https://cloudstorage-hub.com/woofer.rar,nic,0.93,prefix_suffix,lexical
https://cloudstorage-hub.com/cmd.bat,nic,0.93,prefix_suffix,lexical
https://vitalpure.far-guess.in.net/05fe317c-0981-4de2-bc8a-930d369db441/ck-3d80df5d12cdfe6450a782fc87bf66b444.google,vi,0.93,prefix_suffix,lexical
https://v1al-sheet.con9uerbunker.in.net/05fe317c-0981-4de2-bc8a-930d369db441/ck-3d80df5d12cdfe6450a782fc87bf66b444.google,vi,0.93,prefix_suffix,lexical
https://uwz7.veltraxis.in.net/05fe317c-0981-4de2-bc8a-930d369db441/ck-3d80df5d12cdfe6450a782fc87bf66b444.google,axis,0.93,prefix_suffix,lexical
https://cdecj.veltraxis.in.net/05fe317c-0981-4de2-bc8a-930d369db441/ck-3d80df5d12cdfe6450a782fc87bf66b444.google,axis,0.93,prefix_suffix,lexical
https://4sh-gate.veltraxis.in.net/05fe317c-0981-4de2-bc8a-930d369db441/ck-3d80df5d12cdfe6450a782fc87bf66b444.google,axis,0.93,prefix_suffix,lexical
https://valueink.veltraxis.in.net/05fe317c-0981-4de2-bc8a-930d369db441/ck-3d80df5d12cdfe6450a782fc87bf66b444.google,axis,0.93,prefix_suffix,lexical
https://d1rec-panel.veltraxis.in.net/05fe317c-0981-4de2-bc8a-930d369db441/ck-3d80df5d12cdfe6450a782fc87bf66b444.google,axis,0.93,prefix_suffix,lexical
https://45hd.veltraxis.in.net/05fe317c-0981-4de2-bc8a-930d369db441/ck-3d80df5d12cdfe6450a782fc87bf66b444.google,axis,0.93,prefix_suffix,lexical
https://geo-vi5ua.kryntalor.in.net/05fe317c-0981-4de2-bc8a-930d369db441/ck-3d80df5d12cdfe6450a782fc87bf66b444.google,vi,0.93,prefix_suffix,lexical
https://kelforgeum8.tremvaxis.in.net/05fe317c-0981-4de2-bc8a-930d369db441/ck-3d80df5d12cdfe6450a782fc87bf66b444.google,axis,0.93,prefix_suffix,lexical
https://l3tte-chain.tremvaxis.in.net/05fe317c-0981-4de2-bc8a-930d369db441/ck-3d80df5d12cdfe6450a782fc87bf66b444.google,axis,0.93,prefix_suffix,lexical
https://vrtnte.tremvaxis.in.net/05fe317c-0981-4de2-bc8a-930d369db441/ck-3d80df5d12cdfe6450a782fc87bf66b444.google,axis,0.93,prefix_suffix,lexical
https://hyper-wag0n.tremvaxis.in.net/05fe317c-0981-4de2-bc8a-930d369db441/ck-3d80df5d12cdfe6450a782fc87bf66b444.google,axis,0.93,prefix_suffix,lexical
https://l1gh-scope.tremvaxis.in.net/05fe317c-0981-4de2-bc8a-930d369db441/ck-3d80df5d12cdfe6450a782fc87bf66b444.google,axis,0.93,prefix_suffix,lexical
https://piloroo.tremvaxis.in.net/05fe317c-0981-4de2-bc8a-930d369db441/ck-3d80df5d12cdfe6450a782fc87bf66b444.google,axis,0.93,prefix_suffix,lexical
https://api2-cloud.8rivastyinfamy.in.net/05fe317c-0981-4de2-bc8a-930d369db441/ck-3d80df5d12cdfe6450a782fc87bf66b444.google,nic,0.98,exact_label,lexical
https://updv1.erectreset.in.net/05fe317c-0981-4de2-bc8a-930d369db441/ck-3d80df5d12cdfe6450a782fc87bf66b444.google,vi,0.93,prefix_suffix,lexical
https://vi5u4l-branch.bravo1nixu.in.net/05fe317c-0981-4de2-bc8a-930d369db441/ck-3d80df5d12cdfe6450a782fc87bf66b444.google,vi,0.93,prefix_suffix,lexical
https://videovit.qorvy3nal.in.net/05fe317c-0981-4de2-bc8a-930d369db441/ck-3d80df5d12cdfe6450a782fc87bf66b444.google,vi,0.93,prefix_suffix,lexical
https://freshclinic.largechildren.in.net/05fe317c-0981-4de2-bc8a-930d369db441/ck-3d80df5d12cdfe6450a782fc87bf66b444.google,nic,0.93,prefix_suffix,lexical
https://curiousport.bobinaslums.in.net/05fe317c-0981-4de2-bc8a-930d369db441/ck-3d80df5d12cdfe6450a782fc87bf66b444.google,bob,0.93,prefix_suffix,lexical
https://learnmed.bobinaslums.in.net/05fe317c-0981-4de2-bc8a-930d369db441/ck-3d80df5d12cdfe6450a782fc87bf66b444.google,bob,0.93,prefix_suffix,lexical
https://trace-gate.bobinaslums.in.net/05fe317c-0981-4de2-bc8a-930d369db441/ck-3d80df5d12cdfe6450a782fc87bf66b444.google,bob,0.93,prefix_suffix,lexical
https://street-svc.bobinaslums.in.net/05fe317c-0981-4de2-bc8a-930d369db441/ck-3d80df5d12cdfe6450a782fc87bf66b444.google,bob,0.93,prefix_suffix,lexical
https://map-vault.bobinaslums.in.net/05fe317c-0981-4de2-bc8a-930d369db441/ck-3d80df5d12cdfe6450a782fc87bf66b444.google,bob,0.93,prefix_suffix,lexical
https://site-node.bobinaslums.in.net/05fe317c-0981-4de2-bc8a-930d369db441/ck-3d80df5d12cdfe6450a782fc87bf66b444.google,bob,0.93,prefix_suffix,lexical
https://city-api.bobinaslums.in.net/05fe317c-0981-4de2-bc8a-930d369db441/ck-3d80df5d12cdfe6450a782fc87bf66b444.google,bob,0.93,prefix_suffix,lexical
https://area-check.bobinaslums.in.net/05fe317c-0981-4de2-bc8a-930d369db441/ck-3d80df5d12cdfe6450a782fc87bf66b444.google,bob,0.93,prefix_suffix,lexical
https://res.cloudinary.com/dkylpyldt/image/upload/v1775485198/rump_clyv7g.jpg,nic,0.93,prefix_suffix,lexical
https://res.cloudinary.com/dkylpyldt/image/upload/v1775485483/origin_kaqiyp.jpg,nic,0.93,prefix_suffix,lexical
https://hsgeowvi.com/032.txt,vi,0.93,prefix_suffix,lexical
https://zone-static.nicequiet.in.net/05fe317c-0981-4de2-bc8a-930d369db441/verification.google,nic,0.93,prefix_suffix,lexical
https://soft-hub.nicequiet.in.net/05fe317c-0981-4de2-bc8a-930d369db441/verification.google,nic,0.93,prefix_suffix,lexical
https://mute-gate.nicequiet.in.net/05fe317c-0981-4de2-bc8a-930d369db441/verification.google,nic,0.93,prefix_suffix,lexical
https://calm-svc.nicequiet.in.net/05fe317c-0981-4de2-bc8a-930d369db441/verification.google,nic,0.93,prefix_suffix,lexical
https://peace-api.nicequiet.in.net/05fe317c-0981-4de2-bc8a-930d369db441/verification.google,nic,0.93,prefix_suffix,lexical
https://silent-node.nicequiet.in.net/05fe317c-0981-4de2-bc8a-930d369db441/verification.google,nic,0.93,prefix_suffix,lexical
http://onlinetenderconfirmation.vip:8080/file/RateConfirmation.exe,vi,0.93,prefix_suffix,lexical
http://onlinetenderconfirmation.vip/file/RateConfirmation.exe,vi,0.93,prefix_suffix,lexical
https://sun-line.cloudfloot.in.net/verification.google/,nic,0.93,prefix_suffix,lexical
https://cloud-draft.conceptmatrix.in.net/05fe317c-0981-4de2-bc8a-930d369db441/verification.google,nic,0.98,exact_label,lexical
https://axis-portal.formalisticcore.in.net/05fe317c-0981-4de2-bc8a-930d369db441/verification.google,axis,0.98,exact_label,lexical
http://cnc.xenema.vip/hiddenbin/main_arm5,vi,0.93,prefix_suffix,lexical
http://cnc.xenema.vip/hiddenbin/main_arm7,vi,0.93,prefix_suffix,lexical
http://cnc.xenema.vip/hiddenbin/main_x86,vi,0.93,prefix_suffix,lexical
http://cnc.xenema.vip/hiddenbin/main_mips,vi,0.93,prefix_suffix,lexical
http://cnc.xenema.vip/hiddenbin/main_m68k,vi,0.93,prefix_suffix,lexical
http://cnc.xenema.vip/hiddenbin/main_ppc,vi,0.93,prefix_suffix,lexical
http://cnc.xenema.vip/ohshit.sh,vi,0.93,prefix_suffix,lexical
http://cnc.xenema.vip/hiddenbin/main_arm6,vi,0.93,prefix_suffix,lexical
http://cnc.xenema.vip/hiddenbin/main_arm,vi,0.93,prefix_suffix,lexical
http://cnc.xenema.vip/hiddenbin/main_sh4,vi,0.93,prefix_suffix,lexical
http://cnc.xenema.vip/hiddenbin/main_mpsl,vi,0.93,prefix_suffix,lexical
https://mesh-cloud.technofabric.in.net/verification.google,nic,0.98,exact_label,lexical
iocll.com,iocl,0.93,prefix_suffix,lexical
ioclp.com,iocl,0.93,prefix_suffix,lexical
iocls.com,iocl,0.93,prefix_suffix,lexical
ioclo.com,iocl,0.93,prefix_suffix,lexical
ioclk.com,iocl,0.93,prefix_suffix,lexical
iocle.com,iocl,0.93,prefix_suffix,lexical
ioclinfo.com,iocl,0.93,prefix_suffix,lexical
10cl.com,iocl,0.98,exact_label,lexical
loc1.com,iocl,0.98,exact_label,lexical
1oci.com,iocl,0.98,exact_label,lexical
loci.com,iocl,0.98,exact_label,lexical
1oc1.com,iocl,0.98,exact_label,lexical
iocl.info,iocl,0.98,exact_label,lexical
iocl.de,iocl,0.98,exact_label,lexical
iocl.app,iocl,0.98,exact_label,lexical
iocl.eu,iocl,0.98,exact_label,lexical
canarabank.bani.in,canara,0.98,exact_label,lexical
canarabank.fank.in,canara,0.98,exact_label,lexical
canarabank.bink.in,canara,0.98,exact_label,lexical
canarabank.onlinebank.in,canara,0.98,exact_label,lexical
canarabank.bank.ml,canara,0.98,exact_label,lexical
canarabank.bunk.in,canara,0.98,exact_label,lexical
maharashtra.census.info,census,0.98,exact_label,lexical
mycanarabank.com,canara,0.93,prefix_suffix,lexical
canaraɓank.com,canara,0.93,prefix_suffix,lexical
canarabank.info,canara,0.98,exact_label,lexical
canarabank.net,canara,0.98,exact_label,lexical
hdfcfundd.com,hdfc,0.93,prefix_suffix,lexical
hdfc-fund.com,hdfc,0.98,exact_label,lexical
intranet.census.info,census,0.98,exact_label,lexical
npr.online,nic,0.98,exact_label,lexical
npr.live,nic,0.98,exact_label,lexical
map.census.org,census,0.98,exact_label,lexical
nic.pw,nic,0.98,exact_label,lexical
nic.ml,nic,0.98,exact_label,lexical
nic.biz,nic,0.98,exact_label,lexical
nic.xyz,nic,0.98,exact_label,lexical
nic.uk,nic,0.98,exact_label,lexical
se.census.cn,census,0.98,exact_label,lexical
api.crsorgi.com,rgcci,0.98,exact_label,lexical
idfcfirstbank.biz,idfc,0.98,exact_label,lexical
idfcfirstbank.live,idfc,0.98,exact_label,lexical
lcicisecurities.com,icici,0.98,exact_label,lexical
bseındia.com,bse,0.98,exact_label,lexical
airtelpayments.banki.in,airtel,0.98,exact_label,lexical
airtelpayments.mybank.in,airtel,0.98,exact_label,lexical
airtelpayments.bank.ga,airtel,0.98,exact_label,lexical
airtelpayments.bonk.in,airtel,0.98,exact_label,lexical
icici-prulife.com,icici,0.98,exact_label,lexical
icicip.rulife.com,icici,0.93,prefix_suffix,lexical
iciciprulife.biz,icici,0.98,exact_label,lexical
sac.xyz,sac,0.98,exact_label,lexical
sac.eu,sac,0.98,exact_label,lexical
axisrnaxlife.com,axis,0.93,prefix_suffix,lexical
axis-maxlife.com,axis,0.98,exact_label,lexical
axismaxlife.co,axis,0.98,exact_label,lexical
axismaxlife.info,axis,0.98,exact_label,lexical
pbr.census.info,census,0.98,exact_label,lexical
rbi.biz,rbi,0.98,exact_label,lexical
onlinesbi.sbi.banke.in,sbi,0.98,exact_label,lexical
onlinesbi.sbi.banki.in,sbi,0.98,exact_label,lexical
onlinesbi.sbi.bink.in,sbi,0.98,exact_label,lexical
onlinesbi.sbi.rank.in,sbi,0.98,exact_label,lexical
onlinesbi.sbi.bankinfo.in,sbi,0.98,exact_label,lexical
onlinesbi.sbi.dark.in,sbi,0.98,exact_label,lexical
onlinesbi.sbi.bank.org,sbi,0.98,exact_label,lexical
cats.census.com,census,0.98,exact_label,lexical
